Feature ID	Taxon	Confidence
df5c1ef25ab497ab767dcbb6be082f83	d__Bacteria;p__Verrucomicrobiota;c__Verrucomicrobiia;o__Verrucomicrobiales;f__Akkermansiaceae;g__Akkermansia;s__uncultured_organism	0.7242806010107626
9352e570a182123f48d92df829d0fcf0	d__Bacteria;p__Bacillota;c__Bacilli;o__Erysipelotrichales;f__Erysipelatoclostridiaceae;g__Catenibacterium;s__uncultured_bacterium	0.9922355350064938
b264ac8ff5f9aff74f0b9aa084d9a9f0	d__Bacteria;p__Bacillota;c__Clostridia;o__Lachnospirales;f__Lachnospiraceae;g__Agathobacter	0.979865439277151
35fd41579b5eec27ec14c400c586c480	d__Bacteria;p__Bacillota;c__Negativicutes;o__Veillonellales-Selenomonadales;f__Veillonellaceae;g__Dialister;s__uncultured_organism	0.774158710333585
4516aa60a483dd8c7bbc57098c45f1a5	d__Bacteria;p__Bacillota;c__Clostridia;o__Oscillospirales;f__Ruminococcaceae;g__Faecalibacterium	0.9999977095441072
b6a1cfc87c3ffa7f96227d4a372d8dd7	d__Bacteria;p__Bacillota;c__Clostridia;o__Oscillospirales;f__Ruminococcaceae;g__Gemmiger	0.9809000577008223
38b7580c13cf081c9f279006c2dc70b9	d__Bacteria;p__Actinomycetota;c__Actinobacteria;o__Bifidobacteriales;f__Bifidobacteriaceae;g__Bifidobacterium;s__Bifidobacterium_longum	0.891605388527449
edc06e5f20535c71071803ccc27290d8	d__Bacteria;p__Bacillota;c__Clostridia;o__Lachnospirales;f__Lachnospiraceae;g__Dorea;s__uncultured_Dorea	0.9409333051191356
101637aba474a6614786486ad42acb11	d__Bacteria;p__Bacillota;c__Bacilli;o__Lactobacillales;f__Streptococcaceae;g__Streptococcus	0.9999999981704935
6a57339163b1db2da81ab332dc9b1823	d__Bacteria;p__Bacillota;c__Clostridia;o__Oscillospirales;f__[Eubacterium]_coprostanoligenes_group;g__Incertae_Sedis;s__uncultured_organism	0.8732634221930203
bbae6ed124f4d6b48435a964a95c8418	d__Bacteria;p__Bacillota;c__Clostridia;o__Oscillospirales;f__Ruminococcaceae;g__Faecalibacterium	0.9999803998760323
11902be998c8092e98cbe98af2f648af	d__Bacteria;p__Bacillota;c__Clostridia;o__Lachnospirales;f__Lachnospiraceae;g__[Ruminococcus]_gnavus_group	0.9971726641927948
c5be3cbb0c4c3ad43d1c9902233d0993	d__Bacteria;p__Bacillota;c__Bacilli;o__Erysipelotrichales;f__Erysipelatoclostridiaceae;g__Erysipelotrichaceae_UCG-003;s__uncultured_bacterium	0.7299930494061702
22f4ee9a41a4d73580bf7ade8e9e017a	d__Bacteria;p__Bacillota;c__Clostridia;o__Oscillospirales;f__Ruminococcaceae;g__Faecalibacterium	0.9999906339862867
c287da853235f9a98089163fdca87226	d__Bacteria;p__Bacillota;c__Clostridia;o__Lachnospirales;f__Lachnospiraceae;g__Coprococcus;s__uncultured_organism	0.7768599805695404
ad89a9d5fec4408fafb73e7225f44d08	d__Bacteria;p__Bacillota;c__Clostridia;o__Lachnospirales;f__Lachnospiraceae;g__Dorea;s__uncultured_bacterium	0.8195081314923683
ffc36e27c82042664a16bcd4d380b286	d__Bacteria;p__Pseudomonadota;c__Gammaproteobacteria;o__Enterobacterales;f__Enterobacteriaceae;g__Escherichia-Shigella	0.9999731630237392
c728ad6f5d183cb36fa06b6a3a47758b	d__Bacteria;p__Bacillota;c__Clostridia;o__Oscillospirales;f__Ruminococcaceae;g__Faecalibacterium	0.9999988957922303
a00b4fdac316fe32b233507d015a5712	d__Bacteria;p__Bacillota;c__Clostridia;o__Lachnospirales;f__Lachnospiraceae;g__CAG-56;s__uncultured_bacterium	0.9944689699587529
f7cf33648c7d6bda19e991b97583cdab	d__Bacteria;p__Bacteroidota;c__Bacteroidia;o__Bacteroidales;f__Porphyromonadaceae;g__Porphyromonas;s__Porphyromonas_gingivalis	0.9135574675665163
15e05255b2aa8ee3524ca61eb207bb18	d__Bacteria;p__Actinomycetota;c__Coriobacteriia;o__Coriobacteriales;f__Coriobacteriaceae;g__Collinsella	0.9999999986459955
d583f7efa4e8e3253337b97e794d5b2a	d__Bacteria;p__Fusobacteriota;c__Fusobacteriia;o__Fusobacteriales;f__Fusobacteriaceae;g__Fusobacterium	0.99999999999915
a4cd6152db4ba6371bd3d35fcda62a19	d__Bacteria;p__Bacillota;c__Bacilli;o__Lactobacillales;f__Streptococcaceae;g__Streptococcus;s__Streptococcus_salivarius	0.7234450434468129
c6fdf631c16099e62a83c66db8a7a6f1	d__Bacteria;p__Bacillota;c__Clostridia;o__Oscillospirales;f__Ruminococcaceae	0.9999999999999847
3f3a0eaeea9c0690b6ede1b17b4fd8ce	d__Bacteria;p__Actinomycetota;c__Actinobacteria;o__Bifidobacteriales;f__Bifidobacteriaceae;g__Bifidobacterium	0.999999994129838
b03de8408f8ac47026e0a3f8ed1bf79a	d__Bacteria;p__Bacillota;c__Clostridia;o__Christensenellales;f__Christensenellaceae;g__Christensenellaceae_R-7_group	0.9996950692810442
fb076438301eef790ea99263747faf22	d__Bacteria;p__Bacillota;c__Bacilli;o__Erysipelotrichales;f__Erysipelatoclostridiaceae;g__Erysipelotrichaceae_UCG-003	0.9999999786021552
d6fb5a6d274b2864d58729b26b6573e5	d__Bacteria;p__Bacillota;c__Clostridia;o__Clostridia_UCG-014;f__Incertae_Sedis;g__Incertae_Sedis	0.9999999999914284
c29919216bd6a6713038fd18691cc505	d__Bacteria;p__Actinomycetota;c__Actinobacteria;o__Bifidobacteriales;f__Bifidobacteriaceae;g__Bifidobacterium	0.9999995259047152
85e5f4133e5ea47da3e24828bdf463f5	d__Bacteria;p__Bacillota;c__Clostridia;o__Oscillospirales;f__Oscillospiraceae;g__UCG-002;s__uncultured_bacterium	0.7560319811874897
e56cc5411512d332d51ca84ccc099402	d__Bacteria;p__Pseudomonadota;c__Gammaproteobacteria;o__Enterobacterales;f__Succinivibrionaceae;g__Succinivibrio	0.9999847199428975
93b58b0ba0d326e9c8d1a81f8672c16a	d__Bacteria;p__Bacillota;c__Clostridia;o__Lachnospirales;f__Lachnospiraceae;g__Mediterraneibacter	0.9968173152232315
c7d1ed6c70202259164edf3ee7806f0c	d__Bacteria;p__Bacillota;c__Clostridia;o__Lachnospirales;f__Lachnospiraceae;g__Blautia	0.9822872458852768
998cdb402e5886040c99a733f737a2e4	d__Bacteria;p__Bacillota;c__Clostridia;o__Peptostreptococcales-Tissierellales;f__Peptostreptococcaceae;g__Filifactor;s__Filifactor_alocis	0.9769895800061541
4f9106b58ba967a459b11a9d6f9ca4e0	d__Bacteria;p__Bacillota;c__Clostridia;o__Oscillospirales;f__Ruminococcaceae;g__Incertae_Sedis	0.9941356064155255
a76bceb8556d98d20da8b2e65d2a974d	d__Bacteria;p__Bacillota;c__Clostridia;o__Lachnospirales;f__Lachnospiraceae	0.9999982255801891
19ff2a801156e1930f697799d400fa95	d__Bacteria;p__Bacillota;c__Clostridia;o__Lachnospirales;f__Lachnospiraceae;g__[Eubacterium]_ruminantium_group;s__uncultured_bacterium	0.9998211873707662
e9398bc0ad9626bc4742c93fd0363bac	d__Bacteria;p__Bacillota;c__Clostridia;o__Oscillospirales;f__Ruminococcaceae;g__Ruminococcus;s__Ruminococcus_sp.	0.9227374548921097
70d55baf78e9ac4d0babeac5dcbae5c2	d__Bacteria;p__Bacteroidota;c__Bacteroidia;o__Bacteroidales;f__Bacteroidaceae;g__Bacteroides	0.9999999996320772
e5355b28ffa4ec35c5717e742113555c	d__Bacteria;p__Verrucomicrobiota;c__Verrucomicrobiia;o__Verrucomicrobiales;f__Akkermansiaceae;g__Akkermansia	0.9999999999999827
e322286588d2effda49041d07069629b	d__Bacteria;p__Bacillota;c__Clostridia;o__Lachnospirales;f__Lachnospiraceae;g__Tyzzerella;s__uncultured_bacterium	0.9146042266216078
a4bc612238f9ee2c34e7828a0944740f	d__Bacteria;p__Pseudomonadota;c__Gammaproteobacteria;o__Burkholderiales;f__Neisseriaceae;g__Neisseria	0.9999978236753612
df3d6113f855e22f2a6d44e60f01baa7	d__Bacteria;p__Bacillota;c__Clostridia;o__Peptostreptococcales-Tissierellales;f__Peptostreptococcaceae;g__Romboutsia	0.9889295423077331
a39d801345fa448b725cc560f78f64bd	d__Bacteria;p__Bacillota;c__Clostridia;o__Oscillospirales;f__Ruminococcaceae	0.9933612961041116
f7d40e3c3a3e3a250186ad650ae6ae42	d__Bacteria;p__Bacillota;c__Clostridia;o__Oscillospirales;f__Ruminococcaceae	0.9876665961739016
5287d8ae64d1e964b0bb7c203d98e154	d__Bacteria;p__Bacillota;c__Clostridia;o__Lachnospirales;f__Lachnospiraceae;g__Mediterraneibacter	0.8142189467066447
8f6e2a91e20994c00566a5ff2b49506e	d__Bacteria;p__Bacillota;c__Clostridia;o__Lachnospirales;f__Lachnospiraceae;g__Blautia	0.9935260174822143
4608cf2aa614ad44e2e4c90e5145221e	d__Bacteria;p__Bacillota;c__Clostridia;o__Monoglobales;f__Monoglobaceae;g__Monoglobus	0.99999999374172
ea13d2899c81e7e9252ca1e8988aa8cc	d__Bacteria;p__Bacillota;c__Clostridia;o__Oscillospirales;f__[Eubacterium]_coprostanoligenes_group;g__Incertae_Sedis	0.9999994427696146
409f711b59152d57926cf444c5577087	d__Bacteria;p__Bacillota;c__Bacilli;o__Lactobacillales;f__Streptococcaceae;g__Streptococcus;s__Streptococcus_salivarius	0.8870943113952225
a5b69f125c8e15c8b470bd65ffa241c1	d__Bacteria;p__Bacillota;c__Bacilli;o__Lactobacillales;f__Carnobacteriaceae;g__Granulicatella	0.7616941034202844
9a3da67ac619dbb007fa6f5225832fe0	d__Bacteria;p__Bacillota;c__Clostridia;o__Christensenellales;f__Christensenellaceae;g__Christensenellaceae_R-7_group;s__uncultured_organism	0.8570793428170608
6e7317c14238561fe5865674e3a3206d	d__Bacteria;p__Bacillota;c__Bacilli;o__Lactobacillales;f__Streptococcaceae;g__Streptococcus	0.9999999988067141
266b19d1360cf43916d2c47f82ae1060	d__Bacteria;p__Bacillota;c__Clostridia;o__Lachnospirales;f__Lachnospiraceae;g__Coprococcus	0.9452941398066608
cbe2abdf95ba4f41c1453328d1e0230c	d__Bacteria;p__Bacillota;c__Clostridia;o__Lachnospirales;f__Lachnospiraceae;g__Enterocloster;s__uncultured_bacterium	0.9756407048000145
12d746ea489d74ef50b3e84eecde1cfc	d__Bacteria;p__Bacteroidota;c__Bacteroidia;o__Bacteroidales;f__Porphyromonadaceae;g__Porphyromonas;s__unidentified	0.9943541721398779
7d66f6c0ba5b1129442173bf2bd417dc	d__Bacteria;p__Bacillota;c__Clostridia;o__Clostridia_UCG-014;f__Incertae_Sedis;g__Incertae_Sedis;s__uncultured_bacterium	0.7762454425060694
7fd6a8fd06f07f444172e3789e19d84a	d__Bacteria;p__Bacillota;c__Clostridia;o__Christensenellales;f__Christensenellaceae;g__Christensenellaceae_R-7_group;s__uncultured_spirochete	0.9892999488558818
734dcd020504800d8042434e28b57298	d__Bacteria;p__Bacillota;c__Clostridia;o__Oscillospirales;f__Ruminococcaceae;g__Faecalibacterium	0.9999930544847897
09b9879b4a172874a8d3f019f260bde8	d__Bacteria;p__Bacillota;c__Clostridia;o__Oscillospirales;f__Ruminococcaceae;g__Gemmiger	0.964632737621935
49ccd7a8940970edb88ea1b9939e2737	d__Bacteria;p__Bacillota;c__Clostridia;o__Oscillospirales;f__Ruminococcaceae;g__Gemmiger	0.9180159297740178
13785f0aa34992209c67c3caeebbd429	d__Bacteria;p__Bacillota;c__Bacilli;o__Lactobacillales;f__Streptococcaceae;g__Streptococcus	0.9999999995504913
8edb2b39a498e67865b274ac9cd354bc	d__Bacteria;p__Actinomycetota;c__Coriobacteriia;o__Coriobacteriales;f__Eggerthellaceae;g__Senegalimassilia;s__uncultured_bacterium	0.9986509615711978
2f97492ef9c9571e2e76166dde9d64eb	d__Bacteria;p__Bacillota;c__Bacilli;o__Staphylococcales;f__Gemellaceae;g__Gemella	0.9999999996095105
7b6d335d29fb8edf989ba7d03a848d84	d__Bacteria;p__Bacillota;c__Clostridia;o__Lachnospirales;f__Lachnospiraceae;g__Roseburia;s__uncultured_organism	0.8671099534093719
d91b5c77b23b27230a16c7dc4325f4cd	d__Bacteria;p__Bacillota;c__Clostridia;o__Lachnospirales;f__Lachnospiraceae;g__Roseburia;s__uncultured_organism	0.7323552709710046
6095ae868deb2e962168d60b7e6d7614	d__Bacteria;p__Bacteroidota;c__Bacteroidia;o__Bacteroidales;f__Prevotellaceae;g__Segatella;s__uncultured_bacterium	0.8453884145922007
2eedf896e95f02090d22dd3e68742ce7	d__Bacteria;p__Bacillota;c__Clostridia;o__Lachnospirales;f__Lachnospiraceae;g__Blautia	0.9854586534658102
ad52bbef279fc1fe7a3ca1c4b1fb9710	d__Bacteria;p__Bacillota;c__Bacilli;o__Erysipelotrichales;f__Erysipelotrichaceae;g__Holdemanella;s__uncultured_bacterium	0.7414381710138997
8954856044dc31156803857144f6b482	d__Bacteria;p__Thermodesulfobacteriota;c__Desulfovibrionia;o__Desulfovibrionales;f__Desulfovibrionaceae;g__Bilophila	0.9999999968354367
8ac2b67c79adb6724b4b10ccb62f2db4	d__Bacteria;p__Bacteroidota;c__Bacteroidia;o__Bacteroidales;f__Tannerellaceae;g__Tannerella;s__Tannerella_forsythia	0.9653763103080683
98fcc7e4135d41152d2db711de5c1255	d__Bacteria;p__Bacteroidota;c__Bacteroidia;o__Bacteroidales;f__Bacteroidaceae;g__Bacteroides	0.999999999572495
b2d1249fd9754c79558be225647e60c4	d__Bacteria;p__Bacillota;c__Negativicutes;o__Acidaminococcales;f__Acidaminococcaceae;g__Phascolarctobacterium	0.9999999999916396
386f486ad8374e0a0073cc40f5f7c306	d__Bacteria;p__Bacillota;c__Clostridia;o__Christensenellales;f__Christensenellaceae;g__Christensenellaceae_R-7_group	0.996422556904716
582fae36f33acd1efdcaf7cacf00ef0a	d__Bacteria;p__Bacillota;c__Clostridia;o__Lachnospirales;f__Lachnospiraceae;g__[Eubacterium]_ventriosum_group	0.9999816235791227
18eb929cf9350e0af65cf863c2786858	d__Bacteria;p__Pseudomonadota;c__Gammaproteobacteria;o__Enterobacterales;f__Pasteurellaceae;g__Haemophilus	0.999976720111073
bb35a35e317aeaf3cdd5bef973af2498	d__Bacteria;p__Bacillota;c__Clostridia;o__Lachnospirales;f__Lachnospiraceae;g__Mediterraneibacter;s__uncultured_organism	0.7934555614060178
afc51b2c9be76cc7fedaed4cc7bdf3f3	d__Bacteria;p__Fusobacteriota;c__Fusobacteriia;o__Fusobacteriales;f__Fusobacteriaceae;g__Fusobacterium	0.999999999999485
2b86fb399b1cd94e9a7a15e1545257d5	d__Bacteria;p__Bacteroidota;c__Bacteroidia;o__Bacteroidales;f__Prevotellaceae;g__Xylanibacter;s__Prevotella_sp.	0.9992419646558481
8f3c8cb8544640becafb5777eb7a5858	d__Bacteria;p__Bacillota;c__Clostridia;o__Peptostreptococcales-Tissierellales;f__Family_XI;g__Parvimonas	0.9999999997113814
fb7a1c0b3625f00ee42dbfcbaa001f12	d__Bacteria;p__Bacillota;c__Negativicutes;o__Acidaminococcales;f__Acidaminococcaceae;g__Phascolarctobacterium;s__uncultured_organism	0.9896848453099253
7e4c8c964ee846be66d272ff7d413421	d__Bacteria;p__Campylobacterota;c__Campylobacteria;o__Campylobacterales;f__Campylobacteraceae;g__Campylobacter	0.9999999999950223
b768cc7f226f800d713410ee6c16a388	d__Bacteria;p__Bacillota;c__Bacilli;o__Acholeplasmatales;f__Acholeplasmataceae;g__Acholeplasma;s__Mycoplasmataceae_genomosp.	0.985584129319921
f7672a2cc6bdf81527b2ca29d5443cc8	d__Bacteria;p__Bacteroidota;c__Bacteroidia;o__Bacteroidales;f__Porphyromonadaceae;g__Porphyromonas;s__uncultured_bacterium	0.9435723534879618
add7f5d621120b854b4f1ab2f611089e	d__Bacteria;p__Bacteroidota;c__Bacteroidia;o__Bacteroidales;f__Prevotellaceae;g__Prevotella;s__Prevotella_melaninogenica	0.9764969867816489
ea35529609267fb32e983444c43da035	d__Bacteria;p__Fusobacteriota;c__Fusobacteriia;o__Fusobacteriales;f__Leptotrichiaceae;g__Incertae_Sedis;s__Leptotrichia-like_sp.	0.7253774496713398
cc465b18f37cb7e609cff5ba5ed2bffe	d__Bacteria;p__Bacillota;c__Clostridia;o__Oscillospirales;f__Ruminococcaceae;g__Negativibacillus	0.9999989336341024
9243bc95f3bb4eba8fabc522fa335a7f	d__Bacteria;p__Bacteroidota;c__Bacteroidia;o__Bacteroidales;f__Bacteroidaceae;g__Bacteroides	0.9999999780500683
d4b9487f80a46f105daa14816456c5f6	d__Bacteria;p__Bacillota;c__Clostridia;o__Oscillospirales;f__Oscillospiraceae;g__NK4A214_group;s__metagenome	0.7939481487645266
7b64ebaf4ce0974210877b3efd3f2406	d__Bacteria;p__Bacillota;c__Clostridia;o__Lachnospirales;f__Lachnospiraceae;g__Howardella;s__uncultured_bacterium	0.7372953055108575
44536e7d859312677ce835c0cb53eeca	d__Bacteria;p__Bacillota;c__Bacilli;o__Staphylococcales;f__Gemellaceae;g__Gemella;s__uncultured_bacterium	0.7735797465356485
02e1e971506b265659c0f5bf758c24b7	d__Bacteria;p__Bacillota;c__Clostridia;o__Lachnospirales;f__Lachnospiraceae;g__Lachnospiraceae_UCG-010;s__uncultured_organism	0.9917251831959496
d2056d7ce9b69aef41f72d361c733f7b	d__Bacteria;p__Fusobacteriota;c__Fusobacteriia;o__Fusobacteriales;f__Fusobacteriaceae;g__Fusobacterium;s__Fusobacterium_periodonticum	0.9444458797257144
3adfcfa6caaacaa41dc7571330a74676	d__Bacteria;p__Bacillota;c__Clostridia;o__Lachnospirales;f__Lachnospiraceae;g__Lachnospiraceae_NK4A136_group;s__uncultured_organism	0.9820426387377867
d8b5671a882cb6087fed4a7d6406137c	d__Bacteria;p__Bacillota;c__Clostridia;o__Clostridia_UCG-014;f__Incertae_Sedis;g__Incertae_Sedis	0.9999999999962974
73b9a313c153726841a55e295f19bdb5	d__Bacteria;p__Bacillota;c__Bacilli;o__Lactobacillales;f__Streptococcaceae;g__Streptococcus	0.9999999987613483
2a1e144c5b1059f74e8777a3d6adbea0	d__Bacteria;p__Bacteroidota;c__Bacteroidia;o__Bacteroidales;f__Porphyromonadaceae;g__Porphyromonas;s__unidentified	0.954472536666333
a29990fffb08af05632b35e9d3d8fd77	d__Bacteria;p__Bacillota;c__Clostridia;o__Clostridia_UCG-014;f__Incertae_Sedis;g__Incertae_Sedis	0.9999999999999538
d6dffb454cbb0b0c87367b03432c2b05	d__Bacteria;p__Pseudomonadota;c__Gammaproteobacteria;o__Enterobacterales;f__Enterobacteriaceae;g__Klebsiella	0.8940548367780495
3a893286e7a8c6965a9be85b7ec43c60	d__Bacteria;p__Bacillota;c__Clostridia;o__Lachnospirales;f__Lachnospiraceae;g__Roseburia	0.9818310426417924
be1fe9bfe424ad27f568d8e2d7b42c19	d__Bacteria;p__Bacillota;c__Clostridia;o__Lachnospirales;f__Lachnospiraceae;g__Lachnospiraceae_NK4A136_group;s__uncultured_organism	0.9804379170597787
32d1b8c1e13d30df0aaa7f3d5db08681	d__Bacteria;p__Bacillota;c__Clostridia;o__Lachnospirales;f__Lachnospiraceae;g__[Eubacterium]_ventriosum_group	0.9999796962721473
24522f7485582e07564aed7c426af59d	d__Bacteria;p__Bacillota;c__Negativicutes;o__Veillonellales-Selenomonadales;f__Veillonellaceae;g__Veillonella	0.9999999999680624
313413ca8ca3a31e5f735a40eacfbcaf	d__Bacteria;p__Fusobacteriota;c__Fusobacteriia;o__Fusobacteriales;f__Fusobacteriaceae;g__Fusobacterium;s__Fusobacterium_nucleatum	0.7501434334317123
f37df2adf4951e7edb9215431cbf3076	d__Bacteria;p__Bacillota;c__Bacilli;o__Lactobacillales;f__Streptococcaceae;g__Streptococcus;s__Streptococcus_salivarius	0.8192146419956857
f148c9872201cbd90a403cf63b13e46c	d__Bacteria;p__Bacillota;c__Clostridia;o__Peptostreptococcales-Tissierellales;f__Peptostreptococcaceae;g__Peptostreptococcus	0.999999999933303
ebd57d089f09e4981fdb91e627b8ddb9	d__Bacteria;p__Spirochaetota;c__Spirochaetia;o__Spirochaetales;f__Spirochaetaceae;g__Treponema;s__Treponema_denticola	0.9997962200338353
494e65560668c776b1b9e745b349c50d	d__Bacteria;p__Bacillota;c__Clostridia;o__Oscillospirales;f__Oscillospiraceae;g__UCG-002;s__uncultured_bacterium	0.7567278568381037
169a87692b19db5f13f986e8c33f673d	d__Bacteria;p__Bacillota;c__Clostridia;o__Lachnospirales;f__Lachnospiraceae	0.9999997080792196
892b08383e970b3943a996befc7d2965	d__Bacteria;p__Bacillota;c__Clostridia;o__Clostridia_UCG-014;f__Incertae_Sedis;g__Incertae_Sedis	0.9999999999854186
84a2a2e9c0f07149140438ac54fca61c	d__Bacteria;p__Bacteroidota;c__Bacteroidia;o__Bacteroidales;f__Porphyromonadaceae;g__Porphyromonas;s__unidentified	0.950057727042086
07d313706ba0c85687c8d95b664b84bc	d__Bacteria;p__Bacillota;c__Bacilli;o__Lactobacillales;f__Streptococcaceae;g__Streptococcus	0.9999999981434241
adaee256a34ff7012e77d1a26d82b874	d__Bacteria;p__Actinomycetota;c__Actinobacteria;o__Micrococcales;f__Micrococcaceae;g__Rothia;s__uncultured_bacterium	0.9768215293608253
41388070b02a7c162aa7245ce4812ebd	d__Bacteria;p__Actinomycetota;c__Actinobacteria;o__Bifidobacteriales;f__Bifidobacteriaceae;g__Bifidobacterium;s__Bifidobacterium_longum	0.8990075867023272
1f2dda5d2f361fc8d646e55a515ae1e4	d__Bacteria;p__Bacillota;c__Clostridia;o__Oscillospirales;f__Oscillospiraceae;g__UCG-005	0.9999803628914299
e7a4da69235b46585fb4de0679ea016b	d__Bacteria;p__Bacillota;c__Bacilli;o__Erysipelotrichales;f__Erysipelatoclostridiaceae;g__Thomasclavelia;s__	0.9864167324758916
4df8473b0be4ef1e59f0b0709c586919	d__Bacteria;p__Bacillota;c__Clostridia;o__Oscillospirales;f__Ruminococcaceae;g__Ruthenibacterium;s__uncultured_organism	0.8781128178031091
ff7742e8ae81884ad8b0c734a69837f3	d__Bacteria;p__Pseudomonadota;c__Gammaproteobacteria;o__Enterobacterales;f__Enterobacteriaceae;g__Klebsiella	0.9275872248743517
af2150fef76b295092cd60a788cbe500	d__Bacteria;p__Bacillota;c__Clostridia;o__Lachnospirales;f__Lachnospiraceae;g__Blautia;s__metagenome	0.7959556119092808
0700b7f158c822737fdab28f9a1e4b53	d__Bacteria;p__Bacillota;c__Clostridia;o__Oscillospirales;f__Ruminococcaceae;g__Faecalibacterium;s__metagenome	0.7945127140634339
026a7201865e340fc468259cc1429fd4	d__Bacteria;p__Bacillota;c__Clostridia;o__Lachnospirales;f__Lachnospiraceae;g__Faecalimonas;s__uncultured_bacterium	0.9754145542026974
fc8c24803207cc879e0139ad121c3ca5	d__Bacteria;p__Bacillota;c__Clostridia;o__Peptostreptococcales-Tissierellales;f__Peptostreptococcaceae;g__Filifactor;s__Filifactor_alocis	0.9793155090247032
9df251784dde31e05f02b2ee1029d71c	d__Bacteria;p__Bacillota;c__Clostridia;o__Lachnospirales;f__Lachnospiraceae;g__Fusicatenibacter	0.9988279713137078
9cdb9dbe98d86651359273ea1c595c84	d__Bacteria;p__Bacillota;c__Clostridia;o__Oscillospirales;f__Oscillospiraceae;g__UCG-002;s__uncultured_rumen	0.9762341305929062
9591a959c4c592a119485d2f38ae27eb	d__Bacteria;p__Actinomycetota;c__Coriobacteriia;o__Coriobacteriales;f__Coriobacteriales_Incertae_Sedis;g__Incertae_Sedis;s__uncultured_organism	0.9999991253842626
b6635d67cb594473ddba9f8cfba5d13d	d__Bacteria;p__Bacteroidota;c__Bacteroidia;o__Bacteroidales;f__Bacteroidaceae;g__Bacteroides;s__Bacteroides_vulgatus	0.893503336053435
088877ad68faabfbab81c359b99b4644	d__Bacteria;p__Bacillota;c__Clostridia;o__Lachnospirales;f__Lachnospiraceae	0.9999997964425704
bf51277fc250d0027512309725ff074f	d__Bacteria;p__Actinomycetota;c__Actinobacteria;o__Micrococcales;f__Micrococcaceae;g__Rothia	0.9999998688262653
cf4ecda3eaaf625ddab6639e7c198d95	d__Bacteria;p__Bacteroidota;c__Bacteroidia;o__Bacteroidales;f__Barnesiellaceae;g__Barnesiella	0.9999999999798785
b8b4e906b5e28ab2e7a5ef1b0c576aee	d__Bacteria;p__Bacillota;c__Negativicutes;o__Acidaminococcales;f__Acidaminococcaceae;g__Phascolarctobacterium	0.9999999999674258
a944313b20c91ff1db8213605101e291	d__Bacteria;p__Bacillota;c__Bacilli;o__Erysipelotrichales;f__Erysipelatoclostridiaceae;g__Catenibacterium;s__uncultured_bacterium	0.9750606386940278
7842a433c5c0271371dba64a011c2d4b	d__Bacteria;p__Bacillota;c__Clostridia;o__Peptostreptococcales-Tissierellales;f__Anaerovoracaceae;g__Family_XIII_UCG-001;s__uncultured_bacterium	0.9999233049917313
202938f6ff9392b6e167b20b956d9ed1	d__Bacteria;p__Bacillota;c__Clostridia;o__Lachnospirales;f__Lachnospiraceae;g__[Eubacterium]_eligens_group	0.9998160727225924
45a44824c4535a0dd0a7f4e18a5aa25d	d__Bacteria;p__Bacillota;c__Clostridia;o__Christensenellales;f__Christensenellaceae;g__Christensenellaceae_R-7_group	0.9967816026791849
b1f914aca311f8af324b2eda493cda68	d__Bacteria;p__Bacillota;c__Clostridia;o__Oscillospirales;f__Ruminococcaceae;g__Acutalibacter;s__uncultured_organism	0.7934775910820587
63d8e9a325af7493fef548aa059f93a9	d__Bacteria;p__Bacillota;c__Clostridia;o__Lachnospirales;f__Lachnospiraceae;g__[Eubacterium]_xylanophilum_group	0.998217287904494
0a49a32752b611a144ddd506a2155134	d__Bacteria;p__Bacteroidota;c__Bacteroidia;o__Bacteroidales;f__Prevotellaceae;g__Incertae_Sedis;s__uncultured_organism	0.9893449752014322
5df648dec2ae3dbaaa71594bbb3971ce	d__Bacteria;p__Bacillota;c__Negativicutes;o__Acidaminococcales;f__Acidaminococcaceae;g__Phascolarctobacterium	0.9999999999936101
4abaa483334092f021534a979086baeb	d__Bacteria;p__Bacteroidota;c__Bacteroidia;o__Bacteroidales;f__Bacteroidaceae;g__Bacteroides;s__Bacteroides_dorei	0.8673093788418557
ec6c9233b72090035eb87c6ff39a84a7	d__Bacteria;p__Bacteroidota;c__Bacteroidia;o__Bacteroidales;f__Bacteroidaceae;g__Bacteroides;s__Bacteroides_coprocola	0.9999112642771755
fad4d2bff3cd589127c861f61524ca1f	d__Bacteria;p__Bacillota;c__Clostridia;o__Lachnospirales;f__Lachnospiraceae;g__Mediterraneibacter	0.8379898463356223
286b444fb673d554ebd55837a29a398e	d__Bacteria;p__Bacillota;c__Clostridia;o__Lachnospirales;f__Lachnospiraceae;g__Blautia;s__Ruminococcus_sp.	0.9137057219377392
71f97bea4c0ec16a8e212311ddc15b67	d__Bacteria;p__Bacillota;c__Clostridia;o__Peptostreptococcales-Tissierellales;f__Anaerovoracaceae;g__[Eubacterium]_saphenum_group;s__Eubacterium_saphenum	0.999516649369217
5859c644498bf396619fcca4ed014b8d	d__Bacteria;p__Bacteroidota;c__Bacteroidia;o__Bacteroidales;f__Bacteroidaceae;g__Bacteroides	0.9999999999287044
64d498223a71be5c6c6c2007d4870c64	d__Bacteria;p__Bacteroidota;c__Bacteroidia;o__Bacteroidales;f__Tannerellaceae;g__Tannerella;s__Tannerella_forsythia	0.965692170490139
027b8bfded122f3ae1450de7cc7d3b79	d__Bacteria;p__Verrucomicrobiota;c__Verrucomicrobiia;o__Verrucomicrobiales;f__Akkermansiaceae;g__Akkermansia	0.99999999999999
d6403e5b4389d1c8f2e1c218c0a59134	d__Bacteria;p__Bacillota;c__Negativicutes;o__Veillonellales-Selenomonadales;f__Veillonellaceae;g__Veillonella	0.9999999999600396
0b9d6ae30698fe3144a187eaaafdaef8	d__Bacteria;p__Thermodesulfobacteriota;c__Desulfovibrionia;o__Desulfovibrionales;f__Desulfovibrionaceae;g__Bilophila	0.9999999985023618
80fad953c17fb49f5a4cad699e460476	d__Bacteria;p__Bacteroidota;c__Bacteroidia;o__Bacteroidales;f__Porphyromonadaceae;g__Porphyromonas;s__unidentified	0.9667747498321517
4fdef803dd127854ec91570a4bb2886c	d__Bacteria;p__Bacteroidota;c__Bacteroidia;o__Bacteroidales;f__Prevotellaceae;g__Segatella;s__uncultured_bacterium	0.7810150886205787
85b2da37bb23efc7a763c09de329b139	d__Bacteria;p__Bacillota;c__Negativicutes;o__Acidaminococcales;f__Acidaminococcaceae;g__Phascolarctobacterium	0.9999999999937943
0f93b8a8bbe7aa9f8458e8bd9f53f6db	d__Bacteria;p__Pseudomonadota;c__Gammaproteobacteria;o__Burkholderiales;f__Neisseriaceae;g__Neisseria	0.9999946091865437
d5e691abf7915316bfdbfa523daa080a	d__Bacteria;p__Bacillota;c__Bacilli;o__RF39;f__Incertae_Sedis;g__Incertae_Sedis;s__human_gut	0.999973098679742
a9fb6c06ed691c214e5470c4826ce39a	d__Bacteria;p__Bacteroidota;c__Bacteroidia;o__Bacteroidales;f__Prevotellaceae;g__Segatella;s__metagenome	0.8462700714190912
400ef329b2c43b49217289537bb77633	d__Bacteria;p__Bacillota;c__Clostridia;o__Lachnospirales;f__Lachnospiraceae;g__Blautia;s__uncultured_bacterium	0.7147508489565977
4520d5d426a03076b5d6ee69f3629816	d__Bacteria;p__Bacillota;c__Clostridia;o__Lachnospirales;f__Lachnospiraceae;g__Dorea;s__uncultured_bacterium	0.7147545360720596
c1cadca9d4525aa09db6984eb9d899ef	d__Bacteria;p__Actinomycetota;c__Actinobacteria;o__Bifidobacteriales;f__Bifidobacteriaceae;g__Bifidobacterium	0.9999999734300613
f0537a8dcbfb7b18465d751de034e9ae	d__Bacteria;p__Actinomycetota;c__Actinobacteria;o__Micrococcales;f__Micrococcaceae;g__Rothia	0.999999889940911
6c6da7faf13665f166f2e4a856630eb3	d__Bacteria;p__Bacillota;c__Clostridia;o__Peptostreptococcales-Tissierellales;f__;g__;s__	0.999887105876688
ca60f9527111263bca48622331f2b3f6	d__Bacteria;p__Bacteroidota;c__Bacteroidia;o__Bacteroidales;f__Rikenellaceae;g__Alistipes;s__uncultured_Alistipes	0.8762295570060221
414ea75fb1462d10153c7bed625b4b99	d__Bacteria;p__Actinomycetota;c__Coriobacteriia;o__Coriobacteriales;f__Eggerthellaceae;g__Slackia;s__uncultured_bacterium	0.9617250007931758
80e68886d9b10549f8c0efbbfcd7505c	d__Bacteria;p__Bacillota;c__Clostridia;o__Lachnospirales;f__Lachnospiraceae;g__Mediterraneibacter	0.8663267925206708
096cb1590806c25cc3cef9da6f82ed9a	d__Bacteria;p__Bacteroidota;c__Bacteroidia;o__Bacteroidales;f__Prevotellaceae;g__Prevotellaceae_NK3B31_group;s__uncultured_organism	0.7372616831537485
4b66adeaae33521048dba7f7d59fdac9	d__Bacteria;p__Bacillota;c__Bacilli;o__Staphylococcales;f__Gemellaceae;g__Gemella;s__uncultured_organism	0.8789050939507422
002b038514ea383d4a11fffa3178cb3c	d__Bacteria;p__Bacteroidota;c__Bacteroidia;o__Bacteroidales;f__Paludibacteraceae;g__F0058;s__uncultured_bacterium	0.9342882999106775
df5289757aebe3f7031d7d7bb22c8184	d__Bacteria;p__Pseudomonadota;c__Gammaproteobacteria;o__Burkholderiales;f__Neisseriaceae;g__Neisseria	0.9999959112842249
c28ae6c90a4e9d71c22fd7b7bd931c4f	d__Bacteria;p__Bacteroidota;c__Bacteroidia;o__Bacteroidales;f__Prevotellaceae;g__Incertae_Sedis;s__uncultured_bacterium	0.9952332581132827
7cc3dbb25830a998a76f5bb254259362	d__Bacteria;p__Bacillota;c__Clostridia;o__Oscillospirales;f__[Eubacterium]_coprostanoligenes_group;g__Incertae_Sedis	0.9999979683971939
c39cea2193e0d56af9669a1b2d5c21be	d__Bacteria;p__Bacillota;c__Clostridia;o__Christensenellales;f__Christensenellaceae;g__Christensenellaceae_R-7_group;s__uncultured_prokaryote	0.94635261740423
f6043100dad4d4fef4e3221332337eb9	d__Bacteria;p__Bacillota;c__Clostridia;o__Lachnospirales;f__Defluviitaleaceae;g__Defluviitaleaceae_UCG-011;s__Lachnospiraceae_bacterium	0.953572106790634
ffd16dfbcb0f32ef8d8dd2de7ca72ed4	d__Bacteria;p__Campylobacterota;c__Campylobacteria;o__Campylobacterales;f__Campylobacteraceae;g__Campylobacter;s__unidentified	0.9735768239028751
3513e95056aea9d169a12f84f980df59	d__Bacteria;p__Bacteroidota;c__Bacteroidia;o__Bacteroidales;f__Prevotellaceae;g__Segatella;s__uncultured_bacterium	0.8755069490756032
98c60003caac4798b6e9a0da3102d2dd	d__Bacteria;p__Bacillota;c__Bacilli;o__Lactobacillales;f__Streptococcaceae;g__Streptococcus	0.9999999958246446
b818316fd3d1fdc5a9971426a2fc69fa	d__Bacteria;p__Bacteroidota;c__Bacteroidia;o__Bacteroidales;f__Prevotellaceae	0.9999999999447451
9cb986fb9a5d33f51977148b33c14fcb	d__Bacteria;p__Bacillota;c__Clostridia;o__Lachnospirales;f__Lachnospiraceae;g__Coprococcus;s__Lachnospiraceae_bacterium	0.7705875425071046
22c9eac57511b268c3eb3ae0ef01dea2	d__Bacteria;p__Fusobacteriota;c__Fusobacteriia;o__Fusobacteriales;f__Fusobacteriaceae;g__Fusobacterium;s__Fusobacterium_nucleatum	0.721105489905095
bf37c87f8841a9f1a2cd20db4fa18b74	d__Bacteria;p__Bacillota;c__Clostridia;o__Oscillospirales;f__Oscillospiraceae;g__UCG-002;s__uncultured_organism	0.9613679716202268
571d1a0b0be4207e7f8c8f772047a11f	d__Bacteria;p__Patescibacteria;c__Saccharimonadia;o__Saccharimonadales;f__Saccharimonadaceae;g__TM7x;s__uncultured_bacterium	0.9868184922410691
d8f2dc4eaea2185643dd28857f8b8c38	d__Bacteria;p__Bacteroidota;c__Bacteroidia;o__Bacteroidales;f__Bacteroidaceae;g__Bacteroides;s__Bacteroides_stercoris	0.9929402136500746
e47b7c57183d489a185e684d3dc8f4e6	d__Bacteria;p__Fusobacteriota;c__Fusobacteriia;o__Fusobacteriales;f__Fusobacteriaceae;g__Fusobacterium	0.9999999999998149
40ae7d5a4ad50e3196b5c0de4675317d	d__Bacteria;p__Bacillota;c__Clostridia;o__Oscillospirales;f__Ruminococcaceae;g__Faecalibacterium	0.9999853241703992
59c755ebd91fb82876df4ab11bda8854	d__Bacteria;p__Bacillota;c__Bacilli;o__Lactobacillales;f__Streptococcaceae;g__Streptococcus;s__Streptococcus_anginosus	0.9965100445114545
38ff07c6cb38d27d5a8d5a2ee73f74d8	d__Bacteria;p__Bacillota;c__Negativicutes;o__Veillonellales-Selenomonadales;f__Selenomonadaceae;g__Mitsuokella;s__uncultured_bacterium	0.9093295483882032
e654e52c906641a46afddd91d50e6b12	d__Bacteria;p__Bacillota;c__Bacilli;o__Lactobacillales;f__Streptococcaceae;g__Streptococcus;s__Streptococcus_anginosus	0.7640111591453517
e5225d9ad60cd54861511a228f4809fd	d__Bacteria;p__Bacteroidota;c__Bacteroidia;o__Bacteroidales;f__Tannerellaceae;g__Parabacteroides;s__Parabacteroides_distasonis	0.706233002092311
f664a73e7de6e00ff70e013369499cbd	d__Bacteria;p__Bacillota;c__Clostridia;o__Lachnospirales;f__Lachnospiraceae;g__Lachnospira	0.9966696947521474
2231f7ecb075af352a37e4055f7478f1	d__Bacteria;p__Spirochaetota;c__Spirochaetia;o__Spirochaetales;f__Spirochaetaceae;g__Treponema;s__Treponema_medium	0.9917791056705781
b77d3dc1b9ec23a64d2d9d72e6d90b2f	d__Bacteria;p__Pseudomonadota;c__Gammaproteobacteria;o__Burkholderiales;f__Neisseriaceae;g__Neisseria	0.9999931939131754
bc712d9356e40b4fcfbca97ff092ac3d	d__Bacteria;p__Pseudomonadota;c__Gammaproteobacteria;o__Enterobacterales;f__Enterobacteriaceae;g__Klebsiella	0.9136725620420013
858239ae0480d03a1c4022da23ebc160	d__Bacteria;p__Bacillota;c__Clostridia;o__Lachnospirales;f__Lachnospiraceae	0.9999993550777175
552f4c299ddc2b3699350b60de5aa78f	d__Bacteria;p__Bacillota;c__Clostridia;o__Oscillospirales;f__Ruminococcaceae;g__Incertae_Sedis;s__uncultured_bacterium	0.8050375173397784
7a4b03d408be56f063ae11449f3044a0	d__Bacteria;p__Bacillota;c__Clostridia;o__Lachnospirales;f__Lachnospiraceae	0.9999978458479754
820a8ac3796ece2a4cc179ebc4f5f87f	d__Bacteria;p__Pseudomonadota;c__Gammaproteobacteria;o__Burkholderiales;f__Neisseriaceae;g__Neisseria	0.9999970692153929
dd68c7b3d6b665f362d388f2f1be6663	d__Bacteria;p__Bacillota;c__Bacilli;o__Lactobacillales	0.999999999944172
c40eedd356551536f262a6c466844037	d__Bacteria;p__Spirochaetota;c__Spirochaetia;o__Spirochaetales;f__Spirochaetaceae;g__Treponema;s__Treponema_denticola	0.9993492585814707
3a996e2f3bd01dc272a98a12ff8d383d	d__Bacteria;p__Bacillota;c__Clostridia;o__Lachnospirales;f__Lachnospiraceae	0.9999982994000665
d3829c53b66db828d6bff7f21c6dad28	d__Bacteria;p__Bacillota;c__Bacilli;o__Lactobacillales;f__Streptococcaceae;g__Streptococcus	0.999999996593217
ec098ad12ef2923b449a01762462578b	d__Bacteria;p__Bacillota;c__Bacilli;o__Lactobacillales;f__Streptococcaceae;g__Lactococcus;s__Lactococcus_lactis	0.8910474324312745
45eeb498a40f6ebd56f177a94e9d0b2a	d__Bacteria;p__Bacillota;c__Bacilli;o__RF39;f__Incertae_Sedis;g__Incertae_Sedis;s__human_gut	0.99986605523674
841ea34437228d9fa66de17a4edfdaec	d__Bacteria;p__Pseudomonadota;c__Gammaproteobacteria;o__Burkholderiales;f__Neisseriaceae;g__Neisseria	0.9999978880783668
75404a50a949f7b8cc827fbe8764a174	d__Bacteria;p__Bacteroidota;c__Bacteroidia;o__Bacteroidales;f__Prevotellaceae;g__Prevotella;s__Prevotella_melaninogenica	0.9554419924605468
41387e25336035e76fdb36d0cdd47d00	d__Bacteria;p__Spirochaetota;c__Spirochaetia;o__Spirochaetales;f__Spirochaetaceae;g__Treponema;s__uncultured_bacterium	0.7658909024329436
7931ef4ba7852a196ef9674b8fc64631	d__Bacteria;p__Bacillota;c__Clostridia;o__Oscillospirales;f__Oscillospiraceae;g__Incertae_Sedis;s__uncultured_rumen	0.8875330858425536
ceb8c1944cda5636ff6d42b24a6a67d7	d__Bacteria;p__Bacillota;c__Clostridia;o__Peptostreptococcales-Tissierellales;f__Anaerovoracaceae;g__Hornefia	0.9999999996648032
f46b210f0257040944d7d2f9c26c3c74	d__Bacteria;p__Patescibacteria;c__Gracilibacteria;o__Absconditabacteriales_(SR1);f__Incertae_Sedis;g__Incertae_Sedis;s__	0.7394026839076543
8d478879084ed7c88660c8b0c4b24923	d__Bacteria;p__Bacillota;c__Clostridia;o__Oscillospirales;f__Ruminococcaceae;g__CAG-352;s__uncultured_bacterium	0.7126258106508684
d386863b6a0565708ae63f7aec6cec88	d__Bacteria;p__Bacteroidota;c__Bacteroidia;o__Bacteroidales;f__Porphyromonadaceae;g__Porphyromonas;s__uncultured_bacterium	0.972093648859359
e387d8b5cf3d6c61e65019accb884109	d__Bacteria;p__Bacillota;c__Negativicutes;o__Veillonellales-Selenomonadales;f__Selenomonadaceae;g__Mitsuokella;s__uncultured_bacterium	0.9814281419230657
612a9a4afcaec76934f2b8d59c462082	d__Bacteria;p__Bacillota;c__Bacilli;o__Mycoplasmatales;f__Mycoplasmataceae;g__Mycoplasma	0.9999999999999821
c533a557f90737bbc8bccbbc981a8c63	d__Bacteria;p__Bacillota;c__Bacilli;o__Lactobacillales;f__Streptococcaceae;g__Streptococcus;s__Streptococcus_gordonii	0.7710674322148613
1e1391a8ecb657fbf3ce0e7339b8d59e	d__Bacteria;p__Bacteroidota;c__Bacteroidia;o__Bacteroidales;f__Prevotellaceae;g__Prevotella;s__Prevotella_jejuni	0.7999047510177593
5354b5f62e45014a1b54b8ad68cfa269	d__Bacteria;p__Bacillota;c__Negativicutes;o__Veillonellales-Selenomonadales;f__Veillonellaceae;g__Veillonella	0.9999999998832467
4290feefabcb9fa250f8eb0be2759c2d	d__Bacteria;p__Bacillota;c__Clostridia;o__Oscillospirales;f__Oscillospiraceae;g__UCG-002;s__uncultured_organism	0.9715380129352358
c61267dffb2ee3d8abe673bb3b9389f4	d__Bacteria;p__Bacillota;c__Negativicutes;o__Veillonellales-Selenomonadales;f__Veillonellaceae;g__Veillonella	0.999999999901837
77c0eb3868af3c05b52bdec996f96858	d__Bacteria;p__Bacillota;c__Clostridia;o__Lachnospirales;f__Lachnospiraceae;g__Oribacterium	0.9999989861225895
173b8383238dc87920b640dfd06347b3	d__Bacteria;p__Actinomycetota;c__Actinobacteria;o__Micrococcales;f__Micrococcaceae;g__Rothia	0.999999811827488
da7125b25a294757ee6c5e4909a181c1	d__Bacteria;p__Bacillota;c__Clostridia;o__Christensenellales;f__Christensenellaceae;g__Christensenellaceae_R-7_group;s__uncultured_prokaryote	0.9052008645030623
27460ebd5ca1194ad683c271dadf51b2	d__Bacteria;p__Bacteroidota;c__Bacteroidia;o__Bacteroidales;f__Bacteroidaceae;g__Bacteroides;s__Bacteroides_stercoris	0.9990798423033268
b3719db46989c1041e53d24f84cffe16	d__Bacteria;p__Bacillota;c__Clostridia;o__Peptostreptococcales-Tissierellales;f__Family_XI;g__Incertae_Sedis;s__uncultured_Peptostreptococcus	0.9999999851455359
a09c0e8c314bd987a8c6f60a358f141d	d__Bacteria;p__Bacillota;c__Clostridia;o__Lachnospirales;f__Lachnospiraceae	0.9999994432017771
32455248f323ccf1db4ce7b77e3ce901	d__Bacteria;p__Bacillota;c__Bacilli;o__Erysipelotrichales;f__Erysipelotrichaceae;g__Solobacterium	0.9390165280999776
2b8622a11b3ffaceef5df6e63ee7b664	d__Bacteria;p__Synergistota;c__Synergistia;o__Synergistales;f__Synergistaceae;g__Fretibacterium	0.9999999870384246
55ae36374045b6a58fdc9c11936be5cc	d__Bacteria;p__Bacillota;c__Negativicutes;o__Veillonellales-Selenomonadales;f__Veillonellaceae;g__Veillonella	0.999999999966843
5258515ff2816e94d24b2bd02f8ae803	d__Bacteria;p__Spirochaetota;c__Spirochaetia;o__Spirochaetales;f__Spirochaetaceae;g__Treponema;s__Treponema_denticola	0.9975097341151561
9a318047e17848fa4d24973291d14cb1	d__Bacteria;p__Bacillota;c__Clostridia;o__Oscillospirales;f__Ruminococcaceae;g__Faecalibacterium	0.9999982791168142
d2ab242cae64d63cc199c5fe15bd3ba9	d__Bacteria;p__Actinomycetota;c__Coriobacteriia;o__Coriobacteriales;f__Atopobiaceae;g__Lancefieldella;s__uncultured_bacterium	0.9722854419693907
0d991769ab2b45ce80efe67d7c0a6988	d__Bacteria;p__Pseudomonadota;c__Gammaproteobacteria;o__Burkholderiales;f__Neisseriaceae;g__Neisseria	0.9999909521582779
5efe9c4123ddb4fd8e8b4da7886b0a2f	d__Bacteria;p__Bacillota;c__Clostridia;o__Lachnospirales;f__Lachnospiraceae;g__Blautia	0.9901715500721318
cb17ef306146fe98440e15e8181ab0a4	d__Bacteria;p__Bacteroidota;c__Bacteroidia;o__Bacteroidales;f__Tannerellaceae;g__Parabacteroides;s__Parabacteroides_johnsonii	0.9930477465009958
63ae69e5112e904373fa2c6a38d8a5b9	d__Bacteria;p__Actinomycetota;c__Coriobacteriia;o__Coriobacteriales;f__Eggerthellaceae;g__Incertae_Sedis;s__uncultured_bacterium	0.9564645767825757
6fe9868d826997d9655bffd7ce14ff61	d__Bacteria;p__Bacteroidota;c__Bacteroidia;o__Bacteroidales;f__Prevotellaceae;g__Prevotella;s__Prevotella_pallens	0.9999987268684696
b7f566d089a3925a738e9c46c3691949	d__Bacteria;p__Bacillota;c__Clostridia;o__Peptostreptococcales-Tissierellales;f__Anaerovoracaceae;g__[Eubacterium]_brachy_group;s__	0.7638570439369149
15ef2a62324ee08feb9ff9f1a637f133	d__Bacteria;p__Bacillota;c__Clostridia;o__Lachnospirales;f__Lachnospiraceae	0.999997624399328
75f91cd7b0e3be71b2635a0329b3ad12	d__Bacteria;p__Spirochaetota;c__Spirochaetia;o__Spirochaetales;f__Spirochaetaceae;g__Treponema;s__Treponema_medium	0.9987226811294819
2555ab896130cd0373de325088a94110	d__Bacteria;p__Bacillota;c__Clostridia;o__Lachnospirales;f__Lachnospiraceae;g__Lachnoclostridium;s__uncultured_organism	0.8632641166165329
572be56789b840dc21f0dfad380396b3	d__Bacteria;p__Bacteroidota;c__Bacteroidia;o__Bacteroidales;f__Bacteroidaceae;g__Bacteroides	0.999999982243763
4d6fe682a4dd9aad8decfab830a193e0	d__Bacteria;p__Bacteroidota;c__Bacteroidia;o__Bacteroidales;f__Tannerellaceae;g__Parabacteroides;s__	0.7520399792288807
9dc4d1617c0fc4800832989ceb200309	d__Bacteria;p__Bacillota;c__Bacilli;o__Erysipelotrichales;f__Erysipelatoclostridiaceae;g__Catenibacterium;s__uncultured_bacterium	0.9913675566531462
0c35c4d95010f4bef2017a6c3570439c	d__Bacteria;p__Spirochaetota;c__Spirochaetia;o__Spirochaetales;f__Spirochaetaceae;g__Treponema;s__Treponema_denticola	0.9993943098499587
44cae38ace30f54ee81cc5c5b2ce47eb	d__Bacteria;p__Bacteroidota;c__Bacteroidia;o__Bacteroidales;f__Rikenellaceae;g__Alistipes;s__Alistipes_shahii	0.7370210431045423
1324265ce1fdcc115a43d9b4316513be	d__Bacteria;p__Bacillota;c__Clostridia;o__Lachnospirales;f__Lachnospiraceae	0.9999973267542536
92e971ed29a8a4aacfcdf1d1bf0877b1	d__Bacteria;p__Bacillota;c__Clostridia;o__Lachnospirales;f__Lachnospiraceae;g__Agathobacter	0.9765209555737981
557156f08d4eab8818ea1914d5f83ed0	d__Bacteria;p__Bacillota;c__Clostridia;o__Lachnospirales;f__Lachnospiraceae;g__[Eubacterium]_ventriosum_group;s__uncultured_bacterium	0.9820292463090438
8530a68c990f66c64cbb75f946f65d12	d__Bacteria;p__Bacteroidota;c__Bacteroidia;o__Bacteroidales;f__Prevotellaceae;g__Prevotella;s__Prevotella_intermedia	0.9999993681752251
0fd1fc5648b426342daa3872cfbed0f0	d__Bacteria;p__Bacillota;c__Clostridia;o__Peptostreptococcales-Tissierellales;f__Family_XI;g__Parvimonas	0.9999999993759147
f0ef8a715054ed5a93f4fd3519df024d	d__Bacteria;p__Spirochaetota;c__Spirochaetia;o__Spirochaetales;f__Spirochaetaceae;g__Treponema	0.9999999999241469
95e4d7ad8f9002711f18c6c98436ef68	d__Bacteria;p__Bacillota;c__Bacilli;o__Lactobacillales;f__Streptococcaceae;g__Streptococcus	0.9999999778833177
2c6bd4d6f9c916bc2b61c4068903c32e	d__Bacteria;p__Synergistota;c__Synergistia;o__Synergistales;f__Synergistaceae;g__Fretibacterium	0.9999999997300721
26639d9f66c6c2106996b1c162605ff8	d__Archaea;p__Methanobacteriota;c__Methanobacteria;o__Methanobacteriales;f__Methanobacteriaceae;g__Methanobrevibacter;s__Methanobrevibacter_smithii	0.7877860877901879
25af29e1b2d121f8aae468d270d75518	d__Bacteria;p__Bacillota;c__Clostridia;o__Lachnospirales;f__Lachnospiraceae	0.9999999875641363
7bf916b4d46570e88f631ec082e93202	d__Bacteria;p__Fusobacteriota;c__Fusobacteriia;o__Fusobacteriales;f__Leptotrichiaceae;g__Leptotrichia;s__uncultured_Leptotrichia	0.8882590372975678
aa15ec5479cde6d5381cbc99a0f6a59e	d__Bacteria;p__Bacillota;c__Negativicutes;o__Veillonellales-Selenomonadales;f__Veillonellaceae;g__Veillonella	0.9999999999698662
070175299e62656222c1900a4edcc5ee	d__Bacteria;p__Bacteroidota;c__Bacteroidia;o__Bacteroidales;f__Bacteroidaceae;g__Bacteroides	0.9999999987966318
7edd5036cada4c421b445a2a4163eb60	d__Bacteria;p__Bacteroidota;c__Bacteroidia;o__Bacteroidales;f__Prevotellaceae;g__Prevotella;s__uncultured_organism	0.9999257496348428
990ca7dc83ec1f7499b25325f985cce0	d__Bacteria;p__Bacteroidota;c__Bacteroidia;o__Bacteroidales;f__Tannerellaceae;g__Parabacteroides;s__Parabacteroides_distasonis	0.7708333201395875
4246d6359de249fbc08244b60beb8271	d__Bacteria;p__Patescibacteria;c__Saccharimonadia;o__Saccharimonadales;f__Incertae_Sedis;g__Incertae_Sedis;s__	0.9999999964363724
b38ae6d02772c64d2bddbe21028be3dd	d__Bacteria;p__Fusobacteriota;c__Fusobacteriia;o__Fusobacteriales;f__Fusobacteriaceae;g__Fusobacterium;s__Fusobacterium_nucleatum	0.7375624126969749
490d7079ce8fdf39160ed3bd1dd02447	d__Bacteria;p__Pseudomonadota;c__Gammaproteobacteria;o__Enterobacterales;f__Pasteurellaceae;g__Haemophilus	0.9999421370229725
ae648180cd50b48fe88c521ba9404718	d__Bacteria;p__Bacteroidota;c__Bacteroidia;o__Bacteroidales;f__Prevotellaceae;g__Segatella;s__Prevotella_salivae	0.946448253569056
b4dba10e10429ca35c466ea72712efcb	d__Bacteria;p__Bacillota;c__Clostridia;o__Lachnospirales;f__Lachnospiraceae;g__Blautia	0.9900925294342874
47a542dc056e590f7d6ed660f77e2788	d__Bacteria;p__Bacteroidota;c__Bacteroidia;o__Bacteroidales;f__Prevotellaceae;g__Incertae_Sedis;s__	0.9676708888518185
fef4a37f1f4d24a6c91f5caf8fbaa33d	d__Bacteria;p__Bacteroidota;c__Bacteroidia;o__Bacteroidales;f__Rikenellaceae;g__Alistipes;s__uncultured_bacterium	0.9860436498599635
6c78fbe0309eb35ed212848ad347f597	d__Bacteria;p__Bacillota;c__Clostridia;o__Lachnospirales;f__Lachnospiraceae;g__Blautia	0.9763245478660632
3c3c05b27064591a63bdabfe89ee6022	d__Bacteria;p__Bacteroidota;c__Bacteroidia;o__Bacteroidales;f__Porphyromonadaceae;g__Porphyromonas;s__uncultured_bacterium	0.9345052177592991
7c2cd8ca1e263387f7c738812a75b5bb	d__Bacteria;p__Bacillota;c__Clostridia;o__Lachnospirales;f__Defluviitaleaceae;g__Defluviitaleaceae_UCG-011;s__Lachnospiraceae_bacterium	0.996644202252683
fd4122f08f57b38e1d8f9122aae574e5	d__Bacteria;p__Synergistota;c__Synergistia;o__Synergistales;f__Synergistaceae;g__Fretibacterium	0.9999999994262733
7a8f41c3a9a6f508cdc984f223a93e28	d__Bacteria;p__Bacillota;c__Clostridia;o__Peptostreptococcales-Tissierellales;f__Anaerovoracaceae;g__Family_XIII_AD3011_group;s__uncultured_organism	0.9671149498573804
c2840f4b3f520560f175dfb4e6bcad04	d__Bacteria;p__Fusobacteriota;c__Fusobacteriia;o__Fusobacteriales;f__Fusobacteriaceae;g__Fusobacterium	0.9999999999974937
42fb6291f38217a664f36373ff99c48e	d__Bacteria;p__Bacillota;c__Clostridia;o__Lachnospirales;f__Lachnospiraceae;g__Incertae_Sedis	0.9273219463994542
b0553a7cf3e72573824b0dacf2747ae5	d__Bacteria;p__Bacillota;c__Clostridia;o__Peptostreptococcales-Tissierellales;f__Anaerovoracaceae;g__Family_XIII_AD3011_group;s__uncultured_bacterium	0.9409185060139861
cb35c632053e8bf45078a2be22feb8b5	d__Bacteria;p__Bacillota;c__Clostridia;o__Peptostreptococcales-Tissierellales;f__Anaerovoracaceae;g__Family_XIII_AD3011_group	0.996065347005328
9b6143f481836fc88f44d25268bb728d	d__Bacteria;p__Bacillota;c__Clostridia;o__Oscillospirales;f__Ruminococcaceae;g__Gemmiger	0.7043951018202311
701a3b717e15f0c22b17a989e3fd807a	d__Bacteria;p__Bacillota;c__Clostridia;o__Lachnospirales;f__Lachnospiraceae	0.9999974945047271
74e59572346f076883e68f7ac94238ff	d__Bacteria;p__Fusobacteriota;c__Fusobacteriia;o__Fusobacteriales;f__Fusobacteriaceae;g__Fusobacterium	0.9999999999996521
f5107a00f9a9bdbf0240f2ef63fc4719	d__Bacteria;p__Bacillota;c__Clostridia;o__Lachnospirales;f__Lachnospiraceae;g__Catonella	0.9999999999787315
0233b33757204d57cff44985d94f90e0	d__Bacteria;p__Bacillota;c__Negativicutes;o__Acidaminococcales;f__Acidaminococcaceae;g__Phascolarctobacterium	0.9999999750639371
4beba16b45e183b571d4cbfedb8df719	d__Bacteria;p__Bacteroidota;c__Bacteroidia;o__Bacteroidales;f__Prevotellaceae;g__Prevotella;s__Prevotella_jejuni	0.9804668615238709
3c3fa8dc57b29797610369fbb0e8b6a5	d__Bacteria;p__Synergistota;c__Synergistia;o__Synergistales;f__Synergistaceae;g__Fretibacterium	0.9999999992756528
902d29005d8dd9c5608159f1e829f724	d__Bacteria;p__Bacillota;c__Clostridia;o__Lachnospirales;f__Lachnospiraceae;g__Catonella	0.9999999999849866
157516832cb64f86e81a522448e4d4ee	d__Bacteria;p__Spirochaetota;c__Spirochaetia;o__Spirochaetales;f__Spirochaetaceae;g__Treponema;s__Treponema_lecithinolyticum	0.9999964912619415
68698b6bf73c9a7a633a960bf17d2d24	d__Bacteria;p__Bacteroidota;c__Bacteroidia;o__Bacteroidales;f__Paludibacteraceae;g__F0058;s__uncultured_bacterium	0.9844190051425956
0ee8ef7ffd31896bad45e49e3a829c22	d__Bacteria;p__Bacteroidota;c__Bacteroidia;o__Sphingobacteriales;f__Lentimicrobiaceae;g__Lentimicrobium;s__unidentified	0.9999998157554614
5a5487cfa28476bc1231e24e68e8aaad	d__Bacteria;p__Bacillota;c__Clostridia;o__Lachnospirales;f__Lachnospiraceae;g__Blautia	0.9873784818560853
4552ec355b61ab8dc533e851a0ca6184	d__Bacteria;p__Actinomycetota;c__Actinobacteria;o__Bifidobacteriales;f__Bifidobacteriaceae;g__Bifidobacterium;s__Bifidobacterium_longum	0.8744881690785676
05d757dba88ddd1e1e4e9974857a2b09	d__Bacteria;p__Bacillota;c__Clostridia;o__Lachnospirales;f__Lachnospiraceae;g__Lachnospiraceae_FCS020_group;s__uncultured_organism	0.9840232953722162
160fe1c30fce2666a569aa3cbc49bc43	d__Bacteria;p__Bacteroidota;c__Bacteroidia;o__Bacteroidales;f__Tannerellaceae;g__Parabacteroides;s__Parabacteroides_johnsonii	0.9986007486280252
f4fe0e47974a9b84979bff3ece1fd127	d__Bacteria;p__Bacillota;c__Clostridia;o__Christensenellales;f__Christensenellaceae;g__Christensenellaceae_R-7_group	0.9919875069993191
7bd174e37aaa1b9ae64888e333970efb	d__Bacteria;p__Bacillota;c__Bacilli;o__Staphylococcales;f__Gemellaceae;g__Gemella;s__uncultured_organism	0.8226455546480197
d2f4ba7df5b2630718b8dec8faac05af	d__Bacteria;p__Fusobacteriota;c__Fusobacteriia;o__Fusobacteriales;f__Fusobacteriaceae;g__Fusobacterium	0.9999999999997856
114d0aefa07e7ab7836011f44281b737	d__Bacteria;p__Bacillota;c__Bacilli;o__Erysipelotrichales;f__Erysipelotrichaceae;g__Solobacterium	0.9988074494568613
8edce280eb15d6c48203f72f91643b4c	d__Bacteria;p__Bacillota;c__Clostridia;o__Oscillospirales;f__Ruminococcaceae;g__Faecalibacterium	0.9999844992818984
0e6b4887dd616c85dc5bc1c268916abc	d__Bacteria;p__Bacillota;c__Clostridia;o__Clostridia_UCG-014;f__Incertae_Sedis;g__Incertae_Sedis;s__uncultured_bacterium	0.8772057154827563
63719d66121cd4112b5d8b5d1bacd4b0	d__Bacteria;p__Bacillota;c__Negativicutes;o__Veillonellales-Selenomonadales;f__Veillonellaceae;g__Dialister	0.9141089457028796
7d2fc2b946841c563ec6d3e95fda8cc3	d__Bacteria;p__Patescibacteria;c__Saccharimonadia;o__Saccharimonadales;f__Saccharimonadaceae;g__Incertae_Sedis;s__uncultured_bacterium	0.9448484833155208
6e68d3873eb052ed4a4c880b2b858e2a	d__Bacteria;p__Bacillota;c__Bacilli;o__Lactobacillales;f__Aerococcaceae;g__Abiotrophia;s__uncultured_bacterium	0.9999877019141286
5c7cd4afe047a1fa454b6a815a951c2f	d__Bacteria;p__Bacillota;c__Negativicutes;o__Veillonellales-Selenomonadales;f__Veillonellaceae;g__Veillonella	0.9999999999516113
fb129672f2d647a3b3fcd9556ea3cde8	d__Bacteria;p__Fusobacteriota;c__Fusobacteriia;o__Fusobacteriales;f__Fusobacteriaceae;g__Fusobacterium	0.99999999999755
9678a456eddc7a878c53dba9a2aed179	d__Bacteria;p__Thermodesulfobacteriota;c__Desulfovibrionia;o__Desulfovibrionales;f__Desulfovibrionaceae;g__Desulfovibrio;s__uncultured_bacterium	0.8530442897508234
17fdda78730bfacccea7d1b032ad0de9	d__Bacteria;p__Bacillota;c__Clostridia;o__Lachnospirales;f__Lachnospiraceae;g__Lachnospiraceae_NK4A136_group	0.9768399249017066
c1663573d28338d4bdde6362cfab6ed8	d__Bacteria;p__Bacteroidota;c__Bacteroidia;o__Flavobacteriales;f__Weeksellaceae;g__Bergeyella;s__uncultured_bacterium	0.9999999860529557
6adbf372c98d3dc667a1416782e16df7	d__Bacteria;p__Synergistota;c__Synergistia;o__Synergistales;f__Synergistaceae;g__Fretibacterium	0.9999999964576998
8a91a5d2797457756c3295dfdbb123e3	d__Bacteria;p__Thermodesulfobacteriota;c__Desulfobulbia;o__Desulfobulbales;f__Desulfobulbaceae;g__Desulfobulbus;s__	0.7685991464501065
cd8d1130789b70798033445d08af0c66	d__Bacteria;p__Bacteroidota;c__Bacteroidia;o__Bacteroidales;f__Prevotellaceae;g__Hoylesella;s__Prevotella_pleuritidis	0.9967696907289959
9aa6af682006b8c73ad93fe5ab054e03	d__Bacteria;p__Bacillota;c__Clostridia;o__Oscillospirales;f__[Eubacterium]_coprostanoligenes_group;g__Incertae_Sedis;s__uncultured_organism	0.9032290025608354
d3f9b5e88b00304795c58ec817dc4f7f	d__Bacteria;p__Patescibacteria;c__Saccharimonadia;o__Saccharimonadales;f__Incertae_Sedis;g__Incertae_Sedis;s__TM7_phylum	0.9998658928495834
b315dc4c090ef96938095a4cae8d05ac	d__Bacteria;p__Bacillota;c__Clostridia;o__Oscillospirales;f__Ruminococcaceae;g__Faecalibacterium	0.9999926398789108
da8b26f82eb70e299518e149ae85f3d9	d__Bacteria;p__Bacillota;c__Clostridia;o__Oscillospirales;f__Butyricicoccaceae;g__Agathobaculum;s__uncultured_bacterium	0.8191109862261634
0dea7be1e56d386113c1ba0044285af7	d__Bacteria;p__Actinomycetota;c__Actinobacteria;o__Micrococcales;f__Micrococcaceae;g__Rothia;s__Rothia_mucilaginosa	0.9218955280035372
4bbaff722eb74d95aa279c9d3782527e	d__Bacteria;p__Bacteroidota;c__Bacteroidia;o__Bacteroidales;f__Bacteroidaceae;g__Bacteroides;s__Bacteroides_coprocola	0.9999367315490895
c3188521b26db0b2781c6a51419154b4	d__Bacteria;p__Thermodesulfobacteriota;c__Desulfovibrionia;o__Desulfovibrionales;f__Desulfovibrionaceae;g__Desulfovibrio	0.9999989377469134
e1ee0a34cdeed1b35c0d76410a513439	d__Bacteria;p__Actinomycetota;c__Actinobacteria;o__Micrococcales;f__Micrococcaceae;g__Rothia;s__uncultured_bacterium	0.7941341524489837
4a94ecd4f640e4b4f84e2292b7e423eb	d__Bacteria;p__Bacillota;c__Bacilli;o__Lactobacillales;f__Streptococcaceae;g__Streptococcus	0.9999999934165623
4e03f9f2f4ef3419b1ad407b8c2cad71	d__Bacteria;p__Bacillota;c__Clostridia;o__Peptostreptococcales-Tissierellales;f__Family_XI;g__Parvimonas;s__Peptostreptococcaceae_bacterium	0.9999721748326587
bb0ec67481c826edfe26490692202c3f	d__Bacteria;p__Bacillota;c__Clostridia;o__Lachnospirales;f__Lachnospiraceae;g__Incertae_Sedis	0.8951833890077279
013294676ede34c290a25d5da1d2540d	d__Bacteria;p__Bacteroidota;c__Bacteroidia;o__Bacteroidales;f__Bacteroidaceae;g__Bacteroides	0.9999999989102559
8cade8536ebe7db372f9170e03d50086	d__Bacteria;p__Bacteroidota;c__Bacteroidia;o__Bacteroidales;f__Prevotellaceae;g__Prevotella	0.9999995011704833
ce0837f50ab0a7abc73bddc82e8b55e6	d__Bacteria;p__Bacteroidota;c__Bacteroidia;o__Bacteroidales;f__Bacteroidaceae;g__Bacteroides	0.9999999999321267
b4ed8ec9d3313b1ae0b929812511444b	d__Bacteria;p__Bacillota;c__Clostridia;o__Clostridiales;f__Clostridiaceae;g__Clostridium;s__uncultured_bacterium	0.9452390926271839
089a1f1f72e5358297250366530029ed	d__Bacteria;p__Bacillota;c__Bacilli;o__Staphylococcales;f__Gemellaceae;g__Gemella;s__uncultured_organism	0.7872457609605523
20a4ef09ca6e01e1cc0421853f672b7e	d__Bacteria;p__Bacillota;c__Clostridia;o__Lachnospirales;f__Lachnospiraceae;g__Enterocloster;s__uncultured_bacterium	0.8729548790159235
1310999118e516d906c98d32f14400d9	d__Bacteria;p__Bacteroidota;c__Bacteroidia;o__Bacteroidales;f__Porphyromonadaceae;g__Porphyromonas;s__uncultured_bacterium	0.9603839204231542
e3417b793e51af59b0af48d725e71f48	d__Bacteria;p__Fusobacteriota;c__Fusobacteriia;o__Fusobacteriales;f__Leptotrichiaceae;g__Leptotrichia	0.9999999861500909
00a2f7e2564becc62e71c46821779802	d__Bacteria;p__Bacillota;c__Clostridia;o__Clostridia_UCG-014;f__Incertae_Sedis;g__Incertae_Sedis;s__Clostridiales_bacterium	0.9999996745225379
3d2c97d3a7a30c9c1aa1a4dc5df076b6	d__Bacteria;p__Pseudomonadota;c__Gammaproteobacteria;o__Burkholderiales;f__Burkholderiaceae;g__Lautropia;s__uncultured_bacterium	0.9966656408453854
5a709fde7e5c4c2bddc911273f1c1246	d__Bacteria;p__Bacteroidota;c__Bacteroidia;o__Bacteroidales;f__Porphyromonadaceae;g__Porphyromonas;s__uncultured_bacterium	0.9801819391004704
b4565faf7a43079ef0ab44fcd1a05817	d__Bacteria;p__Pseudomonadota;c__Gammaproteobacteria;o__Burkholderiales;f__Neisseriaceae;g__Neisseria;s__Neisseria_elongata	0.9027077167329326
41a6ebea82c2f7c9b8cf81dcdb20479c	d__Bacteria;p__Bacillota;c__Bacilli;o__Lactobacillales;f__Streptococcaceae;g__Streptococcus	0.9999999968562663
291601708b18b116d67a738589797d64	d__Bacteria;p__Bacteroidota;c__Bacteroidia;o__Flavobacteriales;f__Flavobacteriaceae;g__Capnocytophaga;s__Capnocytophaga_granulosa	0.9858460301686839
9c56ef00debbb4020b660358049fd6cc	d__Bacteria;p__Bacillota;c__Clostridia;o__Christensenellales;f__Christensenellaceae;g__Christensenellaceae_R-7_group;s__uncultured_prokaryote	0.8891916657557368
3dbdfb7b26b22b2f786f9ad53236b7d8	d__Bacteria;p__Bacillota;c__Clostridia;o__Lachnospirales;f__Lachnospiraceae	0.9999979828463788
879796e29dc14c6a1639921d8cda0dde	d__Bacteria;p__Bacteroidota;c__Bacteroidia;o__Bacteroidales;f__Bacteroidaceae;g__Bacteroides;s__Bacteroides_coprocola	0.9998940715653626
d3aebdda18167a092823515c3f6538ff	d__Bacteria;p__Pseudomonadota;c__Gammaproteobacteria;o__Enterobacterales;f__Enterobacteriaceae;g__Escherichia-Shigella	0.9999484213422782
f3dc239b6d6c09c017eecdf80ee003d6	d__Bacteria;p__Pseudomonadota;c__Gammaproteobacteria;o__Enterobacterales;f__Pasteurellaceae;g__Haemophilus	0.9999489860295799
51a6285eda821d0081935019356d3fee	d__Bacteria;p__Actinomycetota;c__Actinobacteria;o__Actinomycetales;f__Actinomycetaceae;g__Schaalia	0.9999999566536792
aaa27b7e082705536d13eccdced0cbe9	d__Bacteria;p__Bacillota;c__Clostridia;o__Oscillospirales;f__Ruminococcaceae;g__Acutalibacter;s__uncultured_organism	0.7997663505535457
5f2ed7cb3ab7af95d987b6d2ea49a6a2	d__Bacteria;p__Bacillota;c__Clostridia;o__Peptostreptococcales-Tissierellales;f__Anaerovoracaceae;g__[Eubacterium]_sulci_group;s__Eubacterium_sulci	0.961154892871233
06858df2fbd352aedac92c93a62a4b5a	d__Bacteria;p__Bacillota;c__Clostridia;o__Lachnospirales;f__Lachnospiraceae;g__Mediterraneibacter	0.9969899797566338
6b25a378e95a985d2094c08056c9f2c0	d__Bacteria;p__Campylobacterota;c__Campylobacteria;o__Campylobacterales;f__Campylobacteraceae;g__Campylobacter;s__Campylobacter_concisus	0.8570294994867834
0f48a3aac6878d055070f2e26d4fca37	d__Bacteria;p__Bacillota;c__Syntrophomonadia;o__Syntrophomonadales;f__Syntrophomonadaceae;g__Pelospora;s__Syntrophomonadaceae_genomosp.	0.9947150546195648
3fd0c1aebeadfd9c4f8a66a6680b310f	d__Bacteria;p__Bacillota;c__Clostridia;o__Oscillospirales;f__Oscillospiraceae;g__UCG-005;s__	0.7592765402080123
10635b6dc248b6c892ee716586b9aaa8	d__Bacteria;p__Bacillota;c__Negativicutes;o__Veillonellales-Selenomonadales;f__Veillonellaceae;g__Anaeroglobus;s__Anaeroglobus_geminatus	0.9999987210892635
3d31acd97f2162ce340b98b8b40c4969	d__Bacteria;p__Bacteroidota;c__Bacteroidia;o__Bacteroidales;f__Porphyromonadaceae;g__Porphyromonas;s__uncultured_bacterium	0.9636946957295098
1875d4e7a11ed24c92a865355693b86c	d__Bacteria;p__Bacillota;c__Clostridia;o__Lachnospirales;f__Lachnospiraceae;g__[Eubacterium]_eligens_group	0.9997461251904765
e655845f5f4ce1633524c0c9a0b15927	d__Bacteria;p__Bacillota;c__Clostridia;o__Lachnospirales;f__Lachnospiraceae;g__Lachnospira;s__uncultured_bacterium	0.7000901517371585
d72a143eea065cf571e032a5b714bb9f	d__Bacteria;p__Bacillota;c__Clostridia;o__Oscillospirales;f__Ruminococcaceae	0.9999999999998637
40ea9dee67db01bfa27b56d53846f863	d__Bacteria;p__Pseudomonadota;c__Gammaproteobacteria;o__Burkholderiales;f__Neisseriaceae;g__Kingella;s__uncultured_bacterium	0.9999909682277364
1efa2e9ca8d9d0128928e26097941fb2	d__Bacteria;p__Pseudomonadota;c__Gammaproteobacteria;o__Burkholderiales;f__Neisseriaceae;g__Neisseria	0.9999967150860475
2d41981ee289bc672dfef616e0220b7f	d__Bacteria;p__Fusobacteriota;c__Fusobacteriia;o__Fusobacteriales;f__Leptotrichiaceae;g__Pseudoleptotrichia	0.7601983030791594
73321ecd379c970215f1cd8c9bab7300	d__Bacteria;p__Bacillota;c__Clostridia;o__Peptostreptococcales-Tissierellales;f__Anaerovoracaceae;g__[Eubacterium]_sulci_group;s__[Eubacterium]_infirmum	0.998872497400678
31c7bc067538dcf7916e8b7cbefa44e5	d__Bacteria;p__Bacillota;c__Clostridia;o__Lachnospirales;f__Lachnospiraceae;g__Anaerostipes;s__uncultured_organism	0.7473864580029399
1e68716d2e65bdc6fb9b1e13d09bd18b	d__Bacteria;p__Campylobacterota;c__Campylobacteria;o__Campylobacterales;f__Campylobacteraceae;g__Campylobacter	0.999999999993688
dd5ab77cffe1250c4d27b1a548965bb5	d__Bacteria;p__Bacillota;c__Clostridia;o__Clostridia_UCG-014;f__Incertae_Sedis;g__Incertae_Sedis;s__uncultured_organism	0.986960471965098
c47a5f9dc034e9c8bc7f491354572c74	d__Bacteria;p__Bacteroidota;c__Bacteroidia;o__Bacteroidales;f__Rikenellaceae;g__Rikenellaceae_RC9_gut_group;s__uncultured_eubacterium	0.9990943511482713
3c76a8e7f11f91f52d71635b64956208	d__Bacteria;p__Bacillota;c__Clostridia;o__Lachnospirales;f__Lachnospiraceae;g__Stomatobaculum;s__uncultured_bacterium	0.9499414847903876
200d1592e7d178d4a156fe6e851f4d2e	d__Bacteria;p__Campylobacterota;c__Campylobacteria;o__Campylobacterales;f__Campylobacteraceae;g__Campylobacter	0.9999999999986436
c87387ab756a230e7e414cf346391ea4	d__Bacteria;p__Bacillota;c__Clostridia;o__Peptostreptococcales-Tissierellales;f__Peptostreptococcaceae;g__Filifactor;s__Filifactor_alocis	0.9078401269086197
bc9350a59b80d8d6ba12aa3b47ef571d	d__Bacteria;p__Bacillota;c__Clostridia;o__Lachnospirales;f__Lachnospiraceae;g__Coprococcus	0.9992705960969973
0bee1e43930c6fa41c6fd4e727550c98	d__Bacteria;p__Bacillota;c__Clostridia;o__Oscillospirales;f__[Eubacterium]_coprostanoligenes_group;g__Incertae_Sedis;s__unidentified	0.9062698229819088
d1cf1d11d3e2b5a8fe82b718b6fadc2d	d__Bacteria;p__Bacillota;c__Clostridia;o__Oscillospirales;f__Oscillospiraceae;g__Incertae_Sedis;s__Clostridium_sp.	0.9085063943269487
040417f8b0314d558118dc04a4889bbd	d__Bacteria;p__Spirochaetota;c__Spirochaetia;o__Spirochaetales;f__Spirochaetaceae;g__Treponema;s__Treponema_denticola	0.9971315117175611
93b015e2804451cafc5eb0082b80cb9e	d__Bacteria;p__Bacillota;c__Bacilli;o__Erysipelotrichales;f__Erysipelotrichaceae;g__Solobacterium	0.9244103813966373
f7e486f3db64da64b32f52baee0e32d4	d__Bacteria;p__Bacillota;c__Clostridia;o__Lachnospirales;f__Lachnospiraceae;g__Dorea;s__uncultured_Dorea	0.9530961393144373
0368f8018383881c4c24a7febf185099	d__Bacteria;p__Bacteroidota;c__Bacteroidia;o__Bacteroidales;f__Porphyromonadaceae;g__Porphyromonas;s__Porphyromonas_gingivalis	0.9713067740720501
d59eb92ad1cea014dba32c409a075aff	d__Bacteria;p__Bacillota;c__Negativicutes;o__Veillonellales-Selenomonadales;f__Veillonellaceae;g__Veillonella	0.9999999998747895
01a78d839a1b9b94383c3bcb3b9a7901	d__Bacteria;p__Bacillota;c__Clostridia;o__Lachnospirales;f__Lachnospiraceae;g__Dorea;s__uncultured_Dorea	0.9146024261001716
00ff59e0901bdeaeb6bae96ae823646d	d__Bacteria;p__Bacillota;c__Bacilli;o__Lactobacillales;f__Streptococcaceae;g__Streptococcus	0.9999999942375661
b26f1372910de791b2460928cc549616	d__Bacteria;p__Bacillota;c__Clostridia;o__Oscillospirales;f__[Eubacterium]_coprostanoligenes_group;g__Incertae_Sedis	0.9999991928958092
e5dfd1abeb888185ccda89480cdff25c	d__Bacteria;p__Bacteroidota;c__Bacteroidia;o__Bacteroidales;f__Prevotellaceae;g__Incertae_Sedis;s__uncultured_Prevotellaceae	0.7603837589044323
16b3b1758ec185af496406668fe43bb2	d__Bacteria;p__Bacteroidota;c__Bacteroidia;o__Bacteroidales;f__Porphyromonadaceae;g__Porphyromonas;s__uncultured_bacterium	0.9289988068029102
5d58f5db4dc73c0bace060a2edcc14da	d__Bacteria;p__Bacillota;c__Clostridia;o__Lachnospirales;f__Lachnospiraceae;g__Agathobacter	0.956901195607691
18f557ed1fb6026bb8a6398984d19dd4	d__Bacteria;p__Bacillota;c__Clostridia;o__Lachnospirales;f__Lachnospiraceae;g__Butyribacter;s__Lachnospiraceae_bacterium	0.9220847106785671
32274aab87daab165cbf21b60a7cade2	d__Bacteria;p__Bacillota;c__Clostridia;o__Lachnospirales;f__Lachnospiraceae;g__Faecalimonas;s__uncultured_bacterium	0.9694099372256595
b970b7218f0671abd2c5d5050641543d	d__Bacteria;p__Bacteroidota;c__Bacteroidia;o__Flavobacteriales;f__Flavobacteriaceae;g__Capnocytophaga;s__Capnocytophaga_gingivalis	0.9954366439841593
7c76f7c679220cf37848789b663c0a02	d__Bacteria;p__Bacillota;c__Clostridia;o__Lachnospirales;f__Lachnospiraceae;g__Lachnospiraceae_UCG-010;s__uncultured_organism	0.9715770338990765
d06d5a3aa50bc28fe14774190692f6bc	d__Bacteria;p__Fusobacteriota;c__Fusobacteriia;o__Fusobacteriales;f__Fusobacteriaceae;g__Fusobacterium;s__Fusobacterium_nucleatum	0.7113551667664632
3e93687b8cd83adb12e013fac46aab64	d__Bacteria;p__Bacteroidota;c__Bacteroidia;o__Bacteroidales;f__Bacteroidaceae;g__Bacteroides;s__	0.942975360838156
708d63b1fe0af2dfbd969b0417bad51d	d__Bacteria;p__Spirochaetota;c__Spirochaetia;o__Spirochaetales;f__Spirochaetaceae;g__Treponema;s__Treponema_medium	0.9978714730541218
8fef8928834112f3755db7e82d3e1047	d__Bacteria;p__Actinomycetota;c__Actinobacteria;o__Micrococcales;f__Micrococcaceae;g__Rothia	0.9999996294279426
0b93befcf48fdcb8fee557c5bc8f1672	d__Bacteria;p__Bacillota;c__Negativicutes;o__Veillonellales-Selenomonadales;f__Veillonellaceae;g__Veillonella;s__	0.8404620993279764
f02f4c216369c6a2e4ee447ffe47fddd	d__Bacteria;p__Pseudomonadota;c__Gammaproteobacteria;o__Enterobacterales;f__Hafniaceae;g__Hafnia-Obesumbacterium;s__Hafnia_alvei	0.7637551071121312
0cb1c02a117de5b6fda70df2a8773112	d__Bacteria;p__Bacteroidota;c__Bacteroidia;o__Flavobacteriales;f__Flavobacteriaceae;g__Capnocytophaga	0.9999999999376086
5821d647595923a1e0c5e19b0335692a	d__Bacteria;p__Bacillota;c__Bacilli;o__Erysipelotrichales;f__Erysipelatoclostridiaceae;g__Erysipelotrichaceae_UCG-003	0.9999999886305038
96ed6cb0d5f3bea4c7d87104acc9052d	d__Bacteria;p__Bacillota;c__Clostridia;o__Oscillospirales;f__Ruminococcaceae;g__Ruminococcus;s__	0.7911254131091632
f7a2b0a839e050f7351cb32ba94dad94	d__Bacteria;p__Bacillota;c__Clostridia;o__Oscillospirales;f__[Eubacterium]_coprostanoligenes_group;g__Incertae_Sedis	0.9999941365893656
deb6b4495010674c5ece6687ab07ac12	d__Bacteria;p__Patescibacteria;c__Saccharimonadia;o__Saccharimonadales;f__Saccharimonadaceae;g__Incertae_Sedis;s__uncultured_Candidatus	0.9075668391893601
a39e5a5df530cdeb7fbc7f48ffc9d076	d__Bacteria;p__Bacillota;c__Clostridia;o__Oscillospirales;f__Ruminococcaceae;g__Paludicola;s__uncultured_bacterium	0.8717025953472668
60bed339f40d58c6de65c2b894d2132e	d__Bacteria;p__Bacillota;c__Clostridia;o__Oscillospirales;f__Oscillospiraceae;g__UCG-002;s__uncultured_bacterium	0.7681107128086219
09ad3f07c79e7bbc78206689dc55492d	d__Bacteria;p__Bacillota;c__Clostridia;o__Oscillospirales;f__Oscillospiraceae;g__Oscillibacter;s__uncultured_organism	0.8059035373220678
2ee657e8d73105fdb87313a047117230	d__Bacteria;p__Bacillota;c__Clostridia;o__Lachnospirales;f__Lachnospiraceae;g__Lachnospiraceae_UCG-004;s__uncultured_organism	0.8702374451546327
0e7d3e385205938a3696d376c04a870a	d__Bacteria;p__Bacillota;c__Clostridia;o__Oscillospirales;f__Ruminococcaceae;g__Anaerotruncus;s__uncultured_organism	0.9271600646320719
aba368ba62f6442c35f6a12c4c861315	d__Bacteria;p__Patescibacteria;c__Saccharimonadia;o__Saccharimonadales;f__Saccharimonadaceae;g__Incertae_Sedis;s__uncultured_bacterium	0.855178372658911
9cd1a7d9a0501bb91a69b628378d521f	d__Bacteria;p__Bacteroidota;c__Bacteroidia;o__Bacteroidales;f__Prevotellaceae;g__Hoylesella;s__Prevotella_sp.	0.882588636443986
81609c9bb391841fd68f03ca73eda9f2	d__Bacteria;p__Bacillota;c__Clostridia;o__Clostridia_vadinBB60_group;f__Incertae_Sedis;g__Incertae_Sedis;s__Clostridiales_bacterium	0.9999999206575897
707940842caa2afe60491008e04a8173	d__Bacteria;p__Bacillota;c__Clostridia;o__Lachnospirales;f__Lachnospiraceae;g__Lachnospiraceae_NK4A136_group;s__Lachnospiraceae_bacterium	0.7302192650313767
a67cb3fb1b18821c9ac0f05bd0ba26b1	d__Bacteria;p__Bacteroidota;c__Bacteroidia;o__Bacteroidales;f__Porphyromonadaceae;g__Porphyromonas;s__uncultured_bacterium	0.9429623266695701
6251bd9ebf43fae466939ab366f6e547	d__Bacteria;p__Bacteroidota;c__Bacteroidia;o__Bacteroidales;f__Bacteroidaceae;g__Bacteroides;s__Bacteroides_vulgatus	0.7863259559080211
287f7f0da21c68020ba7ed1d387cbc6f	d__Bacteria;p__Spirochaetota;c__Spirochaetia;o__Spirochaetales;f__Spirochaetaceae;g__Treponema	0.9999999999981972
be0a6b25aa67b8ba8b19b913871ee5dd	d__Bacteria;p__Bacteroidota;c__Bacteroidia;o__Bacteroidales;f__Prevotellaceae	0.9999999999356919
c4913d2e619b6ea0c5e104300d701195	d__Bacteria;p__Bacillota;c__Clostridia;o__Lachnospirales;f__Lachnospiraceae	0.9999975804541811
37079495e2ac2d2e36b82a49679680cc	d__Bacteria;p__Bacteroidota;c__Bacteroidia;o__Bacteroidales;f__Prevotellaceae;g__Prevotella;s__Prevotella_pallens	0.9999779517901887
0a8add32442cb74e6888d4dde9210136	d__Bacteria;p__Spirochaetota;c__Spirochaetia;o__Spirochaetales;f__Spirochaetaceae;g__Treponema;s__Treponema_socranskii	0.9953373027004321
3d48874183df65f00f253cf68234e2ca	d__Bacteria;p__Bacteroidota;c__Bacteroidia;o__Bacteroidales;f__Prevotellaceae;g__Paraprevotella	0.9999999994932073
b74ab6944f5a7e98a99e29bcbea455c0	d__Bacteria;p__Bacteroidota;c__Bacteroidia;o__Bacteroidales;f__Bacteroidaceae;g__Bacteroides;s__Bacteroides_stercoris	0.9942089087533027
6731f2fd29624826ac572815389f8452	d__Bacteria;p__Bacteroidota;c__Bacteroidia;o__Bacteroidales;f__Bacteroidaceae;g__Bacteroides;s__Bacteroides_coprocola	0.9999657753232242
6ef28c1fc58a5d1ad79cb3ce29aac62f	d__Bacteria;p__Bacillota;c__Clostridia;o__Oscillospirales;f__Ruminococcaceae	0.9999999209347706
48d0964281b140f0e7db36f9f60e7738	d__Bacteria;p__Bacteroidota;c__Bacteroidia;o__Bacteroidales;f__Incertae_Sedis;g__Phocaeicola;s__Phocaeicola_abscessus	1.0
f2cbb29998f80ea0d81f9cde98ee136e	d__Bacteria;p__Bacillota;c__Clostridia;o__Clostridiales;f__Clostridiaceae;g__Clostridium	0.9999667442073663
304766e996533ece945eda3371071404	d__Bacteria;p__Patescibacteria;c__Saccharimonadia;o__Saccharimonadales;f__Saccharimonadaceae;g__TM7x;s__uncultured_bacterium	0.9339077628469511
27d6ff54816a1a1f50e373155cbcdb80	d__Bacteria;p__Bacteroidota;c__Bacteroidia;o__Bacteroidales;f__Porphyromonadaceae;g__Porphyromonas	0.9999999998835066
677a4fa7719a689e649c05887659998a	d__Bacteria;p__Bacillota;c__Clostridia;o__Lachnospirales;f__Lachnospiraceae;g__Lachnoanaerobaculum	0.9999962731179641
f64256b1969b2f5459213b19bef94eaa	d__Bacteria;p__Bacillota;c__Bacilli;o__RF39;f__Incertae_Sedis;g__Incertae_Sedis;s__uncultured_bacterium	0.9991604892983353
5716f2ae33eb90ffd6b00f61bf8e8828	d__Bacteria;p__Bacillota;c__Clostridia;o__Oscillospirales;f__Ruminococcaceae;g__Gemmiger	0.9421730613623682
3e752ae6ab254211fc31f6a455b54cf8	d__Bacteria;p__Bacillota;c__Clostridia;o__Lachnospirales;f__Lachnospiraceae	0.9999974963537024
3aef8bb7f47464bd8c11e5692ab3975f	d__Bacteria;p__Bacillota;c__Clostridia;o__Oscillospirales;f__Ruminococcaceae;g__Acutalibacter	0.9999997261912844
a8f3507ee57026a970e37ec26a53554f	d__Bacteria;p__Pseudomonadota;c__Gammaproteobacteria;o__Burkholderiales;f__Sutterellaceae	0.9999999999999822
8cb84b64f730af2eaf33cfda62fb916a	d__Bacteria;p__Bacillota;c__Clostridia;o__Peptostreptococcales-Tissierellales;f__Peptostreptococcaceae;g__[Eubacterium]_yurii_group;s__uncultured_bacterium	0.8836900024121307
1cb79d5275187534b0c9403c523c210f	d__Bacteria;p__Bacillota;c__Negativicutes;o__Veillonellales-Selenomonadales;f__Veillonellaceae;g__Veillonella	0.9999999997816119
e74a7d4ca3e5997218bff91b667c48ff	d__Bacteria;p__Bacillota;c__Clostridia;o__Peptococcales;f__Peptococcaceae;g__Incertae_Sedis;s__uncultured_bacterium	0.920356006033253
4cecc5fad3d946310bd68596e7b310e2	d__Bacteria;p__Spirochaetota;c__Spirochaetia;o__Spirochaetales;f__Spirochaetaceae;g__Treponema	0.9999999999999837
e14873c10af4c3fb7a068f0d96a98f23	d__Bacteria;p__Bacillota;c__Clostridia;o__Christensenellales;f__Christensenellaceae;g__Christensenellaceae_R-7_group	0.9963975113824554
99684d34c86a554296bd56505ffe6001	d__Bacteria;p__Bacillota;c__Negativicutes;o__Acidaminococcales;f__Acidaminococcaceae;g__Phascolarctobacterium	0.9999999323722161
473d0fd6cbb2f8ccc033619b451c0ad7	d__Bacteria;p__Bacteroidota;c__Bacteroidia;o__Bacteroidales;f__Prevotellaceae;g__Segatella;s__unidentified	0.9999455880768644
4b9aa83dd2faf0fde6d55a983598efad	d__Bacteria;p__Bacteroidota;c__Bacteroidia;o__Bacteroidales;f__Bacteroidaceae;g__Bacteroides;s__	0.9197762189872521
9266ee26eeabc6a220c518083d91120a	d__Bacteria;p__Pseudomonadota;c__Gammaproteobacteria;o__Enterobacterales;f__Pasteurellaceae;g__Haemophilus	0.9999359822834505
6bb209c78ae2eaa3537d86629cbee9cd	d__Bacteria;p__Bacteroidota;c__Bacteroidia;o__Flavobacteriales;f__Flavobacteriaceae;g__Capnocytophaga;s__Capnocytophaga_granulosa	0.9911543376968571
eee14085710b17eacbb0153b1ec1d909	d__Bacteria;p__Bacillota;c__Clostridia;o__Clostridia_UCG-014;f__Incertae_Sedis;g__Incertae_Sedis	0.9999999999838344
4a06f2e0603b22ce26cb09eadc25e193	d__Bacteria;p__Bacillota;c__Clostridia;o__Oscillospirales;f__Ruminococcaceae	0.9914105034621594
5349a7e94ed4af720dd843900c791b45	d__Bacteria;p__Bacillota;c__Clostridia;o__Oscillospirales;f__Ruminococcaceae;g__Incertae_Sedis	0.8341627756248403
6343c15ef6a0b28bb8d019ebbcd0a55a	d__Bacteria;p__Bacteroidota;c__Bacteroidia;o__Bacteroidales;f__Barnesiellaceae;g__Barnesiella	0.9999999999881171
572c9f4980ee4d9462b9121e096f00a1	d__Bacteria;p__Bacteroidota;c__Bacteroidia;o__Bacteroidales;f__Prevotellaceae;g__Prevotella;s__Prevotella_intermedia	0.999999150987568
5393b1ddf97b275a71bf3390d8733c98	d__Bacteria;p__Bacteroidota;c__Bacteroidia;o__Bacteroidales;f__Prevotellaceae;g__Prevotellaceae_NK3B31_group;s__uncultured_organism	0.7312366495651699
dc6f6f18462ab5a033a0762a6bbe3e1a	d__Bacteria;p__Bacillota;c__Clostridia;o__Lachnospirales;f__Lachnospiraceae;g__Coprococcus;s__uncultured_organism	0.7525417953978712
3b5981b146be238cc8e5e44a255d2db3	d__Bacteria;p__Bacillota;c__Clostridia;o__Oscillospirales;f__Ruminococcaceae;g__DTU089;s__uncultured_organism	0.8248694589209222
b60ac7a9b11e30d54a7ccb0f09316113	d__Bacteria;p__Bacillota;c__Clostridia;o__Lachnospirales;f__Lachnospiraceae;g__Roseburia;s__uncultured_organism	0.776632267918746
57b315f963039a82671fa643971d1431	d__Bacteria;p__Bacillota;c__Clostridia;o__Lachnospirales;f__Lachnospiraceae;g__Lachnoanaerobaculum;s__uncultured_bacterium	0.8595227836846051
cb7f157e98240bd7a77127da0f97514c	d__Bacteria;p__Bacillota;c__Negativicutes;o__Veillonellales-Selenomonadales;f__Selenomonadaceae;g__Mitsuokella;s__uncultured_bacterium	0.9973085000776085
d43b3d0518616fe00066709d1a23a805	d__Bacteria;p__Spirochaetota;c__Spirochaetia;o__Spirochaetales;f__Spirochaetaceae;g__Treponema;s__uncultured_bacterium	0.8152947837088312
e26321cd62970c10c90c38e2010242b1	d__Bacteria;p__Bacteroidota;c__Bacteroidia;o__Sphingobacteriales;f__Lentimicrobiaceae;g__Lentimicrobium;s__Bacteroidales_genomosp.	0.9994594497846319
c48dce816e938bc3c7d44cf6198058a5	d__Bacteria;p__Bacteroidota;c__Bacteroidia;o__Bacteroidales;f__Paludibacteraceae;g__F0058;s__uncultured_bacterium	0.9708566873450812
efb5d35e8ba16dad81270d1616c76824	d__Bacteria;p__Bacillota;c__Clostridia;o__Lachnospirales;f__Lachnospiraceae;g__GCA-900066575;s__uncultured_bacterium	0.9724172450390821
64b0209b3d05b4361b3023ec7577a47b	d__Bacteria;p__Bacteroidota;c__Bacteroidia;o__Bacteroidales;f__Tannerellaceae;g__Tannerella	0.9999997592597463
7cd4efa29b942711d9a324e442bd9268	d__Bacteria;p__Bacillota;c__Clostridia;o__Lachnospirales;f__Lachnospiraceae;g__Enterocloster	0.9898595166804014
5cbef2269f17a1524579eba87ea7a6be	d__Bacteria;p__Fusobacteriota;c__Fusobacteriia;o__Fusobacteriales;f__Leptotrichiaceae;g__Pseudoleptotrichia;s__uncultured_bacterium	0.8364868153244345
24b25dbe98d8fe38b344ea8d720b4374	d__Bacteria;p__Spirochaetota;c__Spirochaetia;o__Spirochaetales;f__Spirochaetaceae;g__Treponema;s__Treponema_socranskii	0.9912241476332077
b599369e76a73675adaa6a8770a912f7	d__Bacteria;p__Bacillota;c__Clostridia;o__Oscillospirales;f__[Eubacterium]_coprostanoligenes_group;g__Incertae_Sedis;s__uncultured_rumen	0.8630906068013977
326f82a27747d1f0fe71abdba6c29c7f	d__Bacteria;p__Bacteroidota;c__Bacteroidia;o__Bacteroidales;f__Prevotellaceae;g__Incertae_Sedis;s__uncultured_Bacteroidetes	0.7021477016848707
4d4d9fd660f35eae2082c5f0f2aa32f3	d__Bacteria;p__Pseudomonadota;c__Gammaproteobacteria;o__Enterobacterales;f__Enterobacteriaceae	0.9955710003955888
a3e1092e4a1f9f6b9386500187339d0b	d__Bacteria;p__Bacillota;c__Clostridia;o__Lachnospirales;f__Lachnospiraceae;g__Dorea;s__uncultured_bacterium	0.8538261345000303
a0567fe050c9435d9969f2c24d0aff1c	d__Bacteria;p__Bacteroidota;c__Bacteroidia;o__Bacteroidales;f__Prevotellaceae;g__Prevotella;s__Prevotella_intermedia	0.9999992743331423
1643923993a3b2f3f72288a445d41cd9	d__Bacteria;p__Bacillota;c__Negativicutes;o__Acidaminococcales;f__Acidaminococcaceae;g__Phascolarctobacterium;s__gut_metagenome	0.8207175611365921
0a018c977acabf99cf7be6c718ff4c66	d__Bacteria;p__Pseudomonadota;c__Gammaproteobacteria;o__Enterobacterales;f__Pasteurellaceae;g__Haemophilus;s__Haemophilus_influenzae	0.8192034413681285
775bb39dbe16fe73c1349429c59f4838	d__Bacteria;p__Pseudomonadota;c__Gammaproteobacteria;o__Cardiobacteriales;f__Cardiobacteriaceae;g__Cardiobacterium;s__uncultured_bacterium	0.996957401967638
4cca84d67bbf12fc8be554a4889787d2	d__Bacteria;p__Pseudomonadota;c__Alphaproteobacteria;o__Rhodospirillales;f__Incertae_Sedis;g__Incertae_Sedis	0.8190504076848666
b7942f4f3c2bb7b85f974d89ba64d59c	d__Bacteria;p__Bacteroidota;c__Bacteroidia;o__Flavobacteriales;f__Flavobacteriaceae;g__Capnocytophaga;s__Capnocytophaga_sputigena	0.9699209287230168
056c10f628f9c8baab360f29471c9fff	d__Bacteria;p__Bacteroidota;c__Bacteroidia;o__Sphingobacteriales;f__Lentimicrobiaceae;g__Lentimicrobium;s__unidentified	0.9999993998660938
958e78cc909d8db0ed28f04ac575e69c	d__Bacteria;p__Fusobacteriota;c__Fusobacteriia;o__Fusobacteriales;f__Leptotrichiaceae;g__Leptotrichia	0.9999999201410507
1e08e8f0abd43abf3d41e2ddcae91423	d__Bacteria;p__Bacillota;c__Clostridia;o__Lachnospirales;f__Lachnospiraceae;g__Incertae_Sedis	0.8776558260337805
7eeac7128137612acd170d4671fd41f8	d__Bacteria;p__Bacillota;c__Clostridia;o__Lachnospirales;f__Lachnospiraceae;g__Agathobacter	0.981709738662354
9ef0cbc51b4da5071e9139d2b1624b7b	d__Bacteria;p__Bacteroidota;c__Bacteroidia;o__Bacteroidales;f__Prevotellaceae;g__Segatella	0.9990389609029535
e8ad8ac1b9d7b9167a3dad3886418797	d__Bacteria;p__Pseudomonadota;c__Alphaproteobacteria;o__Rhodospirillales;f__Incertae_Sedis;g__Incertae_Sedis;s__uncultured_bacterium	0.962246913476556
3e83d6b91f4216a63cfb785d10f7adfe	d__Bacteria;p__Bacillota;c__Clostridia;o__Lachnospirales;f__Lachnospiraceae;g__Faecalimonas;s__uncultured_bacterium	0.9844498614848801
0246885cf7157b74ba80daf1b827b996	d__Bacteria;p__Bacteroidota;c__Bacteroidia;o__Bacteroidales;f__Bacteroidaceae;g__Bacteroides;s__Bacteroides_ovatus	0.9947188236384653
5eb6a4e68f0cd897ad859241dc3db15b	d__Bacteria;p__Bacillota;c__Clostridia;o__Lachnospirales;f__Lachnospiraceae;g__Butyribacter;s__metagenome	0.8104234676497181
a0ed28bd44da91a21ab06f990ad8cc00	d__Bacteria;p__Bacteroidota;c__Bacteroidia;o__Bacteroidales;f__Prevotellaceae	0.9999999999768859
ca5cd6d4cd5ec682aa4dcc0c95857110	d__Bacteria;p__Fusobacteriota;c__Fusobacteriia;o__Fusobacteriales;f__Fusobacteriaceae;g__Fusobacterium	0.9999999999992812
9221744e95706cf6493bcd86cd904a47	d__Bacteria;p__Bacillota;c__Clostridia;o__Lachnospirales;f__Lachnospiraceae;g__Catonella;s__unidentified	0.9367320071511107
64d3b7c04b88483156e761863acfe681	d__Bacteria;p__Bacteroidota;c__Bacteroidia;o__Bacteroidales;f__Tannerellaceae;g__Tannerella;s__Tannerella_sp.	0.8790802729967141
07d8914c9025687a61f5c37f759f6815	d__Bacteria;p__Bacillota;c__Negativicutes;o__Veillonellales-Selenomonadales;f__Veillonellaceae;g__Megasphaera;s__Megasphaera_hexanoica	0.9999981146618079
3e0ed57ce23f90f9428f23502b945601	d__Bacteria;p__Bacillota;c__Clostridia;o__Peptostreptococcales-Tissierellales;f__Peptostreptococcaceae;g__Romboutsia	0.9921584535148695
a3440a04e269cc7e228440d4ad6df1b5	d__Bacteria;p__Spirochaetota;c__Spirochaetia;o__Spirochaetales;f__Spirochaetaceae;g__Treponema;s__Treponema_denticola	0.9576224361846802
a82bde64cdb916106ef6cbaa710f7afc	d__Bacteria;p__Bacillota;c__Clostridia;o__Christensenellales;f__Christensenellaceae;g__Christensenellaceae_R-7_group;s__uncultured_marine	0.9909140593887238
5ffa45b1ff8681e9b0a43ea196e86275	d__Bacteria;p__Bacillota;c__Negativicutes;o__Veillonellales-Selenomonadales;f__Veillonellaceae;g__Veillonella	0.9999999999481026
cb67a41c050ab9f8f9e03f91bc7c542d	d__Bacteria;p__Bacillota;c__Clostridia;o__Peptostreptococcales-Tissierellales;f__Family_XI;g__W5053;s__unidentified	0.9244978520527369
9e853c417d84ab965afb5b7b73591048	d__Bacteria;p__Bacillota;c__Bacilli;o__Erysipelotrichales;f__Erysipelotrichaceae;g__Holdemania;s__uncultured_bacterium	0.9777914492341642
9be8e4d4919ec569eb355cb676c02eef	d__Bacteria;p__Bacillota;c__Clostridia;o__Oscillospirales;f__Oscillospiraceae;g__Flavonifractor;s__uncultured_bacterium	0.823568397763563
72d01b13f287be00f189dfbcba1fb79c	d__Bacteria;p__Bacteroidota;c__Bacteroidia;o__Bacteroidales;f__Porphyromonadaceae;g__Porphyromonas	0.9999999994017601
d205653fe15c7c7ce42de2a1523250ce	d__Bacteria;p__Bacillota;c__Clostridia;o__Clostridia_UCG-014;f__Incertae_Sedis;g__Incertae_Sedis;s__uncultured_organism	0.7172550823802384
1fb6da3053c51de1ce8b5b8d754bbd6c	d__Bacteria;p__Bacillota;c__Bacilli;o__Erysipelotrichales;f__Erysipelotrichaceae;g__Holdemania	0.9999999062807082
4400354e1979621239b87e92c5a38a29	d__Bacteria;p__Bacillota;c__Clostridia;o__Lachnospirales;f__Lachnospiraceae	0.9999508179884731
cc850e8209ed33d424af5983de5aa26c	d__Bacteria;p__Bacillota;c__Clostridia;o__Lachnospirales;f__Lachnospiraceae;g__Blautia	0.9965876901728432
3226105e1269c8b5c00a982bca666500	d__Bacteria;p__Bacillota;c__Clostridia;o__Peptostreptococcales-Tissierellales;f__Peptostreptococcaceae;g__Romboutsia	0.9734202895343395
2efeb9d3b6d567fe15abba94f058e9cb	d__Bacteria;p__Bacteroidota;c__Bacteroidia;o__Flavobacteriales;f__Flavobacteriaceae;g__Capnocytophaga	0.9999999999485396
3a0d6b618a7d7a89fcfbcb37d579e850	d__Bacteria;p__Bacillota;c__Clostridia;o__Lachnospirales;f__Lachnospiraceae	0.9999996148409795
301ee3cad2a84debea0e1381d51f4c82	d__Bacteria;p__Bacillota;c__Clostridia;o__Lachnospirales;f__Lachnospiraceae	0.9999982061771404
dae883c8aea73654e4481627e671e183	d__Bacteria;p__Bacillota;c__Bacilli;o__RF39;f__Incertae_Sedis;g__Incertae_Sedis;s__uncultured_bacterium	0.9812862623705066
6b6d13f1332283e053c18c3b7774b85c	d__Bacteria;p__Bacteroidota;c__Bacteroidia;o__Bacteroidales;f__Prevotellaceae;g__Segatella;s__metagenome	0.8285041368412281
8745d79f99317b496cbd52e53a6c85dc	d__Bacteria;p__Actinomycetota;c__Coriobacteriia;o__Coriobacteriales;f__Eggerthellaceae;g__Gordonibacter;s__Gordonibacter_urolithinfaciens	0.9909708437698356
f1681bcc5274382eaf70ad85491c837e	d__Bacteria;p__Bacteroidota;c__Bacteroidia;o__Bacteroidales;f__Bacteroidaceae;g__Bacteroides;s__Bacteroides_stercoris	0.9923602172112247
7c937fa064c20af2f7a69f077583b318	d__Bacteria;p__Spirochaetota;c__Spirochaetia;o__Spirochaetales;f__Spirochaetaceae;g__Treponema;s__Treponema_socranskii	0.9927956406714782
0e2f5ba9d2c85928da17b5524b5be363	d__Bacteria;p__Spirochaetota;c__Spirochaetia;o__Spirochaetales;f__Spirochaetaceae;g__Treponema	0.9999999999996589
d2dd600ce88a838333696bfaf1319084	d__Bacteria;p__Bacillota;c__Bacilli;o__Erysipelotrichales;f__Erysipelatoclostridiaceae;g__Erysipelotrichaceae_UCG-003;s__uncultured_bacterium	0.8047237847460684
575abc11aa4c593a76e4526d6531aba5	d__Bacteria;p__Bacillota;c__Clostridia;o__Lachnospirales;f__Lachnospiraceae;g__Oribacterium	0.9999979052715581
d3864fc0d139ae33e32888b486ee19cb	d__Bacteria;p__Bacillota;c__Clostridia;o__Lachnospirales;f__Lachnospiraceae;g__Roseburia	0.7238420792586838
a31e86614df130a34b23461d9d16cc0e	d__Bacteria;p__Bacteroidota;c__Bacteroidia;o__Flavobacteriales;f__Weeksellaceae;g__Bergeyella;s__uncultured_bacterium	0.8603642026724923
4e95c8ca2660a57aba8a7cbb893aa15b	d__Bacteria;p__Bacteroidota;c__Bacteroidia;o__Bacteroidales;f__Prevotellaceae;g__Segatella	0.9999986848353865
98085719203a86f6493c6efe34fe0975	d__Bacteria;p__Bacillota;c__Clostridia;o__Oscillospirales;f__Ruminococcaceae;g__Incertae_Sedis	0.7418304720026478
771f356571f0c8721654bce2961a778a	d__Bacteria;p__Fusobacteriota;c__Fusobacteriia;o__Fusobacteriales;f__Fusobacteriaceae;g__Fusobacterium	0.9999999999991936
d1264035d98f18b5393cf465af3d602c	d__Bacteria;p__Bacteroidota;c__Bacteroidia;o__Bacteroidales;f__Prevotellaceae;g__Segatella;s__uncultured_bacterium	0.9265035927434989
ac58883e99bac8eb6633b7a59d4e52bb	d__Bacteria;p__Bacteroidota;c__Bacteroidia;o__Flavobacteriales;f__Flavobacteriaceae;g__Capnocytophaga;s__Capnocytophaga_sp.	0.7720049974825068
5cc592634a8668b71dce78e3f8972cbd	d__Bacteria;p__Bacteroidota;c__Bacteroidia;o__Sphingobacteriales;f__Lentimicrobiaceae;g__Lentimicrobium;s__unidentified	0.9999991223661923
1922a3b3c999d50facde4d99df21de69	d__Bacteria;p__Spirochaetota;c__Spirochaetia;o__Spirochaetales;f__Spirochaetaceae;g__Treponema;s__Treponema_maltophilum	0.9999993775908199
da2dd298d65d12bf9927a4dfd91cb18e	d__Bacteria;p__Fusobacteriota;c__Fusobacteriia;o__Fusobacteriales;f__Fusobacteriaceae;g__Fusobacterium	0.9999999999984222
b8019c5e1a2192d0dbe04d2e6e7c8554	d__Bacteria;p__Bacillota;c__Clostridia;o__Oscillospirales;f__Ruminococcaceae;g__Faecalibacterium;s__metagenome	0.7144715555013539
f17e7ddd1525f1a9a73b9bcf06395c4f	d__Bacteria;p__Pseudomonadota;c__Gammaproteobacteria;o__Enterobacterales;f__Pasteurellaceae;g__Aggregatibacter;s__uncultured_bacterium	0.9943207483469997
6d33c0463e177f2bcef08771607a9d69	d__Bacteria;p__Spirochaetota;c__Spirochaetia;o__Spirochaetales;f__Spirochaetaceae;g__Treponema;s__uncultured_bacterium	0.7763150943724556
d7b98981432cbed6a368d19644ccd941	d__Bacteria;p__Bacteroidota;c__Bacteroidia;o__Bacteroidales;f__Prevotellaceae;g__Alloprevotella	0.9999999999999899
21656472779164ea0bed65db83a73bff	d__Bacteria;p__Bacillota;c__Clostridia;o__Lachnospirales;f__Lachnospiraceae;g__Dorea	0.9802897035057458
476107cc35a5d974a5967e3aaa3dad44	d__Bacteria;p__Bacillota;c__Clostridia;o__Clostridia_UCG-014;f__Incertae_Sedis;g__Incertae_Sedis	0.9999999999999392
86878104d225141d3c776ef17529ca4b	d__Bacteria;p__Bacillota;c__Negativicutes;o__Veillonellales-Selenomonadales;f__Veillonellaceae;g__Megasphaera;s__Megasphaera_micronuciformis	0.9999440262129587
4020df7deec186db39e3dfad22abfa46	d__Bacteria;p__Bacteroidota;c__Bacteroidia;o__Bacteroidales;f__Prevotellaceae;g__Prevotellaceae_NK3B31_group;s__uncultured_organism	0.9877680306748176
de8cc82e712080b4b86ca345b5825a24	d__Bacteria;p__Bacillota;c__Clostridia;o__Lachnospirales;f__Lachnospiraceae;g__Butyrivibrio;s__Firmicutes_oral	0.9999727023730214
2ee585c245a593473acb21bdf1d7a460	d__Bacteria;p__Bacillota;c__Clostridia;o__Lachnospirales;f__Lachnospiraceae;g__Anaerostipes;s__uncultured_organism	0.7224553735495253
43d3abac3e9a9ff1aaa9af2c73fb6669	d__Bacteria;p__Actinomycetota;c__Coriobacteriia;o__Coriobacteriales;f__Eggerthellaceae;g__Slackia;s__uncultured_bacterium	0.9999591676400408
7dddb6518ad8658809174976c1ede222	d__Bacteria;p__Bacillota;c__Bacilli;o__Lactobacillales;f__Streptococcaceae;g__Streptococcus	0.9999999980063151
d9a496f2d3114213d8d4c17e9f518d0a	d__Bacteria;p__Bacteroidota;c__Bacteroidia;o__Bacteroidales;f__Porphyromonadaceae;g__Porphyromonas;s__uncultured_Porphyromonas	0.8721643927835554
903c067aded6518511dcce08264ceefa	d__Bacteria;p__Bacteroidota;c__Bacteroidia;o__Bacteroidales;f__Prevotellaceae;g__Massiliprevotella;s__uncultured_organism	0.9933475626654402
4e2995d7a4302639ad85b34d05622c25	d__Bacteria;p__Bacillota;c__Clostridia;o__Lachnospirales;f__Lachnospiraceae;g__Enterocloster;s__uncultured_bacterium	0.9627266751382505
933b297ec86480490a04184e4947c8e1	d__Bacteria;p__Bacteroidota;c__Bacteroidia;o__Bacteroidales;f__Rikenellaceae;g__Rikenellaceae_RC9_gut_group;s__	0.8369219394785974
b8d1c38e5079061fd019204d9449f438	d__Bacteria;p__Bacillota;c__Negativicutes;o__Veillonellales-Selenomonadales;f__Selenomonadaceae	0.9999999999945821
189812cc259f3405e3798f8a6a6fdb3f	d__Bacteria;p__Bacteroidota;c__Bacteroidia;o__Flavobacteriales;f__Flavobacteriaceae;g__Capnocytophaga;s__uncultured_bacterium	0.7135540631214838
5cf58633128991d4b1469b77c4c11727	d__Bacteria;p__Fusobacteriota;c__Fusobacteriia;o__Fusobacteriales;f__Fusobacteriaceae;g__Fusobacterium	0.9999999999994774
5581c82e6046e3be5e70a4380bf56b44	d__Bacteria;p__Bacillota;c__Clostridia;o__Oscillospirales;f__Ruminococcaceae	0.9029381790147128
506440110b0d97dcf9d91d2a215e40bc	d__Bacteria;p__Bacillota;c__Clostridia;o__Lachnospirales;f__Lachnospiraceae;g__Roseburia;s__Lachnospiraceae_bacterium	0.9981363901953154
a8abb9e12ce69c6472a3932eab28c092	d__Bacteria;p__Pseudomonadota;c__Alphaproteobacteria;o__Rhodospirillales;f__Incertae_Sedis;g__Incertae_Sedis;s__uncultured_bacterium	0.7484300637199424
60c2eadea02f71cec21b8f5dd0db3053	d__Bacteria;p__Spirochaetota;c__Spirochaetia;o__Spirochaetales;f__Spirochaetaceae;g__Treponema;s__Treponema_medium	0.9683451799633459
7ac5e015ccf7472a0e7954d172ee9586	d__Bacteria;p__Bacillota;c__Clostridia;o__Lachnospirales;f__Lachnospiraceae;g__Oribacterium;s__uncultured_Lachnospiraceae	0.9789410507509219
4ef1d8d77acfe6dfe01fda65aca17041	d__Bacteria;p__Bacillota;c__Negativicutes;o__Veillonellales-Selenomonadales;f__Veillonellaceae;g__Dialister	0.9999999656329552
c10d1575eb09a7fbbf87c5f0996cd5ab	d__Bacteria;p__Actinomycetota;c__Actinobacteria;o__Mycobacteriales;f__Corynebacteriaceae;g__Corynebacterium;s__Corynebacterium_matruchotii	0.9537992464630725
c5210984468e227c28e4721a7ea90e39	d__Bacteria;p__Bacteroidota;c__Bacteroidia;o__Bacteroidales;f__Prevotellaceae;g__Prevotella;s__Prevotella_pallens	0.99996092840518
ea429e77840a43260d1624f445d4121c	d__Bacteria;p__Bacteroidota;c__Bacteroidia;o__Bacteroidales;f__Bacteroidaceae;g__Bacteroides;s__Bacteroides_coprophilus	0.9999991527130769
6e590ab382932af2ea267b3de41bf0b2	d__Bacteria;p__Bacillota;c__Clostridia;o__Peptostreptococcales-Tissierellales;f__Anaerovoracaceae;g__[Eubacterium]_saphenum_group;s__Eubacterium_saphenum	0.9994076490555879
c2729d9cf7a8f460b24ed3833c9e65aa	d__Bacteria;p__Fusobacteriota;c__Fusobacteriia;o__Fusobacteriales;f__Fusobacteriaceae;g__Fusobacterium;s__uncultured_bacterium	0.7964818852934021
daee850bb1358757f13947f650b4ef87	d__Bacteria;p__Bacillota;c__Bacilli;o__Lactobacillales;f__Streptococcaceae;g__Streptococcus	0.999999990888505
d0b1452f06642387dfbae1381003946b	d__Bacteria;p__Bacteroidota;c__Bacteroidia;o__Bacteroidales;f__Bacteroidaceae;g__Bacteroides;s__Bacteroides_finegoldii	0.9602765652435505
715a84bfbb71ae05e3162c8e4bd20129	d__Bacteria;p__Bacillota;c__Clostridia;o__Peptococcales;f__Peptococcaceae;g__Peptococcus;s__Peptococcus_sp.	0.7859631953046229
c1eedbcfde0ec278a15691f85ef9055b	d__Bacteria;p__Bacillota;c__Clostridia;o__Oscillospirales;f__Ruminococcaceae;g__Ruminococcus;s__	0.9969592911544267
2391a4ac18f9382ac23703e10b46b520	d__Bacteria;p__Bacteroidota;c__Bacteroidia;o__Bacteroidales;f__Prevotellaceae;g__Xylanibacter;s__Prevotella_sp.	0.9979375828528327
cb507e62eca7b9d34999e746efcb6f10	d__Bacteria;p__Fusobacteriota;c__Fusobacteriia;o__Fusobacteriales;f__Leptotrichiaceae;g__Leptotrichia	0.9999987754511285
b61ab877a65a7d6819bd4ac9c60edb91	d__Bacteria;p__Bacillota;c__Clostridia;o__Lachnospirales;f__Lachnospiraceae;g__Incertae_Sedis;s__metagenome	0.9991468815144324
597f6781f6dc91a48920cc23113d5b4f	d__Bacteria;p__Bacillota;c__Clostridia;o__Lachnospirales;f__Lachnospiraceae;g__Blautia	0.9786718529175392
858cb8a84c09a2d6f17cc5790276dab2	d__Bacteria;p__Bacillota;c__Negativicutes;o__Acidaminococcales;f__Acidaminococcaceae;g__Phascolarctobacterium;s__gut_metagenome	0.7410128444563432
5f105600c04de7216a6582d92f49c2d9	d__Bacteria;p__Fusobacteriota;c__Fusobacteriia;o__Fusobacteriales;f__Fusobacteriaceae;g__Fusobacterium	0.9999999999995876
64f469e13b60725ab0b7f4c958555ee5	d__Bacteria;p__Bacillota;c__Bacilli;o__Lactobacillales;f__Carnobacteriaceae;g__Granulicatella;s__uncultured_organism	0.7273667360226999
338d77e83d75f33dbb409878432e0bf8	d__Bacteria;p__Pseudomonadota;c__Gammaproteobacteria;o__Enterobacterales;f__Pasteurellaceae;g__Haemophilus	0.9993028893805481
3ff1d6caa4c8411eb004fec41045eeb2	d__Bacteria;p__Bacillota;c__Clostridia;o__Oscillospirales;f__UCG-010;g__Incertae_Sedis;s__uncultured_bacterium	0.9000270637214691
44eb0262f5c463be2c6712d0ad198a44	d__Bacteria;p__Bacillota;c__Clostridia;o__Oscillospirales;f__Ruminococcaceae;g__[Clostridium]_methylpentosum_group;s__	0.9983297232041927
3c0eca9c17204b5e9945c6a03adebb10	d__Bacteria;p__Bacillota;c__Bacilli;o__Erysipelotrichales;f__Erysipelotrichaceae;g__Bulleidia;s__Bulleidia_extructa	0.9999999999750457
25496a64517e79fae616627d6927854e	d__Bacteria;p__Bacillota;c__Clostridia;o__Lachnospirales;f__Lachnospiraceae	0.999999563289774
b102201aa21858019024b68199ca4c42	d__Bacteria;p__Bacillota;c__Clostridia;o__Lachnospirales;f__Lachnospiraceae;g__[Eubacterium]_ventriosum_group;s__uncultured_Lachnospiraceae	0.7284242500214015
703aed2d7105a894d25332d746b1a79d	d__Bacteria;p__Spirochaetota;c__Spirochaetia;o__Spirochaetales;f__Spirochaetaceae;g__Treponema;s__Treponema_medium	0.981802419058777
ff17b46437971a5b9fcdf32568a65895	d__Bacteria;p__Bacillota;c__Clostridia;o__Christensenellales;f__Christensenellaceae;g__Christensenellaceae_R-7_group;s__bacterium_YE57	0.9950678556026733
282a8f19f0261270b9acc75429dedc61	d__Bacteria;p__Bacillota;c__Bacilli;o__Lactobacillales;f__Streptococcaceae;g__Streptococcus	0.9999999979245746
ecf67a6ed0b1a50f298efb84e3be503f	d__Bacteria;p__Spirochaetota;c__Spirochaetia;o__Spirochaetales;f__Spirochaetaceae;g__Treponema;s__Treponema_medium	0.9986965602573572
256c538168b50bbfbe7c92b8e2180bad	d__Bacteria;p__Bacillota;c__Clostridia;o__Lachnospirales;f__Lachnospiraceae;g__Incertae_Sedis	0.8097087761465023
f65bb38e59a04aadd2406fbac2eb31c2	d__Bacteria;p__Bacteroidota;c__Bacteroidia;o__Bacteroidales;f__Prevotellaceae;g__Incertae_Sedis;s__	0.9323822864893638
99d423dc2f8d90641b035c9085860e59	d__Bacteria;p__Bacillota;c__Clostridia;o__Peptostreptococcales-Tissierellales;f__Peptostreptococcaceae;g__Peptoanaerobacter;s__Peptoanaerobacter_stomatis	0.999920970770145
166053b3da2dd4ad0f54f504a1b36ccd	d__Bacteria;p__Thermodesulfobacteriota;c__Desulfovibrionia;o__Desulfovibrionales;f__Desulfomicrobiaceae;g__Desulfoplanes;s__uncultured_bacterium	0.9367914928216534
84d3aa3cef3eefd518d6d396b065a951	d__Bacteria;p__Bacillota;c__Bacilli;o__Erysipelotrichales;f__Erysipelatoclostridiaceae;g__Thomasclavelia;s__[Clostridium]_spiroforme	0.7886300650148281
cb253db684753e0cbdff25e1839ccc81	d__Bacteria;p__Spirochaetota;c__Spirochaetia;o__Spirochaetales;f__Spirochaetaceae;g__Treponema;s__uncultured_bacterium	0.8461537061186106
42eba8fb133c3ed16a6f29740ea52ecf	d__Bacteria;p__Fusobacteriota;c__Fusobacteriia;o__Fusobacteriales;f__Leptotrichiaceae;g__Leptotrichia	0.9999965760436531
3b82cb00f7c6eb6409e6fc4008cd6452	d__Bacteria;p__Bacteroidota;c__Bacteroidia;o__Bacteroidales;f__Prevotellaceae;g__Prevotella;s__Prevotella_histicola	0.7362846247606363
1ff5d019dcb7f76dc0762b1d7da16785	d__Bacteria;p__Bacteroidota;c__Bacteroidia;o__Bacteroidales;f__Prevotellaceae;g__Prevotella;s__Prevotella_intermedia	0.9999978822145267
3534b4be198dac95882f6e730b647c60	d__Bacteria;p__Bacillota;c__Clostridia;o__Lachnospirales;f__Lachnospiraceae;g__Anaerobutyricum	0.9999997088304885
ab5cbffe5d03672a67f26e7b7d4e520e	d__Bacteria;p__Bacillota;c__Negativicutes;o__Veillonellales-Selenomonadales;f__Veillonellaceae;g__Veillonella;s__	0.8220387000207037
2c3b902746c694700ef035e81fdf0b17	d__Bacteria;p__Bacteroidota;c__Bacteroidia;o__Bacteroidales;f__Prevotellaceae;g__Alloprevotella;s__uncultured_bacterium	0.7769505123796828
313f5f811383f0513a17c9983c804e28	d__Bacteria;p__Bacillota;c__Clostridia;o__Lachnospirales;f__Lachnospiraceae	0.9999978185536016
dbd56fdac48e743feb571597d4372a22	d__Bacteria;p__Fusobacteriota;c__Fusobacteriia;o__Fusobacteriales;f__Leptotrichiaceae;g__Streptobacillus;s__uncultured_bacterium	0.9998947241820658
03b35f99a8f826c73dcfcb29785e2ee2	d__Bacteria;p__Bacteroidota;c__Bacteroidia;o__Bacteroidales;f__Prevotellaceae	0.9999999999416398
23da72263802c666c13a5d44cecc108d	d__Bacteria;p__Bacillota;c__Clostridia;o__Lachnospirales;f__Lachnospiraceae;g__Catonella;s__Catonella_morbi	0.8419622640494315
de099cffa0182039960f4cce3ae63d2d	d__Bacteria;p__Spirochaetota;c__Spirochaetia;o__Spirochaetales;f__Spirochaetaceae;g__Treponema;s__Treponema_medium	0.9890958442478991
85d2d8fe561e555cf2417158aa0609a7	d__Bacteria;p__Fusobacteriota;c__Fusobacteriia;o__Fusobacteriales;f__Fusobacteriaceae;g__Fusobacterium	0.9999999999988294
c39122ea83748f103207c619c7b90edf	d__Bacteria;p__Chloroflexota;c__Anaerolineae;o__Anaerolineales;f__Anaerolineaceae;g__Flexilinea;s__Anaerolineaceae_bacterium	0.9999845092259403
866ea1cc638e4ceb9195a8a6a1869754	d__Bacteria;p__Bacteroidota;c__Bacteroidia;o__Bacteroidales;f__Bacteroidaceae;g__Bacteroides;s__Bacteroides_vulgatus	0.7040156480960124
62e9aecdcfdc353867a7df46389cb742	d__Bacteria;p__Spirochaetota;c__Spirochaetia;o__Spirochaetales;f__Spirochaetaceae;g__Treponema	0.9999999994384363
c773422b3dd3b7f057a6ec0d5fb93733	d__Bacteria;p__Pseudomonadota;c__Gammaproteobacteria;o__Burkholderiales;f__Neisseriaceae;g__Eikenella	0.9995628194240999
8c7dd29f7d6fe67cba149405c91f0921	d__Bacteria;p__Bacillota;c__Clostridia;o__Lachnospirales;f__Lachnospiraceae;g__Lachnoanaerobaculum;s__Lachnospiraceae_oral	0.9973286777782867
2578a5c327f718cd8ff49a50f1b3f303	d__Bacteria;p__Bacillota;c__Negativicutes;o__Veillonellales-Selenomonadales;f__Selenomonadaceae;g__Selenomonas;s__Selenomonas_sputigena	0.8647405198795686
06f4e7cdceb19af8b47855411e1692ac	d__Bacteria;p__Actinomycetota;c__Coriobacteriia;o__Coriobacteriales;f__Eggerthellaceae;g__Eggerthella;s__uncultured_bacterium	0.8113163191919052
8e121f6e82f82d6e7e2f831b9ce9e75c	d__Bacteria;p__Bacillota;c__Clostridia;o__Oscillospirales;f__[Eubacterium]_coprostanoligenes_group;g__Incertae_Sedis;s__metagenome	0.9155285737279513
897f235366548aad78381717ebc62cdc	d__Bacteria;p__Bacillota;c__Negativicutes;o__Veillonellales-Selenomonadales;f__Selenomonadaceae;g__Selenomonas;s__Schwartzia_sp.	0.7132275385629626
0cf3652d0b3b14945520eb492ec3f009	d__Bacteria;p__Spirochaetota;c__Spirochaetia;o__Spirochaetales;f__Spirochaetaceae;g__Treponema;s__Treponema_maltophilum	0.9999979288625828
29fc1e11d7f813aa68e3c789b3fc1a20	d__Bacteria;p__Bacillota;c__Clostridia;o__Lachnospirales;f__Lachnospiraceae;g__Roseburia;s__uncultured_bacterium	0.7367443527524863
a4992d30660e89e92783e5ad2075e61b	d__Bacteria;p__Bacillota;c__Clostridia;o__Clostridia_UCG-014;f__Incertae_Sedis;g__Incertae_Sedis;s__Clostridiales_bacterium	0.999984169460639
b978450e75ae38f47e8e4fadc48bbd0b	d__Bacteria;p__Bacillota;c__Clostridia;o__Lachnospirales;f__Lachnospiraceae;g__[Ruminococcus]_gauvreauii_group	0.9775291761884835
b2e3ca61649c535cfcaffb8b105727bf	d__Bacteria;p__Bacillota;c__Clostridia;o__Peptostreptococcales-Tissierellales;f__Anaerovoracaceae;g__Family_XIII_AD3011_group;s__uncultured_bacterium	0.9112757333304755
e6b701724e0bf31ddd9bc90006eaa611	d__Bacteria;p__Patescibacteria;c__Saccharimonadia;o__Saccharimonadales;f__Saccharimonadaceae;g__Candidatus_Saccharimonas;s__uncultured_bacterium	0.9264092405946374
cf3d949250938b75ec38c19d9b92b861	d__Bacteria;p__Bacillota;c__Negativicutes;o__Veillonellales-Selenomonadales;f__Veillonellaceae;g__Veillonella	0.999999999793779
f02bfb5cc30612432fba6bbd80d77f54	d__Bacteria;p__Bacillota;c__Clostridia;o__Lachnospirales;f__Lachnospiraceae;g__Blautia	0.9917092496874835
42ca8b20049c4f5817825f5eabd2ec00	d__Bacteria;p__Bacillota;c__Clostridia;o__Oscillospirales;f__Butyricicoccaceae;g__Agathobaculum	0.9999966316923943
8026bb128fc3cd0dab03f8c1dbfac215	d__Bacteria;p__Bacteroidota;c__Bacteroidia;o__Bacteroidales;f__Bacteroidaceae;g__Bacteroides	0.999999999980463
f7681a6b050a95ba2c8fc952751e5c34	d__Bacteria;p__Spirochaetota;c__Spirochaetia;o__Spirochaetales;f__Spirochaetaceae;g__Treponema;s__Treponema_medium	0.9908998275329541
520887a54cc76670a5f7f2e64a8a651b	d__Bacteria;p__Bacteroidota;c__Bacteroidia;o__Bacteroidales;f__Rikenellaceae;g__Alistipes;s__Alistipes_finegoldii	0.9603534827683794
f633cf95435defb67b3de0a9b69bb3cf	d__Bacteria;p__Actinomycetota;c__Actinobacteria;o__Bifidobacteriales;f__Bifidobacteriaceae;g__Bifidobacterium;s__Bifidobacterium_bifidum	0.9892613795898698
48a70dbb3a58f902e2b8bf801c742a6a	d__Bacteria;p__Bacillota;c__Clostridia;o__Lachnospirales;f__Lachnospiraceae;g__Coprococcus	0.8730836128445194
b8d0df60a49aab4ef69e09ac5133bdc6	d__Bacteria;p__Bacteroidota;c__Bacteroidia;o__Bacteroidales;f__p-2534-18B5_gut_group;g__Incertae_Sedis	0.9999729924859984
6753c88c996814bb18610088fe2a649d	d__Bacteria;p__Bacillota;c__Clostridia;o__Lachnospirales;f__Lachnospiraceae;g__Catonella;s__uncultured_bacterium	0.8962961310932772
72905fa4622f62fb15d4d567770cb535	d__Bacteria;p__Pseudomonadota;c__Gammaproteobacteria;o__Cardiobacteriales;f__Cardiobacteriaceae;g__Cardiobacterium;s__uncultured_bacterium	0.9864398224503949
95d9e3cd7588ca236cfed83d52aa19eb	d__Bacteria;p__Pseudomonadota;c__Gammaproteobacteria;o__Coxiellales;f__Coxiellaceae;g__Coxiella;s__uncultured_proteobacterium	0.8826029940199871
ad979abb417256847864c211352a475a	d__Bacteria;p__Patescibacteria;c__Gracilibacteria;o__Absconditabacteriales_(SR1);f__Incertae_Sedis;g__Incertae_Sedis;s__SR1_bacterium	0.9984300122205061
151004f4bc42b5658e5bafe0e6dd6552	d__Bacteria;p__Fusobacteriota;c__Fusobacteriia;o__Fusobacteriales;f__Leptotrichiaceae;g__Leptotrichia;s__Leptotrichia_sp.	0.9986982681993276
6818a424bb3f45b910ba08f81330686f	d__Bacteria;p__Patescibacteria;c__Saccharimonadia;o__Saccharimonadales;f__Incertae_Sedis;g__Incertae_Sedis;s__TM7_phylum	0.9991340386467258
cea57a5a54c4214626a6e8b0eec0c796	d__Bacteria;p__Bacillota;c__Negativicutes;o__Veillonellales-Selenomonadales;f__Selenomonadaceae;g__Centipeda	0.7329576731903289
54a8debe4284286f8835ec5a65427e08	d__Bacteria;p__Bacteroidota;c__Bacteroidia;o__Bacteroidales;f__Prevotellaceae;g__Segatella;s__unidentified	0.9999643852198881
c4f9c1380367004f9966eb75dedc9048	d__Bacteria;p__Bacillota;c__Clostridia;o__Lachnospirales;f__Lachnospiraceae;g__Johnsonella;s__uncultured_bacterium	0.9999999704863005
1d0e7a3e1432ecad7afb98a0f02c5099	d__Bacteria;p__Bacillota;c__Negativicutes;o__Veillonellales-Selenomonadales;f__Selenomonadaceae;g__Centipeda	0.82619984271039
da6148ca2564c798107f34bc4fd29b09	d__Bacteria;p__Fusobacteriota;c__Fusobacteriia;o__Fusobacteriales;f__Leptotrichiaceae;g__Leptotrichia;s__uncultured_Leptotrichia	0.9419110382616624
8f1ac9cd1be2610edaa7de3affd1e5ce	d__Bacteria;p__Pseudomonadota;c__Gammaproteobacteria;o__Burkholderiales;f__Neisseriaceae;g__Neisseria	0.9999821853164432
4b64a13c4023c8d8b95aafcf581f07c6	d__Bacteria;p__Bacteroidota;c__Bacteroidia;o__Bacteroidales;f__Tannerellaceae;g__Tannerella;s__Tannerella_forsythia	0.9500916417609233
3fa9e544693b5abcd9f1252f9d095c36	d__Bacteria;p__Bacillota;c__Clostridia;o__Lachnospirales;f__Lachnospiraceae	0.9999997407040376
4a5a57fbc4e868475b2ff4d45e8d1642	d__Bacteria;p__Bacillota;c__Clostridia;o__Oscillospirales;f__UCG-010;g__Incertae_Sedis;s__	0.8184621066236075
450c1115e2f4f09c5dbc1e6fd79520ea	d__Bacteria;p__Bacillota;c__Clostridia;o__Lachnospirales;f__Lachnospiraceae;g__Lachnoclostridium;s__uncultured_organism	0.8645548307765227
61d96a1395c98563bd419df4e71674cf	d__Bacteria;p__Bacillota;c__Clostridia;o__Oscillospirales;f__[Eubacterium]_coprostanoligenes_group;g__Incertae_Sedis;s__unidentified	0.7388922322474049
66d3437c371028860c523063d3856a0e	d__Bacteria;p__Bacteroidota;c__Bacteroidia;o__Flavobacteriales;f__Flavobacteriaceae;g__Capnocytophaga;s__uncultured_Capnocytophaga	0.8985774935237111
b654e836fe476f8cb6c3c911550c5ee7	d__Bacteria;p__Bacillota;c__Clostridia;o__Peptostreptococcales-Tissierellales;f__Family_XI;g__Parvimonas	0.9999999995986748
c79797dfac0eda7bd741b88fb0e9487c	d__Bacteria;p__Bacillota;c__Negativicutes;o__Veillonellales-Selenomonadales;f__Selenomonadaceae;g__Selenomonas;s__Schwartzia_sp.	0.7848802550657222
da690be1e0a2b8a9392dc947530f8c8a	d__Bacteria;p__Fusobacteriota;c__Fusobacteriia;o__Fusobacteriales;f__Leptotrichiaceae;g__Leptotrichia	0.9999999761062505
2eab384a3cbe17eaaa905e814f2a9ac3	d__Bacteria;p__Bacteroidota;c__Bacteroidia;o__Flavobacteriales;f__Flavobacteriaceae;g__Capnocytophaga;s__Capnocytophaga_gingivalis	0.9849735403033625
47aecb0dabc258da8ac045ba22fca553	d__Bacteria;p__Bacillota;c__Clostridia;o__Lachnospirales;f__Lachnospiraceae;g__Roseburia;s__Lachnospiraceae_bacterium	0.9980102942182602
38148419901fad6dda428d82c82b32d8	d__Bacteria;p__Bacteroidota;c__Bacteroidia;o__Bacteroidales;f__Prevotellaceae;g__Prevotella;s__Prevotella_denticola	0.953089416501745
be13073498518b892a04cf4560560281	d__Bacteria;p__Bacillota;c__Negativicutes;o__Veillonellales-Selenomonadales;f__Selenomonadaceae	0.9999999999930759
22b9c342dc6898ea408d136e2208c3db	d__Bacteria;p__Bacillota;c__Bacilli;o__Lactobacillales;f__Streptococcaceae;g__Streptococcus;s__Streptococcus_anginosus	0.8860643071651371
35f01a3248407f6eb778174badd8a31a	d__Bacteria;p__Pseudomonadota;c__Gammaproteobacteria;o__Enterobacterales;f__Pasteurellaceae;g__Aggregatibacter	0.9422534016430558
2f7d30827129f2d357a5d861fa0539c4	d__Bacteria;p__Bacteroidota;c__Bacteroidia;o__Flavobacteriales;f__Flavobacteriaceae;g__Capnocytophaga;s__uncultured_bacterium	0.742888000274011
19cf64e1595e18862ccf9d259fea7ccc	d__Bacteria;p__Bacillota;c__Clostridia;o__Lachnospirales;f__Lachnospiraceae;g__Blautia	0.9938021404797488
a531d9e2c9812874cab3d90cc350d952	d__Bacteria;p__Spirochaetota;c__Spirochaetia;o__Spirochaetales;f__Spirochaetaceae;g__Treponema;s__uncultured_bacterium	0.8872401863085198
55eace113cc414844c3bd8344a800779	d__Bacteria;p__Bacteroidota;c__Bacteroidia;o__Bacteroidales;f__Marinifilaceae;g__Odoribacter;s__Bacteroidetes_sp.	0.9947526487197814
c6fb2035b37373282e37d128e2c9c5dc	d__Bacteria;p__Bacillota;c__Clostridia;o__Oscillospirales;f__Ruminococcaceae;g__Ruminococcus;s__	0.9427765864532086
ed7747f5b0284274c95a92cc42e8657d	d__Bacteria;p__Bacillota;c__Clostridia;o__Lachnospirales;f__Lachnospiraceae;g__Coprococcus;s__uncultured_bacterium	0.7573540032792704
2e177c862518982a521d88de7c1dcae1	d__Bacteria;p__Bacillota;c__Clostridia;o__Lachnospirales;f__Lachnospiraceae	0.9999907611264061
224d266b147588a000917723c0268775	d__Bacteria;p__Bacteroidota;c__Bacteroidia;o__Bacteroidales;f__Rikenellaceae;g__Alistipes;s__uncultured_organism	0.714441185924139
8e8be144831b83e4ca217c1551e87ec2	d__Bacteria;p__Spirochaetota;c__Spirochaetia;o__Spirochaetales;f__Spirochaetaceae;g__Treponema;s__Treponema_medium	0.7974174188640695
8b72ad5b17f82686072835a1839b610a	d__Bacteria;p__Fusobacteriota;c__Fusobacteriia;o__Fusobacteriales;f__Fusobacteriaceae;g__Fusobacterium;s__Fusobacterium_periodonticum	0.8644949211873431
11ab9631d9670c69d52bdaa9ae52a696	d__Bacteria;p__Bacillota;c__Bacilli;o__Erysipelotrichales;f__Erysipelotrichaceae;g__Holdemania;s__Holdemania_massiliensis	0.9053484633219147
e5509a0aa6c1770249744e77ea781dc2	d__Bacteria;p__Actinomycetota;c__Actinobacteria;o__Bifidobacteriales;f__Bifidobacteriaceae;g__Bifidobacterium	0.999999332434211
b0b18cf3a79ec5d4e5c539b94e6f70ac	d__Bacteria;p__Bacteroidota;c__Bacteroidia;o__Bacteroidales;f__Bacteroidaceae;g__Bacteroides;s__Bacteroides_finegoldii	0.9355661450655977
aeb9f5fea418c378c7e1d3c1d4e20a15	d__Bacteria;p__Bacillota;c__Clostridia;o__Oscillospirales;f__Ruminococcaceae;g__Gemmiger	0.8831669682230332
ddf8c140c0dc12be5d69696cdddb91e0	d__Bacteria;p__Bacillota;c__Clostridia;o__Oscillospirales;f__Oscillospiraceae;g__UCG-002;s__uncultured_bacterium	0.8334462918710019
e57ac1412ff8a52c63b1a3dcb667d413	d__Bacteria;p__Patescibacteria;c__Saccharimonadia;o__Saccharimonadales;f__Incertae_Sedis;g__Incertae_Sedis;s__	0.9999999843583114
5dff4e2943dc58473fb78fa3268227b3	d__Bacteria;p__Bacillota;c__Negativicutes;o__Veillonellales-Selenomonadales;f__Veillonellaceae;g__Megasphaera;s__Megasphaera_micronuciformis	0.9999148234412124
b5c70bb591ec40c2723c62c9040d68ba	d__Bacteria;p__Bacillota;c__Negativicutes;o__Veillonellales-Selenomonadales;f__Selenomonadaceae	0.9999999999983611
b9cf421b3660acc98bce349a9d49bcaa	d__Bacteria;p__Bacteroidota;c__Bacteroidia;o__Bacteroidales;f__Prevotellaceae;g__Prevotella;s__Prevotella_jejuni	0.9493013559522325
16af97c9cd594e26b3f7685345fc8cd3	d__Bacteria;p__Bacillota;c__Clostridia;o__Oscillospirales;f__Oscillospiraceae;g__UCG-005;s__uncultured_organism	0.9509376696497708
58d618772487d57a3d352f3a626b39a9	d__Bacteria;p__Bacillota;c__Bacilli;o__Acholeplasmatales;f__Acholeplasmataceae;g__Acholeplasma	0.9999941270430445
7426c9e3ec5d067fd55ed200869e0d40	d__Bacteria;p__Pseudomonadota;c__Gammaproteobacteria;o__Burkholderiales;f__Neisseriaceae;g__Neisseria	0.9999786615609245
4807fd4aead0b0bf88e292fcc2213ed8	d__Bacteria;p__Bacteroidota;c__Bacteroidia;o__Flavobacteriales;f__Flavobacteriaceae;g__Capnocytophaga;s__Capnocytophaga_gingivalis	0.9974006649420274
8565809e8ec077cd71ded9633bde2870	d__Bacteria;p__Actinomycetota;c__Actinobacteria;o__Mycobacteriales;f__Corynebacteriaceae;g__Corynebacterium;s__Corynebacterium_matruchotii	0.942554735192297
20be4411ecbd3cecc17b589638ddfa10	d__Bacteria;p__Fusobacteriota;c__Fusobacteriia;o__Fusobacteriales;f__Leptotrichiaceae;g__Pseudoleptotrichia;s__uncultured_bacterium	0.9280632321516257
adf3c07f4b7887943fb37facec8c4513	d__Bacteria;p__Bacteroidota;c__Bacteroidia;o__Bacteroidales;f__Prevotellaceae;g__Segatella;s__Prevotella_baroniae	0.9999999063285019
57bab9df7394498748730d8b1613bf45	d__Bacteria;p__Bacillota;c__Clostridia;o__Lachnospirales;f__Lachnospiraceae;g__Faecalicatena;s__uncultured_bacterium	0.7396932924143567
2b46896b34378340a16ded79ce181483	d__Bacteria;p__Bacillota;c__Clostridia;o__Lachnospirales;f__Lachnospiraceae;g__Tyzzerella;s__uncultured_bacterium	0.9167044018010976
2a0cc8cff17eae5402c2ccb58311588f	d__Bacteria;p__Bacillota;c__Clostridia;o__Oscillospirales;f__Oscillospiraceae	0.9989566005541954
e960da225d7409457e8417a482d3dfb6	d__Bacteria;p__Actinomycetota;c__Coriobacteriia;o__Coriobacteriales;f__Eggerthellaceae;g__Gordonibacter	0.9999981056883696
7a484d53a375db31ae5b05f6b7df6154	d__Bacteria;p__Bacteroidota;c__Bacteroidia;o__Bacteroidales;f__Prevotellaceae;g__Alloprevotella;s__uncultured_bacterium	0.9600683738033818
16d4ea99379a4e5ebf3f820357a9ec12	d__Bacteria;p__Bacillota;c__Clostridia;o__Lachnospirales;f__Lachnospiraceae;g__[Ruminococcus]_gauvreauii_group	0.9773490875200963
fd26d02b60a2c9a7f44a2e81dedd3342	d__Bacteria;p__Bacteroidota;c__Bacteroidia;o__Bacteroidales;f__Rikenellaceae;g__Rikenellaceae_RC9_gut_group;s__	0.9377357706422621
66459b18432f1683bf4b557cab744fad	d__Bacteria;p__Spirochaetota;c__Spirochaetia;o__Spirochaetales;f__Spirochaetaceae;g__Treponema;s__Treponema_sp.	0.7060172520326102
c885f1f3a60b02ed90fc1f454ad3abc6	d__Bacteria;p__Bacteroidota;c__Bacteroidia;o__Bacteroidales;f__Bacteroidaceae;g__Bacteroides;s__Bacteroides_ovatus	0.9939062302284327
541b4e8f3fecf6a0d879cce4954b42f7	d__Bacteria;p__Actinomycetota;c__Coriobacteriia;o__Coriobacteriales;f__Eggerthellaceae;g__Gordonibacter;s__Gordonibacter_urolithinfaciens	0.9978184297284436
b9eb8827316fd50da6597a73bff9b788	d__Bacteria;p__Bacillota;c__Negativicutes;o__Veillonellales-Selenomonadales;f__Selenomonadaceae;g__Selenomonas;s__Selenomonas_sputigena	0.945018564718014
482325cbf12af307f4e72c9dd1987490	d__Bacteria;p__Pseudomonadota;c__Gammaproteobacteria;o__Cardiobacteriales;f__Cardiobacteriaceae;g__Cardiobacterium;s__Cardiobacterium_valvarum	0.9970105250484363
8a616d6dfd0c5be2b07a2de74c48b23d	d__Bacteria;p__Bacillota;c__Clostridia;o__Lachnospirales;f__Lachnospiraceae;g__Johnsonella;s__uncultured_bacterium	0.9999999788502411
fb3a1838e4556844efebeb418e436360	d__Bacteria;p__Bacillota;c__Bacilli;o__Lactobacillales;f__Streptococcaceae;g__Streptococcus;s__Streptococcus_anginosus	0.9980684432063297
9db1065e2a2b9c80a2a81c90fa95c608	d__Bacteria;p__Bacillota;c__Clostridia;o__Lachnospirales;f__Defluviitaleaceae;g__Defluviitaleaceae_UCG-011;s__uncultured_bacterium	0.9993989473507648
c22f0292f6f9d30da691f4a22423bea9	d__Bacteria;p__Spirochaetota;c__Spirochaetia;o__Spirochaetales;f__Spirochaetaceae;g__Treponema;s__Treponema_medium	0.9857164145979846
9a6cec0cb7ffec03b4f1d90e13a8be7b	d__Bacteria;p__Bacillota;c__Clostridia;o__Lachnospirales;f__Lachnospiraceae	0.9999999626099448
42bd914b25b74f3cec386df8e4f6fb4e	d__Bacteria;p__Bacteroidota;c__Bacteroidia;o__Bacteroidales;f__Porphyromonadaceae;g__Porphyromonas	0.999999999861125
dd15951e49efb7d086763a72ace1db22	d__Bacteria;p__Pseudomonadota;c__Gammaproteobacteria;o__Enterobacterales;f__Pasteurellaceae;g__Haemophilus	0.9999502576299794
c32368467c1d6d7494f58ee4f6795a7f	d__Bacteria;p__Spirochaetota;c__Spirochaetia;o__Spirochaetales;f__Spirochaetaceae;g__Treponema;s__Treponema_sp.	0.9803749596744101
d33f6ec17ca2b9e922208da1a8291a27	d__Bacteria;p__Bacillota;c__Negativicutes;o__Veillonellales-Selenomonadales;f__Selenomonadaceae;g__Selenomonas	0.9999999183569157
ed68193bb70ad267de735adb4f85ae3e	d__Bacteria;p__Fusobacteriota;c__Fusobacteriia;o__Fusobacteriales;f__Leptotrichiaceae;g__Leptotrichia	0.9999999785770178
7d05d6bd132bb92e5fc07136d72e3153	d__Bacteria;p__Actinomycetota;c__Coriobacteriia;o__Coriobacteriales;f__Atopobiaceae;g__Lancefieldella;s__uncultured_bacterium	0.888938319309095
7311179995c05269b851fe94ca53e308	d__Bacteria;p__Bacteroidota;c__Bacteroidia;o__Bacteroidales;f__Prevotellaceae;g__Prevotella;s__Prevotella_scopos	0.9701122176546737
bf77138d038c8d6b14449df5f0b76859	d__Bacteria;p__Thermodesulfobacteriota;c__Desulfovibrionia;o__Desulfovibrionales;f__Desulfovibrionaceae;g__Desulfovibrio;s__uncultured_bacterium	0.839969176895209
226cf69bccc43989780a2409dcf9f803	d__Bacteria;p__Bacteroidota;c__Bacteroidia;o__Bacteroidales;f__Prevotellaceae;g__Segatella;s__unidentified	0.9999237036197924
35f6a78775d33f86c6ffd32d3b548b69	d__Bacteria;p__Actinomycetota;c__Coriobacteriia;o__Coriobacteriales;f__Eggerthellaceae;g__Senegalimassilia;s__uncultured_bacterium	0.997605082344418
3963890db4dddea7f233911bc8a6a079	d__Bacteria;p__Bacillota;c__Clostridia;o__Oscillospirales;f__Ruminococcaceae;g__Caproiciproducens;s__uncultured_bacterium	0.9335486110714399
14a693f88ce335f167a1e8fbbd104715	d__Bacteria;p__Bacteroidota;c__Bacteroidia;o__Bacteroidales;f__Prevotellaceae;g__Prevotella	0.9999990188771958
7ee8b7639d6f7ada7411ff4a7379691c	d__Bacteria;p__Spirochaetota;c__Spirochaetia;o__Spirochaetales;f__Spirochaetaceae;g__Treponema;s__Treponema_genomosp.	0.999956052981858
67a2a733f2d4b78ea8405714faab1d32	d__Bacteria;p__Bacteroidota;c__Bacteroidia;o__Bacteroidales;f__Tannerellaceae;g__Parabacteroides	0.9999999999999077
9037a8807f265f6926427153c9f6f6f8	d__Bacteria;p__Bacteroidota;c__Bacteroidia;o__Bacteroidales;f__Rikenellaceae;g__Alistipes;s__	0.9178008666320006
a3ba6bea481f664d13d1c2b1e4477442	d__Bacteria;p__Bacillota;c__Clostridia;o__Lachnospirales;f__Lachnospiraceae	0.9999994825722625
03fb7585c12839e28d606306ba6d7b7b	d__Bacteria;p__Bacillota;c__Negativicutes;o__Veillonellales-Selenomonadales;f__Veillonellaceae;g__Veillonella	0.9999999992468389
8fa09e37eabe4bfd2c8e8f38c93b10a0	d__Bacteria;p__Patescibacteria;c__Saccharimonadia;o__Saccharimonadales;f__Saccharimonadaceae	0.7194407906750813
2a7dd6fa04365cbcb901fe0d16513c7b	d__Bacteria;p__Bacillota;c__Negativicutes;o__Veillonellales-Selenomonadales;f__Veillonellaceae;g__Veillonella	0.9999999998191009
6fef48d86b24d8b4f69f05385b755c8f	d__Bacteria;p__Bacillota;c__Negativicutes;o__Veillonellales-Selenomonadales;f__Veillonellaceae;g__Veillonella	0.9999999999326948
d30f726276a53cd4efde598729e6f300	d__Bacteria;p__Bacteroidota;c__Bacteroidia;o__Bacteroidales;f__Prevotellaceae;g__Segatella;s__unidentified	0.9999734142661624
7d43ad53fe1a83f4d2253fa38df8ffbf	d__Bacteria;p__Bacillota;c__Clostridia;o__Oscillospirales;f__Oscillospiraceae;g__Intestinimonas;s__uncultured_bacterium	0.9322619225500837
ce7cc0aa3d6a0b34126c07470200a950	d__Bacteria;p__Bacillota;c__Clostridia;o__Lachnospirales;f__Lachnospiraceae;g__Lachnospira;s__uncultured_bacterium	0.9138906781244933
60bdf7be684c2146b3ad325b5d22d47d	d__Bacteria;p__Bacillota;c__Negativicutes;o__Veillonellales-Selenomonadales;f__Veillonellaceae;g__Veillonella	0.9999999999369452
01c70c474421d2275aafca84b333ac50	d__Bacteria;p__Bacteroidota;c__Bacteroidia;o__Bacteroidales;f__Incertae_Sedis;g__Phocaeicola;s__Phocaeicola_abscessus	1.0
3e670ab9c0ed90ac401bc9a371d8e8bd	d__Bacteria;p__Bacillota;c__Clostridia;o__Lachnospirales;f__Lachnospiraceae;g__Anaerostipes	0.9999827300204569
bdf510b2af5fe6650ed4be6d242855db	d__Bacteria;p__Bacillota;c__Clostridia;o__Oscillospirales;f__Ruminococcaceae;g__Paludicola;s__uncultured_bacterium	0.8406050788170464
fd2aa0ac463588c67f0eb6f497238747	d__Bacteria;p__Bacillota;c__Clostridia;o__Christensenellales;f__Christensenellaceae;g__Christensenella	0.9999993576847824
4ec189ed638989a4944b01ddff111968	d__Bacteria;p__Bacillota;c__Bacilli;o__Erysipelotrichales;f__Erysipelotrichaceae;g__Dielma;s__Dielma_fastidiosa	0.7916592841647496
0db21076d3d2b935599d211da69f6773	d__Bacteria;p__Bacillota;c__Clostridia;o__Lachnospirales;f__Lachnospiraceae;g__Enterocloster	0.9946476675635463
d01ca8c431a45a377583f63d8d5b63aa	d__Bacteria;p__Fusobacteriota;c__Fusobacteriia;o__Fusobacteriales;f__Leptotrichiaceae;g__Pseudoleptotrichia;s__uncultured_bacterium	0.8703028819313947
158e17bd5038b119402502335cd19712	d__Bacteria;p__Bacteroidota;c__Bacteroidia;o__Bacteroidales;f__Prevotellaceae;g__Prevotella;s__Prevotella_jejuni	0.942379774974188
e7c43ff362dfc49664a3ea2925e1e263	d__Bacteria;p__Bacteroidota;c__Bacteroidia;o__Bacteroidales;f__Prevotellaceae;g__Prevotella;s__Prevotella_melaninogenica	0.9652557941431215
d3720d13c99f6991da40e2c0553b4129	d__Bacteria;p__Bacteroidota;c__Bacteroidia;o__Bacteroidales;f__Prevotellaceae;g__Segatella;s__uncultured_bacterium	0.9768316743205057
39ad3267db6e7e83e902b055e87c8b31	d__Bacteria;p__Bacteroidota;c__Bacteroidia;o__Bacteroidales;f__Barnesiellaceae;g__Barnesiella	0.9999999999432501
b70847737230221570797e85fd20a1d2	d__Bacteria;p__Bacillota;c__Clostridia;o__Clostridiales;f__Clostridiaceae;g__Clostridium	0.9998421855314935
fd60aa5b54b0a2ba4035d20b306787ee	d__Bacteria;p__Bacillota;c__Clostridia;o__Lachnospirales;f__Lachnospiraceae;g__Frisingicoccus;s__uncultured_bacterium	0.8216799559388352
ee0b5b431deadb75bfb7f4c0daed6df0	d__Bacteria;p__Fusobacteriota;c__Fusobacteriia;o__Fusobacteriales;f__Leptotrichiaceae;g__Leptotrichia;s__Leptotrichia_trevisanii	0.9185197440498217
d63d5eff8afa585f621bc5bff36d1765	d__Bacteria;p__Patescibacteria;c__Saccharimonadia;o__Saccharimonadales;f__Saccharimonadaceae;g__TM7x;s__uncultured_Candidatus	0.7833075001159541
064e8efe1febb870ec77a609793361dc	d__Bacteria;p__Bacillota;c__Clostridia;o__Lachnospirales;f__Lachnospiraceae;g__Mediterraneibacter;s__Ruminococcus_sp.	0.9501451249144067
fbe5e02a4aa11f2702ef561b7f6c1f0f	d__Bacteria;p__Bacillota;c__Clostridia;o__Lachnospirales;f__Lachnospiraceae;g__Lachnoclostridium;s__uncultured_organism	0.7574163380132531
c7b244ed0274f22ec5e568944c581d32	d__Bacteria;p__Fusobacteriota;c__Fusobacteriia;o__Fusobacteriales;f__Fusobacteriaceae;g__Fusobacterium	0.9999999999979974
8cc901310928a6c91863e14e6c1a831c	d__Bacteria;p__Bacteroidota;c__Bacteroidia;o__Bacteroidales;f__Prevotellaceae;g__Prevotella;s__Prevotella_pallens	0.9999964505789091
58810cff1cf34ff3f66608f550329637	d__Bacteria;p__Bacteroidota;c__Bacteroidia;o__Flavobacteriales;f__Flavobacteriaceae;g__Capnocytophaga;s__	0.9997735592350786
ce71c60efdf9955cb234deb4c9381d8d	d__Bacteria;p__Bacillota;c__Bacilli;o__Acholeplasmatales;f__Acholeplasmataceae;g__Acholeplasma	0.999991110179682
da442268e6c7c6edebda4cefe2db70c6	d__Bacteria;p__Spirochaetota;c__Spirochaetia;o__Spirochaetales;f__Spirochaetaceae;g__Treponema;s__Treponema_sp.	0.8178461529506071
ba54c93d04c9a3f93d92ef6a404bf9e4	d__Bacteria;p__Bacillota;c__Clostridia;o__Lachnospirales;f__Lachnospiraceae;g__Coprococcus;s__Lachnospiraceae_bacterium	0.7238079308245683
3075f54c5119effbdbb10883656c16a0	d__Bacteria;p__Bacillota;c__Negativicutes;o__Veillonellales-Selenomonadales;f__Selenomonadaceae;g__Selenomonas;s__	0.9893415589028753
f571ffe5af0857809245cb245e9cfaff	d__Bacteria;p__Bacteroidota;c__Bacteroidia;o__Flavobacteriales;f__Flavobacteriaceae;g__Capnocytophaga	0.9999999999621073
caf9cf329b5a33fce30625214429681b	d__Bacteria;p__Bacillota;c__Clostridia;o__Oscillospirales;f__Ruminococcaceae;g__Incertae_Sedis	0.9977386421877292
d70a82135c9c593c797c7a4c60539194	d__Bacteria;p__Bacteroidota;c__Bacteroidia;o__Bacteroidales;f__Porphyromonadaceae;g__Porphyromonas;s__unidentified	0.9920781846046915
1c08f9762a116a93ac5d21c47d30add8	d__Bacteria;p__Bacillota;c__Clostridia;o__Oscillospirales;f__Ruminococcaceae;g__Faecalibacterium	0.9999967901726512
a41402ed78e5fa097d6bc941c77f7149	d__Bacteria;p__Bacteroidota;c__Bacteroidia;o__Bacteroidales;f__Prevotellaceae;g__Segatella;s__uncultured_bacterium	0.9174496719152757
eb0b8cad30b4939e3fec6377fcac7879	d__Bacteria;p__Thermodesulfobacteriota;c__Desulfovibrionia;o__Desulfovibrionales;f__Desulfovibrionaceae;g__Bilophila;s__uncultured_bacterium	0.8564627885856249
e04f62cd74bb0925d003476d635a6f63	d__Bacteria;p__Bacillota;c__Negativicutes;o__Veillonellales-Selenomonadales;f__Veillonellaceae;g__Veillonella;s__	0.8430067026630687
4a7fd5cb10fd81ac2432c8c17050080c	d__Bacteria;p__Bacillota;c__Clostridia;o__Lachnospirales;f__Lachnospiraceae;g__Blautia	0.9970972601467104
b813547b4b9ea900c009981f1abcf701	d__Bacteria;p__Bacillota;c__Clostridia;o__Lachnospirales;f__Lachnospiraceae	0.9999984890662168
64d1110b54a8ce138bd418ff2c2746bc	d__Bacteria;p__Bacteroidota;c__Bacteroidia;o__Bacteroidales;f__Rikenellaceae;g__Rikenellaceae_RC9_gut_group;s__uncultured_eubacterium	0.9966623666279487
eb798c9dd22c78f119e73f520cf4f525	d__Bacteria;p__Bacillota;c__Clostridia;o__Lachnospirales;f__Lachnospiraceae;g__Johnsonella;s__uncultured_bacterium	0.8958139247638419
9904c544ffd7dadbdd1909ff9b04aa33	d__Bacteria;p__Bacteroidota;c__Bacteroidia;o__Bacteroidales;f__Prevotellaceae;g__Segatella;s__uncultured_bacterium	0.9446922873322197
75a7dd04040e23328468b763836841ac	d__Bacteria;p__Bacillota;c__Clostridia;o__Oscillospirales;f__Ruminococcaceae;g__CAG-352;s__uncultured_bacterium	0.9975940646564624
44a2dbc7bb78e2f3de76a349387f1033	d__Bacteria;p__Bacillota;c__Clostridia;o__Lachnospirales;f__Lachnospiraceae;g__[Eubacterium]_xylanophilum_group;s__uncultured_bacterium	0.9911856325639633
015ce998953e085dd4d5011f7edd05e2	d__Bacteria;p__Bacillota;c__Clostridia;o__Oscillospirales;f__Ruminococcaceae;g__Incertae_Sedis;s__human_gut	0.99697764108267
bcba4538a033b114e943a18ea5b7179e	d__Bacteria;p__Spirochaetota;c__Spirochaetia;o__Spirochaetales;f__Spirochaetaceae;g__Treponema;s__Treponema_sp.	0.9480758246805441
fd4d55faf0a5adcc2702a5d4b24b3b72	d__Bacteria;p__Spirochaetota;c__Spirochaetia;o__Spirochaetales;f__Spirochaetaceae;g__Treponema;s__Treponema_sp.	0.764443257768285
2d564077193580fb81a97070f186ae22	d__Bacteria;p__Bacillota;c__Bacilli;o__Lactobacillales;f__Lactobacillaceae;g__Fructilactobacillus;s__Lactobacillus_sanfranciscensis	0.9917740040481446
1b1a6640d643e48b29939f9f15ba8195	d__Bacteria;p__Actinomycetota;c__Coriobacteriia;o__Coriobacteriales;f__Atopobiaceae;g__Lancefieldella;s__Atopobium_sp.	0.8242222118598012
0ce60006eb63f10866aa8ed61af8da02	d__Bacteria;p__Bacteroidota;c__Bacteroidia;o__Bacteroidales;f__Rikenellaceae;g__Alistipes;s__Alistipes_finegoldii	0.988363718207498
3f671c49b62c8369bdb2442e111bb1d2	d__Bacteria;p__Bacillota;c__Clostridia;o__Oscillospirales;f__Ruminococcaceae;g__Phocea	0.9999869426953867
a9ad739441baac34ca629b50ff794425	d__Bacteria;p__Bacillota;c__Clostridia;o__Clostridia_UCG-014;f__Incertae_Sedis;g__Incertae_Sedis;s__uncultured_Ruminococcaceae	0.7065169452498811
2944b877094a86bb8f5e11a4e95a8347	d__Bacteria;p__Bacillota;c__Clostridia;o__Oscillospirales;f__Butyricicoccaceae;g__Agathobaculum;s__uncultured_bacterium	0.8572919568168698
08b73661fb8b94854ee83d692130c972	d__Bacteria;p__Bacillota;c__Clostridia;o__Clostridia_UCG-014;f__Incertae_Sedis;g__Incertae_Sedis;s__	0.7533758104792623
47dc134e422d7f2ebbe532181792f16a	d__Bacteria;p__Bacteroidota;c__Bacteroidia;o__Bacteroidales;f__Prevotellaceae;g__Alloprevotella	0.9999970983596921
7880b17b21da81ac4f5ca979cdbf52a6	d__Bacteria;p__Bacillota;c__Clostridia;o__Oscillospirales;f__Oscillospiraceae;g__UCG-003	0.9996750442871312
b7ba29ece1f8b67b6e41321766a7fc3f	d__Bacteria;p__Bacillota;c__Clostridia;o__Lachnospirales;f__Lachnospiraceae;g__Lachnospiraceae_FCS020_group;s__uncultured_organism	0.9907053860910404
06988e9212920b6ffa889f9d055628c6	d__Bacteria;p__Spirochaetota;c__Spirochaetia;o__Spirochaetales;f__Spirochaetaceae;g__Treponema;s__uncultured_bacterium	0.8839929477726152
6edbdfcf7b6222730678f0ba679d35b0	d__Bacteria;p__Bacillota;c__Negativicutes;o__Veillonellales-Selenomonadales;f__Selenomonadaceae	0.9999999999995581
c737ea8f5cf8cd901427d0af01f83324	d__Bacteria;p__Bacteroidota;c__Bacteroidia;o__Bacteroidales;f__Prevotellaceae;g__Alloprevotella	1.0000000000000115
3b06ac85ccfbe2afefc6dc4ef6b81ec5	d__Bacteria;p__Spirochaetota;c__Spirochaetia;o__Spirochaetales;f__Spirochaetaceae;g__Treponema;s__Treponema_genomosp.	0.9935132912997954
17bc8dc70416380ec8059216045f717b	d__Bacteria;p__Bacillota;c__Clostridia;o__Oscillospirales;f__Oscillospiraceae;g__UCG-005;s__uncultured_rumen	0.9927997633899784
b1678e206d0c7f0ecbefbe96a56d8053	d__Bacteria;p__Bacillota;c__Clostridia;o__Monoglobales;f__Monoglobaceae;g__Monoglobus;s__metagenome	0.8325258563944606
2e54ed40236a526b85b6cac0ab213d6e	d__Bacteria;p__Fusobacteriota;c__Fusobacteriia;o__Fusobacteriales;f__Leptotrichiaceae;g__Pseudoleptotrichia	0.9981485796020171
4f3a12191df79063e848a2304bd7d2dc	d__Bacteria;p__Bacillota;c__Bacilli;o__Lactobacillales;f__Streptococcaceae;g__Streptococcus	0.999999999350484
124e4cc23333714556e00fea228195c5	d__Bacteria;p__Bacteroidota;c__Bacteroidia;o__Bacteroidales;f__Tannerellaceae;g__Parabacteroides;s__Parabacteroides_distasonis	0.787924848037577
548387d735e269c7b10396f5320764de	d__Bacteria;p__Thermodesulfobacteriota;c__Desulfovibrionia;o__Desulfovibrionales;f__Desulfovibrionaceae;g__Bilophila;s__uncultured_bacterium	0.8750478007549747
5db9f56d906509dfb2dfe9e1da3eedc4	d__Bacteria;p__Bacillota;c__Bacilli;o__Erysipelotrichales;f__Erysipelotrichaceae;g__Faecalitalea;s__Faecalitalea_cylindroides	0.9989248367038235
916c7c6e3fce0294fb41a418f21ddfe1	d__Bacteria;p__Bacillota;c__Clostridia;o__Lachnospirales;f__Lachnospiraceae;g__Lachnoclostridium	0.7906855163799175
a0cf8a60a14ff953ee5a14bef6a96ec8	d__Bacteria;p__Bacillota;c__Clostridia;o__Lachnospirales;f__Lachnospiraceae;g__Oribacterium;s__	0.8287937228173289
c4367d4a31e42487f4a8469c4c9be81b	d__Bacteria;p__Bacillota;c__Clostridia;o__Peptostreptococcales-Tissierellales;f__Anaerovoracaceae;g__Family_XIII_UCG-001;s__Eubacterium_sp.	0.9890651948189835
4578a2c0242be46411ab5d93404a8992	d__Bacteria;p__Bacillota;c__Bacilli;o__Erysipelotrichales;f__Erysipelotrichaceae;g__Holdemanella;s__uncultured_bacterium	0.7230785515295317
7440aa816171ce9e81d9b67d2dda61c6	d__Bacteria;p__Bacteroidota;c__Bacteroidia;o__Bacteroidales;f__Bacteroidaceae;g__Bacteroides	0.9999999999868046
1fbb88a9c97db1919c38f0027fc4ccbd	d__Bacteria;p__Bacillota;c__Clostridia;o__Lachnospirales;f__Lachnospiraceae;g__Incertae_Sedis;s__uncultured_organism	0.8787888626258085
18ef4562cd7b2198170e26cc104b84d5	d__Bacteria;p__Bacillota;c__Clostridia;o__Lachnospirales;f__Lachnospiraceae;g__Dorea;s__uncultured_bacterium	0.7243476318998171
e973915ef36b42e1041647e733820670	d__Bacteria;p__Bacillota;c__Clostridia;o__Peptostreptococcales-Tissierellales;f__Family_XI;g__W5053;s__unidentified	0.9251794955373104
a2a419fe25b74a73234046f876eea348	d__Bacteria;p__Fusobacteriota;c__Fusobacteriia;o__Fusobacteriales;f__Leptotrichiaceae;g__Leptotrichia	0.9999999817637861
11a0b40e6c95014e2a8430370d1a95f8	d__Bacteria;p__Bacillota;c__Clostridia;o__Lachnospirales;f__Lachnospiraceae;g__Johnsonella;s__uncultured_bacterium	0.9999999662155126
d98eab4ee5b876d3bcf164e389160ba4	d__Bacteria;p__Bacteroidota;c__Bacteroidia;o__Bacteroidales;f__Prevotellaceae;g__Prevotella;s__Prevotella_intermedia	0.999999617441079
8954e17b104dcc363c4bee7a24db641e	d__Bacteria;p__Bacillota;c__Negativicutes;o__Veillonellales-Selenomonadales;f__Selenomonadaceae;g__Selenomonas;s__Selenomonas_sputigena	0.8786200816847297
79348de68916680727ec7ac7e63ff151	d__Bacteria;p__Spirochaetota;c__Spirochaetia;o__Spirochaetales;f__Spirochaetaceae;g__Treponema	0.9999999952908468
eb20b292b5812aecd6de9e596b40bb04	d__Bacteria;p__Bacillota;c__Clostridia;o__Lachnospirales;f__Lachnospiraceae;g__Butyribacter	0.9624082061561724
b4b85e83f12518afaf1f9e9846e2a84c	d__Bacteria;p__Bacillota;c__Clostridia;o__Lachnospirales;f__Lachnospiraceae;g__[Eubacterium]_ventriosum_group;s__uncultured_Lachnospiraceae	0.7682320651096776
b0592d9ceb0344b4cd05313ad9226e8e	d__Bacteria;p__Bacteroidota;c__Bacteroidia;o__Flavobacteriales;f__Flavobacteriaceae;g__Capnocytophaga;s__Capnocytophaga_ochracea	0.9259561678552796
42a8d04de1d28c0a4d1ce7343491998d	d__Bacteria;p__Bacteroidota;c__Bacteroidia;o__Bacteroidales;f__Prevotellaceae;g__Alloprevotella;s__Prevotella_sp.	0.9307921127506321
d42579185929ae54585cb6b9c822a1c9	d__Bacteria;p__Bacillota;c__Clostridia;o__Oscillospirales;f__Oscillospiraceae;g__Oscillibacter	0.9999922164777125
62c336937d9c98f93521f014e1f21a63	d__Bacteria;p__Bacillota;c__Clostridia;o__Oscillospirales;f__Butyricicoccaceae;g__Agathobaculum;s__uncultured_bacterium	0.8533686217519965
227150a66a20144052651a21613100be	d__Bacteria;p__Bacillota;c__Negativicutes;o__Acidaminococcales;f__Acidaminococcaceae;g__Acidaminococcus;s__uncultured_organism	0.8232849729619526
88054ec4fd56a26d9a396648e6a25e9e	d__Bacteria;p__Actinomycetota;c__Actinobacteria;o__Actinomycetales;f__Actinomycetaceae;g__Schaalia	0.9999999483702584
cbf5b10cede9c3f25da84b88042f6dff	d__Bacteria;p__Pseudomonadota;c__Gammaproteobacteria;o__Burkholderiales;f__Neisseriaceae;g__Kingella;s__uncultured_bacterium	0.9999593872839287
642d4fcf7bd519f854dc8dc0b26dedee	d__Bacteria;p__Bacteroidota;c__Bacteroidia;o__Flavobacteriales;f__Flavobacteriaceae;g__Capnocytophaga	0.9999999999995008
dfafcc180c2426d87441caedb691fe43	d__Bacteria;p__Bacillota;c__Negativicutes;o__Veillonellales-Selenomonadales;f__Veillonellaceae;g__Anaeroglobus;s__Anaeroglobus_geminatus	0.9999988197546232
a21a7c00b3b7e3b1742a05173354d9e9	d__Bacteria;p__Bacillota;c__Negativicutes;o__Veillonellales-Selenomonadales;f__Selenomonadaceae;g__Selenomonas;s__Veillonellaceae_bacterium	0.9885642784736122
9a50d4fcde8ad09b850a23cabaeff8c1	d__Bacteria;p__Fusobacteriota;c__Fusobacteriia;o__Fusobacteriales;f__Leptotrichiaceae;g__Sneathia;s__Sneathia_amnii	0.9999553688478959
f7bd67887fa8c588dc10a34eb6b64804	d__Bacteria;p__Bacillota;c__Bacilli;o__Acholeplasmatales;f__Acholeplasmataceae;g__Acholeplasma;s__Acholeplasmatales_bacterium	0.9982187340892142
0b7a7996a1a2c94897f4ff5fa6ab5bb8	d__Bacteria;p__Bacillota;c__Clostridia;o__Christensenellales;f__Christensenellaceae;g__Christensenellaceae_R-7_group;s__uncultured_spirochete	0.9919443697369118
a43ac195ae760513c79622ac9ac6ff2d	d__Bacteria;p__Bacteroidota;c__Bacteroidia;o__Bacteroidales;f__Marinifilaceae;g__Odoribacter	0.9999999999906953
535ca2f9c39956853b755d1c1b464606	d__Bacteria;p__Bacteroidota;c__Bacteroidia;o__Bacteroidales;f__Rikenellaceae;g__Alistipes;s__Bacteroides_sp.	0.9712222596652476
47f251666b243997946d6998cc1ad63d	d__Bacteria;p__Pseudomonadota;c__Gammaproteobacteria;o__Burkholderiales;f__Neisseriaceae	0.9999999999934056
78dd4e635205a6651806b78ed2e04e12	d__Bacteria;p__Actinomycetota;c__Coriobacteriia;o__Coriobacteriales;f__Atopobiaceae;g__Lancefieldella;s__uncultured_bacterium	0.7162704289008405
365d40757b7a146d54fb57f51f28657c	d__Bacteria;p__Bacteroidota;c__Bacteroidia;o__Bacteroidales;f__Bacteroidaceae;g__Bacteroides;s__Bacteroides_plebeius	0.9756621375067019
444e3b22977c9b0bdfd6e4b05e850863	d__Bacteria;p__Bacillota;c__Clostridia;o__Lachnospirales;f__Lachnospiraceae;g__[Eubacterium]_eligens_group	0.999594902356371
a1d907df764e3bb6e84a55f3a16d7ff5	d__Bacteria;p__Patescibacteria;c__Saccharimonadia;o__Saccharimonadales;f__Saccharimonadaceae;g__TM7x;s__uncultured_bacterium	0.8547061609475818
87cbd73c37d5de6f35a15ca461e5f7d8	d__Bacteria;p__Bacillota;c__Bacilli;o__Izemoplasmatales;f__Incertae_Sedis;g__Incertae_Sedis;s__uncultured_bacterium	0.9999549859620764
d8042e76d70be2c663096d4790de8cd1	d__Bacteria;p__Bacteroidota;c__Bacteroidia;o__Bacteroidales;f__Bacteroidaceae;g__Bacteroides;s__Prevotella_heparinolytica	0.9620990449716391
895de55f7c5503f19e422669640340c6	d__Bacteria;p__Synergistota;c__Synergistia;o__Synergistales;f__Synergistaceae;g__Fretibacterium	0.9999999931510264
8fbfffbc328be7b05b9df5afe90923c2	d__Bacteria;p__Bacillota;c__Clostridia;o__Peptostreptococcales-Tissierellales;f__Anaerovoracaceae;g__Incertae_Sedis;s__Ihubacter_massiliensis	0.9951288327876351
9a1ad3d5df05949e3099db6a4426382d	d__Bacteria;p__Bacillota;c__Clostridia;o__Lachnospirales;f__Lachnospiraceae;g__Blautia;s__uncultured_bacterium	0.7632167299122475
76fca7b02854e523c84e457c6c249418	d__Bacteria;p__Spirochaetota;c__Spirochaetia;o__Spirochaetales;f__Spirochaetaceae;g__Treponema;s__Treponema_medium	0.7026737593638188
24f750b5a44f4dc9c406e4c7c94cb3bb	d__Bacteria;p__Bacillota;c__Bacilli;o__Lactobacillales;f__Streptococcaceae;g__Streptococcus;s__Streptococcus_anginosus	0.9966890294871066
a7c19ba298a6dae2b2689a89a7fb4fce	d__Bacteria;p__Bacillota;c__Clostridia;o__Christensenellales;f__Christensenellaceae;g__Christensenellaceae_R-7_group;s__uncultured_organism	0.8197687171866568
bc37b02500d21f41a7d3df15d6a31b7b	d__Bacteria;p__Bacteroidota;c__Bacteroidia;o__Bacteroidales;f__Barnesiellaceae;g__Coprobacter	0.943402953775079
90b56a2f50cc20172b03b14ee04b9d15	d__Bacteria;p__Fusobacteriota;c__Fusobacteriia;o__Fusobacteriales;f__Leptotrichiaceae;g__Leptotrichia	0.9999999502942764
ced95013a9503c31659f2c07f649464d	d__Bacteria;p__Bacillota;c__Clostridia;o__Lachnospirales;f__Lachnospiraceae;g__Butyribacter;s__Lachnospiraceae_bacterium	0.8939328027797059
21c4dbc3ad7a3fee605b2b262c6b4d88	d__Bacteria;p__Bacillota;c__Clostridia;o__Lachnospirales;f__Lachnospiraceae;g__Lachnospiraceae_NK4A136_group;s__uncultured_organism	0.9645248734439672
3dde17f705e74d0cadc0cb631c3620cb	d__Bacteria;p__Bacillota;c__Clostridia;o__Lachnospirales;f__Lachnospiraceae;g__Blautia	0.9843529509789825
81fd4bcbfaee9a40aa92dc9ebf5faad6	d__Bacteria;p__Bacteroidota;c__Bacteroidia;o__Bacteroidales;f__Prevotellaceae;g__Prevotella;s__Prevotella_denticola	0.8990238932810234
63c5fd07540df2fb6d7e415b11c0eded	d__Bacteria;p__Bacillota;c__Clostridia;o__Christensenellales;f__Christensenellaceae;g__Christensenellaceae_R-7_group;s__uncultured_bacterium	0.9052198074727915
6ad9bdc9659649d91dc03e2ad88c9112	d__Bacteria;p__Bacillota;c__Clostridia;o__Lachnospirales;f__Lachnospiraceae;g__Lachnospiraceae_UCG-010;s__uncultured_bacterium	0.9998834698458758
904fdab3f60ae6d40b231bc8ee4f4ded	d__Bacteria;p__Bacillota;c__Clostridia;o__Monoglobales;f__Monoglobaceae;g__Monoglobus	0.9999999637816877
bf923b26ba5315dae49ba9564273e32a	d__Bacteria;p__Bacillota;c__Negativicutes;o__Veillonellales-Selenomonadales;f__Veillonellaceae;g__Veillonella	0.9999999999126773
61ad006e78bdbf72a81c3cdeba330c0f	d__Bacteria;p__Bacteroidota;c__Bacteroidia;o__Flavobacteriales;f__Flavobacteriaceae;g__Capnocytophaga;s__Capnocytophaga_sputigena	0.9829947102762184
c76cdcd60d49a5951e72a5dc02a2a5d7	d__Bacteria;p__Patescibacteria;c__Saccharimonadia;o__Saccharimonadales;f__Saccharimonadaceae;g__Incertae_Sedis;s__uncultured_bacterium	0.7768847523107011
f7e1244eb6c26700a17b34b3696ad384	d__Bacteria;p__Bacteroidota;c__Bacteroidia;o__Flavobacteriales;f__Flavobacteriaceae;g__Capnocytophaga;s__Capnocytophaga_sputigena	0.836897536087657
319f7343351da6ccc09bbdfbc859cb91	d__Bacteria;p__Bacteroidota;c__Bacteroidia;o__Bacteroidales;f__Prevotellaceae;g__Segatella;s__Prevotella_salivae	0.9554520564085976
e9744e29dadf017a0f2becf032421b1e	d__Bacteria;p__Fusobacteriota;c__Fusobacteriia;o__Fusobacteriales;f__Fusobacteriaceae;g__Fusobacterium	0.9999999999976279
8bd2169ca2730ea823e5a22ea7901bfd	d__Bacteria;p__Spirochaetota;c__Spirochaetia;o__Spirochaetales;f__Spirochaetaceae;g__Treponema;s__Treponema_socranskii	0.9833371620661907
d95d66ae186a8eaf2a1254c82224290a	d__Bacteria;p__Patescibacteria;c__Saccharimonadia;o__Saccharimonadales;f__Saccharimonadaceae;g__TM7x;s__uncultured_bacterium	0.8950260350124153
bda2e11419c7d2cd11e4ed3615c3ed5e	d__Bacteria;p__Spirochaetota;c__Spirochaetia;o__Spirochaetales;f__Spirochaetaceae;g__Treponema;s__Treponema_maltophilum	0.9999910166246968
ac98d5a0d989eb469a93db5e9b3c7fd4	d__Bacteria;p__Bacillota;c__Clostridia;o__Oscillospirales;f__Oscillospiraceae;g__UCG-003;s__uncultured_bacterium	0.9541992370891744
c857b66437e5cb8faa998e3f73b65855	d__Bacteria;p__Bacteroidota;c__Bacteroidia;o__Bacteroidales;f__Prevotellaceae;g__Prevotella;s__uncultured_organism	0.9997435954950782
aedcfd1133ed46d2721e0a47fe0abc16	d__Bacteria;p__Spirochaetota;c__Spirochaetia;o__Spirochaetales;f__Spirochaetaceae;g__Treponema;s__Treponema_medium	0.998650997341167
6fa5479f40d3d0e4a9dc5b3407c7fd9b	d__Bacteria;p__Fusobacteriota;c__Fusobacteriia;o__Fusobacteriales;f__Fusobacteriaceae;g__Fusobacterium	0.9999999999998295
13e84d00473967ee05ad2d92ae5dc91c	d__Bacteria;p__Bacillota;c__Clostridia;o__Lachnospirales;f__Lachnospiraceae;g__Johnsonella;s__uncultured_bacterium	0.7424829321143508
f05e04b5a51b47b5ff726ee86b7de233	d__Bacteria;p__Bacillota;c__Clostridia;o__Oscillospirales;f__Ruminococcaceae;g__Faecalibacterium	0.9999911621300613
3a19c6ccd5e0ce73a09c92b476fcb9db	d__Bacteria;p__Patescibacteria;c__Saccharimonadia;o__Saccharimonadales;f__Saccharimonadaceae;g__TM7x	0.9997833168194923
b176eabe87817bedd57c009f429e9e75	d__Bacteria;p__Patescibacteria;c__Saccharimonadia;o__Saccharimonadales;f__Saccharimonadaceae;g__Candidatus_Saccharimonas	0.9999999984869978
3a0f69fe5c765286e52dbccdf412f9d3	d__Bacteria;p__Bacteroidota;c__Bacteroidia;o__Sphingobacteriales;f__Lentimicrobiaceae;g__Lentimicrobium;s__unidentified	0.999999363153027
66868b7e78d889c3c595eebc2b382a61	d__Bacteria;p__Campylobacterota;c__Campylobacteria;o__Campylobacterales;f__Helicobacteraceae;g__Wolinella;s__Wolinella_sp.	0.9982414016455033
00520ab7bfd52857697881a8a294a685	d__Bacteria;p__Bacillota;c__Clostridia;o__Oscillospirales;f__Oscillospiraceae;g__Flavonifractor;s__uncultured_bacterium	0.7267346547003793
7cf07b4004350bded4377afe1d9e10bf	d__Bacteria;p__Bacillota;c__Clostridia;o__Oscillospirales;f__Ruminococcaceae;g__Incertae_Sedis;s__	0.9533870307164666
a64f40da4199b6734698f009f0e50d9a	d__Bacteria;p__Actinomycetota;c__Actinobacteria;o__Actinomycetales;f__Actinomycetaceae;g__Actinomyces;s__Actinomyces_graevenitzii	0.9999756291097378
2fa5f8208c269b9a0808567d50f42f3f	d__Bacteria;p__Bacteroidota;c__Bacteroidia;o__Bacteroidales;f__Prevotellaceae;g__Hoylesella;s__Prevotella_dentalis	0.9999999472110247
3eb19446d816293230f05b78db1fbd33	d__Bacteria;p__Bacteroidota;c__Bacteroidia;o__Bacteroidales;f__Prevotellaceae;g__Hoylesella;s__Prevotella_sp.	0.7473714178969704
e0dd3a4c06fb2506cd65d38d64229f94	d__Bacteria;p__Pseudomonadota;c__Gammaproteobacteria;o__Enterobacterales;f__Pasteurellaceae;g__Haemophilus;s__Haemophilus_sputorum	0.9507809206628163
2385cb4dd213041d0e4355f53658e3d9	d__Bacteria;p__Bacillota;c__Clostridia;o__Lachnospirales;f__Lachnospiraceae;g__Butyribacter	0.771225675430169
1b67f0f0ce9da030e798dbb6b06439ca	d__Bacteria;p__Bacillota;c__Clostridia;o__Lachnospirales;f__Lachnospiraceae;g__Lachnospiraceae_UCG-010;s__uncultured_bacterium	0.7607055106264142
174f9a39439c2e8993137e4f15698a34	d__Bacteria;p__Bacillota;c__Clostridia;o__Lachnospirales;f__Lachnospiraceae;g__Dorea;s__uncultured_bacterium	0.8715158905885406
fc2fd5608d5a884d6cf15e9815099e05	d__Bacteria;p__Bacillota;c__Clostridia;o__Lachnospirales;f__Lachnospiraceae;g__Roseburia;s__Lachnospiraceae_bacterium	0.999999658299261
713b6d3fa09d998dc3b7e7cdff896756	d__Bacteria;p__Pseudomonadota;c__Gammaproteobacteria;o__Enterobacterales;f__Pasteurellaceae;g__Aggregatibacter	0.9952720157873696
b50bb439f4c807fec9b0640915327e1d	d__Bacteria;p__Bacteroidota;c__Bacteroidia;o__Bacteroidales;f__Prevotellaceae;g__Alloprevotella;s__Prevotella_sp.	0.7576210306130643
4857ce0307edf8814b0c5c40883b3691	d__Bacteria;p__Thermodesulfobacteriota;c__Desulfovibrionia;o__Desulfovibrionales;f__Desulfomicrobiaceae;g__Desulfomicrobium;s__Desulfomicrobium_orale	0.999999830324086
8cf4eccb70308feb51943e87bd437f65	d__Bacteria;p__Bacillota;c__Clostridia;o__Lachnospirales;f__Lachnospiraceae;g__Blautia	0.9890806294759702
7b1b89ae2f38e8fa712c48f68ae55b67	d__Bacteria;p__Bacteroidota;c__Bacteroidia;o__Bacteroidales;f__Bacteroidaceae;g__Bacteroides	0.9999999996043661
d5a3a9ad2661bf542f3c5e323f557c9f	d__Bacteria;p__Bacillota;c__Clostridia;o__Lachnospirales;f__Lachnospiraceae;g__Catonella;s__uncultured_bacterium	0.8889538898132399
488012c4413b1e02ec5d18a19063826e	d__Bacteria;p__Bacteroidota;c__Bacteroidia;o__Bacteroidales;f__Prevotellaceae;g__Prevotella;s__Prevotella_veroralis	0.8733375279766765
bb3dc77dd5b961c9150f132c003c7d0a	d__Bacteria;p__Patescibacteria;c__Gracilibacteria;o__Absconditabacteriales_(SR1);f__Incertae_Sedis;g__Incertae_Sedis;s__SR1_bacterium	0.9966336755192703
cd4173fdfd41d2f504920bd768bd9b9e	d__Bacteria;p__Bacteroidota;c__Bacteroidia;o__Bacteroidales;f__Bacteroidaceae;g__Bacteroides	0.9962889557235549
52c9498a33730d91e3614567d3d3b1a0	d__Bacteria;p__Bacillota;c__Negativicutes;o__Veillonellales-Selenomonadales;f__Veillonellaceae;g__Veillonella	0.9999999999176378
e260e89ac50705931036e4e007ee4b8c	d__Bacteria;p__Spirochaetota;c__Spirochaetia;o__Spirochaetales;f__Spirochaetaceae;g__Treponema;s__uncultured_bacterium	0.8392619154202127
1d090a8b11b17986a606c62d19bef672	d__Bacteria;p__Actinomycetota;c__Actinobacteria;o__Actinomycetales;f__Actinomycetaceae;g__Actinomyces;s__Actinomyces_graevenitzii	0.9999804847160478
5cba73c09a59a9d8fee873d1bca0828c	d__Bacteria;p__Bacillota;c__Negativicutes;o__Veillonellales-Selenomonadales;f__Selenomonadaceae;g__Centipeda	0.7149293064963518
2e526b3dae03887c4ee1955507c34887	d__Bacteria;p__Bacillota;c__Clostridia;o__Peptostreptococcales-Tissierellales;f__Anaerovoracaceae;g__[Eubacterium]_sulci_group;s__uncultured_bacterium	0.999976751588563
3b76fa572662c624dde96f80ebce0411	d__Bacteria;p__Pseudomonadota;c__Gammaproteobacteria;o__Enterobacterales;f__Pasteurellaceae;g__Haemophilus	0.9999399881157561
936cdff1aa3e01e4920750899ba682bf	d__Bacteria;p__Patescibacteria;c__Gracilibacteria;o__JGI_0000069-P22;f__Incertae_Sedis;g__Incertae_Sedis;s__Candidatus_Gracilibacteria	0.9964051803707387
7e6a9aeaf78863cc34439ceacc775642	d__Bacteria;p__Bacillota;c__Negativicutes;o__Veillonellales-Selenomonadales;f__Selenomonadaceae;g__Selenomonas;s__Veillonellaceae_bacterium	0.7963660583125988
edb6869b5dfa874cf28e692a46ecafae	d__Bacteria;p__Bacteroidota;c__Bacteroidia;o__Bacteroidales;f__Porphyromonadaceae;g__Porphyromonas;s__uncultured_Porphyromonas	0.809473128316145
5f912412ac4fd76b61e086d68b4ff3bd	d__Bacteria;p__Actinomycetota;c__Coriobacteriia;o__Coriobacteriales;f__Atopobiaceae;g__Lancefieldella	0.9999900727379628
b1d81fa14933424fd9a7ee9e026164a6	d__Bacteria;p__Bacillota;c__Clostridia;o__Lachnospirales;f__Lachnospiraceae;g__Oribacterium;s__uncultured_Lachnospiraceae	0.9987914341402607
94c358d44b33396f626f555db7f84c8b	d__Bacteria;p__Bacillota;c__Clostridia;o__Oscillospirales;f__Ruminococcaceae	0.9999557021239455
5bd72dc839fc73528c45596ca62b77f8	d__Bacteria;p__Bacillota;c__Clostridia;o__Lachnospirales;f__Lachnospiraceae;g__Eisenbergiella;s__uncultured_organism	0.889873628280892
2eb41c2f0ef4e56794b4e2b554078057	d__Bacteria;p__Actinomycetota;c__Actinobacteria;o__Actinomycetales;f__Actinomycetaceae;g__F0332;s__uncultured_bacterium	0.9999215387795185
e3ad9d497cbc77c523acd6237a8ef05f	d__Bacteria;p__Bacteroidota;c__Bacteroidia;o__Bacteroidales;f__Prevotellaceae;g__Hoylesella;s__Prevotella_sp.	0.869425020518804
4a7df39a69d1eff98feba169ec2e40c5	d__Bacteria;p__Bacillota;c__Bacilli;o__Lactobacillales;f__Aerococcaceae;g__Abiotrophia;s__uncultured_bacterium	0.999983755102692
ffb545933ed31bc0f96b81b9865094b7	d__Bacteria;p__Bacillota;c__Clostridia;o__Lachnospirales;f__Lachnospiraceae;g__Catonella	0.9999999999373607
781430c159ecc011923a6d1e212e1a96	d__Bacteria;p__Actinomycetota;c__Coriobacteriia;o__Coriobacteriales;f__Eggerthellaceae;g__Senegalimassilia;s__uncultured_bacterium	0.9995545270389781
108e8396620038221e46141f0547ecb3	d__Bacteria;p__Bacillota;c__Clostridia;o__Lachnospirales;f__Lachnospiraceae;g__Roseburia;s__Lachnospiraceae_bacterium	0.9999998137045797
c4ead92fb23a6181285ef6ec89e2e80c	d__Bacteria;p__Bacillota;c__Bacilli;o__Lactobacillales;f__Streptococcaceae;g__Streptococcus	0.9999999983865502
9a2a4997703c65fe6727bcea8f7deb79	d__Bacteria;p__Bacillota;c__Clostridia;o__Peptostreptococcales-Tissierellales;f__Anaerovoracaceae;g__[Eubacterium]_saphenum_group;s__Eubacterium_saphenum	0.9995682633116366
575303e61fb788a6d93f13dabda9632c	d__Bacteria;p__Spirochaetota;c__Spirochaetia;o__Spirochaetales;f__Spirochaetaceae;g__Treponema;s__Treponema_sp.	0.7304877778984772
8b6d45ca6d5f7d513630cdcad1b71066	d__Bacteria;p__Bacteroidota;c__Bacteroidia;o__Bacteroidales;f__Prevotellaceae;g__Segatella;s__uncultured_bacterium	0.8043799167498162
e15b6ef1cd643dff3f0649b7baba06e8	d__Bacteria;p__Bacillota;c__Clostridia;o__Oscillospirales;f__Oscillospiraceae;g__UCG-003;s__uncultured_organism	0.8544259205116195
b2ff3b6bc3b6d29cd50b24f060530198	d__Bacteria;p__Bacillota;c__Clostridia;o__Oscillospirales;f__[Eubacterium]_coprostanoligenes_group;g__Incertae_Sedis;s__uncultured_bacterium	0.8017145609440716
fe78b15794f8cd0e8f8f78b477872d90	d__Bacteria;p__Bacillota;c__Bacilli;o__Erysipelotrichales;f__Erysipelotrichaceae;g__Holdemania	0.9999998958321149
36a5ce3e035b772681e5e7083e18d0e7	d__Bacteria;p__Bacillota;c__Bacilli;o__Lactobacillales;f__Streptococcaceae;g__Streptococcus	0.9999999983719882
0b68f0683e7eb6912e2f413784d38d30	d__Bacteria;p__Bacteroidota;c__Bacteroidia;o__Bacteroidales;f__Prevotellaceae;g__Hoylesella;s__uncultured_bacterium	0.9232903905742603
ee47c66f3abd609932073701f2ef5ff6	d__Bacteria;p__Patescibacteria;c__Saccharimonadia;o__Saccharimonadales;f__Saccharimonadaceae;g__Incertae_Sedis;s__uncultured_bacterium	0.853913485590335
d71a332139ba298d3a4c02fa85483882	d__Bacteria;p__Bacillota;c__Negativicutes;o__Veillonellales-Selenomonadales;f__Veillonellaceae;g__Anaeroglobus;s__Anaeroglobus_geminatus	0.9999987576156331
d482173cd7b35ee0c780bb9bcb07ead1	d__Bacteria;p__Bacteroidota;c__Bacteroidia;o__Bacteroidales;f__Prevotellaceae;g__Hoylesella;s__unidentified	0.8042739448378758
dbcb993eda27b4c11a428f3c6c5ba839	d__Bacteria;p__Bacillota;c__Clostridia;o__Lachnospirales;f__Lachnospiraceae	0.9999996506230531
916b4053fd26e18a6c7fc63635cbe5e8	d__Bacteria;p__Bacillota;c__Clostridia;o__Oscillospirales;f__Oscillospiraceae;g__UCG-005	0.9997396954063121
5b4809adcadb74feed51e85adec957c4	d__Bacteria;p__Bacillota;c__Clostridia;o__Oscillospirales;f__Ruminococcaceae;g__Faecalibacterium	0.9999517591349585
65d49098ddce38e5db40cb84725f193b	d__Bacteria;p__Pseudomonadota;c__Gammaproteobacteria;o__Burkholderiales;f__Neisseriaceae;g__Eikenella;s__uncultured_bacterium	0.715941472566572
f1e8c045b34f3219e7740b393a33fc21	d__Bacteria;p__Bacillota;c__Negativicutes;o__Veillonellales-Selenomonadales;f__Selenomonadaceae;g__Selenomonas;s__Selenomonas_sputigena	0.9999475193571473
06e2903ce527c05b63368ddaa03c8a1b	d__Bacteria;p__Spirochaetota;c__Spirochaetia;o__Spirochaetales;f__Spirochaetaceae;g__Treponema;s__Treponema_medium	0.9927432245418645
83a7df31497312a8c9d261da14b05217	d__Bacteria;p__Bacteroidota;c__Bacteroidia;o__Bacteroidales;f__Prevotellaceae;g__Segatella;s__uncultured_bacterium	0.8937858847246145
42659bb44c210ccd6f725cba32bc558f	d__Bacteria;p__Bacillota;c__Clostridia;o__Lachnospirales;f__Lachnospiraceae;g__[Eubacterium]_eligens_group	0.9996564756642607
98bc1817f2d95a25154fc5c93a75427a	d__Bacteria;p__Bacteroidota;c__Bacteroidia;o__Bacteroidales;f__Marinifilaceae;g__Butyricimonas;s__uncultured_organism	0.9065804226593602
8a4c1676312416c3d11e8da8a0e39219	d__Bacteria;p__Bacillota;c__Clostridia;o__Lachnospirales;f__Lachnospiraceae;g__Lachnospiraceae_FCS020_group;s__uncultured_organism	0.985661485071494
bbcea24b25a9f0086532f434727b2904	d__Bacteria;p__Bacillota;c__Negativicutes;o__Veillonellales-Selenomonadales;f__Selenomonadaceae;g__Selenomonas	0.7197963281253624
798b4c2ce13177fa643a332cad6f4788	d__Bacteria;p__Patescibacteria;c__Saccharimonadia;o__Saccharimonadales;f__Saccharimonadaceae;g__Candidatus_Saccharimonas;s__uncultured_bacterium	0.86653594792046
a811fb6074cf502cd952c8454231703c	d__Bacteria;p__Bacillota;c__Clostridia;o__Christensenellales;f__Christensenellaceae;g__Incertae_Sedis;s__uncultured_bacterium	0.9995672833680453
bb5a0c438071c99f1cf47c992e7b9e1c	d__Bacteria;p__Bacillota;c__Clostridia;o__Peptostreptococcales-Tissierellales;f__Family_XI;g__Parvimonas	0.9999999996658485
3ec9f3c075e0fac1ffc3b4572e11b8e6	d__Bacteria;p__Patescibacteria;c__Dojkabacteria;o__Incertae_Sedis;f__Incertae_Sedis;g__Incertae_Sedis	0.9999999999999861
ae99fbf69affeab7f759ff62ac687622	d__Bacteria;p__Bacillota;c__Clostridia;o__Lachnospirales;f__Lachnospiraceae	0.99999581895034
1dedf6168635e26c1f3aa0c35fa96e79	d__Bacteria;p__Bacillota;c__Negativicutes;o__Veillonellales-Selenomonadales;f__Veillonellaceae;g__Megasphaera;s__Megasphaera_micronuciformis	0.9998826794726386
7da48835cacd7ec4bb0edff18a345a10	d__Bacteria;p__Actinomycetota;c__Actinobacteria;o__Actinomycetales;f__Actinomycetaceae;g__Schaalia	0.9999999833237081
ed83faecbdff049c5a772a0d6031a8e2	d__Bacteria;p__Bacteroidota;c__Bacteroidia;o__Bacteroidales;f__Marinifilaceae;g__Butyricimonas;s__uncultured_organism	0.960305533470724
a7408fbb9d3d9b12eabf5b6efe034e9c	d__Bacteria;p__Verrucomicrobiota;c__Verrucomicrobiia;o__Verrucomicrobiales;f__Akkermansiaceae;g__Akkermansia;s__uncultured_organism	0.8710728657411183
a7bea5999b2f1d02010a6b88c8fbefb5	d__Bacteria;p__Pseudomonadota;c__Gammaproteobacteria;o__Enterobacterales;f__Hafniaceae;g__Hafnia-Obesumbacterium;s__Hafnia_alvei	0.7654070984327813
42c7afd4ecd1809e5e35ad6b148bd707	d__Bacteria;p__Spirochaetota;c__Spirochaetia;o__Spirochaetales;f__Spirochaetaceae;g__Treponema	0.9999999988641286
5cd2c2530b47225fe4ea5762dc9fbfbd	d__Bacteria;p__Bacillota;c__Negativicutes;o__Veillonellales-Selenomonadales;f__Selenomonadaceae;g__Selenomonas	0.9999997487850779
a80354b0f0f3bbc0cdefb9bc14910b1a	d__Bacteria;p__Actinomycetota;c__Actinobacteria;o__Actinomycetales;f__Actinomycetaceae;g__Actinomyces	0.999999976663441
d87077e326570c83ff21e5c9e368c239	d__Bacteria;p__Bacteroidota;c__Bacteroidia;o__Bacteroidales;f__Prevotellaceae;g__Prevotella	0.9678462352133351
f9bfa22c7eeb310b48eb3314a660f7f0	d__Bacteria;p__Bacteroidota;c__Bacteroidia;o__Bacteroidales;f__Prevotellaceae;g__Prevotella	0.9999999398430103
e21d009015cb821c9a2629e6929be91f	d__Bacteria;p__Actinomycetota;c__Actinobacteria;o__Mycobacteriales;f__Corynebacteriaceae;g__Corynebacterium;s__Corynebacterium_matruchotii	0.9180672320622666
7c027984e1949242a4c5d0176d64b33b	d__Bacteria;p__Actinomycetota;c__Coriobacteriia;o__Coriobacteriales;f__Atopobiaceae;g__Tractidigestivibacter;s__metagenome	0.7809319398459671
b5676d009cc210060a815a18977209b5	d__Bacteria;p__Bacillota;c__Clostridia;o__Lachnospirales;f__Lachnospiraceae;g__Lachnospira	0.9990977296334895
27500bc7469f0a5e408708bff81f3b6c	d__Bacteria;p__Verrucomicrobiota;c__Verrucomicrobiia;o__Verrucomicrobiales;f__Akkermansiaceae;g__Akkermansia	0.9999999999999876
17782699cc0f44e930596c69a97ca8b8	d__Bacteria;p__Bacteroidota;c__Bacteroidia;o__Flavobacteriales;f__Flavobacteriaceae;g__Capnocytophaga;s__Capnocytophaga_sp.	0.9085029378130811
4134eac76594c1ea85b6438e050deaf9	d__Bacteria;p__Actinomycetota;c__Actinobacteria;o__Actinomycetales;f__Actinomycetaceae;g__Schaalia	0.9999999754354518
0decc952ab10b2cd7dabbdbedd204625	d__Bacteria;p__Bacillota;c__Clostridia;o__Peptostreptococcales-Tissierellales;f__Anaerovoracaceae;g__Mogibacterium;s__Mogibacterium_timidum	0.9891669528123636
71f2d707d77bec299bc82a4335a2aee8	d__Bacteria;p__Bacillota;c__Negativicutes;o__Veillonellales-Selenomonadales;f__Veillonellaceae;g__Megasphaera;s__Megasphaera_micronuciformis	0.9998325629080443
99e0e5dd0d27f74448a25c5f3bab5d86	d__Bacteria;p__Bacteroidota;c__Bacteroidia;o__Bacteroidales;f__Porphyromonadaceae;g__Porphyromonas;s__uncultured_Porphyromonas	0.8427213891332759
87eb16845a48256aedcdf8344522a00a	d__Bacteria;p__Spirochaetota;c__Spirochaetia;o__Spirochaetales;f__Spirochaetaceae;g__Treponema;s__Treponema_genomosp.	0.9609246585901385
6634ed148441f12e0ecac6e3fbfa5520	d__Bacteria;p__Bacillota;c__Bacilli;o__Lactobacillales;f__Streptococcaceae;g__Streptococcus	0.9999999984621001
35b5f25789bd740470d3f52062ce8246	d__Bacteria;p__Bacillota;c__Clostridia;o__Lachnospirales;f__Lachnospiraceae;g__Incertae_Sedis	0.7971844874972294
66451ed3342638c5b0a3885dd37a92d8	d__Bacteria;p__Bacillota;c__Negativicutes;o__Veillonellales-Selenomonadales;f__Veillonellaceae;g__Veillonella	0.9999999998703074
ce3c11405838d4e971765d75ee0ed68b	d__Bacteria;p__Fusobacteriota;c__Fusobacteriia;o__Fusobacteriales;f__Leptotrichiaceae;g__Pseudoleptotrichia;s__Leptotrichia_sp.	0.996577437056583
539dbb32234ca78844e2613ad1244de9	d__Bacteria;p__Chloroflexota;c__Anaerolineae;o__Anaerolineales;f__Anaerolineaceae;g__Flexilinea;s__Anaerolineaceae_bacterium	0.9775136690537733
7af00553e37e4d72ae3a5e2196d9085d	d__Bacteria;p__Bacteroidota;c__Bacteroidia;o__Bacteroidales;f__Prevotellaceae;g__Prevotella;s__Prevotella_denticola	0.9956072609079349
0470a8ed337e8da90658a8bc6ef3d88c	d__Bacteria;p__Bacteroidota;c__Bacteroidia;o__Bacteroidales;f__Prevotellaceae;g__Segatella;s__uncultured_bacterium	0.9810584696640916
4dc46ca182bf91905d0344e4048f5378	d__Bacteria;p__Bacillota;c__Negativicutes;o__Veillonellales-Selenomonadales;f__Veillonellaceae;g__Allisonella;s__uncultured_bacterium	0.9965724395865578
632f712701a6269e41c3ee600d0f3791	d__Bacteria;p__Bacteroidota;c__Bacteroidia;o__Bacteroidales;f__Bacteroidaceae;g__Bacteroides;s__Bacteroides_eggerthii	0.8574968943047718
2fbd3634e0158306b8bce16dd492abdd	d__Bacteria;p__Bacteroidota;c__Bacteroidia;o__Bacteroidales;f__Prevotellaceae;g__Paraprevotella;s__uncultured_bacterium	0.9278221122215151
df7d9cf9b6de9610351988120eab6281	d__Bacteria;p__Bacteroidota;c__Bacteroidia;o__Bacteroidales;f__Prevotellaceae;g__Prevotella	0.9999995633542715
f3744b677c99437bc40fbade1fc47010	d__Bacteria;p__Fusobacteriota;c__Fusobacteriia;o__Fusobacteriales;f__Leptotrichiaceae;g__Leptotrichia;s__uncultured_Leptotrichia	0.9102397931697154
ae228fe6baa0b6d5e1701fbcc6abcadf	d__Bacteria;p__Synergistota;c__Synergistia;o__Synergistales;f__Synergistaceae;g__Fretibacterium	0.9999999992569404
a7ddf63141d0efe70a40c3a9741410b4	d__Bacteria;p__Bacillota;c__Clostridia;o__Oscillospirales;f__Ruminococcaceae;g__Candidatus_Soleaferrea;s__Ruminococcaceae_bacterium	0.9999943204282284
859f08394d647e1516b48a3a739fb2b4	d__Bacteria;p__Bacillota;c__Bacilli;o__Staphylococcales;f__Gemellaceae;g__Gemella;s__uncultured_bacterium	0.7804724342258758
1a4675cef8a008835deefa0ddb0fc49c	d__Bacteria;p__Bacillota;c__Clostridia;o__Peptostreptococcales-Tissierellales;f__Anaerovoracaceae;g__Family_XIII_UCG-001;s__Peptostreptococcaceae_bacterium	0.9999423382261955
9ff5ead4a89b94e39da0e5a1227900eb	d__Bacteria;p__Bacillota;c__Clostridia;o__Peptostreptococcales-Tissierellales;f__Peptostreptococcaceae;g__Peptostreptococcus	0.999999999940012
faf67c4e9babcbbcb1a50eb73a853353	d__Bacteria;p__Bacteroidota;c__Bacteroidia;o__Bacteroidales;f__Porphyromonadaceae;g__Porphyromonas;s__uncultured_Porphyromonas	0.9203771510368925
6bed8d8a27af545806cb1691b4518cf1	d__Bacteria;p__Bacillota;c__Negativicutes;o__Veillonellales-Selenomonadales;f__Selenomonadaceae;g__Selenomonas;s__Selenomonas_sp.	0.9378445947313442
3e3765de64fd89c50d60e86f0aae4363	d__Bacteria;p__Bacteroidota;c__Bacteroidia;o__Bacteroidales;f__Prevotellaceae;g__Prevotella;s__Prevotella_micans	0.9999998674628703
5fb1cd8e288ae72bed6ab159925068be	d__Bacteria;p__Spirochaetota;c__Spirochaetia;o__Spirochaetales;f__Spirochaetaceae;g__Treponema;s__Treponema_genomosp.	0.999037619693955
b4e6429fe21bb767a4c701f5ed9fba72	d__Bacteria;p__Bacillota;c__Clostridia;o__Oscillospirales;f__Oscillospiraceae;g__UCG-005;s__metagenome	0.9952398490843262
d64a5968156590b9375f089ba997d807	d__Bacteria;p__Bacteroidota;c__Bacteroidia;o__Bacteroidales;f__Rikenellaceae;g__Alistipes;s__Alistipes_sp.	0.9987954578078192
ffb3bf7b7c32855e8d622314660e1a37	d__Bacteria;p__Bacillota;c__Clostridia;o__Oscillospirales;f__Oscillospiraceae;g__Colidextribacter	0.9973381469364772
24ff670b1b8f1e6f1917f224fe3efad4	d__Bacteria;p__Bacteroidota;c__Bacteroidia;o__Bacteroidales;f__Prevotellaceae;g__Prevotella	0.9999999648984417
05a04562e00e3db83ba17acc0e912861	d__Bacteria;p__Spirochaetota;c__Spirochaetia;o__Spirochaetales;f__Spirochaetaceae;g__Treponema;s__Treponema_genomosp.	0.999992797622627
f12971127927ccc972c07bb5b84180ea	d__Bacteria;p__Fusobacteriota;c__Fusobacteriia;o__Fusobacteriales;f__Leptotrichiaceae;g__Pseudoleptotrichia;s__uncultured_bacterium	0.9382627643442293
454793364a4902ffeeef68cd76a70571	d__Bacteria;p__Pseudomonadota;c__Gammaproteobacteria;o__Enterobacterales;f__Pasteurellaceae;g__Haemophilus;s__Haemophilus_haemolyticus	0.7890207628890149
d28f63cef2db349f890d1bde42716077	d__Bacteria;p__Fusobacteriota;c__Fusobacteriia;o__Fusobacteriales;f__Fusobacteriaceae;g__Fusobacterium	0.9999999999993853
44a2c6295039d9f0f3c01f2c99651e2f	d__Bacteria;p__Bacteroidota;c__Bacteroidia;o__Bacteroidales;f__Prevotellaceae;g__Alloprevotella	0.9999999999999982
8e046a8b630129a5f84debccde1d511b	d__Bacteria;p__Bacillota;c__Negativicutes;o__Veillonellales-Selenomonadales;f__Selenomonadaceae;g__Selenomonas;s__Schwartzia_sp.	0.9253760588659145
b7ec21394d877839a62084735e246f5c	d__Bacteria;p__Bacillota;c__Clostridia;o__Peptostreptococcales-Tissierellales;f__Anaerovoracaceae;g__Family_XIII_AD3011_group;s__metagenome	0.9586758657844492
0fe68e214920b4453dd8f1eff9705fd0	d__Bacteria;p__Bacillota;c__Clostridia;o__Christensenellales;f__Christensenellaceae;g__Christensenellaceae_R-7_group	0.9873637581984526
cbbbcc972e3b28f2a22cfe76e030c217	d__Bacteria;p__Bacillota;c__Clostridia;o__Lachnospirales;f__Lachnospiraceae;g__Incertae_Sedis;s__bacterium_enrichment	0.9230510388096181
52ba52e30f9d5544bdace0dc6dd18956	d__Bacteria;p__Bacillota;c__Clostridia;o__Lachnospirales;f__Lachnospiraceae;g__Anaerobutyricum	0.9999996469093367
2f2c00bdcfc012199ce588a4ffc372eb	d__Bacteria;p__Actinomycetota;c__Actinobacteria;o__Actinomycetales;f__Actinomycetaceae;g__Schaalia	0.9999999302605161
e6f9cdf88e8366c018076ab8edbdd223	d__Bacteria;p__Bacillota;c__Clostridia;o__Oscillospirales;f__Butyricicoccaceae;g__Agathobaculum;s__uncultured_bacterium	0.9132667784974586
0f0f21fccbcc9306676229d07af83e2e	d__Bacteria;p__Bacteroidota;c__Bacteroidia;o__Bacteroidales;f__Porphyromonadaceae;g__Porphyromonas	0.999999999622932
27a759c8da41b9ce772b0d618fcf324d	d__Bacteria;p__Pseudomonadota;c__Gammaproteobacteria;o__Burkholderiales;f__Neisseriaceae;g__Eikenella;s__uncultured_bacterium	0.8052534070675694
6b680fb370d84c01cf9ba25cf3f0635c	d__Bacteria;p__Bacillota;c__Clostridia;o__Lachnospirales;f__Lachnospiraceae;g__Lachnoanaerobaculum;s__uncultured_bacterium	0.9130786322418961
f838fef1ca4d7a5be14938a0902e8752	d__Bacteria;p__Bacteroidota;c__Bacteroidia;o__Bacteroidales;f__Prevotellaceae;g__Incertae_Sedis;s__	0.9378108919926186
7f0efc5b5223317e31dfd7ca3dbc08c3	d__Bacteria;p__Pseudomonadota;c__Gammaproteobacteria;o__Enterobacterales;f__Pasteurellaceae;g__Aggregatibacter;s__uncultured_bacterium	0.9830084830361453
5ce3b17325744bf1e1052cbd85193eba	d__Bacteria;p__Bacteroidota;c__Bacteroidia;o__Flavobacteriales;f__Flavobacteriaceae;g__Capnocytophaga;s__Capnocytophaga_ochracea	0.7262941622391833
e284bc2fdfbeb715f0a2726bf075a85d	d__Bacteria;p__Spirochaetota;c__Spirochaetia;o__Spirochaetales;f__Spirochaetaceae;g__Treponema;s__Treponema_medium	0.8959872650910383
4299924a538ce02a163895584ae6616f	d__Bacteria;p__Bacteroidota;c__Bacteroidia;o__Bacteroidales;f__Prevotellaceae;g__Segatella;s__uncultured_bacterium	0.9091584352946034
31c40d225eae3bc052fe740ad5a2d893	d__Bacteria;p__Bacteroidota;c__Bacteroidia;o__Bacteroidales;f__Rikenellaceae;g__Alistipes	0.9999999999975784
fb2e43a3fe8a2da6f9832efdaa5b412e	d__Bacteria;p__Bacillota;c__Clostridia;o__Christensenellales;f__Christensenellaceae;g__Christensenellaceae_R-7_group;s__uncultured_Firmicutes	0.8297641814586136
581860e48b9f998b474d197b9d821cb5	d__Bacteria;p__Bacillota;c__Clostridia;o__Lachnospirales;f__Lachnospiraceae;g__Mediterraneibacter	0.8389654352378759
af6715541ed0d6a6d8181909ed25a8b3	d__Bacteria;p__Bacillota;c__Clostridia;o__Oscillospirales;f__Oscillospiraceae;g__UCG-005;s__metagenome	0.9948564926101986
903b651d072fb2fc6f959d16905dea34	d__Bacteria;p__Bacillota;c__Clostridia;o__Clostridiales;f__Clostridiaceae;g__Clostridium	0.9205145215234476
ce0bbecd4d974c4a41d2465af1ddbffa	d__Bacteria;p__Bacteroidota;c__Bacteroidia;o__Bacteroidales;f__Prevotellaceae;g__Prevotella;s__Prevotella_pallens	0.9998148805191518
cd3df7f4f4c639083b13ccf0b6f748c9	d__Bacteria;p__Patescibacteria;c__Saccharimonadia;o__Saccharimonadales;f__Saccharimonadaceae;g__Candidatus_Saccharimonas;s__TM7_phylum	0.9999938141593294
cf46228411ce58e9343310ae2e8e14d8	d__Bacteria;p__Bacteroidota;c__Bacteroidia;o__Bacteroidales;f__Prevotellaceae;g__Prevotella;s__Prevotella_veroralis	0.9893900290685032
b33c231b17b838159740449bf62b1508	d__Bacteria;p__Bacteroidota;c__Bacteroidia;o__Bacteroidales;f__Rikenellaceae;g__Rikenellaceae_RC9_gut_group;s__Bacteroidales_oral	0.9999975313743394
c2182c5e5a155555e0514b788cf764de	d__Bacteria;p__Bacillota;c__Clostridia;o__Oscillospirales;f__Oscillospiraceae;g__Colidextribacter;s__Colidextribacter_massiliensis	0.7878722903264905
a638823607fb9ff551df486caae458d8	d__Bacteria;p__Bacillota;c__Clostridia;o__Oscillospirales;f__Ruminococcaceae;g__Incertae_Sedis;s__human_gut	0.9821998593777148
b35ce60ed2ebee014a531bb555bebfea	d__Bacteria;p__Bacillota;c__Clostridia;o__Oscillospirales;f__Ruminococcaceae;g__Paludicola;s__uncultured_bacterium	0.8117077884455719
cafdaefd8fd7c13925447319c4590c72	d__Bacteria;p__Spirochaetota;c__Spirochaetia;o__Spirochaetales;f__Spirochaetaceae;g__Treponema	0.9999999992439318
77b1e2fff32aeb28710d75daf5b1a535	d__Bacteria;p__Bacteroidota;c__Bacteroidia;o__Bacteroidales;f__Prevotellaceae;g__Prevotella;s__Prevotella_sp.	0.8185830461750707
814aff128cdb0cd00692559b8eb30ba9	d__Bacteria;p__Patescibacteria;c__Saccharimonadia;o__Saccharimonadales;f__Saccharimonadaceae;g__Candidatus_Saccharimonas	0.999999998698356
a7ad0640b1e409f0c81b33288cca9127	d__Bacteria;p__Spirochaetota;c__Spirochaetia;o__Spirochaetales;f__Spirochaetaceae;g__Treponema;s__uncultured_bacterium	0.7837981720444117
a5a9939fd98cd7cfdcddb69a06fb3be7	d__Bacteria;p__Bacillota;c__Bacilli;o__Lactobacillales;f__Lactobacillaceae;g__Latilactobacillus	0.9999139365202993
0490bd5c26a25642a1c62cc92e7d152b	d__Bacteria;p__Bacteroidota;c__Bacteroidia;o__Bacteroidales;f__Porphyromonadaceae;g__Porphyromonas;s__uncultured_Porphyromonas	0.809520352504165
eb8d9003d787d3d7b18ebc47a8bc3d4c	d__Bacteria;p__Fusobacteriota;c__Fusobacteriia;o__Fusobacteriales;f__Leptotrichiaceae;g__Pseudoleptotrichia;s__uncultured_bacterium	0.9716166759445423
f1a51de5f0a35554b13f131dcff316ff	d__Bacteria;p__Bacillota;c__Clostridia;o__Peptostreptococcales-Tissierellales;f__Anaerovoracaceae;g__Aminipila;s__Peptostreptococcaceae_bacterium	0.9148969330641402
2446b21bdab2aa59da6160cc2854e590	d__Bacteria;p__Spirochaetota;c__Spirochaetia;o__Spirochaetales;f__Spirochaetaceae;g__Treponema;s__Treponema_socranskii	0.9963833421978399
643d606d30e0cd894df578b1a2f2a6b4	d__Bacteria;p__Bacteroidota;c__Bacteroidia;o__Bacteroidales;f__Prevotellaceae;g__Paraprevotella;s__uncultured_bacterium	0.7053581854888358
b16c17d0d223b2b703fc8c25e569b1ed	d__Bacteria;p__Thermodesulfobacteriota;c__Desulfovibrionia;o__Desulfovibrionales;f__Desulfovibrionaceae;g__Desulfovibrio;s__Desulfovibrio_fairfieldensis	0.9779353428035927
4069a302cac551aceb26e3d56e107c35	d__Bacteria;p__Actinomycetota;c__Coriobacteriia;o__Coriobacteriales;f__Atopobiaceae;g__Parolsenella;s__uncultured_bacterium	0.8538828380405127
69160c29d689baf8d3b1bdc5846e0aca	d__Bacteria;p__Bacillota;c__Clostridia;o__Clostridia_UCG-014;f__Incertae_Sedis;g__Incertae_Sedis	0.9999999999989378
8462d04767d035222ad64d5b86c8651c	d__Bacteria;p__Bacillota;c__Clostridia;o__Lachnospirales;f__Lachnospiraceae;g__Blautia	0.9755002828423245
cd7c30498ca6e64224a91e3436ddd087	d__Bacteria;p__Bacillota;c__Clostridia;o__Christensenellales;f__Christensenellaceae;g__Christensenella;s__Catabacter_hongkongensis	0.8119745462278742
6361cad86f06789038f1c30d183e4a0e	d__Bacteria;p__Bacteroidota;c__Bacteroidia;o__Bacteroidales;f__Prevotellaceae;g__Alloprevotella	0.9999968451996838
3fe8608797c2760295ca61479f630cb6	d__Bacteria;p__Bacillota;c__Clostridia;o__Peptostreptococcales-Tissierellales;f__Anaerovoracaceae;g__Mogibacterium	0.9999999977827293
c5566617deca01490f70bd23ec040d26	d__Bacteria;p__Spirochaetota;c__Spirochaetia;o__Spirochaetales;f__Spirochaetaceae;g__Treponema	0.99999999614655
8278cad0d1e9248d2eb908d66a4651d2	d__Bacteria;p__Spirochaetota;c__Spirochaetia;o__Spirochaetales;f__Spirochaetaceae;g__Treponema	0.9999999998100306
2f2980c2303f6922e853006743e1e477	d__Bacteria;p__Campylobacterota;c__Campylobacteria;o__Campylobacterales;f__Rs-M59_termite_group;g__Incertae_Sedis;s__uncultured_bacterium	0.9999947099562778
1596508bf176dc26f65f2ba067a1ba90	d__Bacteria;p__Bacillota;c__Clostridia;o__Peptococcales;f__Peptococcaceae;g__Peptococcus;s__uncultured_bacterium	0.9999998456103874
f72b23332d04f845894667d3fe2a3360	d__Bacteria;p__Bacillota;c__Clostridia;o__Peptococcales;f__Peptococcaceae;g__Incertae_Sedis;s__metagenome	0.804866243720087
01ee9b2cf2da4ce04fcc4fae00a10d61	d__Bacteria;p__Bacteroidota;c__Bacteroidia;o__Bacteroidales;f__Bacteroidaceae;g__Bacteroides;s__Bacteroides_thetaiotaomicron	0.7416412067298336
9900b6c195c1ad973ff940899caa0828	d__Bacteria;p__Bacillota;c__Clostridia;o__Lachnospirales;f__Lachnospiraceae;g__Blautia;s__metagenome	0.7198341251830066
9c3fba474f6d1a22a80aa9e44b918b9e	d__Bacteria;p__Bacillota;c__Clostridia;o__Lachnospirales;f__Lachnospiraceae;g__Lachnospiraceae_UCG-004;s__uncultured_organism	0.8153985878441133
9c37c47616175bb66514c9e45e0d6509	d__Bacteria;p__Bacillota;c__Clostridia;o__Oscillospirales;f__Ruminococcaceae;g__Incertae_Sedis	0.9861211075002662
07093f62e3c9fcc20907cadb70ffefbf	d__Bacteria;p__Patescibacteria;c__Saccharimonadia;o__Saccharimonadales;f__Incertae_Sedis;g__Incertae_Sedis;s__	0.9999999766766056
97e4c594e17373ffbbffb1ceefb6780e	d__Bacteria;p__Spirochaetota;c__Spirochaetia;o__Spirochaetales;f__Spirochaetaceae;g__Treponema;s__Treponema_medium	0.9133887445537993
f279158c2862fea6f94f0ff301cd367a	d__Bacteria;p__Pseudomonadota;c__Gammaproteobacteria;o__Burkholderiales;f__Neisseriaceae;g__Eikenella;s__Eikenella_sp.	0.8486688669570417
ea879cb27d44733139e2d7f9d32073ec	d__Bacteria;p__Bacillota;c__Bacilli;o__Izemoplasmatales;f__Incertae_Sedis;g__Incertae_Sedis;s__uncultured_bacterium	0.9999538722729605
32ec60ddb86c0ac9c519611cb5575c63	d__Bacteria;p__Bacillota;c__Clostridia;o__Lachnospirales;f__Lachnospiraceae;g__Oribacterium	0.9999981475151777
bc88f7f4e0f8e7e6fc48633abd3aa2bf	d__Bacteria;p__Bacteroidota;c__Bacteroidia;o__Bacteroidales;f__Prevotellaceae;g__Incertae_Sedis;s__uncultured_Prevotellaceae	0.9741968314696664
19f7fea0c8a8bae0971da2bdb5a1be1b	d__Bacteria;p__Actinomycetota;c__Actinobacteria;o__Mycobacteriales;f__Corynebacteriaceae;g__Corynebacterium;s__Corynebacterium_matruchotii	0.9162949778244892
a0d59a336ce3fd9bd7e290b99e986e57	d__Bacteria;p__Fusobacteriota;c__Fusobacteriia;o__Fusobacteriales;f__Leptotrichiaceae;g__Leptotrichia	0.9999927414618209
5f7c26f97659681b98b362b1da8acd1e	d__Bacteria;p__Bacillota;c__Bacilli;o__Lactobacillales;f__Streptococcaceae;g__Streptococcus;s__Streptococcus_gordonii	0.7282463773303599
4f1492de118345dfaaa75c88fbf3a849	d__Bacteria;p__Bacillota;c__Clostridia;o__Oscillospirales;f__Ruminococcaceae;g__Incertae_Sedis;s__human_gut	0.9840228072764658
29f48f00058d80316f9cbe94f29a9cd7	d__Bacteria;p__Bacillota;c__Clostridia;o__Lachnospirales;f__Lachnospiraceae;g__Anaerostipes	0.9999935040021035
1819e3ce30766083de0db361bbb475d7	d__Bacteria;p__Bacillota;c__Clostridia;o__Clostridia_UCG-014;f__Incertae_Sedis;g__Incertae_Sedis	0.9999999999810477
fc746bc9c38cdfd24e88cbb4d121255b	d__Bacteria;p__Spirochaetota;c__Spirochaetia;o__Spirochaetales;f__Spirochaetaceae;g__Treponema;s__Treponema_socranskii	0.986554987712075
cb981f80f5df7508b130629b650fb7ab	d__Bacteria;p__Bacteroidota;c__Bacteroidia;o__Flavobacteriales;f__Flavobacteriaceae;g__Capnocytophaga	0.9999999950239161
cdc7c5580dc09cc8781e820ff22d34d9	d__Bacteria;p__Actinomycetota;c__Coriobacteriia;o__Coriobacteriales;f__Atopobiaceae;g__Lancefieldella;s__uncultured_bacterium	0.7252110262728657
7b6a472066bddb174e49011deb713caa	d__Bacteria;p__Bacteroidota;c__Bacteroidia;o__Bacteroidales;f__Prevotellaceae;g__Prevotella;s__Prevotella_melaninogenica	0.9748162307127823
a5e23cbe6487dc7c4d091cb2474c1d5a	d__Bacteria;p__Bacillota;c__Clostridia;o__Lachnospirales;f__Lachnospiraceae;g__Johnsonella	0.9999998428643773
0b5b95f17c545e4287173be867d49fd1	d__Bacteria;p__Bacteroidota;c__Bacteroidia;o__Bacteroidales;f__Prevotellaceae;g__Prevotellaceae_UCG-004;s__uncultured_bacterium	0.7863248805623494
f69fa508229958259a9b6e159a1dd55c	d__Bacteria;p__Bacillota;c__Clostridia;o__Christensenellales;f__Christensenellaceae;g__Christensenellaceae_R-7_group;s__uncultured_bacterium	0.9383701094060228
267bb1f47551d1874f53ace5fc277b25	d__Bacteria;p__Bacillota;c__Clostridia;o__Lachnospirales;f__Lachnospiraceae;g__Lachnospira;s__uncultured_bacterium	0.7329361485064848
e412a7bdbe75c4cbe282f912ab058e1b	d__Bacteria;p__Bacillota;c__Clostridia;o__Lachnospirales;f__Lachnospiraceae;g__Lachnoclostridium;s__[Clostridium]_scindens	0.9867886616059847
657967aad31527de494561e0ddbf3d20	d__Bacteria;p__Bacillota;c__Clostridia;o__Lachnospirales;f__Lachnospiraceae;g__Enterocloster	0.9957786492574703
9da7e3eec01f709d379eb0d01de8f79b	d__Bacteria;p__Bacillota;c__Clostridia;o__Lachnospirales;f__Lachnospiraceae;g__Enterocloster	0.9908407656316709
9ef8d41b85dd98a347ae62f087564e77	d__Bacteria;p__Bacillota;c__Bacilli;o__Erysipelotrichales;f__Erysipelatoclostridiaceae;g__Catenibacterium;s__uncultured_bacterium	0.881179492905389
d6ffa1d6c291adcfd52e5d567fa50084	d__Bacteria;p__Bacteroidota;c__Bacteroidia;o__Bacteroidales;f__Rikenellaceae;g__Alistipes;s__uncultured_bacterium	0.9893362652797406
c3e2fbb93bf845a46cfd6829129a7037	d__Bacteria;p__Bacteroidota;c__Bacteroidia;o__Bacteroidales;f__Prevotellaceae;g__Segatella;s__uncultured_organism	0.9328353525301581
9830b2fcdc2f5514ae6d243a79ea41e2	d__Bacteria;p__Bacillota;c__Negativicutes;o__Veillonellales-Selenomonadales;f__Selenomonadaceae;g__Selenomonas	0.9999990456072725
c7586c56f3ca0daac700cd00ce4a74ba	d__Bacteria;p__Pseudomonadota;c__Gammaproteobacteria;o__Enterobacterales;f__Pasteurellaceae;g__Haemophilus	0.9998805946496059
00b7898fe878c5b9a2e8187774a1e506	d__Bacteria;p__Bacillota;c__Negativicutes;o__Veillonellales-Selenomonadales;f__Selenomonadaceae;g__Selenomonas;s__Veillonellaceae_bacterium	0.7380295813719261
869a1e08d2854868c30be5e8c3c9f4e5	d__Bacteria;p__Bacillota;c__Negativicutes;o__Veillonellales-Selenomonadales;f__Selenomonadaceae	0.9999999999994647
5812aa7c8551c6bb30212e0bfe190c3a	d__Bacteria;p__Bacteroidota;c__Bacteroidia;o__Bacteroidales;f__Prevotellaceae;g__Hoylesella;s__uncultured_bacterium	0.9331711828524278
29b4b99ef46708c8d671a5331cf6bc5e	d__Bacteria;p__Spirochaetota;c__Spirochaetia;o__Spirochaetales;f__Spirochaetaceae;g__Treponema;s__Treponema_sp.	0.9765677212132178
22eef73984aebcfa5deee3f607b6f393	d__Bacteria;p__Pseudomonadota;c__Gammaproteobacteria;o__Enterobacterales;f__Pasteurellaceae;g__Aggregatibacter	0.9189662514835732
030dc6f14c3e2fa43aa824e100d5754d	d__Bacteria;p__Bacteroidota;c__Bacteroidia;o__Bacteroidales;f__Prevotellaceae	0.9999999999653504
df25edba16c49ac8c2f7d3838b7a5250	d__Bacteria;p__Bacteroidota;c__Bacteroidia;o__Bacteroidales;f__Tannerellaceae;g__Tannerella	0.9999999479016616
46fef007915ab7abfc0caeb03675b439	d__Bacteria;p__Spirochaetota;c__Spirochaetia;o__Spirochaetales;f__Spirochaetaceae;g__Treponema;s__Treponema_genomosp.	0.9950841260980045
77eb00903a5efb1beeffb82281889422	d__Bacteria;p__Bacteroidota;c__Bacteroidia;o__Bacteroidales;f__Prevotellaceae;g__Segatella;s__uncultured_bacterium	0.7528936465105611
3ef2ec03d981e8500943dd93eda84fdf	d__Bacteria;p__Bacillota;c__Clostridia;o__Oscillospirales;f__Ruminococcaceae;g__Incertae_Sedis;s__uncultured_organism	0.9505011469169904
b63a7fb492b8587d3a5eb04e49a97184	d__Bacteria;p__Bacillota;c__Clostridia;o__Peptococcales;f__Peptococcaceae;g__Incertae_Sedis;s__uncultured_bacterium	0.9909605652081309
133193c835afd93e5dd0a5d5b1d6740d	d__Bacteria;p__Bacillota;c__Clostridia;o__Oscillospirales;f__Butyricicoccaceae;g__Agathobaculum;s__uncultured_bacterium	0.9085874812436603
3e99a846e12a2e7f821a52e06f7633ea	d__Bacteria;p__Bacillota;c__Clostridia;o__Peptostreptococcales-Tissierellales;f__Anaerovoracaceae;g__Family_XIII_AD3011_group	0.9968911920235806
062df6f7cd3a48247d2a4658df79a4db	d__Bacteria;p__Bacillota;c__Clostridia;o__Lachnospirales;f__Lachnospiraceae;g__Eisenbergiella;s__	0.7182612151004293
88f1ab22ea90ded20d88edb07744dddc	d__Bacteria;p__Bacillota;c__Clostridia;o__Oscillospirales;f__Butyricicoccaceae;g__UCG-009;s__uncultured_bacterium	0.9370654842877355
1e00db7be0890911b95ab4992a4118cc	d__Bacteria;p__Bacillota;c__Clostridia;o__Lachnospirales;f__Lachnospiraceae;g__Anaerostipes	0.9999968837317812
2a8739a0f5b7d36d8a8751e7a3a4f7b2	d__Bacteria;p__Bacillota;c__Clostridia;o__Oscillospirales;f__Butyricicoccaceae;g__UCG-009	0.9999758490526238
5eb7987a5487bb176d3d805e22af92de	d__Bacteria;p__Bacteroidota;c__Bacteroidia;o__Bacteroidales;f__Prevotellaceae;g__Hoylesella;s__Prevotella_saccharolytica	0.9999231135895995
f1b53b75ac3c68084dffe691c577aad6	d__Bacteria;p__Patescibacteria;c__Gracilibacteria;o__Incertae_Sedis;f__Incertae_Sedis;g__Incertae_Sedis;s__Gracilibacteria_bacterium	0.9999999555815303
22e867f21dad1be2f53aaa8d69982eaa	d__Bacteria;p__Bacteroidota;c__Bacteroidia;o__Bacteroidales;f__Prevotellaceae;g__Hoylesella;s__uncultured_bacterium	0.9755613036233424
22b9edb9b97180b20f339ebe0a553a57	d__Bacteria;p__Bacteroidota;c__Bacteroidia;o__Bacteroidales;f__Prevotellaceae;g__Alloprevotella;s__Prevotella_sp.	0.8274689596774881
f5cd50272bf5c433c2fc12eb8e61c537	d__Bacteria;p__Bacillota;c__Clostridia;o__Christensenellales;f__Christensenellaceae;g__Christensenellaceae_R-7_group	0.9816331783007256
9eaff8c3aca7b74962decea682803d9c	d__Bacteria;p__Bacillota;c__Clostridia;o__Peptostreptococcales-Tissierellales;f__Peptostreptococcaceae;g__Intestinibacter	0.9892040635665793
fcc8a07999cafe3d89d57968ca500a0a	d__Bacteria;p__Bacillota;c__Clostridia;o__Lachnospirales;f__Lachnospiraceae	0.999999578074253
60dabde64062a51b7a51a08fae6daa0b	d__Bacteria;p__Bacillota;c__Clostridia;o__Lachnospirales;f__Lachnospiraceae	0.9999954870643133
7a1a7d3362a2f4e3bb2b0f088b9a6b84	d__Bacteria;p__Bacillota;c__Bacilli;o__Erysipelotrichales;f__Erysipelotrichaceae;g__[Clostridium]_innocuum_group;s__uncultured_bacterium	0.7516152464456876
c06ef0d828a365ecbb39d8956aa1875d	d__Bacteria;p__Pseudomonadota;c__Gammaproteobacteria;o__Enterobacterales;f__Hafniaceae;g__Hafnia-Obesumbacterium	0.9694148807817718
739ec679f5490b9b5e9990e343b98c81	d__Bacteria;p__Bacteroidota;c__Bacteroidia;o__Bacteroidales;f__Prevotellaceae;g__Hoylesella;s__Prevotella_enoeca	0.8849107199657764
819579640746db332d73e60ce0cbd6de	d__Bacteria;p__Bacillota;c__Clostridia;o__Lachnospirales;f__Lachnospiraceae;g__Johnsonella;s__uncultured_Lachnospiraceae	0.8066614642116184
d891c0fe1954490c65a2c136cc623bbf	d__Bacteria;p__Bacillota;c__Clostridia;o__Oscillospirales;f__Oscillospiraceae;g__NK4A214_group	0.9999265287537904
3a71e9a054fdfb756bfc1881602b808d	d__Bacteria;p__Bacteroidota;c__Bacteroidia;o__Bacteroidales;f__Marinifilaceae;g__Odoribacter;s__Odoribacter_splanchnicus	0.8468650535405156
16018173bffa2c172ebcac04cb06322b	d__Bacteria;p__Bacillota;c__Clostridia;o__Lachnospirales;f__Lachnospiraceae;g__Lachnospira	0.9992191387952893
135874eee5abc581b719320e5ef6f34e	d__Bacteria;p__Bacillota;c__Clostridia;o__Lachnospirales;f__Lachnospiraceae;g__Mediterraneibacter	0.9914653383337854
aa95feae95b44a2d2634f890a44f2adb	d__Bacteria;p__Bacillota;c__Clostridia;o__Lachnospirales;f__Lachnospiraceae;g__Mediterraneibacter	0.9954884926169127
4cc835d67b5ea24fc22433a160b251c7	d__Bacteria;p__Bacteroidota;c__Bacteroidia;o__Bacteroidales;f__Tannerellaceae;g__Parabacteroides;s__Parabacteroides_distasonis	0.8966069773844111
b99f6428c34143bbb68a93091648acec	d__Bacteria;p__Bacteroidota;c__Bacteroidia;o__Bacteroidales;f__Prevotellaceae;g__Alloprevotella	0.9999999999999875
7c473ff6d4d5526263c95a1b3e500361	d__Bacteria;p__Bacteroidota;c__Bacteroidia;o__Bacteroidales;f__Incertae_Sedis;g__Phocaeicola;s__Phocaeicola_abscessus	1.0
78e7d139cbc4f06a92e9e8d3b1edecaf	d__Bacteria;p__Actinomycetota;c__Coriobacteriia;o__Coriobacteriales;f__Atopobiaceae;g__Lancefieldella;s__uncultured_bacterium	0.7505744187130786
7111d22737a404b0c309872be37ee295	d__Bacteria;p__Bacillota;c__Clostridia;o__Lachnospirales;f__Lachnospiraceae	0.9999996162731136
c89e8811d34ed758289b9d3ad9760c16	d__Bacteria;p__Patescibacteria;c__Saccharimonadia;o__Saccharimonadales;f__Saccharimonadaceae;g__Candidatus_Saccharimonas;s__uncultured_bacterium	0.9612969704683374
eea4d79f73bf1ec443ff4bd2571c1df1	d__Bacteria;p__Fusobacteriota;c__Fusobacteriia;o__Fusobacteriales;f__Leptotrichiaceae;g__Leptotrichia;s__uncultured_bacterium	0.9536503800314852
cf46e9d7faac0eff90343faf64487f14	d__Bacteria;p__Bacteroidota;c__Bacteroidia;o__Bacteroidales;f__Prevotellaceae;g__Incertae_Sedis	0.9999999987173904
e7e94efa8a7859edbfe8f183c4e09899	d__Bacteria;p__Pseudomonadota;c__Gammaproteobacteria;o__Enterobacterales;f__Pasteurellaceae;g__Haemophilus	0.9999507897569976
d9e860fe2abe43e5f1b6142818a3e073	d__Bacteria;p__Bacteroidota;c__Bacteroidia;o__Bacteroidales;f__Prevotellaceae;g__Incertae_Sedis;s__uncultured_Prevotella	0.9999997957741793
bc0730096682c48820678c59700fe66f	d__Bacteria;p__Bacteroidota;c__Bacteroidia;o__Bacteroidales;f__Prevotellaceae;g__Massiliprevotella;s__uncultured_organism	0.9860051577629363
134d27c5f6a976ed0421b8e0581d4696	d__Bacteria;p__Actinomycetota;c__Coriobacteriia;o__Coriobacteriales;f__Eggerthellaceae;g__Adlercreutzia;s__uncultured_bacterium	0.9999990788392361
35ab6bd65ed4789d24081034189539c2	d__Bacteria;p__Bacteroidota;c__Bacteroidia;o__Bacteroidales;f__Marinifilaceae;g__Odoribacter;s__Odoribacter_laneus	0.8849395915116521
ec739116b609c1286c363d5c03b4f2e3	d__Bacteria;p__Bacillota;c__Clostridia;o__Peptostreptococcales-Tissierellales;f__Anaerovoracaceae;g__Family_XIII_UCG-001;s__uncultured_bacterium	0.9959617059459437
2d7eadd31fd529d36ea832222260abd0	d__Bacteria;p__Bacillota;c__Clostridia;o__Oscillospirales;f__Oscillospiraceae;g__UCG-005	0.9969268631309227
d77ed9b531fea02a3daedc7246f5ab75	d__Bacteria;p__Bacillota;c__Clostridia;o__Peptostreptococcales-Tissierellales;f__Peptostreptococcaceae;g__Romboutsia	0.9855999008133765
9af0eb9868f7dac5bfdcd08fd74d293a	d__Bacteria;p__Bacillota;c__Clostridia;o__Oscillospirales;f__Ruminococcaceae;g__DTU089;s__uncultured_organism	0.7720525913575004
802ff73521948ff019cfd58d0b54b3a9	d__Bacteria;p__Spirochaetota;c__Spirochaetia;o__Spirochaetales;f__Spirochaetaceae;g__Treponema;s__Treponema_medium	0.9721733117857684
2a0d0fa50e2fb3a81c607b540db6ae83	d__Bacteria;p__Spirochaetota;c__Spirochaetia;o__Spirochaetales;f__Spirochaetaceae;g__Treponema;s__Treponema_genomosp.	0.9968400803518698
0418cc76becf77b65d302d17b4f3340e	d__Bacteria;p__Bacillota;c__Clostridia;o__Peptostreptococcales-Tissierellales;f__Family_XI;g__Parvimonas;s__uncultured_bacterium	0.9585033891841258
9ba0af806aeea561a5b9a217ebf78865	d__Bacteria;p__Bacillota;c__Negativicutes;o__Veillonellales-Selenomonadales;f__Veillonellaceae;g__Veillonella	0.9999999998598443
388ca308729cb0ea5677d14993e0f76a	d__Bacteria;p__Spirochaetota;c__Spirochaetia;o__Spirochaetales;f__Spirochaetaceae;g__Treponema;s__Treponema_sp.	0.972683105014305
36ffd3600cca5898f5d6b2d2c740031c	d__Bacteria;p__Bacteroidota;c__Bacteroidia;o__Bacteroidales;f__Prevotellaceae;g__Prevotella;s__Prevotella_amnii	0.8731107589063075
fcf261503738ac42f65b674b0ba0f217	d__Bacteria;p__Bacillota;c__Clostridia;o__Oscillospirales;f__Oscillospiraceae;g__Ruminiclostridium;s__uncultured_organism	0.9998574195073506
30c0f126a7993b0ab908089f49c524bd	d__Bacteria;p__Bacillota;c__Clostridia;o__Oscillospirales;f__Ruminococcaceae;g__Anaerofilum	0.999999475793556
219f0c3f6c72a337a12b0db20f26f9fe	d__Bacteria;p__Bacillota;c__Clostridia;o__Oscillospirales;f__Oscillospiraceae;g__Flavonifractor;s__uncultured_bacterium	0.8520269660770385
12f26a4fa0c4a1b2a82307da45b4c5a3	d__Bacteria;p__Bacteroidota;c__Bacteroidia;o__Bacteroidales;f__Bacteroidaceae;g__Bacteroides;s__Bacteroides_stercoris	0.9985884063430351
eb65fde96464471c4120de6160279c0e	d__Bacteria;p__Bacillota;c__Negativicutes;o__Veillonellales-Selenomonadales;f__Veillonellaceae;g__Dialister	0.9999999640067809
79ea1701322e31ec0d6dc9eac58472af	d__Bacteria;p__Bacteroidota;c__Bacteroidia;o__Bacteroidales;f__Prevotellaceae;g__Hoylesella;s__Prevotella_loescheii	0.9836897776248298
fd95b52888d4ede75e4e4ae89c1ed378	d__Bacteria;p__Bacteroidota;c__Bacteroidia;o__Bacteroidales;f__Prevotellaceae;g__Hoylesella;s__Prevotella_saccharolytica	0.9997700960817274
d4e5d8c10eef32bd24cd80de62ed7746	d__Bacteria;p__Bacteroidota;c__Bacteroidia;o__Flavobacteriales;f__Flavobacteriaceae;g__Capnocytophaga;s__Capnocytophaga_sp.	0.7588598448365268
5497318e515a8c328a68f95975d9c7d4	d__Bacteria;p__Bacillota;c__Bacilli;o__Staphylococcales;f__Staphylococcaceae;g__Staphylococcus	0.9999903544268628
4735a073fe63c246bb07f2803ec0a647	d__Bacteria;p__Bacteroidota;c__Bacteroidia;o__Bacteroidales;f__Prevotellaceae;g__Prevotella;s__uncultured_Prevotella	0.9444460749917877
edaba7d3771573b9ae27b0de0d596041	d__Bacteria;p__Spirochaetota;c__Spirochaetia;o__Spirochaetales;f__Spirochaetaceae;g__Treponema;s__Treponema_maltophilum	0.9999998062301831
5b5e0a2f1ce58f49f0d38b8d74089bc9	d__Bacteria;p__Bacillota;c__Negativicutes;o__Veillonellales-Selenomonadales;f__Selenomonadaceae;g__Selenomonas;s__Schwartzia_sp.	0.7140345904752119
5ab367586987cfce486d5fc3f73c1fb8	d__Bacteria;p__Bacillota;c__Clostridia;o__Lachnospirales;f__Lachnospiraceae;g__Mediterraneibacter;s__Ruminococcus_sp.	0.8532500589137442
e3c9c2a072b1dd41a3d26f812f5c5f0e	d__Bacteria;p__Bacillota;c__Negativicutes;o__Veillonellales-Selenomonadales;f__Veillonellaceae;g__Veillonella	0.9999999999701381
3d52b382aaf22fa5ac5971e1bf6ef68f	d__Bacteria;p__Bacteroidota;c__Bacteroidia;o__Bacteroidales;f__Prevotellaceae;g__Segatella;s__Prevotella_maculosa	0.9608668659743648
6ce3498dbbc3d924804e455e200060df	d__Bacteria;p__Pseudomonadota;c__Gammaproteobacteria;o__Cardiobacteriales;f__Cardiobacteriaceae;g__Cardiobacterium;s__uncultured_bacterium	0.9940321016313826
119aad7c72a6cb0510f02285e45ba115	d__Bacteria;p__Bacillota;c__Negativicutes;o__Veillonellales-Selenomonadales;f__Selenomonadaceae	0.9999999999988631
bbc12e640320234559cfae880dce9ebd	d__Bacteria;p__Actinomycetota;c__Coriobacteriia;o__Coriobacteriales;f__Atopobiaceae;g__Lancefieldella;s__uncultured_bacterium	0.8201034873059545
04f53f4cb25a2dc23706058a639e08a3	d__Bacteria;p__Campylobacterota;c__Campylobacteria;o__Campylobacterales;f__Campylobacteraceae;g__Campylobacter;s__Campylobacter_concisus	0.8970872423311577
06b474e40a079870af62eb024703d58d	d__Bacteria;p__Fusobacteriota;c__Fusobacteriia;o__Fusobacteriales;f__Fusobacteriaceae;g__Fusobacterium	0.9999999999962701
771a457379c30fa1d8273ea52d5f53ea	d__Bacteria;p__Bacteroidota;c__Bacteroidia;o__Bacteroidales;f__Prevotellaceae;g__Segatella;s__uncultured_bacterium	0.9000250974712677
675d47d0e00ce464efcc06550c8d986f	d__Bacteria;p__Bacillota;c__Clostridia;o__Lachnospirales;f__Lachnospiraceae;g__Lachnospiraceae_ND3007_group;s__metagenome	0.884912799704288
6630583dd78eb092ece5e17515eb301d	d__Bacteria;p__Bacillota;c__Clostridia;o__Lachnospirales;f__Lachnospiraceae	0.9996612834757721
38551d71a4fe11826dd633e7e4f53d4a	d__Bacteria;p__Bacillota;c__Clostridia;o__Lachnospirales;f__Lachnospiraceae	0.9999999599311044
21bddd401bf787fe4e64e6a31075b79d	d__Bacteria;p__Bacteroidota;c__Bacteroidia;o__Bacteroidales;f__Prevotellaceae;g__Prevotella;s__Prevotella_denticola	0.860201420414788
d5afaac53315b7a8ec9d6ab7008a813e	d__Bacteria;p__Fusobacteriota;c__Fusobacteriia;o__Fusobacteriales;f__Leptotrichiaceae;g__Pseudoleptotrichia;s__Leptotrichia_goodfellowii	0.8248289597985652
a393c83e93f11589fbaaf0be3410846f	d__Bacteria;p__Pseudomonadota;c__Gammaproteobacteria;o__Burkholderiales;f__Neisseriaceae;g__Neisseria;s__Neisseria_elongata	0.9875809725839174
a3e58f0885a53e822b3a5a444d9f18eb	d__Bacteria;p__Bacteroidota;c__Bacteroidia;o__Bacteroidales;f__Prevotellaceae;g__Prevotella;s__Prevotella_melaninogenica	0.963646918922254
cd4372f813bd6b22a089291170b47f05	d__Bacteria;p__Bacteroidota;c__Bacteroidia;o__Flavobacteriales;f__Weeksellaceae;g__Bergeyella;s__uncultured_bacterium	0.9475490640437311
d10d56d025d429b4d54ff79402901cc8	d__Bacteria;p__Bacteroidota;c__Bacteroidia;o__Bacteroidales;f__Prevotellaceae;g__Prevotella;s__Prevotella_melaninogenica	0.8221702230175709
7852fec488555eafc4dc296e57f84869	d__Bacteria;p__Bacillota;c__Negativicutes;o__Veillonellales-Selenomonadales;f__Selenomonadaceae;g__Selenomonas;s__uncultured_organism	0.7279019258467312
57339de5c8b87df1e1c2245bb19d8b51	d__Bacteria;p__Bacillota;c__Clostridia;o__Christensenellales;f__Christensenellaceae;g__Christensenellaceae_R-7_group;s__uncultured_organism	0.8046806753081867
eb1133ca7be779b78eabff2adf8fc4ae	d__Bacteria;p__Bacillota;c__Clostridia	0.9999808117053743
839c85b950bb64ab9fa72e2894ed04b3	d__Bacteria;p__Bacillota;c__Negativicutes;o__Veillonellales-Selenomonadales;f__Selenomonadaceae;g__Selenomonas;s__	0.8513622560168947
f1b65cf952ba8b7ebe200e5fd32128c9	d__Bacteria;p__Bacillota;c__Clostridia;o__Peptostreptococcales-Tissierellales;f__Anaerovoracaceae;g__[Eubacterium]_sulci_group;s__[Eubacterium]_infirmum	0.9986074932086281
64dfd07cdd1093f40732fda867227145	d__Bacteria;p__Bacteroidota;c__Bacteroidia;o__Bacteroidales;f__Prevotellaceae;g__Segatella;s__Prevotella_maculosa	0.996422135248333
6ebe25a5c37c843e9acbc7b24822d76a	d__Bacteria;p__Pseudomonadota;c__Gammaproteobacteria;o__Burkholderiales;f__Neisseriaceae;g__Neisseria;s__Neisseria_oralis	0.9379488692314262
dff6cd8e41f1c29da57c5ad61625eb2e	d__Bacteria;p__Fusobacteriota;c__Fusobacteriia;o__Fusobacteriales;f__Leptotrichiaceae;g__Pseudoleptotrichia;s__uncultured_bacterium	0.8156682687257967
78daf232a0a0c2f8e58b034f9c3a4d81	d__Bacteria;p__Spirochaetota;c__Spirochaetia;o__Spirochaetales;f__Spirochaetaceae;g__Treponema;s__Treponema_genomosp.	0.999997405904207
015ab1f940b0a1009d6e7e043ec08c66	d__Bacteria;p__Bacillota;c__Clostridia;o__Oscillospirales;f__Ruminococcaceae;g__Negativibacillus;s__uncultured_bacterium	0.9981011533714965
dbae50292b92cb883b9d7843da19a806	d__Bacteria;p__Bacillota;c__Bacilli;o__Erysipelotrichales;f__Erysipelotrichaceae;g__[Clostridium]_innocuum_group	0.9999999967564014
3e1f4c4046710211e52a588782aafcbb	d__Bacteria;p__Bacteroidota;c__Bacteroidia;o__Bacteroidales;f__Rikenellaceae;g__Alistipes	0.9999999999953315
98a69380a87e0890b1f64138fa1e4f06	d__Bacteria;p__Pseudomonadota;c__Gammaproteobacteria;o__Burkholderiales;f__Sutterellaceae;g__Parasutterella	0.8219686271005805
9ab0daa1ca34f9989a9b25d674bfd309	d__Bacteria;p__Fusobacteriota;c__Fusobacteriia;o__Fusobacteriales;f__Leptotrichiaceae;g__Leptotrichia;s__Leptotrichia_trevisanii	0.8330994808614466
15a1312ecbed41c88135fbdaa2988ddf	d__Bacteria;p__Actinomycetota;c__Coriobacteriia;o__Coriobacteriales;f__Atopobiaceae;g__Lancefieldella;s__uncultured_bacterium	0.7301355996182533
98f1545d76a7646698d49ed9289d4ae6	d__Bacteria;p__Patescibacteria;c__Saccharimonadia;o__Saccharimonadales;f__Saccharimonadaceae;g__Candidatus_Saccharimonas;s__uncultured_bacterium	0.9943067632843593
4486be595e3de5ab7e8f72ccb2e31bd8	d__Bacteria;p__Bacteroidota;c__Bacteroidia;o__Flavobacteriales;f__Flavobacteriaceae;g__Capnocytophaga;s__Capnocytophaga_ochracea	0.9085550902110381
fa4cc63ad359d00b8059426e371bc57c	d__Bacteria;p__Bacillota;c__Clostridia;o__Lachnospirales;f__Lachnospiraceae;g__Johnsonella;s__Johnsonella_ignava	0.9997956817916595
6cc961d85e79da2d7fda2a291b8c225b	d__Bacteria;p__Fusobacteriota;c__Fusobacteriia;o__Fusobacteriales;f__Leptotrichiaceae	0.999999999999888
08e28e7804954a2450880283930b8b4a	d__Bacteria;p__Pseudomonadota;c__Gammaproteobacteria;o__Enterobacterales;f__Pasteurellaceae;g__Aggregatibacter	0.735423263661333
d00233e5d2dd2b5fe39c3ee56ed5e3eb	d__Bacteria;p__Bacteroidota;c__Bacteroidia;o__Bacteroidales;f__Prevotellaceae;g__Hoylesella;s__Prevotella_enoeca	0.9986235828949934
0773e0ae3db8095b9870293032a8fd99	d__Bacteria;p__Bacillota;c__Bacilli;o__Erysipelotrichales;f__Erysipelotrichaceae;g__Erysipelotrichaceae_UCG-006;s__uncultured_Erysipelotrichaceae	0.8736315937749493
994131cc4bb9e2664849db50f4749fd6	d__Bacteria;p__Bacteroidota;c__Bacteroidia;o__Bacteroidales;f__Prevotellaceae;g__Hoylesella;s__uncultured_bacterium	0.8172368966660374
314a528b2d8766ccd11c3f94c2c7027b	d__Bacteria;p__Bacillota;c__Clostridia;o__Lachnospirales;f__Lachnospiraceae;g__Catonella	0.9999999993322843
3c15362fec1e787a4aae52b0c05a9b2b	d__Bacteria;p__Fusobacteriota;c__Fusobacteriia;o__Fusobacteriales;f__Fusobacteriaceae;g__Fusobacterium	0.9999999999966899
50949bce11e2f821831d01deb502fd7e	d__Bacteria;p__Actinomycetota;c__Coriobacteriia;o__Coriobacteriales;f__Coriobacteriaceae;g__Collinsella	0.999999962994465
a59d55a8dea9779e785715f7cd6ab2a0	d__Bacteria;p__Bacillota;c__Clostridia;o__Oscillospirales;f__Oscillospiraceae;g__UCG-005	0.9989875857892735
84aca100d06f8b292dc1addb3b76d71d	d__Bacteria;p__Actinomycetota;c__Coriobacteriia;o__Coriobacteriales;f__Atopobiaceae;g__Tractidigestivibacter	0.9999999784914687
bdd3c6105c8a5189c65fd34427883633	d__Bacteria;p__Bacillota;c__Clostridia;o__Lachnospirales;f__Lachnospiraceae;g__Lachnospiraceae_NK4A136_group	0.8803479740470685
c4776834431bb2061bd2b5f20eb91c53	d__Bacteria;p__Bacillota;c__Negativicutes;o__Acidaminococcales;f__Acidaminococcaceae;g__Phascolarctobacterium	0.9999999576436318
cdd078c137569698cc9948d206648f1c	d__Bacteria;p__Pseudomonadota;c__Gammaproteobacteria;o__Burkholderiales;f__Neisseriaceae;g__Neisseria	0.9999955735219463
7ee2060995e5c6b9b98c6177ad807e46	d__Bacteria;p__Bacteroidota;c__Bacteroidia;o__Bacteroidales;f__Prevotellaceae;g__Hoylesella;s__uncultured_bacterium	0.9719954987965195
84330a2de4ba4ab04b5e3949cbdc4456	d__Bacteria;p__Spirochaetota;c__Spirochaetia;o__Spirochaetales;f__Spirochaetaceae;g__Treponema;s__uncultured_bacterium	0.927344176785578
6efcdc30ef3bd856ba277461020b0afa	d__Bacteria;p__Bacteroidota;c__Bacteroidia;o__Bacteroidales;f__Prevotellaceae;g__Prevotella;s__uncultured_organism	0.999971159152192
516365c3beaed8879312130bb250c07c	d__Bacteria;p__Bacillota;c__Bacilli;o__Erysipelotrichales;f__Erysipelatoclostridiaceae;g__Eggerthia;s__Eggerthia_catenaformis	0.9999999999996589
01a719a6c295aa8a8cefac88b9bb3db7	d__Bacteria;p__Fusobacteriota;c__Fusobacteriia;o__Fusobacteriales;f__Leptotrichiaceae;g__Leptotrichia	0.9999999811461551
b782b9f9be5f53705310dcd07d337c49	d__Bacteria;p__Bacteroidota;c__Bacteroidia;o__Flavobacteriales;f__Flavobacteriaceae;g__Capnocytophaga;s__uncultured_Capnocytophaga	0.9223387595527835
c5a124b2dbff5725ea7995b2871f2566	d__Bacteria;p__Bacteroidota;c__Bacteroidia;o__Bacteroidales;f__Prevotellaceae;g__Prevotella;s__Prevotella_melaninogenica	0.9744674748151985
4f462288f42bca9ddadd2f4c364b7c37	d__Bacteria;p__Fusobacteriota;c__Fusobacteriia;o__Fusobacteriales;f__Leptotrichiaceae;g__Leptotrichia	0.9999968079853616
dc02af82d5fa60d6183c01a850190af6	d__Bacteria;p__Campylobacterota;c__Campylobacteria;o__Campylobacterales;f__Campylobacteraceae;g__Campylobacter;s__uncultured_Campylobacter	0.9661214919701663
5f9fc8fb7ca24fcaf3f233ba767f63b8	d__Bacteria;p__Bacteroidota;c__Bacteroidia;o__Bacteroidales;f__Barnesiellaceae;g__Barnesiella	0.999999999981417
6560ce0c6fadcb90a92722f9e3f074f2	d__Bacteria;p__Bacillota;c__Clostridia;o__Oscillospirales;f__Oscillospiraceae	0.9987925462907019
3682830d9f222e63e4e35e25b15c9478	d__Bacteria;p__Bacillota;c__Clostridia;o__Lachnospirales;f__Lachnospiraceae	0.9999981755927061
cbb90d621c8998358b78fad5935f46e1	d__Bacteria;p__Bacillota;c__Clostridia;o__Oscillospirales;f__Ruminococcaceae;g__Anaerotruncus;s__Anaerotruncus_sp.	0.9567323525086832
5009833ac10ca7e8b85942429a6dfc9a	d__Bacteria;p__Bacillota;c__Clostridia;o__Christensenellales;f__Christensenellaceae;g__Christensenellaceae_R-7_group	0.9952892388876471
24a66933071df981d0ab59c3933c7dd9	d__Bacteria;p__Bacillota;c__Clostridia;o__Lachnospirales;f__Lachnospiraceae	0.9999988650505341
ffbb8c1350bd4458683c4cc180d8de07	d__Bacteria;p__Pseudomonadota;c__Gammaproteobacteria;o__Enterobacterales;f__Enterobacteriaceae;g__Citrobacter	0.820377786830837
c867c1c8a35d6425bf9100cfc2dea9b5	d__Bacteria;p__Thermodesulfobacteriota;c__Desulfovibrionia;o__Desulfovibrionales;f__Desulfovibrionaceae;g__Desulfovibrio	0.8272675497686358
47d74904a190fe918c6eea86295320d2	d__Bacteria;p__Bacteroidota;c__Bacteroidia;o__Bacteroidales;f__Bacteroidaceae;g__Bacteroides;s__	0.9236426516984964
9e66082c02ffad1787a5aa033658071b	d__Bacteria;p__Elusimicrobiota;c__Elusimicrobia;o__Lineage_IV;f__Incertae_Sedis;g__Incertae_Sedis;s__uncultured_bacterium	0.8432258362758082
796fa6dec7b5cdcbf60737660ddb597f	d__Bacteria;p__Spirochaetota;c__Spirochaetia;o__Spirochaetales;f__Spirochaetaceae;g__Treponema;s__Treponema_genomosp.	0.9576098600331814
10fbc65ba620c2bdcd0b3335c3c907a1	d__Bacteria;p__Bacillota;c__Negativicutes;o__Veillonellales-Selenomonadales;f__Selenomonadaceae;g__Selenomonas;s__Schwartzia_sp.	0.7287060840399374
6b965fb736bf65f4d633d9f3280c3ccf	d__Bacteria;p__Bacillota;c__Negativicutes;o__Veillonellales-Selenomonadales;f__Veillonellaceae;g__Veillonella	0.9999999998578301
6a28fbe5eb2f1415938da5d800b3041d	d__Bacteria;p__Pseudomonadota;c__Gammaproteobacteria;o__Burkholderiales;f__Neisseriaceae;g__Neisseria;s__Neisseria_elongata	0.9175970316232789
a692fe88f00c88fab13e1b6907812487	d__Bacteria;p__Bacteroidota;c__Bacteroidia;o__Bacteroidales;f__Prevotellaceae;g__Segatella;s__Prevotella_sp.	0.8025314350124266
e72505f2d55c26a22716c4c71372196d	d__Bacteria;p__Bacillota;c__Clostridia;o__Oscillospirales;f__[Eubacterium]_coprostanoligenes_group;g__Incertae_Sedis;s__uncultured_bacterium	0.9965412687464703
4335c6f17291687871b83669d14f6cce	d__Bacteria;p__Actinomycetota;c__Coriobacteriia;o__Coriobacteriales;f__Eggerthellaceae;g__Senegalimassilia;s__uncultured_bacterium	0.9991142712193003
119e51e38e589ed2462a6199598f66da	d__Bacteria;p__Bacillota;c__Bacilli;o__Erysipelotrichales;f__Erysipelotrichaceae;g__Merdibacter	0.9999999710446411
67e05a401a2a567204a3067f7ec77374	d__Bacteria;p__Bacillota;c__Bacilli;o__Erysipelotrichales;f__Erysipelatoclostridiaceae;g__Catenibacterium;s__uncultured_bacterium	0.8225527220273207
9ecaedf225bd8436d7a13211d86d299d	d__Bacteria;p__Pseudomonadota;c__Gammaproteobacteria;o__Burkholderiales;f__Sutterellaceae;g__Turicimonas	0.9999999999995963
38c728c8d5e4eba9630d4fa2daa0112f	d__Bacteria;p__Bacteroidota;c__Bacteroidia;o__Bacteroidales;f__Prevotellaceae;g__Hoylesella;s__Prevotella_sp.	0.7657359465078367
fe545471a55fb02ecebd94fcbac97ad9	d__Bacteria;p__Bacillota;c__Bacilli;o__Staphylococcales;f__Gemellaceae;g__Gemella	0.9999999997216665
2d9546f79c451ab259eeda0eba0f0b8f	d__Bacteria;p__Fusobacteriota;c__Fusobacteriia;o__Fusobacteriales;f__Leptotrichiaceae;g__Leptotrichia;s__Leptotrichia_sp.	0.9217112994372467
dda7bd89903d73bb06c6bc9a1d7bac96	d__Bacteria;p__Bacteroidota;c__Bacteroidia;o__Bacteroidales;f__Prevotellaceae;g__Alloprevotella	1.000000000000013
dee047362ffa4fcb44fd9c85d7f89694	d__Bacteria;p__Pseudomonadota;c__Gammaproteobacteria;o__Enterobacterales;f__Pasteurellaceae;g__Aggregatibacter;s__uncultured_bacterium	0.9917776838735002
0df34bf0008db4bbb53377e5c0ff749d	d__Bacteria;p__Bacteroidota;c__Bacteroidia;o__Bacteroidales;f__Prevotellaceae;g__Hoylesella;s__uncultured_Prevotella	0.9999803915033898
76d154aa180ee6d2d0cb8d21360f0d2a	d__Bacteria;p__Bacteroidota;c__Bacteroidia;o__Bacteroidales;f__Marinifilaceae;g__Gabonibacter;s__Gabonibacter_massiliensis	0.929541858764162
f52af6e4331bd2b0eb51313fdd57600b	d__Bacteria;p__Bacillota;c__Clostridia;o__Lachnospirales;f__Lachnospiraceae;g__[Eubacterium]_eligens_group	0.9995278077801043
8b2b4ec73ea97c3237711187edae7c23	d__Bacteria;p__Bacillota;c__Clostridia;o__Oscillospirales;f__Ruminococcaceae;g__Faecalibacterium	0.9999982022299372
96d8cdb7f52eec438c784e8110c3682a	d__Bacteria;p__Spirochaetota;c__Spirochaetia;o__Spirochaetales;f__Spirochaetaceae;g__Treponema;s__Treponema_genomosp.	0.99445725929956
0ec5fa04788c096bbf614201bce7aa40	d__Bacteria;p__Actinomycetota;c__Actinobacteria;o__Actinomycetales;f__Actinomycetaceae;g__Actinomyces	0.999999987084856
9b809d14c890beae1dbaa229e3aa327f	d__Bacteria;p__Bacillota;c__Clostridia;o__Peptostreptococcales-Tissierellales;f__Peptostreptococcaceae;g__Incertae_Sedis;s__uncultured_Eubacteriaceae	0.9876260648222769
53ef2e75041ad12b1d3adf0dd8f8f430	d__Bacteria;p__Bacteroidota;c__Bacteroidia;o__Flavobacteriales;f__Flavobacteriaceae;g__Capnocytophaga	0.999999999999737
8e86f983f24bc9d242199f530ed19e7b	d__Bacteria;p__Bacteroidota;c__Bacteroidia;o__Bacteroidales;f__Prevotellaceae;g__Prevotella;s__Prevotella_melaninogenica	0.9584941568442598
eeee750c0e8da877bba8f703b229e87c	d__Bacteria;p__Spirochaetota;c__Spirochaetia;o__Spirochaetales;f__Spirochaetaceae;g__Treponema;s__Treponema_parvum	0.9999999999845386
2bbb1ea3c205bc3f140e21b8b2150739	d__Bacteria;p__Patescibacteria;c__Saccharimonadia;o__Saccharimonadales;f__Saccharimonadaceae;g__Incertae_Sedis;s__uncultured_bacterium	0.9985011955576403
53e005765aeb48a44959abbb04b805a5	d__Bacteria;p__Bacillota;c__Clostridia;o__Lachnospirales;f__Lachnospiraceae;g__Johnsonella;s__Johnsonella_ignava	0.9998167256319402
ccfc6f49dd5e2b5337081816b97172f8	d__Bacteria;p__Bacillota;c__Negativicutes;o__Veillonellales-Selenomonadales;f__Selenomonadaceae;g__Selenomonas;s__Selenomonas_sputigena	0.718994996379448
629987ac59f780241f687b4bd41cde76	d__Bacteria;p__Bacteroidota;c__Bacteroidia;o__Flavobacteriales;f__Flavobacteriaceae;g__Capnocytophaga;s__uncultured_Capnocytophaga	0.8984679770394746
4d4b8af74412fccb5804bf6293e5dd06	d__Bacteria;p__Bacteroidota;c__Bacteroidia;o__Bacteroidales;f__Prevotellaceae;g__Hoylesella;s__Prevotella_sp.	0.9034080686549661
99347973028d2322c357f8b0cc4cfc72	d__Bacteria;p__Bacteroidota;c__Bacteroidia;o__Bacteroidales;f__Prevotellaceae;g__Hoylesella;s__Prevotella_sp.	0.9496002096371223
e895314c0841d5df48ff7fa5038a614e	d__Bacteria;p__Bacillota;c__Clostridia;o__Lachnospirales;f__Lachnospiraceae;g__Lachnoanaerobaculum;s__Eubacterium_sp.	0.9999973920307967
8f93530271c36cc8b591410a1264ddd1	d__Bacteria;p__Spirochaetota;c__Spirochaetia;o__Spirochaetales;f__Spirochaetaceae;g__Treponema;s__uncultured_bacterium	0.9016407568903628
c6155869edbf57a75b25614853803384	d__Bacteria;p__Spirochaetota;c__Spirochaetia;o__Spirochaetales;f__Spirochaetaceae;g__Treponema;s__Treponema_medium	0.997234132163297
6c7b50075598142df95c7d7de8abb565	d__Bacteria;p__Bacillota;c__Clostridia;o__Oscillospirales;f__Oscillospiraceae;g__NK4A214_group	0.9876537740531427
4a1547af0bbae2aff8f3222d2fba2102	d__Bacteria;p__Bacillota;c__Clostridia;o__Oscillospirales;f__Ruminococcaceae;g__[Eubacterium]_siraeum_group	0.9999981262201327
b3d9e1f59bd4584a0601d913f3e153ff	d__Bacteria;p__Bacillota;c__Clostridia;o__Peptostreptococcales-Tissierellales;f__Anaerovoracaceae;g__Family_XIII_AD3011_group;s__uncultured_organism	0.9886012353269487
969fe1535c7076978ce5de957604a914	d__Bacteria;p__Bacillota;c__Negativicutes;o__Veillonellales-Selenomonadales;f__Selenomonadaceae;g__Selenomonas;s__Schwartzia_sp.	0.8811634059133023
97d5ed404ba83dcbaa164b1b8aa01d57	d__Bacteria;p__Bacillota;c__Clostridia;o__Oscillospirales;f__Ruminococcaceae	0.9999998687135739
1c1c2dd95299d9f9c2d969551673bae8	d__Bacteria;p__Bacteroidota;c__Bacteroidia;o__Bacteroidales;f__Tannerellaceae;g__Parabacteroides;s__Parabacteroides_distasonis	0.9496139086105093
d4848cd203e995d5512b8fb8dd42c04c	d__Bacteria;p__Bacillota;c__Clostridia;o__Lachnospirales;f__Lachnospiraceae;g__Enterocloster	0.8437412992043224
4ebf2f3b3cdaebf9b5c6217202575f9b	d__Bacteria;p__Bacillota;c__Clostridia;o__Peptostreptococcales-Tissierellales;f__Family_XI;g__Parvimonas	0.9999999999020076
690a0f97debf33d9fbaaa8675dcbec66	d__Bacteria;p__Bacteroidota;c__Bacteroidia;o__Flavobacteriales;f__Weeksellaceae;g__Bergeyella;s__uncultured_bacterium	0.9283577707282642
9e420a3f4d78fc7cda4d63feb0617c43	d__Bacteria;p__Bacteroidota;c__Bacteroidia;o__Bacteroidales;f__Prevotellaceae;g__Hoylesella;s__uncultured_organism	0.9227813493172619
b4e861a122a7605cfef0096de3557031	d__Bacteria;p__Actinomycetota;c__Actinobacteria;o__Actinomycetales;f__Actinomycetaceae;g__Schaalia	0.9999999747721192
18897efd5ae438d1c69327af932ec462	d__Bacteria;p__Campylobacterota;c__Campylobacteria;o__Campylobacterales;f__Campylobacteraceae;g__Campylobacter	0.9999999999755766
c989a6622c23380e9b50c9116bb2b0f9	d__Bacteria;p__Bacteroidota;c__Bacteroidia;o__Bacteroidales;f__Marinifilaceae;g__Gabonibacter;s__Gabonibacter_massiliensis	0.9937044114825857
105344b0b04df4d06036c8c91f439255	d__Bacteria;p__Bacillota;c__Clostridia;o__Lachnospirales;f__Lachnospiraceae;g__Blautia	0.9746190829291544
21cbc6108260c8e944fded2a574b284c	d__Bacteria;p__Actinomycetota;c__Coriobacteriia;o__Coriobacteriales;f__Eggerthellaceae;g__Senegalimassilia;s__uncultured_bacterium	0.9994414827497002
fb41980c5b16059306d866bfdbbb28b0	d__Bacteria;p__Bacillota;c__Clostridia;o__Peptococcales;f__Peptococcaceae;g__Incertae_Sedis;s__uncultured_bacterium	0.9805890842379131
bb4cb74a1c44bbe7d5b215abf892a7ab	d__Bacteria;p__Bacillota;c__Clostridia;o__Oscillospirales;f__Oscillospiraceae;g__Colidextribacter;s__uncultured_organism	0.8615802631411463
b975cfe63739df6a4879495e1a744c42	d__Bacteria;p__Bacteroidota;c__Bacteroidia;o__Bacteroidales;f__Prevotellaceae;g__Segatella;s__Prevotella_baroniae	0.999999477504099
51362f89638075bb0fc6e18e02d0ff09	d__Bacteria;p__Patescibacteria;c__Saccharimonadia;o__Saccharimonadales;f__Saccharimonadaceae;g__Candidatus_Saccharimonas;s__uncultured_bacterium	0.9974294144065075
095dba4b503de7104db30fe5c94d1cdd	d__Bacteria;p__Bacillota;c__Clostridia;o__Lachnospirales;f__Lachnospiraceae;g__Oribacterium	0.999997878546391
861aa27f00c51c0d46ede6af91384bf1	d__Bacteria;p__Fusobacteriota;c__Fusobacteriia;o__Fusobacteriales;f__Fusobacteriaceae;g__Fusobacterium	0.9999999999983501
778f152882dbd10732c5278dad98ed11	d__Bacteria;p__Bacillota;c__Negativicutes;o__Veillonellales-Selenomonadales;f__Selenomonadaceae;g__Selenomonas	0.7216745728655096
82e88be2a6b1ef6426c16ab71a9b04ab	d__Bacteria;p__Bacteroidota;c__Bacteroidia;o__Sphingobacteriales;f__Lentimicrobiaceae;g__Lentimicrobium;s__unidentified	0.9999990110557692
39c3dbb000ad894b5d877d01903326b8	d__Bacteria;p__Bacillota;c__Clostridia;o__Peptostreptococcales-Tissierellales;f__Anaerovoracaceae;g__Family_XIII_AD3011_group;s__uncultured_bacterium	0.901564188727131
b0da016068f70f4e70deabfc70a65323	d__Bacteria;p__Bacillota;c__Clostridia;o__Oscillospirales;f__Ruminococcaceae;g__Candidatus_Soleaferrea;s__uncultured_bacterium	0.9828251893984661
b43dd63c51e1fb5c57eb2416a7fe7696	d__Bacteria;p__Bacillota;c__Clostridia;o__Oscillospirales;f__Oscillospiraceae;g__Colidextribacter	0.8371271250666689
cb0ae3f7f79c995e95e8cf343c7155a9	d__Bacteria;p__Bacillota;c__Clostridia;o__Oscillospirales;f__Oscillospiraceae;g__Flavonifractor;s__uncultured_bacterium	0.9307900540564158
5ad45bf63fc49593e3200c8407ad741b	d__Bacteria;p__Bacillota;c__Clostridia;o__Oscillospirales;f__Ruminococcaceae;g__Faecalibacterium	0.999984502355965
eb470140421ff84d4b5aea831432ae31	d__Bacteria;p__Bacillota;c__Clostridia;o__Oscillospirales;f__Ruminococcaceae;g__Acutalibacter;s__uncultured_organism	0.9808256010098619
a0d65b09727273e1349cbd2566ce2f63	d__Bacteria;p__Pseudomonadota;c__Alphaproteobacteria;o__Rhodospirillales;f__Incertae_Sedis;g__Incertae_Sedis;s__	0.9999994050121254
ac34e096799afdf9a35e95bbf5d4c57c	d__Bacteria;p__Bacillota;c__Clostridia;o__Christensenellales;f__Christensenellaceae;g__Christensenellaceae_R-7_group;s__unidentified	0.9997643523102415
1ba29030bee862a16cd5dfac8bdf1530	d__Bacteria;p__Bacteroidota;c__Bacteroidia;o__Sphingobacteriales;f__Lentimicrobiaceae;g__Lentimicrobium;s__unidentified	0.9999994126916951
a3f604396698a3ce559b523300320991	d__Bacteria;p__Actinomycetota;c__Actinobacteria;o__Actinomycetales;f__Actinomycetaceae;g__Schaalia	0.9999996209304337
86aaf24e1ffad759716cfc3fcd8717ae	d__Bacteria;p__Bacillota;c__Clostridia;o__Peptococcales;f__Peptococcaceae;g__Peptococcus;s__uncultured_bacterium	0.999999483765171
7bbd42619a8874e3ad59ada1714da878	d__Bacteria;p__Bacillota;c__Clostridia;o__Christensenellales;f__Christensenellaceae;g__Incertae_Sedis;s__uncultured_bacterium	0.9925386687624165
1f4c2421678f1e0e027e957e185fee26	d__Bacteria;p__Bacillota;c__Clostridia;o__Lachnospirales;f__Lachnospiraceae;g__UC5-1-2E3;s__uncultured_bacterium	0.9718006573746024
1a7dd7de16e3bdc5639eb11733f372a1	d__Bacteria;p__Bacteroidota;c__Bacteroidia;o__Bacteroidales;f__Prevotellaceae;g__Segatella;s__uncultured_organism	0.9379030258545341
f1704de8542f458d2d861fd7364ec0ee	d__Bacteria;p__Pseudomonadota;c__Gammaproteobacteria;o__Enterobacterales;f__Pasteurellaceae;g__Aggregatibacter;s__Aggregatibacter_aphrophilus	0.7759269373669943
becf94e1a7f1ffdca1fd07ba8f206c62	d__Bacteria;p__Actinomycetota;c__Actinobacteria;o__Actinomycetales;f__Actinomycetaceae;g__Actinomyces	0.9999999580082485
ae68031c565ab7041d467d7e4c249b92	d__Bacteria;p__Bacteroidota;c__Bacteroidia;o__Bacteroidales;f__Prevotellaceae;g__Hoylesella;s__Prevotella_dentalis	0.999999853517931
c660d701a2a453ce87d5c267a76bacaf	d__Bacteria;p__Bacillota;c__Clostridia;o__Lachnospirales;f__Lachnospiraceae;g__Lachnoanaerobaculum;s__	0.8663723544197476
f2c61c93e5c98134ab7e985b30818593	d__Bacteria;p__Bacillota;c__Negativicutes;o__Veillonellales-Selenomonadales;f__Selenomonadaceae;g__Selenomonas;s__Veillonellaceae_bacterium	0.8327357937369553
db270819936096be07cf1d108b6e9b71	d__Bacteria;p__Bacillota;c__Clostridia;o__Peptococcales;f__Peptococcaceae;g__Peptococcus;s__uncultured_organism	0.9999998429771448
03e72bd3316929b6a36241ab8e0f7d09	d__Bacteria;p__Bacillota;c__Clostridia;o__Peptostreptococcales-Tissierellales;f__Anaerovoracaceae;g__Incertae_Sedis;s__uncultured_bacterium	0.9799081311761407
c54fd0cbc630d84330125ca16ef25cb7	d__Bacteria;p__Bacillota;c__Clostridia;o__Oscillospirales;f__Ruminococcaceae;g__Incertae_Sedis;s__human_gut	0.983849307740897
586fff2cb8f9d8b7cdba9ae717bd39af	d__Bacteria;p__Actinomycetota;c__Actinobacteria;o__Bifidobacteriales;f__Bifidobacteriaceae;g__Bifidobacterium;s__Bifidobacterium_animalis	0.9507860531815757
848a92251d7b3b0ff99e21767f30b71e	d__Bacteria;p__Bacteroidota;c__Bacteroidia;o__Flavobacteriales;f__Flavobacteriaceae;g__Incertae_Sedis;s__gut_metagenome	1.0
d2cf4c7310fadaaf5a64146940ae3c13	d__Bacteria;p__Bacillota;c__Clostridia;o__Lachnospirales;f__Lachnospiraceae	0.9999983686489784
9fb235891b2210b2ca495f22a1a9ac9a	d__Bacteria;p__Bacillota;c__Clostridia;o__Peptostreptococcales-Tissierellales;f__Anaerovoracaceae;g__Incertae_Sedis;s__Ihubacter_massiliensis	0.9969275656055039
cd1f65cc575b1a8ca44a05e1315f6792	d__Bacteria;p__Bacteroidota;c__Bacteroidia;o__Bacteroidales;f__Prevotellaceae;g__Segatella;s__uncultured_organism	0.936864349800656
2b8c7e31cafd881922cb37be2297ef90	d__Bacteria;p__Bacillota;c__Clostridia;o__Peptostreptococcales-Tissierellales;f__Peptostreptococcaceae;g__Incertae_Sedis;s__uncultured_Eubacteriaceae	0.999598870032154
d4757826f2b94c22f028adafc18b809e	d__Bacteria;p__Bacteroidota;c__Bacteroidia;o__Bacteroidales;f__Prevotellaceae;g__Alloprevotella	0.9999984703703805
8cca73e31e9684cc35d23295945262a3	d__Bacteria;p__Bacteroidota;c__Bacteroidia;o__Bacteroidales;f__Prevotellaceae;g__Hoylesella;s__uncultured_bacterium	0.9487144757664321
f79d5e1c368941311a7fc20cf2ac7af6	d__Bacteria;p__Bacteroidota;c__Bacteroidia;o__Bacteroidales;f__Prevotellaceae;g__Segatella	0.9999996891169406
bd92e63b5635e7c6cf1ec422627b1194	d__Bacteria;p__Bacteroidota;c__Bacteroidia;o__Bacteroidales;f__Prevotellaceae;g__Segatella	0.9991993856844174
2f664b85c9857bf51dccd58cf6c47230	d__Bacteria;p__Bacillota;c__Negativicutes;o__Veillonellales-Selenomonadales;f__Selenomonadaceae;g__Selenomonas;s__Selenomonas_sputigena	0.9059056399902661
4dabe2309d1c15a45600aa8889f29291	d__Bacteria;p__Bacillota;c__Clostridia;o__Eubacteriales;f__Eubacteriaceae;g__Pseudoramibacter;s__uncultured_bacterium	0.7522949877227821
0bdfb0de96a69f3b6411bd657a42db24	d__Bacteria;p__Bacteroidota;c__Bacteroidia;o__Bacteroidales;f__Porphyromonadaceae;g__Porphyromonas	0.9999999997061692
e00a0e1f7cbfdf395e798c80794cbe6e	d__Bacteria;p__Bacteroidota;c__Bacteroidia;o__Bacteroidales;f__Prevotellaceae;g__Hoylesella	0.9999981356443781
b0724e236626ab7f258d7ae13385f209	d__Bacteria;p__Patescibacteria;c__Saccharimonadia;o__Saccharimonadales;f__Saccharimonadaceae;g__Candidatus_Saccharimonas	0.9999999962800121
30b65bc039a879a927686f19ca265e41	d__Bacteria;p__Bacillota;c__Negativicutes;o__Veillonellales-Selenomonadales;f__Selenomonadaceae;g__Selenomonas;s__Selenomonas_sputigena	0.8883509919913806
f47044ea82bc68c1a283a199257cdfce	d__Bacteria;p__Spirochaetota;c__Spirochaetia;o__Spirochaetales;f__Spirochaetaceae;g__Treponema;s__Treponema_vincentii	0.7851153734888594
d32402fba33e283f5faf20632f56a10f	d__Bacteria;p__Spirochaetota;c__Spirochaetia;o__Spirochaetales;f__Spirochaetaceae;g__Treponema;s__Treponema_medium	0.9908901518880286
02208210cc2c91fe29bd8be00dd7b9ba	d__Bacteria;p__Bacillota;c__Negativicutes;o__Veillonellales-Selenomonadales;f__Selenomonadaceae	0.999999999998761
842e5bf9f69d72c98c9f665b01bcf9d5	d__Bacteria;p__Spirochaetota;c__Spirochaetia;o__Spirochaetales;f__Spirochaetaceae;g__Treponema;s__Treponema_genomosp.	0.9846555492676932
3a2e84529949060743db3e340cfee803	d__Bacteria;p__Bacillota;c__Clostridia;o__Lachnospirales;f__Lachnospiraceae	0.9999988480822609
442b04ca5590bef3123b3a8f10b8e033	d__Bacteria;p__Bacillota;c__Clostridia;o__Lachnospirales;f__Lachnospiraceae;g__Marvinbryantia;s__uncultured_bacterium	0.8749349748597458
b1a448dc7412d506e18461362944ecf8	d__Bacteria;p__Bacillota;c__Clostridia;o__Oscillospirales;f__Ethanoligenenaceae;g__Acetanaerobacterium;s__uncultured_rumen	0.9999995449996858
4d71ba4f3f509ebc9642febe099861fc	d__Bacteria;p__Pseudomonadota;c__Gammaproteobacteria;o__Burkholderiales;f__Sutterellaceae;g__Turicimonas	0.9999999999999482
98352ae351e75a6aad1c26146d39315b	d__Bacteria;p__Pseudomonadota;c__Gammaproteobacteria;o__Enterobacterales;f__Enterobacteriaceae;g__Citrobacter	0.8637011265000657
55da644f28a0c33c2884f913c74dc3b7	d__Bacteria;p__Bacteroidota;c__Bacteroidia;o__Bacteroidales;f__Tannerellaceae;g__Tannerella	0.9999996347670101
232af231b1a3a8ca6ef3bf5432418b64	d__Bacteria;p__Pseudomonadota;c__Gammaproteobacteria;o__Enterobacterales;f__Pasteurellaceae;g__Haemophilus	0.9999523957786016
10d43a92e8e8146831b57d6ff6d0e4b5	d__Bacteria;p__Spirochaetota;c__Spirochaetia;o__Spirochaetales;f__Spirochaetaceae;g__Treponema;s__Treponema_genomosp.	0.9997733278826931
0c1701b7147162a58d5ab77ce445446e	d__Bacteria;p__Bacteroidota;c__Bacteroidia;o__Bacteroidales;f__Tannerellaceae;g__Tannerella;s__uncultured_Tannerella	0.9529807440747698
34f6a9f2891692941ec6fdb0095c4012	d__Bacteria;p__Bacillota;c__Clostridia;o__Oscillospirales;f__[Eubacterium]_coprostanoligenes_group;g__Incertae_Sedis;s__uncultured_organism	0.9606609414983678
96051decc34c9bfe247a17fcd0670b25	d__Bacteria;p__Bacillota;c__Clostridia;o__Monoglobales;f__Monoglobaceae;g__Monoglobus;s__uncultured_bacterium	0.9915378882582897
0af6b0cd0115d3c3a60e0a977ba2cc51	d__Bacteria;p__Bacillota;c__Clostridia;o__Oscillospirales;f__Ruminococcaceae;g__Incertae_Sedis	0.9954593202755478
0def7442ce8161d78b2b6c9da8d24f6f	d__Bacteria;p__Bacillota;c__Clostridia;o__Christensenellales;f__Christensenellaceae;g__Incertae_Sedis;s__uncultured_bacterium	0.9960954694002799
73596578a9c3b4a83c563b1636a0ece1	d__Bacteria;p__Bacillota;c__Clostridia;o__Oscillospirales;f__Oscillospiraceae;g__Oscillospira;s__uncultured_bacterium	0.9651546908883224
1122ce0070ff486370d39db6a84d7b26	d__Bacteria;p__Bacillota;c__Negativicutes;o__Veillonellales-Selenomonadales;f__Selenomonadaceae;g__Centipeda	0.7293054020152363
a5ac6de4ff6773422c27150828e1d4eb	d__Bacteria;p__Bacteroidota;c__Bacteroidia;o__Flavobacteriales;f__Flavobacteriaceae;g__Capnocytophaga;s__Capnocytophaga_ochracea	0.8876555823744537
0d2cb4c3d713ede3c9d29c6885eef15e	d__Bacteria;p__Bacteroidota;c__Bacteroidia;o__Bacteroidales;f__Tannerellaceae;g__Tannerella	0.9999987905037342
7bd6e653dbbcd9ea15b8099d59adee11	d__Bacteria;p__Bacteroidota;c__Bacteroidia;o__Flavobacteriales;f__Flavobacteriaceae;g__Capnocytophaga;s__Capnocytophaga_ochracea	0.9155820086083508
61090e4efa39060a2cf661e6fc197148	d__Bacteria;p__Actinomycetota;c__Actinobacteria;o__Mycobacteriales;f__Corynebacteriaceae;g__Corynebacterium;s__Corynebacterium_matruchotii	0.9195654214563828
03cbec99dbc796ffb10408909e5ebbf6	d__Bacteria;p__Bacteroidota;c__Bacteroidia;o__Bacteroidales;f__Porphyromonadaceae;g__Porphyromonas	0.999999999742243
eb10babecf5b29fbde320156c766ba0c	d__Bacteria;p__Spirochaetota;c__Spirochaetia;o__Spirochaetales;f__Spirochaetaceae;g__Treponema;s__Treponema_sp.	0.9788451865107288
40ac59ed9407fb7614657738d8de462d	d__Bacteria;p__Bacteroidota;c__Bacteroidia;o__Bacteroidales;f__Prevotellaceae;g__Incertae_Sedis	0.9999999999318427
10b7dc8487a149e829f4c0faafc851f7	d__Bacteria;p__Bacillota;c__Clostridia;o__Peptostreptococcales-Tissierellales;f__Anaerovoracaceae;g__[Eubacterium]_sulci_group;s__uncultured_bacterium	0.9999432948489289
b16c3220dc357c52ca2a86ff965ddeaf	d__Bacteria;p__Bacillota;c__Clostridia;o__Oscillospirales;f__Ruminococcaceae	0.9999999999999688
4ad459c1c52106181ebc41235bf6f10e	d__Bacteria;p__Pseudomonadota;c__Gammaproteobacteria;o__Burkholderiales;f__Oxalobacteraceae;g__Oxalobacter;s__Oxalobacter_formigenes	0.8941775600655387
baaa574f5716a6d2b658164dc39ba299	d__Bacteria;p__Bacillota;c__Clostridia;o__Lachnospirales;f__Lachnospiraceae;g__Shuttleworthia;s__uncultured_bacterium	0.953956834283848
886d977c65c2e2e4334d40d5944e23a0	d__Bacteria;p__Bacillota;c__Clostridia;o__Lachnospirales;f__Lachnospiraceae;g__Lactonifactor;s__	0.821039834602619
7273e6e8aa6719554d6b5933b1ee6f56	d__Bacteria;p__Bacillota;c__Clostridia;o__Lachnospirales;f__Lachnospiraceae;g__Lachnospiraceae_FCS020_group;s__metagenome	0.9921543679731045
1711e3fd221d458b775b23074464668e	d__Bacteria;p__Bacillota;c__Clostridia;o__Oscillospirales;f__Oscillospiraceae	0.9999923587617873
08e91014e3d9c1c1329d013f141cd5bd	d__Bacteria;p__Pseudomonadota;c__Alphaproteobacteria;o__Rhodospirillales;f__Incertae_Sedis;g__Incertae_Sedis;s__gut_metagenome	0.9999978589003902
2dcecaf33e36730e2c3238f3b13bd48c	d__Bacteria;p__Bacillota;c__Negativicutes;o__Veillonellales-Selenomonadales;f__Selenomonadaceae	0.9999999999936566
162f3c3baffd8d8c035e3100297660c9	d__Bacteria;p__Bacteroidota;c__Bacteroidia;o__Bacteroidales;f__Prevotellaceae;g__Segatella	0.999391882118669
4743122883ef813219c91c3de02dd82b	d__Bacteria;p__Bacillota;c__Clostridia;o__Lachnospirales;f__Lachnospiraceae;g__Stomatobaculum;s__uncultured_bacterium	0.9841445563622973
a6e5a78a5f5739814927056ecfd167b3	d__Bacteria;p__Bacillota;c__Negativicutes;o__Veillonellales-Selenomonadales;f__Selenomonadaceae;g__Centipeda	0.766114432325836
53bd2ffafb0145b9340271ea2fb935a7	d__Bacteria;p__Bacteroidota;c__Bacteroidia;o__Bacteroidales;f__Prevotellaceae;g__Prevotella	0.9999996298702639
d50aecc21be3cc7adcd024ea9270881c	d__Bacteria;p__Pseudomonadota;c__Gammaproteobacteria;o__Cardiobacteriales;f__Cardiobacteriaceae;g__Cardiobacterium;s__Cardiobacterium_valvarum	0.9935556927992061
082f467cc27f2a32e4afffd576cb9c03	d__Bacteria;p__Synergistota;c__Synergistia;o__Synergistales;f__Synergistaceae;g__Fretibacterium;s__uncultured_Synergistetes	0.7911662687611755
e273175d349e459224f55d1fda578084	d__Bacteria;p__Pseudomonadota;c__Gammaproteobacteria;o__Enterobacterales;f__Pasteurellaceae;g__Haemophilus;s__Haemophilus_haemolyticus	0.9161273321492092
a827b4a7d87fed67a9188d0e801b8062	d__Bacteria;p__Pseudomonadota;c__Gammaproteobacteria;o__Burkholderiales;f__Neisseriaceae;g__Neisseria	0.8041185791179639
49e3b458804811d3055a460108156ec4	d__Bacteria;p__Bacillota;c__Clostridia;o__Peptostreptococcales-Tissierellales;f__Family_XI;g__Incertae_Sedis;s__Tissierella_sp.	0.9999997898758516
4d55acf0d1f953f0d15754fe88f71cbe	d__Bacteria;p__Bacillota;c__Clostridia;o__Peptostreptococcales-Tissierellales;f__Anaerovoracaceae;g__Hornefia;s__[Eubacterium]_minutum	0.9963675775344594
3510ab4d749b215b3c4c9aea4df609ca	d__Bacteria;p__Bacteroidota;c__Bacteroidia;o__Bacteroidales;f__Marinifilaceae;g__Butyricimonas;s__uncultured_organism	0.9034581269955427
4fa36d65aef43cf33e970092da5b9ad9	d__Bacteria;p__Bacillota;c__Clostridia;o__Eubacteriales;f__Eubacteriaceae;g__Eubacterium;s__Eubacterium_limosum	0.7784110373734031
8878a0465f5d22d1c56917fe650a7df3	d__Bacteria;p__Bacillota;c__Clostridia;o__Clostridiales;f__Clostridiaceae;g__Clostridium	0.9998930931302816
3359b72af1fdf95d62d519f2c6af65b1	d__Bacteria;p__Bacillota;c__Clostridia;o__Oscillospirales;f__Ruminococcaceae;g__Incertae_Sedis;s__uncultured_Ruminococcus	0.999997035239222
65e3c1ad0dd90fd235f5cf897124af06	d__Bacteria;p__Actinomycetota;c__Actinobacteria;o__Actinomycetales;f__Actinomycetaceae;g__Schaalia	0.9999999330218544
b322dc21a09afae3ef26bb98ab93b4dc	d__Bacteria;p__Bacteroidota;c__Bacteroidia;o__Bacteroidales;f__Prevotellaceae;g__Incertae_Sedis;s__	0.9668989362014891
1876c6ed11a3167d12ecb5ee35e04b07	d__Bacteria;p__Bacillota;c__Negativicutes;o__Veillonellales-Selenomonadales;f__Selenomonadaceae;g__Centipeda	0.790894748431067
7bca54025d8293449b6fb96d270043fd	d__Bacteria;p__Spirochaetota;c__Spirochaetia;o__Spirochaetales;f__Spirochaetaceae;g__Treponema;s__Treponema_sp.	0.9150605390062432
ac334ffac26f28dffaca8d649c05c700	d__Bacteria;p__Bacteroidota;c__Bacteroidia;o__Sphingobacteriales;f__Lentimicrobiaceae;g__Lentimicrobium;s__unidentified	0.9999990976059601
ca2f6e2267771b0a14158d8ee650ba4c	d__Bacteria;p__Bacillota;c__Clostridia;o__Lachnospirales;f__Lachnospiraceae;g__Incertae_Sedis;s__Butyrivibrio_sp.	0.9999997486475568
4d73e64623860d4ac7fc52b694a4bd2b	d__Bacteria;p__Bacillota;c__Clostridia;o__Christensenellales;f__Christensenellaceae;g__Christensenellaceae_R-7_group	0.9949663414497847
f35edb73290081d184e11aae6be51c6c	d__Bacteria;p__Bacteroidota;c__Bacteroidia;o__Bacteroidales;f__Barnesiellaceae;g__Barnesiella	0.999999999979041
0129288906b8e157640b03410e04cdcb	d__Bacteria;p__Bacillota;c__Clostridia;o__Peptostreptococcales-Tissierellales;f__Anaerovoracaceae;g__Family_XIII_UCG-001;s__uncultured_bacterium	0.9999249275122789
fff9c05d5f93dcb07efbde8e7175f1ee	d__Bacteria;p__Bacillota;c__Clostridia;o__Lachnospirales;f__Lachnospiraceae;g__Dorea;s__uncultured_Dorea	0.9601370593037517
0533736ca6c2af54b713eef909f8a618	d__Bacteria;p__Bacillota;c__Clostridia;o__Oscillospirales;f__Ruminococcaceae;g__Incertae_Sedis;s__human_gut	0.957483609401529
d41080dde1787a27b4700ab50e7e922c	d__Bacteria;p__Spirochaetota;c__Spirochaetia;o__Spirochaetales;f__Spirochaetaceae;g__Treponema;s__Treponema_parvum	0.9999999999883187
8f8fae8dfc149b5c8721707c84b4f5c7	d__Bacteria;p__Bacillota;c__Negativicutes;o__Veillonellales-Selenomonadales;f__Selenomonadaceae;g__Selenomonas;s__Schwartzia_sp.	0.8412005194156562
d8147535c28ead46f53854f54976beab	d__Bacteria;p__Bacillota;c__Clostridia;o__Lachnospirales;f__Lachnospiraceae;g__Lachnoanaerobaculum	0.9999687847890234
41991e1eada9a73ea3c220980d71bc26	d__Bacteria;p__Bacteroidota;c__Bacteroidia;o__Bacteroidales;f__Prevotellaceae;g__Segatella;s__uncultured_organism	0.7525916560157402
ad354bcc84ec45521ab255663eae4573	d__Bacteria;p__Bacteroidota;c__Bacteroidia;o__Flavobacteriales;f__Flavobacteriaceae;g__Capnocytophaga	0.999999999986487
a925205cacffbc864e25e265facaa28c	d__Bacteria;p__Bacillota;c__Clostridia;o__Lachnospirales;f__Lachnospiraceae;g__Oribacterium	0.9999959703617959
f4668c9f2fda3d52db3aef1a64f51bd3	d__Bacteria;p__Actinomycetota;c__Actinobacteria;o__Actinomycetales;f__Actinomycetaceae;g__Schaalia	0.9999999039723175
df1ba4e1ea61883bad8c629bcedb47b2	d__Bacteria;p__Spirochaetota;c__Spirochaetia;o__Spirochaetales;f__Spirochaetaceae;g__Treponema;s__Treponema_genomosp.	0.8652666100816182
d50be3cdc35af8b8a41137c6236adcea	d__Bacteria;p__Bacillota;c__Negativicutes;o__Veillonellales-Selenomonadales;f__Selenomonadaceae	0.9999999999988143
69e2c958aec2873fd485ae9b5ff748f3	d__Bacteria;p__Bacillota;c__Clostridia;o__Oscillospirales;f__UCG-010;g__Incertae_Sedis;s__uncultured_organism	0.9997792391156357
821ae9699b3bff903e67103048d44116	d__Bacteria;p__Bacillota;c__Clostridia;o__Lachnospirales;f__Lachnospiraceae	0.9999932986593381
59b37e48d184742accadf62626c02486	d__Bacteria;p__Bacillota;c__Clostridia;o__Peptostreptococcales-Tissierellales;f__Anaerovoracaceae;g__Incertae_Sedis;s__Ihubacter_massiliensis	0.992971244102343
67d6a1abc267d99cc5c17afbcb56d9fd	d__Bacteria;p__Bacteroidota;c__Bacteroidia;o__Bacteroidales;f__Rikenellaceae;g__Alistipes	0.9999999999982937
02aaade0e0c17068a8061682592b8986	d__Bacteria;p__Bacillota;c__Clostridia;o__Oscillospirales;f__Ruminococcaceae;g__Incertae_Sedis	0.7794061098110899
ce03d8e50294f07d6e1660b6866e93e0	d__Bacteria;p__Spirochaetota;c__Spirochaetia;o__Spirochaetales;f__Spirochaetaceae;g__Treponema;s__Treponema_sp.	0.9218088762332082
2753c5d7a364e43a146dee1d2a26d929	d__Bacteria;p__Synergistota;c__Synergistia;o__Synergistales;f__Synergistaceae;g__Pyramidobacter;s__Pyramidobacter_piscolens	0.9466927147540597
a4bc29c882d61ae46f305c0fff945c87	d__Bacteria;p__Actinomycetota;c__Coriobacteriia;o__Coriobacteriales;f__Atopobiaceae;g__Lancefieldella;s__uncultured_bacterium	0.8802857755420812
3bb44124cead06671fba7c71c09e821f	d__Bacteria;p__Actinomycetota;c__Actinobacteria;o__Actinomycetales;f__Actinomycetaceae;g__Actinomyces;s__Actinomyces_graevenitzii	0.9999731008460717
b46497cfc1c2222e8ef06645127a4bc8	d__Bacteria;p__Bacteroidota;c__Bacteroidia;o__Bacteroidales;f__Prevotellaceae;g__Segatella;s__unidentified	0.9999929478147442
b19933c05fbab76b0be6f17e6242f23a	d__Bacteria;p__Bacteroidota;c__Bacteroidia;o__Bacteroidales;f__Tannerellaceae;g__Tannerella;s__uncultured_bacterium	0.7497866558062456
e00a08cf40a427de569292d39329b959	d__Bacteria;p__Pseudomonadota;c__Gammaproteobacteria;o__Enterobacterales;f__Pasteurellaceae;g__Aggregatibacter;s__uncultured_bacterium	0.8316175570166592
273cc6ff0b8db8856476ab78a5ff8b7d	d__Bacteria;p__Bacteroidota;c__Bacteroidia;o__Bacteroidales;f__Prevotellaceae;g__Prevotella	0.9999996745495883
ba7bfa863a9cb583232946ea70eeacec	d__Bacteria;p__Patescibacteria;c__Gracilibacteria;o__Absconditabacteriales_(SR1);f__Incertae_Sedis;g__Incertae_Sedis;s__SR1_bacterium	0.9998807867022972
323ba6d044df6cf8ff4ebbdcb0b35ddf	d__Bacteria;p__Bacillota;c__Bacilli;o__Mycoplasmatales;f__Mycoplasmataceae;g__Mycoplasma;s__Metamycoplasma_salivarium	0.8527199822682944
d2d510b160046c26f8dca421886b4b35	d__Bacteria;p__Bacillota;c__Negativicutes;o__Veillonellales-Selenomonadales;f__Selenomonadaceae;g__Selenomonas;s__Selenomonas_genomosp.	0.8298216605954156
e021eec08b8564ccb059f6217babf43e	d__Bacteria;p__Pseudomonadota;c__Gammaproteobacteria;o__Enterobacterales;f__Pasteurellaceae;g__Haemophilus;s__Haemophilus_sputorum	0.8855666860448177
5bf4c6b80694891723318d85c355805e	d__Bacteria;p__Bacillota;c__Clostridia;o__Peptococcales;f__Peptococcaceae;g__Peptococcus;s__uncultured_Peptococcus	0.7568878700858472
38ecb490c21afb69d0a84ba4a884af39	d__Bacteria;p__Bacteroidota;c__Bacteroidia;o__Bacteroidales;f__Prevotellaceae;g__Segatella;s__Prevotella_sp.	0.8026448610004766
0ad56676086eaffbeb01a2db0b656d5e	d__Bacteria;p__Bacillota;c__Clostridia;o__Peptococcales;f__Peptococcaceae;g__Peptococcus;s__uncultured_bacterium	0.9999998605476419
6c84a05e86c2b023c0dd62a845898e48	d__Bacteria;p__Actinomycetota;c__Coriobacteriia;o__Coriobacteriales;f__Eggerthellaceae;g__Adlercreutzia;s__uncultured_bacterium	0.9999977241820976
777dafa3e5bad680cc5a2c1418e8b728	d__Bacteria;p__Bacillota;c__Clostridia;o__Lachnospirales;f__Lachnospiraceae	0.9999988685930141
dfc82561fb6ae5e03d37d5250f700a6b	d__Bacteria;p__Pseudomonadota;c__Gammaproteobacteria;o__Burkholderiales;f__Sutterellaceae;g__Sutterella	0.9999999998738477
f910f7aa24b31f411c92bc7348a258fb	d__Bacteria;p__Actinomycetota;c__Coriobacteriia;o__Coriobacteriales;f__Eggerthellaceae;g__Gordonibacter	0.9999966167692979
6d316770c17c9ba12c3c37f37c03396b	d__Bacteria;p__Bacillota;c__Clostridia;o__Lachnospirales;f__Lachnospiraceae;g__Mediterraneibacter	0.9895242591135972
261fd22fef6c5281f7b782a78c67118a	d__Bacteria;p__Bacillota;c__Clostridia;o__Lachnospirales;f__Lachnospiraceae	0.9999996938482563
6a9d6559ba123b93f75f363fab20236d	d__Bacteria;p__Thermodesulfobacteriota;c__Desulfovibrionia;o__Desulfovibrionales;f__Desulfovibrionaceae;g__Incertae_Sedis;s__uncultured_Desulfovibrionaceae	0.9957025073630309
5191469426bb895577092191cc37c884	d__Bacteria;p__Bacillota;c__Clostridia;o__Christensenellales;f__Christensenellaceae;g__Christensenella;s__Christensenella_sp.	0.8933580629664574
b85e58b885a56dec5a7ad0519c815e9a	d__Bacteria;p__Bacteroidota;c__Bacteroidia;o__Bacteroidales;f__Prevotellaceae;g__Paraprevotella	0.9999999976086675
e8208f6a61ab5f50ccb199d1131d0a0c	d__Bacteria;p__Bacteroidota;c__Bacteroidia;o__Bacteroidales;f__Barnesiellaceae;g__Coprobacter;s__Coprobacter_secundus	0.9968864999161721
9dda915d5548b3bbc8732e322f624a3c	d__Bacteria;p__Bacillota;c__Clostridia;o__Peptostreptococcales-Tissierellales;f__Anaerovoracaceae;g__Aminipila;s__Peptostreptococcaceae_bacterium	0.8816429105763941
602d8697c539b100d8a667433a863645	d__Bacteria;p__Pseudomonadota;c__Alphaproteobacteria;o__Rhodospirillales;f__Incertae_Sedis;g__Incertae_Sedis;s__uncultured_bacterium	0.9762666476000876
06e2ff0f10093292a2a17f063a6604cf	d__Bacteria;p__Spirochaetota;c__Spirochaetia;o__Spirochaetales;f__Spirochaetaceae;g__Treponema;s__uncultured_bacterium	0.9522958346853757
bea43b40ec626965f3c2f59d235cdb79	d__Bacteria;p__Bacteroidota;c__Bacteroidia;o__Bacteroidales;f__Prevotellaceae;g__Prevotella;s__Prevotella_veroralis	0.9643860645330343
1b175b2a957555bb398a90da5161f223	d__Bacteria;p__Pseudomonadota;c__Gammaproteobacteria;o__Cardiobacteriales;f__Cardiobacteriaceae;g__Cardiobacterium;s__Cardiobacterium_valvarum	0.9796550412046342
3af0fa5d5ed8be05e4e4aef4af77124a	d__Bacteria;p__Actinomycetota;c__Actinobacteria;o__Mycobacteriales;f__Corynebacteriaceae;g__Corynebacterium;s__Corynebacterium_durum	0.9979992351230964
a7618e83e62d7beb70ff50370d8b6492	d__Bacteria;p__Bacteroidota;c__Bacteroidia;o__Bacteroidales;f__Prevotellaceae;g__Segatella;s__Prevotella_salivae	0.9554819897977457
52d625e4c6d156d9b6f9f8276f07c97e	d__Bacteria;p__Spirochaetota;c__Spirochaetia;o__Spirochaetales;f__Spirochaetaceae;g__Treponema;s__Treponema_medium	0.9024186824525418
12e9e44046b7f75d4b728efbcdf94984	d__Bacteria;p__Spirochaetota;c__Spirochaetia;o__Spirochaetales;f__Spirochaetaceae;g__Treponema;s__Treponema_genomosp.	0.9053126088698671
084619b47e141defff72447bb2f99642	d__Bacteria;p__Bacillota;c__Clostridia;o__Lachnospirales;f__Lachnospiraceae;g__Butyrivibrio;s__Firmicutes_oral	0.9994646632401482
ee54b4e87897aa8e9c04e7d96fdf8490	d__Bacteria;p__Bacillota;c__Bacilli;o__Lactobacillales;f__Streptococcaceae;g__Streptococcus	0.9999999981941617
cd33343b747cb20a2c7f908be741c159	d__Bacteria;p__Bacillota;c__Bacilli;o__Erysipelotrichales;f__Erysipelatoclostridiaceae;g__Erysipelotrichaceae_UCG-003;s__uncultured_bacterium	0.8139252841701355
69d09190b785739d1d1aec11e51a334b	d__Bacteria;p__Bacillota;c__Clostridia;o__Monoglobales;f__Monoglobaceae;g__Monoglobus;s__uncultured_bacterium	0.9675788961059867
3a3e87108ac6e9a19ac83238ebe712c1	d__Bacteria;p__Bacillota;c__Clostridia;o__Christensenellales;f__Christensenellaceae;g__Christensenella;s__Christensenella_sp.	0.9186566031861247
5ad6fc8589de15a5c3725cd8bec8b7ef	d__Bacteria;p__Bacillota;c__Clostridia;o__Clostridia_UCG-014;f__Incertae_Sedis;g__Incertae_Sedis	0.9999999999737325
8445c98132f31ad4ce1523247a97b90a	d__Bacteria;p__Bacillota;c__Clostridia;o__Clostridia_UCG-014;f__Incertae_Sedis;g__Incertae_Sedis	0.9999999999889201
4f1d8841b927add13ff2e3a047f6a056	d__Bacteria;p__Pseudomonadota;c__Gammaproteobacteria;o__Burkholderiales;f__Sutterellaceae;g__Turicimonas;s__Burkholderiales_bacterium	0.7785278192047184
a0dadf0fea2b22de2365f8783625e8a3	d__Bacteria;p__Bacillota;c__Negativicutes;o__Acidaminococcales;f__Acidaminococcaceae;g__Phascolarctobacterium;s__gut_metagenome	0.8082968079809465
ac1d4e46240660a75dd561498d1c50df	d__Bacteria;p__Bacillota;c__Clostridia;o__Oscillospirales;f__Oscillospiraceae;g__UCG-005;s__uncultured_organism	0.8285868811157123
2366064adbada58ff2641cade100e6b9	d__Bacteria;p__Bacteroidota;c__Bacteroidia;o__Bacteroidales;f__Prevotellaceae	0.999999999983236
5bafbc12b8599aa7443914b205b4b5f6	d__Bacteria;p__Bacteroidota;c__Bacteroidia;o__Bacteroidales;f__Prevotellaceae;g__Incertae_Sedis;s__	0.988042425546814
0690ac903cfc0fa55dfcf1b1fbc8215d	d__Bacteria;p__Bacteroidota;c__Bacteroidia;o__Bacteroidales;f__Prevotellaceae;g__Hoylesella;s__Prevotella_sp.	0.9999777621076728
d9188f60a999ed70cecb39966185952d	d__Bacteria;p__Bacillota;c__Clostridia;o__Lachnospirales;f__Lachnospiraceae;g__Shuttleworthia;s__Shuttleworthia_satelles	0.9988961134343588
3faed4092122625f2cc6d3309e08dbb3	d__Bacteria;p__Bacteroidota;c__Bacteroidia;o__Bacteroidales;f__Rikenellaceae;g__Rikenellaceae_RC9_gut_group;s__Bacteroidales_genomosp.	0.9999999983556621
346737b7f7c3c6f9155efcaa4af4f494	d__Bacteria;p__Bacillota;c__Negativicutes;o__Veillonellales-Selenomonadales;f__Selenomonadaceae;g__Selenomonas;s__Selenomonas_artemidis	0.9868081302864992
df1ed965273f60f7fb1c4ac4fdb698c9	d__Bacteria;p__Pseudomonadota;c__Gammaproteobacteria;o__Burkholderiales;f__Comamonadaceae;g__Comamonas;s__Ottowia_sp.	0.9987912828206552
ee1cbb0c95798d884d6b02b6e11ae51c	d__Bacteria;p__Spirochaetota;c__Spirochaetia;o__Spirochaetales;f__Spirochaetaceae;g__Treponema;s__Treponema_socranskii	0.9719982784996767
75061d0fd8c04d6afad8555779e46f15	d__Bacteria;p__Bacteroidota;c__Bacteroidia;o__Bacteroidales;f__Prevotellaceae;g__Segatella;s__uncultured_organism	0.7797767097610092
44e791fa827ca5a39c6f068259c9c9fb	d__Bacteria;p__Bacillota;c__Negativicutes;o__Veillonellales-Selenomonadales;f__Selenomonadaceae;g__Selenomonas	0.9994011092824967
8053b86804b53140330d8c1c62c1f1b7	d__Bacteria;p__Patescibacteria;c__Saccharimonadia;o__Saccharimonadales;f__Saccharimonadaceae;g__Incertae_Sedis;s__uncultured_bacterium	0.9349690619856389
3d1bf50c9eb5dd8614be2cff65675a0a	d__Bacteria;p__Patescibacteria;c__Gracilibacteria;o__Absconditabacteriales_(SR1);f__Incertae_Sedis;g__Incertae_Sedis	1.0000000000000089
fbd10a918a0e253480447da6cec37f29	d__Bacteria;p__Bacteroidota;c__Bacteroidia;o__Bacteroidales;f__Porphyromonadaceae;g__Porphyromonas;s__Porphyromonas_uenonis	0.9842081373411025
868ab1e03e071c8ce8eafc8184f0973d	d__Bacteria;p__Bacillota;c__Negativicutes;o__Veillonellales-Selenomonadales;f__Veillonellaceae;g__Veillonella	0.9999999998646125
93fba545ec755fa6f804c4aef586710b	d__Bacteria;p__Patescibacteria;c__Saccharimonadia;o__Saccharimonadales;f__Saccharimonadaceae;g__Incertae_Sedis;s__uncultured_bacterium	0.7885010764589273
81d3a3941664ad10d9f65321412ebfff	d__Bacteria;p__Bacillota;c__Clostridia;o__Oscillospirales;f__Oscillospiraceae;g__UCG-005	0.9997922978231668
28efc50a9c2aee66f32f7ae248388fd3	d__Bacteria;p__Bacillota;c__Clostridia;o__Oscillospirales;f__Ruminococcaceae;g__Candidatus_Soleaferrea;s__uncultured_Firmicutes	0.973027344007096
3b1a473876f095d291bafac8be3879b9	d__Bacteria;p__Bacillota;c__Clostridia;o__Oscillospirales;f__Oscillospiraceae;g__Oscillibacter	0.9992410894128596
d758761c96b58e2729c115a23fb46c21	d__Bacteria;p__Bacillota;c__Clostridia;o__Lachnospirales;f__Lachnospiraceae;g__[Eubacterium]_ruminantium_group;s__uncultured_bacterium	0.999772105340872
6565b1467df2f9253427fd1969dd2923	d__Bacteria;p__Bacillota;c__Clostridia;o__Lachnospirales;f__Lachnospiraceae;g__Enterocloster	0.9614931095397802
7f0271e9a0f4740bf23a3061c4ac5874	d__Bacteria;p__Bacillota;c__Clostridia;o__Oscillospirales;f__Ruminococcaceae;g__Gemmiger	0.9674551422083327
e9721dfc0b3e8380dd5b74ce38cb28f2	d__Bacteria;p__Bacillota;c__Clostridia;o__Lachnospirales;f__Lachnospiraceae	0.9999954737022434
9f66a052e31d6f4f9f2b9baf46fa05dd	d__Bacteria;p__Bacteroidota;c__Bacteroidia;o__Bacteroidales;f__Rikenellaceae;g__Alistipes	0.9999999999993076
3ab7cc8a84f2bf2ba33c2af0e665dceb	d__Bacteria;p__Bacteroidota;c__Bacteroidia;o__Bacteroidales;f__Bacteroidaceae;g__Bacteroides;s__	0.8860858204452856
a3d8762b2c203a316e4b3349d687f1e3	d__Bacteria;p__Bacillota;c__Clostridia;o__Lachnospirales;f__Lachnospiraceae;g__Extibacter	0.99007553711808
df8e573d5803df0b4f01ad11e4ae24ee	d__Bacteria;p__Bacteroidota;c__Bacteroidia;o__Flavobacteriales;f__Flavobacteriaceae;g__Capnocytophaga	0.9999999999999456
9fc927ef19a5cad43bf387ba2ec4978d	d__Bacteria;p__Patescibacteria;c__Gracilibacteria;o__Absconditabacteriales_(SR1);f__Incertae_Sedis;g__Incertae_Sedis;s__SR1_bacterium	0.9926251490991221
4849ebeb7e7a11220d7f32bd7d1cd304	d__Bacteria;p__Bacillota;c__Clostridia;o__Lachnospirales;f__Lachnospiraceae	0.9999999765963776
ab209dafceecfd4761392beb5e47fd27	d__Bacteria;p__Fusobacteriota;c__Fusobacteriia;o__Fusobacteriales;f__Leptotrichiaceae;g__Streptobacillus;s__uncultured_bacterium	0.9999722763227693
cc4e45bf60365c75e8cc93fd643d0492	d__Bacteria;p__Bacillota;c__Negativicutes;o__Veillonellales-Selenomonadales;f__Selenomonadaceae;g__Selenomonas;s__Veillonellaceae_bacterium	0.8190894767288633
bd636d8da2dca9bb0b1aa1da7e88890d	d__Bacteria;p__Actinomycetota;c__Coriobacteriia;o__Coriobacteriales;f__Coriobacteriales_Incertae_Sedis;g__Incertae_Sedis;s__uncultured_bacterium	0.9999908782737857
cac194444658a0c87667ca10028fffc0	d__Bacteria;p__Bacillota;c__Clostridia;o__Oscillospirales;f__Ruminococcaceae;g__Candidatus_Soleaferrea;s__uncultured_bacterium	0.9942854968143474
9a95c71560de6fcbdcf11de54ae99c5c	d__Bacteria;p__Bacillota;c__Clostridia;o__Peptostreptococcales-Tissierellales;f__Peptostreptococcaceae;g__Terrisporobacter	0.9985344653564652
275a909b71518ce743cea6406287671e	d__Bacteria;p__Bacteroidota;c__Bacteroidia;o__Bacteroidales;f__Tannerellaceae;g__Parabacteroides;s__Parabacteroides_distasonis	0.9581774919541504
d8ee6b91f96665eacf802d3b2c61cfed	d__Bacteria;p__Bacillota;c__Clostridia;o__Lachnospirales;f__Lachnospiraceae;g__[Ruminococcus]_gnavus_group	0.9981923461756427
6b64b36628d4e58f579b57a5d99f731d	d__Bacteria;p__Bacillota;c__Clostridia;o__Oscillospirales;f__Butyricicoccaceae;g__Agathobaculum	0.9999960954449487
38fff5f509455c968abd4278feea51c1	d__Bacteria;p__Bacillota;c__Bacilli;o__Erysipelotrichales;f__Erysipelatoclostridiaceae;g__UCG-004;s__uncultured_Mollicutes	0.9999999999889724
d5b480275562050f23c01ff50c9be190	d__Bacteria;p__Bacteroidota;c__Bacteroidia;o__Bacteroidales;f__Prevotellaceae;g__Segatella	0.9973044012050174
a5be02b506e30dcbacd6c67f350f3956	d__Bacteria;p__Bacteroidota;c__Bacteroidia;o__Bacteroidales;f__Prevotellaceae;g__Prevotella;s__Prevotella_denticola	0.9975210814157874
2464a5926cd9029d8b0ef1e1764fa641	d__Bacteria;p__Bacteroidota;c__Bacteroidia;o__Bacteroidales;f__Prevotellaceae;g__Hoylesella;s__Prevotella_enoeca	0.9974755650158428
81fc8a0ea860f85ddbd536e3037e9e25	d__Bacteria;p__Patescibacteria;c__Saccharimonadia;o__Saccharimonadales;f__Saccharimonadaceae;g__Incertae_Sedis;s__uncultured_bacterium	0.7074446134595483
1d7a2a23fb662bbc4b64b42984648cf6	d__Bacteria;p__Bacillota;c__Negativicutes;o__Veillonellales-Selenomonadales;f__Selenomonadaceae;g__Centipeda;s__uncultured_bacterium	0.9208904048662074
2d1d83fc3990cfb89338d994c1fed9a6	d__Bacteria;p__Bacillota;c__Negativicutes;o__Veillonellales-Selenomonadales;f__Selenomonadaceae;g__Selenomonas	0.9999998502724642
6524d879c5a2ea1b1b7f44f5d965b2ce	d__Bacteria;p__Bacillota;c__Negativicutes;o__Veillonellales-Selenomonadales;f__Selenomonadaceae;g__Selenomonas;s__Schwartzia_sp.	0.9581953533303167
eb303a6b9b3639cf3c3dd16c414074da	d__Bacteria;p__Bacteroidota;c__Bacteroidia;o__Flavobacteriales;f__Weeksellaceae;g__Bergeyella;s__uncultured_Bergeyella	0.9740720614078731
a7fcd2d9cc90e58c3e3fd1603acca805	d__Bacteria;p__Pseudomonadota;c__Gammaproteobacteria;o__Enterobacterales;f__Pasteurellaceae;g__Haemophilus	0.9999270823113049
15d90b7836808815aae9d0b0d50416c5	d__Bacteria;p__Bacteroidota;c__Bacteroidia;o__Bacteroidales;f__Prevotellaceae;g__Prevotella;s__Prevotella_denticola	0.9949689712653016
c66ebe9b40ff108d02fbb069fce68c4a	d__Bacteria;p__Bacteroidota;c__Bacteroidia;o__Bacteroidales;f__Prevotellaceae;g__Incertae_Sedis;s__uncultured_Prevotellaceae	0.9009580095419937
2b3519cc09f5cead92dbc0136c207414	d__Bacteria;p__Pseudomonadota;c__Gammaproteobacteria;o__Cardiobacteriales;f__Cardiobacteriaceae;g__Cardiobacterium;s__uncultured_bacterium	0.8085501754841927
c243bfa07ac31cb1df45938ad94903bf	d__Bacteria;p__Bacillota;c__Clostridia;o__Lachnospirales;f__Lachnospiraceae;g__Oribacterium	0.9999994879440746
73cf1c5fbb58063b36fb8de8c8507fb4	d__Bacteria;p__Actinomycetota;c__Coriobacteriia;o__Coriobacteriales;f__Atopobiaceae;g__Olsenella;s__Olsenella_sp.	0.9289295413448732
a43eb5cd46b1ca24d9050d50b25a1c18	d__Bacteria;p__Bacteroidota;c__Bacteroidia;o__Flavobacteriales;f__Flavobacteriaceae;g__Capnocytophaga;s__Capnocytophaga_sputigena	0.7559126072531537
c7e9a57a10e7c5176e3bed347c624103	d__Bacteria;p__Actinomycetota;c__Actinobacteria;o__Actinomycetales;f__Actinomycetaceae;g__Schaalia	0.9999998606512179
f32ae2bc777b5ef0ee71e41c4eab607e	d__Bacteria;p__Bacillota;c__Negativicutes;o__Veillonellales-Selenomonadales;f__Selenomonadaceae;g__Selenomonas;s__Selenomonas_genomosp.	0.7352637030529326
27f4cbb6d84d5883800387166ffb6906	d__Bacteria;p__Bacillota;c__Clostridia;o__Peptostreptococcales-Tissierellales;f__Anaerovoracaceae;g__Family_XIII_AD3011_group;s__uncultured_organism	0.9212325562316842
2751acbe954577dc5c39574abe17cd9b	d__Bacteria;p__Bacillota;c__Bacilli;o__Lactobacillales;f__Streptococcaceae;g__Streptococcus;s__Streptococcus_anginosus	0.9927548966096666
b6f6da882d0493cc9118b8fcae25ac07	d__Bacteria;p__Bacillota;c__Clostridia;o__Oscillospirales;f__Butyricicoccaceae;g__UCG-009;s__uncultured_bacterium	0.9487552585848986
edec9b9cbddc0ffd8957402fa3579242	d__Bacteria;p__Bacillota;c__Clostridia;o__Oscillospirales;f__UCG-010;g__Incertae_Sedis	0.999999695157876
46e5481d7781cba2de7affe15d141e8d	d__Bacteria;p__Verrucomicrobiota;c__Lentisphaeria;o__Victivallales;f__vadinBE97;g__Incertae_Sedis;s__Bacteroidales_bacterium	0.9962344944369785
bf921eb6e174bf7385e20e67efb856f7	d__Bacteria;p__Bacillota;c__Clostridia;o__Oscillospirales;f__Ruminococcaceae;g__Incertae_Sedis;s__human_gut	0.9048367635739919
decaffc8a68149622877d3469ad7c8c2	d__Bacteria;p__Pseudomonadota;c__Gammaproteobacteria;o__Enterobacterales;f__Pasteurellaceae;g__Aggregatibacter	0.7397254288679666
76932bb0d9b5db760c30ecf5fa7324fb	d__Bacteria;p__Patescibacteria;c__Gracilibacteria;o__Absconditabacteriales_(SR1);f__Incertae_Sedis;g__Incertae_Sedis;s__SR1_bacterium	0.9999718009430109
897d5daafce2d75bb83a36b541677bb8	d__Bacteria;p__Bacteroidota;c__Bacteroidia;o__Bacteroidales;f__Prevotellaceae;g__Incertae_Sedis;s__uncultured_bacterium	0.8628381024762904
6e3c2a8ebbb89095990d1a873fe65273	d__Bacteria;p__Bacteroidota;c__Bacteroidia;o__Bacteroidales;f__Bacteroidaceae;g__Bacteroides;s__Prevotella_zoogleoformans	0.9690515740483309
559faf51522cf584a1e92a3f6d7d264c	d__Bacteria;p__Spirochaetota;c__Spirochaetia;o__Spirochaetales;f__Spirochaetaceae;g__Treponema;s__Treponema_genomosp.	0.9330045118981887
44096941dbfe59d7ed96f5c3dd113f02	d__Bacteria;p__Actinomycetota;c__Actinobacteria;o__Actinomycetales;f__Actinomycetaceae;g__Schaalia	0.999999885572061
ba60a6500221ce1f33b1a9ad80b53564	d__Bacteria;p__Bacillota;c__Clostridia;o__Lachnospirales;f__Lachnospiraceae	0.999997144754091
9d1da985c322f33764c3219a0bc6f771	d__Bacteria;p__Actinomycetota;c__Actinobacteria;o__Propionibacteriales;f__Propionibacteriaceae;g__Arachnia;s__uncultured_bacterium	0.9949672225581094
3aea6df22fb9fe83e84c272fad9b35ff	d__Bacteria;p__Pseudomonadota;c__Gammaproteobacteria;o__Enterobacterales;f__Pasteurellaceae;g__Aggregatibacter;s__uncultured_bacterium	0.7204169791141812
1bf84c5b2c2124beb4aa782d8e6c7fc5	d__Bacteria;p__Bacteroidota;c__Bacteroidia;o__Bacteroidales;f__Prevotellaceae;g__Prevotella;s__Prevotella_pallens	0.9999785996146194
f671314254eefb43d53e156fff713f76	d__Bacteria;p__Bacillota;c__Negativicutes;o__Veillonellales-Selenomonadales;f__Veillonellaceae;g__Anaeroglobus;s__uncultured_organism	0.7550310764726783
9a52ccdf69ce2931b11553946e33f821	d__Bacteria;p__Fusobacteriota;c__Fusobacteriia;o__Fusobacteriales;f__Leptotrichiaceae;g__Leptotrichia	0.9999953854706038
fada0264c3659d7a973586b7f8523a2e	d__Bacteria;p__Bacillota;c__Negativicutes;o__Veillonellales-Selenomonadales;f__Veillonellaceae;g__Anaeroglobus;s__Anaeroglobus_geminatus	0.9999955762624857
a05e9482d68bab2484954a5dda9fb4a0	d__Bacteria;p__Bacillota;c__Negativicutes;o__Veillonellales-Selenomonadales;f__Selenomonadaceae	0.9999999999880171
f6536d301c16aa3b940a195a2e614a1a	d__Bacteria;p__Bacteroidota;c__Bacteroidia;o__Bacteroidales;f__Prevotellaceae;g__Hoylesella;s__uncultured_bacterium	0.9888321948936486
c4f32c45b39c25336c98927951235733	d__Bacteria;p__Actinomycetota;c__Actinobacteria;o__Actinomycetales;f__Actinomycetaceae;g__Schaalia	0.9999999539296033
9c1fda6faba299588437d5b294af3d3c	d__Bacteria;p__Bacillota;c__Clostridia;o__Lachnospirales;f__Lachnospiraceae;g__Lachnoanaerobaculum	0.9999167842321934
7fdb230110c62e3b2c5b7a0121440a86	d__Bacteria;p__Pseudomonadota;c__Gammaproteobacteria;o__Enterobacterales;f__Pasteurellaceae;g__Aggregatibacter	0.912932166830049
6c8cbdea5fb5fccf92438e0365dd5651	d__Bacteria;p__Synergistota;c__Synergistia;o__Synergistales;f__Synergistaceae;g__Pyramidobacter	0.9999999732415218
06e488624cfe09ffedcf630861adf369	d__Bacteria;p__Pseudomonadota;c__Alphaproteobacteria;o__Rhodospirillales;f__Incertae_Sedis;g__Incertae_Sedis;s__uncultured_bacterium	0.8334828111457222
b12efffd30e54893f41f1423d6a5b6d5	d__Bacteria;p__Patescibacteria;c__Saccharimonadia;o__Saccharimonadales;f__Saccharimonadaceae;g__Candidatus_Saccharimonas	0.9999998803067875
1beb2de390e0a87ab3c8ac88919ebcda	d__Bacteria;p__Bacillota;c__Clostridia;o__Oscillospirales;f__Incertae_Sedis;g__Incertae_Sedis;s__uncultured_rumen	0.7707363020404573
53badc8be7b37e78a0c9662aff131106	d__Bacteria;p__Bacillota;c__Clostridia;o__Oscillospirales;f__UCG-010;g__Incertae_Sedis;s__gut_metagenome	0.996627446462625
13427e2ded00d1ad746d2c50edaa2bcb	d__Bacteria;p__Bacillota;c__Clostridia;o__Oscillospirales;f__[Eubacterium]_coprostanoligenes_group;g__Incertae_Sedis	0.9897027267169441
efe57dc7c6840b372c8f226279aa10ff	d__Bacteria;p__Bacillota;c__Clostridia;o__Oscillospirales;f__Ruminococcaceae;g__Anaerotruncus;s__Anaerotruncus_sp.	0.9991851467260103
a14ce6336aa9818598680e4f3f8f1368	d__Bacteria;p__Bacillota;c__Clostridia;o__Oscillospirales;f__Ruminococcaceae	0.9982127487775577
eeb6ac94168e0c94a4bf11ff1a7db114	d__Bacteria;p__Bacillota;c__Clostridia;o__Oscillospirales;f__Oscillospiraceae;g__UCG-007;s__uncultured_rumen	0.7506043988679436
1226b72d7efa37ef0920024674eba9d9	d__Bacteria;p__Bacillota;c__Clostridia;o__Oscillospirales;f__Ruminococcaceae;g__Angelakisella	0.8396709925056736
bf8928d9c940c21eaacddbd057868a33	d__Bacteria;p__Bacillota;c__Clostridia;o__Oscillospirales;f__Ruminococcaceae;g__Candidatus_Soleaferrea;s__uncultured_bacterium	0.7727920729780777
cafe3e1470fa41376f7a69ccd3920984	d__Bacteria;p__Bacillota;c__Clostridia;o__Peptostreptococcales-Tissierellales;f__Anaerovoracaceae;g__[Eubacterium]_brachy_group;s__uncultured_bacterium	0.9999944912948664
c05d9559c107788e1bdd699b08394355	d__Bacteria;p__Bacillota;c__Clostridia;o__Christensenellales;f__Christensenellaceae;g__Incertae_Sedis;s__uncultured_bacterium	0.9750518784433233
e26cccace39ffc677139e4dc92f14bc3	d__Bacteria;p__Actinomycetota;c__Actinobacteria;o__Actinomycetales;f__Actinomycetaceae;g__Schaalia;s__uncultured_bacterium	0.7970067380824988
e78652a2027cf276c50e6f18ba43a181	d__Bacteria;p__Bacillota;c__Clostridia;o__Oscillospirales;f__Ruminococcaceae;g__Negativibacillus;s__uncultured_bacterium	0.9802754057148181
c96ab9fa28e0a9a26ee51ac80bbfafde	d__Bacteria;p__Bacillota;c__Clostridia;o__Christensenellales;f__Christensenellaceae;g__Christensenellaceae_R-7_group;s__uncultured_bacterium	0.7898977783160525
c5499290c956b4f227f60c9c599216e5	d__Bacteria;p__Bacteroidota;c__Bacteroidia;o__Bacteroidales;f__Marinifilaceae;g__Butyricimonas	0.9999999999998519
4b7066b42ff6fbbcc3adbe826abc2065	d__Bacteria;p__Actinomycetota;c__Actinobacteria;o__Bifidobacteriales;f__Bifidobacteriaceae;g__Bifidobacterium;s__Bifidobacterium_longum	0.8190306127542974
2dbfae7250efa55031d863ee039b5949	d__Bacteria;p__Pseudomonadota;c__Gammaproteobacteria;o__Burkholderiales;f__Sutterellaceae	0.9999999999999915
9ffc5442fc34b194f13590368ed490f8	d__Bacteria;p__Pseudomonadota;c__Gammaproteobacteria;o__Enterobacterales;f__Pasteurellaceae;g__Aggregatibacter;s__uncultured_bacterium	0.9811960633081556
9abac5298e43703b56cb23e92782471b	d__Bacteria;p__Actinomycetota;c__Coriobacteriia;o__Coriobacteriales;f__Atopobiaceae;g__Atopobium;s__Olsenella_sp.	0.9743059910362523
79c3a35c8a8ec5147ab7e9bcebea629a	d__Bacteria;p__Bacteroidota;c__Bacteroidia;o__Bacteroidales;f__Prevotellaceae;g__Segatella	0.9991746568252322
5089dfb709e3e7e9cb3136f495c0b36d	d__Bacteria;p__Bacillota;c__Negativicutes;o__Veillonellales-Selenomonadales;f__Selenomonadaceae;g__Selenomonas;s__Selenomonas_sp.	0.9558784918388593
d57fd4ee4dee886fe273dc1b4282f61f	d__Bacteria;p__Synergistota;c__Synergistia;o__Synergistales;f__Synergistaceae;g__Pyramidobacter;s__Pyramidobacter_piscolens	0.7377628198071561
384e76244e08bcdc3ff2feb9463489e7	d__Bacteria;p__Bacteroidota;c__Bacteroidia;o__Bacteroidales;f__Porphyromonadaceae;g__Porphyromonas;s__uncultured_Porphyromonas	0.8710181100781466
6053728c76051e155f5c9793269ea26a	d__Bacteria;p__Bacteroidota;c__Bacteroidia;o__Bacteroidales;f__Prevotellaceae;g__Hoylesella;s__Prevotella_sp.	0.9999919600512095
61ab7b9631f877d99c285ad10797e3be	d__Bacteria;p__Bacteroidota;c__Bacteroidia;o__Bacteroidales;f__Prevotellaceae	0.9999999999819765
12b6a9a91bb6f6b52893c38dcaf0f4aa	d__Bacteria;p__Spirochaetota;c__Spirochaetia;o__Spirochaetales;f__Spirochaetaceae;g__Treponema	0.999999999931717
ed489d3ce32a9996399a93552c010889	d__Bacteria;p__Actinomycetota;c__Actinobacteria;o__Actinomycetales;f__Actinomycetaceae;g__Actinomyces;s__Actinomyces_graevenitzii	0.9999839166273633
50f4b068bcee02226f746a45e41081a6	d__Bacteria;p__Spirochaetota;c__Spirochaetia;o__Spirochaetales;f__Spirochaetaceae;g__Treponema;s__Treponema_medium	0.8805701328973229
b2bd92c0d0da8cee71bda36cec7f5874	d__Bacteria;p__Spirochaetota;c__Spirochaetia;o__Spirochaetales;f__Spirochaetaceae;g__Treponema;s__Treponema_pectinovorum	0.9999999360677542
87de2eb4c03fc0e1b49d08f88e0f1b2b	d__Bacteria;p__Pseudomonadota;c__Gammaproteobacteria;o__Enterobacterales;f__Pasteurellaceae;g__Haemophilus;s__uncultured_bacterium	0.737990303228378
7cdc7f0ee451ee6e9d104f1db24eda8e	d__Bacteria;p__Bacteroidota;c__Bacteroidia;o__Flavobacteriales;f__Flavobacteriaceae;g__Capnocytophaga;s__Capnocytophaga_sp.	0.8649178946237348
c394c84ff606321d7ee75d781512525b	d__Bacteria;p__Actinomycetota;c__Coriobacteriia;o__Coriobacteriales;f__Atopobiaceae;g__Lancefieldella	0.9999983644729531
525073698f507fc7d630ee03241398e4	d__Bacteria;p__Actinomycetota;c__Actinobacteria;o__Actinomycetales;f__Actinomycetaceae;g__Actinomyces	0.9999999792782729
78376ceed8e80b58d915a1615165dabf	d__Bacteria;p__Bacillota;c__Clostridia;o__Christensenellales;f__Christensenellaceae;g__Incertae_Sedis	0.9999988585705738
b33a60a7c0b44252d321b26408f31ba3	d__Bacteria;p__Bacillota;c__Clostridia;o__Christensenellales;f__Christensenellaceae;g__Christensenellaceae_R-7_group;s__uncultured_bacterium	0.9056064921022461
b2f000ca1a79bb46fecb5eb63f0661d1	d__Bacteria;p__Bacteroidota;c__Bacteroidia;o__Bacteroidales;f__Prevotellaceae;g__Segatella;s__uncultured_bacterium	0.8696902898070067
4c525448def3e91990aeaa49d81b0633	d__Bacteria;p__Bacillota;c__Clostridia;o__Oscillospirales;f__Ruminococcaceae	0.9999695915312524
5f0a87fd94e5eab13b32c351d9ccc59d	d__Bacteria;p__Bacillota;c__Clostridia;o__Oscillospirales;f__Butyricicoccaceae;g__Agathobaculum;s__uncultured_bacterium	0.9792146701559756
730d7ab463ba275f690b6771b3fd20db	d__Bacteria;p__Bacillota;c__Clostridia;o__Lachnospirales;f__Defluviitaleaceae;g__Defluviitaleaceae_UCG-011;s__uncultured_bacterium	0.999419514337645
c1cf5e11e0501a75e640b31b9c566747	d__Bacteria;p__Bacillota;c__Clostridia;o__Oscillospirales;f__Ruminococcaceae	0.9999987221324906
c52703a0552b005d731ddb52395a8e65	d__Bacteria;p__Bacillota;c__Bacilli;o__Lactobacillales;f__Lactobacillaceae;g__Lactobacillus;s__Lactobacillus_delbrueckii	0.9907339788495056
9710ba1f3be2b4b6efbf06b9feccfc7a	d__Bacteria;p__Bacillota;c__Clostridia;o__Lachnospirales;f__Lachnospiraceae;g__Blautia	0.9896282176971363
abf355634932a8d10b1caf755235e521	d__Bacteria;p__Bacillota;c__Clostridia;o__Oscillospirales;f__Ruminococcaceae;g__Paludicola;s__uncultured_bacterium	0.7756509707597777
563a686f3d756ea1ca21d2922d40c883	d__Bacteria;p__Pseudomonadota;c__Gammaproteobacteria;o__Cardiobacteriales;f__Cardiobacteriaceae;g__Cardiobacterium;s__uncultured_bacterium	0.9230536037373221
ff50759c73dda8e3dea40a837f699253	d__Bacteria;p__Bacteroidota;c__Bacteroidia;o__Bacteroidales;f__Prevotellaceae;g__Incertae_Sedis;s__uncultured_Prevotellaceae	0.9918892955531314
320995cd2b8281d534536937f4054ac0	d__Bacteria;p__Bacteroidota;c__Bacteroidia;o__Bacteroidales;f__Prevotellaceae;g__Alloprevotella;s__Prevotella_sp.	0.7885552128552091
28e8ad0860b1c87524825896541e7588	d__Bacteria;p__Pseudomonadota;c__Gammaproteobacteria;o__Burkholderiales;f__Comamonadaceae;g__Brachymonas	0.9323239224420876
4f9c653866ecf887bf557b5458139a78	d__Bacteria;p__Bacteroidota;c__Bacteroidia;o__Flavobacteriales;f__Flavobacteriaceae;g__Capnocytophaga;s__Capnocytophaga_granulosa	0.9877518189315585
ca73ec183dd2a0bb0b6eadd240bff9b7	d__Bacteria;p__Patescibacteria;c__Gracilibacteria;o__JGI_0000069-P22;f__Incertae_Sedis;g__Incertae_Sedis;s__Candidatus_Gracilibacteria	0.9988934408827526
2a67e78ece1c6b8d5492b52753b41abe	d__Bacteria;p__Bacillota;c__Clostridia;o__Clostridia_vadinBB60_group;f__Incertae_Sedis;g__Incertae_Sedis;s__Clostridiales_bacterium	0.9999999053098964
310fe0bb6e43b0e9a121300ab9965916	d__Bacteria;p__Bacillota;c__Negativicutes;o__Veillonellales-Selenomonadales;f__Selenomonadaceae;g__Selenomonas	0.9999991252664235
a759de26301c8fda59053e4c9a324b4d	d__Bacteria;p__Bacillota;c__Incertae_Sedis;o__Incertae_Sedis;f__Incertae_Sedis;g__Incertae_Sedis;s__uncultured_Peptococcaceae	0.9999927343608501
9a1e1e8673dbeacbedd11c205f1d4754	d__Bacteria;p__Bacillota;c__Clostridia;o__Incertae_Sedis;f__Incertae_Sedis;g__Incertae_Sedis;s__uncultured_organism	0.9972278178350792
727253876e70f6f635727e33c414a199	d__Bacteria;p__Bacillota;c__Negativicutes;o__Veillonellales-Selenomonadales;f__Veillonellaceae;g__Allisonella;s__uncultured_bacterium	0.9986789557235644
3c20f0323baf68849aff9369fabcb472	d__Bacteria;p__Bacillota;c__Clostridia;o__Peptostreptococcales-Tissierellales;f__Anaerovoracaceae;g__Family_XIII_AD3011_group;s__uncultured_bacterium	0.9311950451574976
ff6134629b54543a6bbc0f9625ea7f07	d__Bacteria;p__Bacillota;c__Clostridia;o__Oscillospirales;f__Ruminococcaceae;g__Candidatus_Soleaferrea;s__uncultured_bacterium	0.9827191643277514
1a90dabff356721f3ec2c568de0d8962	d__Bacteria;p__Bacillota;c__Clostridia;o__Lachnospirales;f__Lachnospiraceae	0.9999641805758925
3fcece66cb6c435d6b6becb3ddecffc0	d__Bacteria;p__Actinomycetota;c__Actinobacteria;o__Actinomycetales;f__Actinomycetaceae;g__Schaalia	0.9999999339932149
3a404b22ce9c1b0d208d8277510294b7	d__Bacteria;p__Bacillota;c__Clostridia;o__Oscillospirales;f__Ruminococcaceae;g__Faecalibacterium	0.994573830853673
c48295ba8c6bff5fc43cbcf2cb641aca	d__Bacteria;p__Bacillota;c__Clostridia;o__Oscillospirales;f__Ruminococcaceae;g__Faecalibacterium	0.9999719688878491
2f5935d9755a9925ef0f6f89ee5ba1ee	d__Bacteria;p__Bacillota;c__Clostridia;o__Lachnospirales;f__Lachnospiraceae;g__CAG-56;s__uncultured_bacterium	0.9874882639562897
13c17eae11d52b1469b5f13b596d42e7	d__Bacteria;p__Bacillota;c__Clostridia;o__Oscillospirales;f__Ruminococcaceae;g__Incertae_Sedis	0.7616773024285983
d0377d9209ed8843c1b85df7bc622a2c	d__Bacteria;p__Bacillota;c__Clostridia;o__Lachnospirales;f__Lachnospiraceae;g__Extibacter;s__	0.9542480003855335
5a5c3b348df29013e7938225b41929ff	d__Bacteria;p__Bacteroidota;c__Bacteroidia;o__Bacteroidales;f__Marinifilaceae;g__Butyricimonas;s__uncultured_organism	0.765575334327913
4d1e3b4391db561408e3768eb4a45e1b	d__Bacteria;p__Actinomycetota;c__Coriobacteriia;o__Coriobacteriales;f__Eggerthellaceae;g__Adlercreutzia	0.9014659745916802
8b6d9e06ace8bc6621d043282de483ea	d__Bacteria;p__Bacillota;c__Clostridia;o__Lachnospirales;f__Lachnospiraceae;g__Eisenbergiella	0.8822019599630979
a1b97046d3d7d7b1e7f0ffdb5c1eb030	d__Bacteria;p__Bacillota;c__Clostridia;o__Lachnospirales;f__Lachnospiraceae;g__Blautia	0.9914935387741385
1d95d2586ef6bc7c760d93d96e2c7fb0	d__Bacteria;p__Bacillota;c__Clostridia;o__Oscillospirales;f__Ruminococcaceae;g__Paludicola;s__uncultured_bacterium	0.7900614490771558
804d6df5289cd38caefc0812bff932c1	d__Bacteria;p__Bacteroidota;c__Bacteroidia;o__Bacteroidales;f__Barnesiellaceae;g__Coprobacter;s__uncultured_organism	0.8541230654720998
4b540fa1515671f8473f3d733f18b26c	d__Bacteria;p__Bacteroidota;c__Bacteroidia;o__Bacteroidales;f__Barnesiellaceae;g__Coprobacter	0.9999999902782942
3441cccfb192928071f178b1cfbb55f7	d__Bacteria;p__Bacteroidota;c__Bacteroidia;o__Bacteroidales;f__Prevotellaceae;g__Prevotella;s__Prevotella_genomosp.	0.8945818039170015
0668925208812ea239ce363a4a1c26e8	d__Bacteria;p__Bacillota;c__Clostridia;o__Lachnospirales;f__Lachnospiraceae;g__Oribacterium;s__Porphyromonas_sp.	0.9687337027804735
d3ab24d6af4acd19a8ae272310c76d92	d__Bacteria;p__Bacteroidota;c__Bacteroidia;o__Bacteroidales;f__Prevotellaceae;g__Incertae_Sedis;s__uncultured_Prevotellaceae	0.9745549360172799
92e1ae6671a439f7e6f475399ff6653a	d__Bacteria;p__Fusobacteriota;c__Fusobacteriia;o__Fusobacteriales;f__Leptotrichiaceae;g__Leptotrichia	0.9999879866952535
dd201e2c9deae9eaf7b5eba668ba23c1	d__Bacteria;p__Pseudomonadota;c__Gammaproteobacteria;o__Cardiobacteriales;f__Cardiobacteriaceae;g__Cardiobacterium;s__Cardiobacterium_valvarum	0.9984782440302704
c1e37cf11233f8841d5b38d524208dab	d__Bacteria;p__Thermodesulfobacteriota;c__Desulfuromonadia;o__Bradymonadales;f__Incertae_Sedis;g__Incertae_Sedis;s__uncultured_rumen	0.9838280237455583
9db62171557837a5155675468bec2eed	d__Bacteria;p__Pseudomonadota;c__Gammaproteobacteria;o__Burkholderiales;f__Comamonadaceae;g__Brachymonas	0.9735763291539288
cc014a39ba629d6ae6e51ebdab77e148	d__Bacteria;p__Pseudomonadota;c__Gammaproteobacteria;o__Burkholderiales;f__Neisseriaceae;g__Neisseria;s__Neisseria_bacilliformis	0.9981448914497612
ba1ae71c0af1265e471d29d300704283	d__Bacteria;p__Pseudomonadota;c__Gammaproteobacteria;o__Burkholderiales;f__Neisseriaceae;g__Eikenella;s__uncultured_bacterium	0.8636277610473367
aa168c7ae22eec122ee4d9ea5035f84c	d__Bacteria;p__Bacillota;c__Negativicutes;o__Veillonellales-Selenomonadales;f__Selenomonadaceae	0.9999999999972953
ac969485bf55255a068d5d35ad1ecde9	d__Bacteria;p__Bacteroidota;c__Bacteroidia;o__Flavobacteriales;f__Flavobacteriaceae;g__Capnocytophaga;s__Capnocytophaga_ochracea	0.8352787387194879
b8920d08746c81c9f86f2cdcf65ef81d	d__Bacteria;p__Thermodesulfobacteriota;c__Desulfovibrionia;o__Desulfovibrionales;f__Desulfovibrionaceae;g__Incertae_Sedis	0.9980667740955819
506b130e2f71bc645c9e423c26da7250	d__Bacteria;p__Bacillota;c__Clostridia;o__Oscillospirales;f__Oscillospiraceae;g__Intestinimonas;s__uncultured_Clostridiales	0.9060365054853328
5bdaabeeef5c55e77e810779e0696a78	d__Bacteria;p__Bacillota;c__Clostridia;o__Oscillospirales;f__Ruminococcaceae;g__Anaerotruncus;s__Anaerotruncus_sp.	0.9999645189495088
faaf153f5fdf426c5eb4d9f1b34c9fac	d__Bacteria;p__Bacillota;c__Clostridia;o__Oscillospirales;f__Ruminococcaceae;g__Harryflintia;s__	0.995541187206486
f19e22102b5abe52360736ad71c055e2	d__Bacteria;p__Bacillota;c__Clostridia;o__Oscillospirales;f__UCG-010;g__Incertae_Sedis;s__metagenome	0.9769950308946401
af4d028d5eae8d8ae579a339e10d3a16	d__Bacteria;p__Bacillota;c__Clostridia;o__Lachnospirales;f__Lachnospiraceae	0.9999975690813584
02f84b469122c6fdf0729371bfffc232	d__Bacteria;p__Bacillota;c__Clostridia;o__Oscillospirales;f__Ruminococcaceae;g__Candidatus_Soleaferrea	0.7142080745603753
39e32b60952df28e64948075a991d596	d__Bacteria;p__Bacillota;c__Clostridia;o__Oscillospirales;f__Ruminococcaceae;g__Anaerotruncus;s__Anaerotruncus_sp.	0.9989534262261769
64cd0cec44c7015ce37e278c8c8a558c	d__Bacteria;p__Actinomycetota;c__Coriobacteriia;o__Coriobacteriales;f__Coriobacteriales_Incertae_Sedis;g__Incertae_Sedis;s__	0.9653921501905479
43db96219582b752f24dd59b0c262c69	d__Bacteria;p__Bacillota;c__Clostridia;o__Peptostreptococcales-Tissierellales;f__Anaerovoracaceae;g__Family_XIII_UCG-001;s__uncultured_bacterium	0.998306982522459
16684adccf4a4d35facc56a79870aaa9	d__Bacteria;p__Bacillota;c__Bacilli;o__Erysipelotrichales;f__Erysipelatoclostridiaceae;g__Thomasclavelia	0.9999999256202606
964ff1a203218113a665ea3720d65082	d__Bacteria;p__Fusobacteriota;c__Fusobacteriia;o__Fusobacteriales;f__Leptotrichiaceae;g__Leptotrichia	0.9999999791221276
a64f0534c31fd232d56338ee47dad9df	d__Bacteria;p__Campylobacterota;c__Campylobacteria;o__Campylobacterales;f__Rs-M59_termite_group;g__Incertae_Sedis;s__uncultured_bacterium	0.9999999999868123
6a086a7f742212a684467e1cd886143f	d__Bacteria;p__Bacteroidota;c__Bacteroidia;o__Bacteroidales;f__Rikenellaceae;g__Rikenellaceae_RC9_gut_group;s__uncultured_eubacterium	0.9925349209393325
d27d1a8cfb0d373fd75ba0b64172a27d	d__Bacteria;p__Actinomycetota;c__Actinobacteria;o__Actinomycetales;f__Actinomycetaceae;g__Schaalia	0.9999999347372535
b10221344bdb79756c3000446a6cbe5a	d__Bacteria;p__Bacteroidota;c__Bacteroidia;o__Bacteroidales;f__Prevotellaceae;g__Segatella;s__Prevotella_oulorum	0.9910627671481111
68077071c38b67a6d5353a0261bd5c56	d__Bacteria;p__Actinomycetota;c__Actinobacteria;o__Actinomycetales;f__Actinomycetaceae;g__F0332;s__unidentified	0.9942862841093912
bc6fd9d468e61461a6b8f34cf0c7763e	d__Bacteria;p__Bacteroidota;c__Bacteroidia;o__Bacteroidales;f__Prevotellaceae;g__Segatella;s__Prevotella_sp.	0.9951555137248033
369c9d7bacc2a0a510da7ca1481891a9	d__Bacteria;p__Bacillota;c__Negativicutes;o__Veillonellales-Selenomonadales;f__Selenomonadaceae;g__Selenomonas;s__	0.9634703515767983
a4f6c3a0eadbdb44a035aecb4b94c06e	d__Bacteria;p__Patescibacteria;c__Saccharimonadia;o__Saccharimonadales;f__Saccharimonadaceae;g__TM7x;s__uncultured_Candidatus	0.7494456314263009
4028dcc2da3b18ba1a237ce56c7aa4a8	d__Bacteria;p__Bacillota;c__Clostridia;o__Peptococcales;f__Peptococcaceae;g__Peptococcus	0.9999999999992547
45043e00fd9cd563bac3608c9ecaf02a	d__Bacteria;p__Bacillota;c__Clostridia;o__Lachnospirales;f__Lachnospiraceae;g__Shuttleworthia;s__Shuttleworthia_satelles	0.99968326507092
fc62b0e6485e4ee51d68fcfd5160ec34	d__Bacteria;p__Spirochaetota;c__Spirochaetia;o__Spirochaetales;f__Spirochaetaceae;g__Treponema	0.9999918563900827
df010e95a1dc84ffe98b34b658b5412a	d__Bacteria;p__Bacillota;c__Negativicutes;o__Veillonellales-Selenomonadales;f__Selenomonadaceae;g__Centipeda;s__uncultured_bacterium	0.9829796013755446
0d89c7f97685c1a34a36f86096c43246	d__Bacteria;p__Bacillota;c__Clostridia;o__Oscillospirales;f__Oscillospiraceae;g__Oscillibacter;s__uncultured_organism	0.9430782380103683
ea71fbd003e568746076319c7272ef51	d__Bacteria;p__Bacillota;c__Clostridia;o__Peptostreptococcales-Tissierellales;f__Anaerovoracaceae;g__Family_XIII_AD3011_group	0.9897211250613888
d347a16f1bc9798c2915de98e964a5ea	d__Bacteria;p__Bacillota;c__Bacilli;o__Erysipelotrichales;f__Erysipelotrichaceae;g__Faecalitalea;s__Faecalitalea_sp.	0.9999999998266844
c748c55b021b8aa60a43915c747b7548	d__Bacteria;p__Bacillota;c__Clostridia;o__Oscillospirales;f__Oscillospiraceae;g__UCG-007;s__uncultured_bacterium	0.8869746027495747
8371a36c5eae0903e13201139475dfdb	d__Bacteria;p__Bacillota;c__Clostridia;o__Christensenellales;f__Christensenellaceae;g__Christensenellaceae_R-7_group;s__gut_metagenome	0.9995794340712774
ec55f07c37e1dd699e2ca82a3dd57489	d__Bacteria;p__Bacillota;c__Clostridia;o__Oscillospirales;f__Ruminococcaceae;g__Incertae_Sedis;s__uncultured_rumen	0.858683221052597
3c878999f9b09dbc335d746ee1d09368	d__Bacteria;p__Bacillota;c__Clostridia;o__Oscillospirales;f__Oscillospiraceae;g__NK4A214_group	0.9982047974097724
e665d8838b433fc9698778c0817bb6fd	d__Bacteria;p__Bacillota;c__Clostridia;o__Peptostreptococcales-Tissierellales;f__Anaerovoracaceae;g__Family_XIII_AD3011_group;s__uncultured_bacterium	0.9626297665993045
43761a555cd4157a9407fae6d8749281	d__Bacteria;p__Bacillota;c__Clostridia;o__Monoglobales;f__Monoglobaceae;g__Monoglobus	0.9988837494375631
8f1c32972055e8763c9b8c360f2bf17f	d__Bacteria;p__Bacillota;c__Clostridia;o__Oscillospirales;f__Oscillospiraceae;g__Colidextribacter	0.8283611858342803
6ddbfda8d7090aade7e35d9f5241f9a6	d__Bacteria;p__Bacillota;c__Clostridia;o__Eubacteriales;f__Anaerofustaceae;g__Anaerofustis;s__Anaerofustis_sp.	0.9991152729122209
22432f44d921112fe0a645aa06536e69	d__Bacteria;p__Bacillota;c__Clostridia;o__Oscillospirales;f__Ruminococcaceae;g__Fournierella;s__uncultured_organism	0.9999212024100269
4f41a950506a6750bd6e0ee3c3329720	d__Bacteria;p__Bacillota;c__Clostridia;o__Peptostreptococcales-Tissierellales;f__Anaerovoracaceae;g__S5-A14a	0.9999999815304057
2365e4e3e60d7f0d9677a8bb43eda3d8	d__Bacteria;p__Bacillota;c__Clostridia;o__Lachnospirales;f__Lachnospiraceae;g__Blautia;s__	0.9968375916581512
547de17c085525b46e48090c58c4292f	d__Bacteria;p__Actinomycetota;c__Coriobacteriia;o__Coriobacteriales;f__Eggerthellaceae;g__Adlercreutzia;s__uncultured_bacterium	0.7458553434047672
490f03874debba1a6082c2e3692194e4	d__Bacteria;p__Bacillota;c__Clostridia;o__Oscillospirales;f__UCG-010;g__Incertae_Sedis;s__uncultured_organism	0.9967255926343431
c7849fbe7d6b55360ae536f761b9e4ac	d__Bacteria;p__Bacillota;c__Clostridia;o__Lachnospirales;f__Lachnospiraceae;g__Lachnoclostridium;s__uncultured_organism	0.779237238475664
30fb4f146f8e41d5b78bcee5efd20512	d__Bacteria;p__Bacillota;c__Bacilli;o__Lactobacillales;f__Streptococcaceae;g__Streptococcus	0.9999999985223932
b6898aefca464f6f0062c7577755350e	d__Bacteria;p__Bacillota;c__Clostridia;o__Peptostreptococcales-Tissierellales;f__Anaerovoracaceae;g__S5-A14a;s__uncultured_Anaerovorax	0.9598284838225383
86a0b66df5a9da19e7524f940914f7bf	d__Bacteria;p__Actinomycetota;c__Coriobacteriia;o__Coriobacteriales;f__Eggerthellaceae;g__CHKCI002;s__uncultured_bacterium	0.999981079088829
cb967a258741cc6251918e67b1f57b88	d__Bacteria;p__Actinomycetota;c__Coriobacteriia;o__Coriobacteriales;f__Coriobacteriales_Incertae_Sedis;g__Raoultibacter;s__Raoultibacter_massiliensis	0.8358192588457474
507ae8208d1072fbf4720117b339a998	d__Bacteria;p__Bacillota;c__Clostridia;o__Oscillospirales;f__Oscillospiraceae;g__Flavonifractor	0.9526389575190539
12f1ff1fdac8d03d2e8b81c6914035f6	d__Bacteria;p__Bacteroidota;c__Bacteroidia;o__Sphingobacteriales;f__Lentimicrobiaceae;g__Lentimicrobium;s__unidentified	0.999997861654249
60ec9778068a0bf5414892c49936b010	d__Bacteria;p__Bacteroidota;c__Bacteroidia;o__Bacteroidales;f__Prevotellaceae;g__Hoylesella	0.9999983483673183
410b817e75fc640e2d02ea9abf89a257	d__Bacteria;p__Bacteroidota;c__Bacteroidia;o__Bacteroidales;f__Prevotellaceae;g__Segatella;s__Prevotella_buccae	0.988574373935732
721a2819b29df40fb2b3a4f4b4405ef1	d__Bacteria;p__Bacillota;c__Negativicutes;o__Veillonellales-Selenomonadales;f__Selenomonadaceae;g__Selenomonas;s__Selenomonas_sputigena	0.8280562130041073
8fa8ac5477a000ac29f1140a2e4a9328	d__Bacteria;p__Pseudomonadota;c__Gammaproteobacteria;o__Cardiobacteriales;f__Cardiobacteriaceae;g__Cardiobacterium;s__Cardiobacterium_valvarum	0.9984924387760621
74da93c828b7e126bd841571d5d9792c	d__Bacteria;p__Pseudomonadota;c__Gammaproteobacteria;o__Burkholderiales;f__Neisseriaceae;g__Neisseria;s__uncultured_bacterium	0.9440455153000136
1cd7c3bbd55b362e1c7c663879d42e51	d__Bacteria;p__Bacteroidota;c__Bacteroidia;o__Bacteroidales;f__Prevotellaceae;g__Segatella	0.999999772008524
f12d453a6b3b7c8f2928f612e7e4b6c0	d__Bacteria;p__Pseudomonadota;c__Gammaproteobacteria;o__Cardiobacteriales;f__Cardiobacteriaceae;g__Suttonella;s__uncultured_bacterium	0.860783092359644
01a99b33e72f9615b723b71810a0be87	d__Bacteria;p__Bacillota;c__Negativicutes;o__Veillonellales-Selenomonadales;f__Selenomonadaceae;g__Selenomonas	0.9991268586011873
78540cba8e89719fdcdd1e48186050e6	d__Bacteria;p__Fusobacteriota;c__Fusobacteriia;o__Fusobacteriales;f__Leptotrichiaceae;g__Leptotrichia;s__uncultured_bacterium	0.9815673495611634
0b94493ca516e81ad931d1591fc806af	d__Bacteria;p__Pseudomonadota;c__Gammaproteobacteria;o__Burkholderiales;f__Neisseriaceae;g__Neisseria	0.9764912223465163
01293dbb9b80ae34f4dd5c7b6e102d04	d__Bacteria;p__Pseudomonadota;c__Gammaproteobacteria;o__Enterobacterales;f__Pasteurellaceae;g__Aggregatibacter	0.9898033919943129
d4995b62bede530b0e08e80b6a44ceb8	d__Bacteria;p__Actinomycetota;c__Actinobacteria;o__Actinomycetales;f__Actinomycetaceae;g__Schaalia	0.9999999606556415
9cf474ce5eab8a7fae9a50057cb2389e	d__Bacteria;p__Spirochaetota;c__Spirochaetia;o__Spirochaetales;f__Spirochaetaceae;g__Treponema;s__Treponema_medium	0.7952743098148
e2f5bc73063c0400908f6931a967852f	d__Bacteria;p__Bacteroidota;c__Bacteroidia;o__Bacteroidales;f__Prevotellaceae;g__Incertae_Sedis;s__uncultured_Prevotellaceae	0.9418659673608902
2a9510a17e4fbb0c4064c9f8dd74c39a	d__Bacteria;p__Spirochaetota;c__Spirochaetia;o__Spirochaetales;f__Spirochaetaceae;g__Treponema;s__uncultured_bacterium	0.9434123800404165
84a83335102a9054d4f02d41690e8d0e	d__Bacteria;p__Pseudomonadota;c__Gammaproteobacteria;o__Enterobacterales;f__Pasteurellaceae;g__Haemophilus	0.9826949918605341
9ed9514b9ac7d25d2de4a5217fcd848a	d__Bacteria;p__Bacteroidota;c__Bacteroidia;o__Bacteroidales;f__Prevotellaceae;g__Hoylesella;s__	0.9996822522919013
731d4396af7e6c95b571bb87df349a27	d__Bacteria;p__Pseudomonadota;c__Gammaproteobacteria;o__Burkholderiales;f__Rhodocyclaceae;g__Propionivibrio;s__Propionibacter_sp.	0.9914627965669173
d5bdf0a0e2382787a869dfa6c434bde8	d__Bacteria;p__Bacteroidota;c__Bacteroidia;o__Bacteroidales;f__Prevotellaceae;g__Segatella;s__Prevotella_maculosa	0.9619633042531671
161bb656e073b878623d390a0e86587e	d__Bacteria;p__Bacillota;c__Clostridia;o__Oscillospirales;f__Ruminococcaceae;g__Acutalibacter;s__uncultured_bacterium	0.9937994949221509
a555bed3394fec742e57f6cbd9ab74c3	d__Bacteria;p__Bacillota;c__Clostridia;o__Oscillospirales;f__Ruminococcaceae;g__Incertae_Sedis;s__uncultured_bacterium	0.719093294884417
e60737a8779437b0fb928efb11e1bba9	d__Bacteria;p__Bacillota;c__Clostridia;o__Oscillospirales;f__Ruminococcaceae	0.9583596233761474
b7cd1af12c23c3262d01dadce834c644	d__Bacteria;p__Bacillota;c__Clostridia;o__Peptococcales;f__Peptococcaceae;g__Incertae_Sedis;s__uncultured_bacterium	0.9829635236310844
03bb836c7fdae5f50e8cb1d0c859cdb6	d__Bacteria;p__Bacillota;c__Clostridia;o__Lachnospirales;f__Lachnospiraceae	0.9928170535158078
5bc9fc9d2ddd1366211eba59ba5e1d48	d__Bacteria;p__Bacillota;c__Clostridia;o__Clostridia_vadinBB60_group;f__Incertae_Sedis;g__Incertae_Sedis;s__Clostridiales_bacterium	0.98941278412716
57718249a5ad377c67021fe64e05e316	d__Bacteria;p__Fusobacteriota;c__Fusobacteriia;o__Fusobacteriales;f__Leptotrichiaceae;g__Leptotrichia;s__Leptotrichia_sp.	0.9998387431841759
5fedc62893f14d1867f8239d088219e8	d__Bacteria;p__Spirochaetota;c__Spirochaetia;o__Spirochaetales;f__Spirochaetaceae;g__Treponema;s__Treponema_genomosp.	0.9912231634084905
9e6d5bb85f3c44036c891349853d40e9	d__Bacteria;p__Bacteroidota;c__Bacteroidia;o__Bacteroidales;f__Prevotellaceae;g__Prevotella;s__uncultured_Prevotella	0.8676175779525153
b9975c74316020f9a36fcb66bec9ea22	d__Bacteria;p__Bacteroidota;c__Bacteroidia;o__Bacteroidales;f__Prevotellaceae;g__Alloprevotella	0.9999985242474304
f1807dccd6809be401725a4edcac79fb	d__Bacteria;p__Bacillota;c__Clostridia;o__Peptococcales;f__Peptococcaceae;g__Peptococcus	0.999999999987792
5fc34b9a47d7523999155796105e7494	d__Bacteria;p__Bacillota;c__Clostridia;o__Clostridia_vadinBB60_group;f__Incertae_Sedis;g__Incertae_Sedis;s__Clostridiales_bacterium	0.9999999199380941
27312e8aa23dd292cc4d703e4f067e5f	d__Bacteria;p__Actinomycetota;c__Actinobacteria;o__Actinomycetales;f__Actinomycetaceae;g__Schaalia;s__	0.7939597869637157
f077450876ac417ca09d329b324f2981	d__Bacteria;p__Fusobacteriota;c__Fusobacteriia;o__Fusobacteriales;f__Leptotrichiaceae;g__Pseudoleptotrichia;s__Leptotrichia_sp.	0.9543589116431452
1fd312872026eac55cfa924dbd6aa7b1	d__Bacteria;p__Spirochaetota;c__Spirochaetia;o__Spirochaetales;f__Spirochaetaceae;g__Treponema;s__Treponema_socranskii	0.9964590256045338
08dda4f74e3232e3418aa220d8443a02	d__Bacteria;p__Bacillota;c__Negativicutes;o__Veillonellales-Selenomonadales;f__Veillonellaceae;g__Dialister	0.9444625072867802
aadcbd3b999ffff7f1600fc92e6752be	d__Bacteria;p__Pseudomonadota;c__Gammaproteobacteria;o__Burkholderiales;f__Comamonadaceae;g__Comamonas;s__Ottowia_sp.	0.9979691052727513
369cc88f747d9d8c837ac03e1744fc16	d__Bacteria;p__Fusobacteriota;c__Fusobacteriia;o__Fusobacteriales;f__Leptotrichiaceae;g__Leptotrichia;s__uncultured_bacterium	0.7483766105546533
8006ebe729b4fac80c1058b5982c5e63	d__Bacteria;p__Fusobacteriota;c__Fusobacteriia;o__Fusobacteriales;f__Leptotrichiaceae;g__Pseudoleptotrichia;s__uncultured_bacterium	0.9988544278175882
d4532758fb55801926536a116c297fbb	d__Bacteria;p__Spirochaetota;c__Spirochaetia;o__Spirochaetales;f__Spirochaetaceae;g__Treponema;s__Treponema_medium	0.937247939852447
a55e4d55cee57525f50a2a2bf4ecb0d1	d__Bacteria;p__Fusobacteriota;c__Fusobacteriia;o__Fusobacteriales;f__Fusobacteriaceae;g__Fusobacterium;s__Fusobacterium_sp.	0.9658331088805994
881288f36f6d538cbef7ead5760c8dd7	d__Bacteria;p__Patescibacteria;c__Saccharimonadia;o__Saccharimonadales;f__Incertae_Sedis;g__Incertae_Sedis;s__TM7_phylum	0.9976354170826417
7eeab597900e863cdb50f50d65d56e5f	d__Bacteria;p__Bacillota;c__Clostridia;o__Christensenellales;f__Christensenellaceae;g__Christensenellaceae_R-7_group	0.997762428621514
2e3cd2bd56ea4a0108ea3453c094afa7	d__Bacteria;p__Bacillota;c__Clostridia;o__Oscillospirales;f__Oscillospiraceae;g__UCG-002	0.9996792218092467
9c105af77a9c31f6187e8b4668eba8bb	d__Bacteria;p__Bacillota;c__Clostridia;o__Oscillospirales;f__Ruminococcaceae;g__Incertae_Sedis;s__uncultured_Clostridiales	0.9987590033067041
dad14a20c894b58f51685fc69a80baa1	d__Bacteria;p__Bacillota;c__Clostridia;o__Oscillospirales;f__Ruminococcaceae	0.9967196151518266
a52f3bf538b077522581acbcd390217b	d__Bacteria;p__Bacillota;c__Clostridia;o__Oscillospirales;f__UCG-010;g__Incertae_Sedis	0.999999714575477
967de1e5f900b2a62327ae815175f480	d__Bacteria;p__Bacillota;c__Clostridia;o__Oscillospirales;f__Ruminococcaceae;g__Paludicola;s__uncultured_bacterium	0.9997132357855048
92af47f6cda9ffc11b183c2be8d40748	d__Bacteria;p__Bacillota;c__Clostridia;o__Oscillospirales;f__Ruminococcaceae;g__Anaerofilum;s__uncultured_bacterium	0.9998518713212754
87f1a65167b538864cfbd1d37900e043	d__Bacteria;p__Bacillota;c__Bacilli;o__Erysipelotrichales;f__Erysipelotrichaceae;g__Faecalicoccus;s__Faecalicoccus_pleomorphus	0.9999986862815536
c7942e74b75eb7360c4b3b03aeedbd38	d__Bacteria;p__Actinomycetota;c__Coriobacteriia;o__Coriobacteriales;f__Eggerthellaceae;g__Gordonibacter;s__Gordonibacter_pamelaeae	0.7710002011730285
2de377ebf0557af8bc1d22630ff3b0fe	d__Bacteria;p__Actinomycetota;c__Actinobacteria;o__Bifidobacteriales;f__Bifidobacteriaceae;g__Bifidobacterium	0.9999999756151103
c96cf2618b5bae7bc0014b73816f4454	d__Bacteria;p__Bacillota;c__Bacilli;o__Erysipelotrichales;f__Erysipelotrichaceae;g__Turicibacter	0.9999999999960121
a45cae49b25e218e7c11ff2fc2f1a7eb	d__Bacteria;p__Bacillota;c__Clostridia;o__Peptostreptococcales-Tissierellales;f__Anaerovoracaceae;g__Family_XIII_AD3011_group;s__uncultured_bacterium	0.9763332545577192
156e4fb87a5d50e58f8d4c3c552542d2	d__Bacteria;p__Bacillota;c__Clostridia;o__Lachnospirales;f__Lachnospiraceae;g__Dorea;s__Dorea_longicatena	0.8892507980398852
89d18f15b0b395bfee47a2cd34ee44ce	d__Bacteria;p__Bacteroidota;c__Bacteroidia;o__Bacteroidales;f__Tannerellaceae;g__Parabacteroides	0.99999999999953
d6c964d7a1d76f1547e809eb9b3b8dd6	d__Bacteria;p__Pseudomonadota;c__Gammaproteobacteria;o__Enterobacterales;f__Enterobacteriaceae;g__Citrobacter	0.9426946922734212
eec71958dfd3f223bb7bfb1532f00d35	d__Bacteria;p__Bacillota;c__Bacilli;o__Erysipelotrichales;f__Erysipelotrichaceae;g__Absiella;s__Absiella_argi	0.9999997819280918
47ac31d5096f470a1a20a9c7130feda6	d__Bacteria;p__Bacillota;c__Clostridia;o__Oscillospirales;f__Oscillospiraceae;g__UCG-002	0.9950378755440714
9982142a013422bb8d4a3406b5c7bcf1	d__Bacteria;p__Spirochaetota;c__Spirochaetia;o__Spirochaetales;f__Spirochaetaceae;g__Treponema	0.9999999757154273
977beb91a220edba11cf0a88cd30e5d5	d__Bacteria;p__Spirochaetota;c__Spirochaetia;o__Spirochaetales;f__Spirochaetaceae;g__Treponema	0.9999881998924369
178e8cf216a0a0bfe5a491162693f634	d__Bacteria;p__Bacteroidota;c__Bacteroidia;o__Bacteroidales;f__Prevotellaceae;g__Prevotella;s__Prevotella_sp.	0.8671890215154385
d6eb6ac8ab8ea7a5de3ced31fc51500a	d__Bacteria;p__Bacillota;c__Bacilli;o__Lactobacillales;f__Lactobacillaceae;g__Lactobacillus;s__Lactobacillus_amylovorus	0.7747090252594186
797881e387dccceb0caad6a87883ae64	d__Bacteria;p__Bacteroidota;c__Bacteroidia;o__Bacteroidales;f__Prevotellaceae;g__Hoylesella;s__Prevotella_saccharolytica	0.9910118101442422
94825e80b34bf36ddccff12275274645	d__Bacteria;p__Pseudomonadota;c__Gammaproteobacteria;o__Burkholderiales;f__Burkholderiaceae;g__Lautropia;s__uncultured_bacterium	0.9751853467379591
1b567dcf84ce09adb8aa7ba63f14a72b	d__Bacteria;p__Spirochaetota;c__Spirochaetia;o__Spirochaetales;f__Spirochaetaceae;g__Treponema;s__Treponema_maltophilum	0.9999985612543986
49454712fada4247ff79aa6ccf73f57e	d__Bacteria;p__Bacteroidota;c__Bacteroidia;o__Flavobacteriales;f__Flavobacteriaceae;g__Capnocytophaga	0.9999999999999113
76c0044b585270b659c5bf88d7f9de48	d__Bacteria;p__Bacteroidota;c__Bacteroidia;o__Bacteroidales;f__Prevotellaceae;g__Segatella;s__Prevotella_buccae	0.9975957960825015
ba12aa800a4b42b64279a37b14bbcdc5	d__Bacteria;p__Bacteroidota;c__Bacteroidia;o__Bacteroidales;f__Rikenellaceae;g__Rikenellaceae_RC9_gut_group;s__uncultured_bacterium	0.9977705581615721
b542b5db722e5cb47a4eaff3019d53fc	d__Bacteria;p__Bacillota;c__Clostridia;o__Peptostreptococcales-Tissierellales;f__Anaerovoracaceae;g__[Eubacterium]_saphenum_group;s__Eubacterium_sp.	0.9999857523907324
64253f3b1302237be22001f9290dbd4f	d__Bacteria;p__Bacteroidota;c__Bacteroidia;o__Bacteroidales;f__Prevotellaceae	0.9999985040682119
1458610f6e4551de79def137565ff8db	d__Bacteria;p__Pseudomonadota;c__Gammaproteobacteria;o__Enterobacterales;f__Pasteurellaceae;g__Aggregatibacter;s__Aggregatibacter_aphrophilus	0.7284938890375435
a95dd8b85cce9e55c36f3aa5ec391c6e	d__Bacteria;p__Bacteroidota;c__Bacteroidia;o__Flavobacteriales;f__Flavobacteriaceae;g__Capnocytophaga;s__Capnocytophaga_ochracea	0.8732953794648615
90c2f7178071bd15f5c93d916e9dc915	d__Bacteria;p__Bacillota;c__Clostridia;o__Oscillospirales;f__Ruminococcaceae	0.9997691776522073
186c9fa38e1428e565a3e55fc8483a88	d__Bacteria;p__Bacillota;c__Clostridia;o__Oscillospirales;f__Oscillospiraceae;g__Incertae_Sedis;s__uncultured_bacterium	0.8227198110606334
84d5b4caf97aa015e10e7cc6e8784be7	d__Bacteria;p__Bacillota;c__Clostridia;o__Oscillospirales;f__Ruminococcaceae;g__Acutalibacter;s__uncultured_bacterium	0.9931240757489672
90790b2c6e6da68fbdde4ad19c1a401a	d__Bacteria;p__Bacillota;c__Clostridia;o__Oscillospirales;f__Incertae_Sedis;g__Incertae_Sedis;s__metagenome	0.9997382785399798
4c9f78ebb799edf211003fd0d5a5af48	d__Bacteria;p__Bacillota;c__Clostridia;o__Lachnospirales;f__Defluviitaleaceae;g__Defluviitaleaceae_UCG-011;s__uncultured_bacterium	0.9983478690983081
a6d5dfc837b1333e43dcfce90b421f91	d__Bacteria;p__Bacillota;c__Clostridia;o__Oscillospirales;f__Oscillospiraceae;g__Pseudoflavonifractor;s__uncultured_bacterium	0.968452205529133
6500934fcb7a6f936397c694d46e1339	d__Bacteria;p__Pseudomonadota;c__Gammaproteobacteria;o__Enterobacterales;f__Succinivibrionaceae;g__Succinivibrio	0.9999602697060832
3765e2593d6bb766afd8bf563841dfa7	d__Bacteria;p__Bacillota;c__Clostridia;o__Lachnospirales;f__Lachnospiraceae;g__Lachnospiraceae_NK4A136_group	0.7736999966432737
eb4517e966d7169ed32b2898eabcf7b8	d__Bacteria;p__Bacillota;c__Clostridia;o__Lachnospirales;f__Lachnospiraceae	0.9999643654062176
a2b3d446fbfed03209c9b4bb67a61886	d__Bacteria;p__Bacillota;c__Clostridia;o__Oscillospirales;f__Oscillospiraceae;g__Oscillibacter;s__uncultured_bacterium	0.8425267087429875
dfab5de6ce73f7de0d93c3fdd0e14ea6	d__Bacteria;p__Bacillota;c__Clostridia;o__Lachnospirales;f__Lachnospiraceae;g__Coprococcus	0.8596358621575055
1605c04f4774483cf59155b0912e80a1	d__Bacteria;p__Bacillota;c__Clostridia;o__Oscillospirales;f__Ruminococcaceae	0.9981405969307348
d9bb3ea8df6aa9e66e06316c68ea93b6	d__Bacteria;p__Bacillota;c__Clostridia;o__Peptostreptococcales-Tissierellales;f__Anaerovoracaceae;g__Mogibacterium;s__uncultured_bacterium	0.9999853478525956
d16a4faef202f2f76497bdd5a6f454b7	d__Bacteria;p__Bacillota;c__Clostridia;o__Oscillospirales;f__Incertae_Sedis;g__Incertae_Sedis;s__uncultured_bacterium	0.7365800507581247
778797fc0fa23656be229743febad81f	d__Bacteria;p__Pseudomonadota;c__Gammaproteobacteria;o__Enterobacterales;f__Enterobacteriaceae;g__Escherichia-Shigella	0.8751866684697708
1667bf727ec7f933a7e70d3c13396fc3	d__Bacteria;p__Pseudomonadota;c__Alphaproteobacteria;o__Rhodospirillales;f__Incertae_Sedis;g__Incertae_Sedis;s__gut_metagenome	0.7796362865279741
90c1ae30dde9d7fd3c5ef60974e63108	d__Bacteria;p__Bacillota;c__Bacilli;o__Lactobacillales;f__Lactobacillaceae;g__Leuconostoc;s__Leuconostoc_pseudomesenteroides	0.7642649686669281
119b3ba9fec0e0a01c4fb3a48abab2b8	d__Bacteria;p__Patescibacteria;c__Saccharimonadia;o__Saccharimonadales;f__Incertae_Sedis;g__Incertae_Sedis;s__TM7_phylum	0.9952831933267472
c193c1945d5019d8edf46ec6f3569626	d__Bacteria;p__Bacteroidota;c__Bacteroidia;o__Bacteroidales;f__Marinifilaceae;g__Butyricimonas;s__uncultured_organism	0.8234937020115888
8ee7f2677d410e3e44d4199acd7452b7	d__Bacteria;p__Bacteroidota;c__Bacteroidia;o__Bacteroidales;f__Prevotellaceae;g__Hoylesella;s__uncultured_bacterium	0.9905037279591313
013ecbea0a0877ea87cf82f021fee28d	d__Bacteria;p__Patescibacteria;c__Saccharimonadia;o__Saccharimonadales;f__Saccharimonadaceae;g__Candidatus_Saccharimonas;s__uncultured_rumen	0.8473352950979519
b7d5d6b5e962c6da0d39aaa50efbe93f	d__Bacteria;p__Actinomycetota;c__Coriobacteriia;o__Coriobacteriales;f__Atopobiaceae;g__Olsenella	0.999510198393314
7fb1cfb7820d312b166ba06576e19d2b	d__Bacteria;p__Bacteroidota;c__Bacteroidia;o__Bacteroidales;f__Prevotellaceae;g__Hoylesella;s__Prevotella_enoeca	0.8117251962144637
221f6836449041244f37f99a75b10f7e	d__Bacteria;p__Pseudomonadota;c__Gammaproteobacteria;o__Burkholderiales;f__Neisseriaceae;g__Neisseria;s__Neisseria_bacilliformis	0.9993463193470787
128e9912a27ec21b5398b115baa67f98	d__Bacteria;p__Bacteroidota;c__Bacteroidia;o__Bacteroidales;f__Prevotellaceae;g__Hoylesella;s__Prevotella_sp.	0.9394331360230703
a4a0b06ea474eeed0b7c5627631e5bf5	d__Bacteria;p__Spirochaetota;c__Spirochaetia;o__Spirochaetales;f__Spirochaetaceae;g__Treponema;s__Treponema_socranskii	0.9988680233878371
e3ef57e3cbed176dff92ef8342f45178	d__Bacteria;p__Actinomycetota;c__Actinobacteria;o__Mycobacteriales;f__Corynebacteriaceae;g__Corynebacterium;s__Corynebacterium_matruchotii	0.9386794709554441
7feaeb5e2349636f7e031f3556527b22	d__Bacteria;p__Patescibacteria;c__Gracilibacteria;o__JGI_0000069-P22;f__Incertae_Sedis;g__Incertae_Sedis;s__	0.9990793899091921
341817393bd810737b2f68f9288715f5	d__Bacteria;p__Bacteroidota;c__Bacteroidia;o__Flavobacteriales;f__Flavobacteriaceae;g__Capnocytophaga;s__uncultured_Capnocytophaga	0.8849785332066022
4123db869b5cda921b672a269284858f	d__Bacteria;p__Spirochaetota;c__Spirochaetia;o__Spirochaetales;f__Spirochaetaceae;g__Treponema;s__Treponema_refringens	0.9999940641242193
ffe3ee039a161a82424655cf2f7fcd10	d__Bacteria;p__Pseudomonadota;c__Gammaproteobacteria;o__Enterobacterales;f__Pasteurellaceae	0.9999999999997999
c3b0f12278916f12352d628bf0c76701	d__Bacteria;p__Spirochaetota;c__Spirochaetia;o__Spirochaetales;f__Spirochaetaceae;g__Treponema	0.9999999951192463
5001494e2195ed78398745cb988153de	d__Bacteria;p__Actinomycetota;c__Actinobacteria;o__Propionibacteriales;f__Propionibacteriaceae;g__Arachnia;s__uncultured_bacterium	0.9182332579171503
0968d1591fc1e301e4a872e2d7cdc336	d__Bacteria;p__Bacillota;c__Clostridia;o__Lachnospirales;f__Lachnospiraceae;g__Enterocloster	0.9903508358440835
07938f077285fc5c579c1c24ab27899b	d__Bacteria;p__Bacillota;c__Clostridia;o__Christensenellales;f__Christensenellaceae;g__Christensenellaceae_R-7_group	0.9996411880857745
2ab424bb8819d10f58e3059611aeb88c	d__Bacteria;p__Bacillota;c__Clostridia;o__Lachnospirales;f__Lachnospiraceae;g__Lachnoclostridium	0.992359625760106
b3f38cd598fec3b6e470cec76c622a36	d__Bacteria;p__Bacillota;c__Clostridia;o__Oscillospirales;f__Ruminococcaceae	0.9996568199938853
4f904ebdd10ebd14b54b088e8710dd22	d__Bacteria;p__Bacillota;c__Bacilli;o__Erysipelotrichales;f__Erysipelotrichaceae;g__Turicibacter;s__uncultured_bacterium	0.8210332195544887
09dd295492995b979a79e38ed5ac6252	d__Bacteria;p__Bacillota;c__Clostridia;o__Christensenellales;f__Christensenellaceae;g__Incertae_Sedis;s__uncultured_bacterium	0.9972488479619726
aac3af84e75dbb8d12e1dd2ea2aa4aea	d__Bacteria;p__Bacillota;c__Clostridia;o__Lachnospirales;f__Lachnospiraceae;g__GCA-900066755;s__uncultured_bacterium	0.9980715863082348
2a0606dbf093373318c6ef16ea5a9a26	d__Bacteria;p__Bacteroidota;c__Bacteroidia;o__Bacteroidales;f__Bacteroidaceae;g__Bacteroides;s__Bacteroides_salyersiae	0.9612164012798109
f047aa1950d5df8c5f644fc3e0816c7a	d__Bacteria;p__Bacillota;c__Clostridia;o__Oscillospirales;f__Oscillospiraceae;g__Intestinimonas;s__Intestinimonas_butyriciproducens	0.9774486666101415
923b83bfd9329f79a1c4a9fa4e37dced	d__Bacteria;p__Actinomycetota;c__Coriobacteriia;o__Coriobacteriales	0.9935432904115963
94a80faadfb90fe4d8e31be0bc468095	d__Bacteria;p__Actinomycetota;c__Coriobacteriia;o__Coriobacteriales;f__Eggerthellaceae;g__Slackia;s__uncultured_bacterium	0.7929502550321921
2afd81e05992550f91838c57bdeb8158	d__Bacteria;p__Bacillota;c__Clostridia;o__Lachnospirales;f__Lachnospiraceae	0.999999944307993
2899ca208cd6fe088e1bb60390635040	d__Bacteria;p__Bacillota;c__Negativicutes;o__Veillonellales-Selenomonadales;f__Selenomonadaceae	0.9999999999979412
2b534a941086465d153bb28c17fcbf36	d__Bacteria;p__Bacillota;c__Bacilli;o__Erysipelotrichales;f__Erysipelatoclostridiaceae;g__Eggerthia;s__Eggerthia_catenaformis	0.9999999999995737
b4ba92fed8e6a99daca521411bc66231	d__Bacteria;p__Spirochaetota;c__Spirochaetia;o__Spirochaetales;f__Spirochaetaceae;g__Treponema;s__uncultured_bacterium	0.9089029310351442
0c165d16f78d8be6ae6c448c54dbe826	d__Bacteria;p__Bacillota;c__Negativicutes;o__Veillonellales-Selenomonadales;f__Selenomonadaceae	0.999999999998676
8baff926d85b773002b78ee62ccef843	d__Bacteria;p__Bacteroidota;c__Bacteroidia;o__Bacteroidales;f__Prevotellaceae;g__Prevotella;s__Prevotella_jejuni	0.9649099923884912
7326a1c45912b63a2ae3355fc04b02cd	d__Bacteria;p__Bacteroidota;c__Bacteroidia;o__Bacteroidales;f__Prevotellaceae;g__Incertae_Sedis;s__uncultured_Prevotellaceae	0.9406399709598104
a99c0ce6a4fa68f16d6bbb400eac1084	d__Bacteria;p__Bacillota;c__Clostridia;o__Lachnospirales;f__Lachnospiraceae;g__Howardella;s__	0.9666393330765588
98d2c592c9649dafd7ff579d64093c20	d__Bacteria;p__Pseudomonadota;c__Gammaproteobacteria;o__Burkholderiales;f__Neisseriaceae;g__Alysiella;s__uncultured_bacterium	0.9999702967366662
2663fb860c250d0cea058c861d6405d8	d__Bacteria;p__Bacteroidota;c__Bacteroidia;o__Bacteroidales;f__Porphyromonadaceae;g__Porphyromonas;s__unidentified	0.8714511818577743
a81cf054c982287253de7119e050fb93	d__Bacteria;p__Bacillota;c__Clostridia;o__Eubacteriales;f__Anaerofustaceae;g__Anaerofustis;s__uncultured_bacterium	0.9987627816723961
07eb069b663866c4823716070ca0e79b	d__Bacteria;p__Bacillota;c__Clostridia;o__Oscillospirales;f__Ruminococcaceae;g__Paludicola;s__uncultured_bacterium	0.9448622109253574
87ea4f0d927d38b3da0ca946a0d684ce	d__Bacteria;p__Bacillota;c__Clostridia;o__Oscillospirales;f__UCG-011;g__Incertae_Sedis;s__uncultured_bacterium	0.9525883243588269
6c734f280d1a6b650bcdb8e1619f88d0	d__Bacteria;p__Bacillota;c__Clostridia;o__Monoglobales;f__Monoglobaceae;g__Monoglobus	0.995850941553671
d27f961266c36d57c4cabaf51fa1d48c	d__Bacteria;p__Bacillota;c__Clostridia;o__Oscillospirales;f__Ruminococcaceae	0.9971786805173255
f59c33f742d8e45c2e8ff1fd8009edf2	d__Bacteria;p__Bacillota;c__Bacilli;o__Lactobacillales;f__Lactobacillaceae;g__Leuconostoc;s__Leuconostoc_carnosum	0.9982165445465759
5fa9fb6f18e8b3a8984aff38a74fd9ac	d__Bacteria;p__Bacillota;c__Clostridia;o__Oscillospirales;f__Ruminococcaceae;g__Candidatus_Soleaferrea;s__uncultured_Anaerotruncus	0.9999972628623596
73d82a6f7c5f3932d00755f3bf9c9c7f	d__Bacteria;p__Bacillota;c__Clostridia;o__Oscillospirales;f__Oscillospiraceae;g__NK4A214_group;s__uncultured_bacterium	0.8083184984520656
36f6d4fc2dad2bca7cd6af6db1ab0d6b	d__Bacteria;p__Bacillota;c__Clostridia;o__Oscillospirales;f__Ruminococcaceae	0.9999398879256071
ed97adf1bd5d3d294a6808db09362932	d__Bacteria;p__Actinomycetota;c__Coriobacteriia;o__Coriobacteriales;f__Coriobacteriaceae;g__Collinsella	0.999982214228235
81e144dc3004485b8e77e16b854c6c96	d__Bacteria;p__Bacillota;c__Clostridia;o__Lachnospirales;f__Lachnospiraceae;g__Lachnoclostridium	0.832693094011671
ded4b597fcc3a1fd4e0d43877887d701	d__Bacteria;p__Bacillota;c__Clostridia;o__Lachnospirales;f__Lachnospiraceae;g__Lachnospiraceae_UCG-010	0.7114609914114584
412f4d80fb77b3daca7c7e96f69bce9c	d__Bacteria;p__Bacillota;c__Clostridia;o__Oscillospirales;f__[Eubacterium]_coprostanoligenes_group;g__Incertae_Sedis;s__uncultured_organism	0.9095723896807663
eb7cc3b5b1d9c8a72ef6a1ab242a0691	d__Bacteria;p__Bacillota;c__Clostridia;o__Oscillospirales;f__Ruminococcaceae;g__Ruminococcus	0.9289876692694569
a2384fb19ec710984135aecd427794a5	d__Bacteria;p__Actinomycetota;c__Actinobacteria;o__Bifidobacteriales;f__Bifidobacteriaceae;g__Alloscardovia;s__Alloscardovia_omnicolens	0.9998530578511865
f28e46829202e2c9321343907dbf2cf7	d__Bacteria;p__Bacillota;c__Clostridia;o__Oscillospirales;f__Ruminococcaceae	0.9734433952174083
352da7ee5649ed9cff798e2b2d82e3da	d__Bacteria;p__Bacteroidota;c__Bacteroidia;o__Bacteroidales;f__Prevotellaceae;g__Prevotella;s__Prevotella_genomosp.	0.7505683858458634
353918f10a229073bbdfc647e8f7edfd	d__Bacteria;p__Bacteroidota;c__Bacteroidia;o__Bacteroidales;f__Rikenellaceae;g__Rikenellaceae_RC9_gut_group;s__Bacteroidales_genomosp.	0.9999999807208726
a89540242b6ade5aaaeb598ad79934be	d__Bacteria;p__Bacteroidota;c__Bacteroidia;o__Bacteroidales;f__Rikenellaceae;g__Rikenellaceae_RC9_gut_group;s__Bacteroidales_oral	0.9974248702831235
1fbd9f52804578252f052ae83ffac040	d__Bacteria;p__Bacteroidota;c__Bacteroidia;o__Bacteroidales;f__Prevotellaceae;g__Hoylesella	0.9999998123927197
d3c56ba480150d38d4802cb7e7c1b4cb	d__Bacteria;p__Bacillota;c__Clostridia;o__Clostridia_UCG-014;f__Incertae_Sedis;g__Incertae_Sedis;s__Clostridiales_bacterium	0.999668624462128
1a2df4c8ff25179a4348ac92bb6ea0fd	d__Bacteria;p__Bacteroidota;c__Bacteroidia;o__Bacteroidales;f__Prevotellaceae;g__Hoylesella;s__Prevotella_loescheii	0.9867380413259771
1f3fcaff87b2cd831ee5b4202b83c945	d__Bacteria;p__Spirochaetota;c__Spirochaetia;o__Spirochaetales;f__Spirochaetaceae;g__Treponema;s__uncultured_bacterium	0.7131263338074726
b5eb8319d3a58efc873517180aeec8a8	d__Bacteria;p__Fusobacteriota;c__Fusobacteriia;o__Fusobacteriales;f__Fusobacteriaceae;g__Fusobacterium	0.9999999999992135
e049348e9a0d87ab5d9e851bf574aec5	d__Bacteria;p__Pseudomonadota;c__Alphaproteobacteria;o__Rhodospirillales;f__Incertae_Sedis;g__Incertae_Sedis	0.7220588690520324
8859df72ab5d437f7e3009c0a4e4f31b	d__Bacteria;p__Pseudomonadota;c__Gammaproteobacteria;o__Burkholderiales;f__Neisseriaceae;g__Alysiella;s__	0.9791849084554691
546a8df0002e635eef264a27c667d8d2	d__Bacteria;p__Bacillota;c__Clostridia;o__Peptostreptococcales-Tissierellales;f__Anaerovoracaceae;g__Anaerovorax;s__uncultured_bacterium	0.863574515744156
953fa669dc360b3b0c783725f880e827	d__Bacteria;p__Bacillota;c__Clostridia	0.9999355832806578
6b9c07677717122b4f7917d50ff47cbc	d__Bacteria;p__Bacillota;c__Clostridia;o__Oscillospirales;f__Oscillospiraceae;g__UCG-005	0.999549545084894
084691dd0c1424493e0d1464db4195f2	d__Bacteria;p__Bacillota;c__Clostridia;o__Clostridia_vadinBB60_group;f__Incertae_Sedis;g__Incertae_Sedis;s__uncultured_organism	0.9904515415690436
73f7106184d65304512c47c1649d308b	d__Bacteria;p__Bacillota;c__Negativicutes;o__Veillonellales-Selenomonadales;f__Selenomonadaceae;g__Mitsuokella	0.9399147941457034
0030ef94ab5f8bed3418085b74448fc8	d__Bacteria;p__Bacillota;c__Clostridia;o__Oscillospirales;f__Ruminococcaceae	0.9271855491697811
d54c760846f5b1756ef66ea2748c841b	d__Bacteria;p__Bacillota;c__Clostridia;o__Christensenellales;f__Christensenellaceae;g__Christensenellaceae_R-7_group;s__Christensenella_sp.	0.9999999999996589
3daf2c3c44065f68fc6ac6e36fa8c898	d__Bacteria;p__Actinomycetota;c__Actinobacteria;o__Kitasatosporales;f__Streptomycetaceae;g__Streptomyces	0.9999907198808172
f8a4f3ff19d61a1f0b48ff91412451a2	d__Bacteria;p__Cyanobacteriota;c__Cyanobacteriia;o__Chloroplast;f__Incertae_Sedis;g__Incertae_Sedis	1.0000000000000044
6082919e3f7202dba7cf304d7bb54420	d__Bacteria;p__Bacillota;c__Bacilli;o__Staphylococcales;f__Staphylococcaceae;g__Staphylococcus;s__Staphylococcus_equorum	0.9702753159061
93bd5b75bbf8507566602238d02b8fcf	d__Bacteria;p__Bacillota;c__Clostridia;o__Oscillospirales;f__[Eubacterium]_coprostanoligenes_group;g__Incertae_Sedis;s__Eubacteriaceae_bacterium	0.9400112411516637
f9127f7fc7c1eb9d12cd34e2329ccb76	d__Bacteria;p__Actinomycetota;c__Actinobacteria;o__Bifidobacteriales;f__Bifidobacteriaceae;g__Bifidobacterium;s__Bifidobacterium_longum	0.776821254936068
879392ec5c0d77869256c6c8068ef9ac	d__Bacteria;p__Bacteroidota;c__Bacteroidia;o__Bacteroidales;f__Bacteroidaceae;g__Bacteroides	0.9999999984698777
fab1c84c9592bdd07aab0fed81cac039	d__Bacteria;p__Bacillota;c__Bacilli;o__Izemoplasmatales;f__Incertae_Sedis;g__Incertae_Sedis;s__uncultured_organism	0.9999999987934417
9651590c1c258d78420c13ed6dc29f43	d__Bacteria;p__Bacillota;c__Bacilli;o__Erysipelotrichales;f__Erysipelatoclostridiaceae;g__Massiliomicrobiota;s__Clostridiales_bacterium	0.9999999999984368
89e003cda8baad69d063360c0b7dcbe5	d__Bacteria;p__Bacillota;c__Clostridia;o__Peptococcales;f__Peptococcaceae;g__Incertae_Sedis;s__metagenome	0.9998844360198217
323ad88ae7c8dc1c1b3774bad81e74a4	d__Bacteria;p__Bacteroidota;c__Bacteroidia;o__Bacteroidales;f__Tannerellaceae;g__Parabacteroides	0.9999999999888597
50ef4b6ac91b2cddcb87cfe5a3b622f8	d__Bacteria;p__Bacillota;c__Clostridia;o__Lachnospirales;f__Lachnospiraceae;g__Sellimonas;s__Lachnoclostridium_phocaeense	0.9238467033766282
b2d92ae8ec7782e437a3cb373a6a2d48	d__Bacteria;p__Bacillota;c__Bacilli;o__Erysipelotrichales;f__Erysipelotrichaceae;g__Faecalitalea	0.999999918986382
29df7b3e560f8bcb8480ab62c6b886ef	d__Bacteria;p__Bacillota;c__Clostridia;o__Lachnospirales;f__Defluviitaleaceae;g__Defluviitaleaceae_UCG-011;s__uncultured_bacterium	0.9981602833063338
186f5b796c6bc726714fecbc678b938f	d__Bacteria;p__Bacillota;c__Clostridia;o__Peptostreptococcales-Tissierellales;f__Anaerovoracaceae;g__Family_XIII_AD3011_group;s__uncultured_Eubacteriaceae	0.9612019345610189
efe68647778b48301fa919954855f4d8	d__Bacteria;p__Fusobacteriota;c__Fusobacteriia;o__Fusobacteriales;f__Leptotrichiaceae;g__Leptotrichia;s__Leptotrichia_sp.	0.9999999887496928
8ca5821de1f2af154935a9fbd5ddf46d	d__Bacteria;p__Actinomycetota;c__Coriobacteriia;o__Coriobacteriales;f__Eggerthellaceae;g__Cryptobacterium;s__Cryptobacterium_curtum	0.9999999999512285
e8dfd15afdb5dd5527dc20a31e843df9	d__Bacteria;p__Bacillota;c__Negativicutes;o__Veillonellales-Selenomonadales;f__Selenomonadaceae;g__Selenomonas	0.8074279111032002
7e64529549a54fc68cfc5e832c2f370a	d__Bacteria;p__Bacillota;c__Clostridia;o__Peptostreptococcales-Tissierellales;f__Family_XI;g__Peptoniphilus	0.9999999999650315
3a467be9a4ca8dcd3805a2230751a495	d__Bacteria;p__Bacillota;c__Clostridia;o__Lachnospirales;f__Lachnospiraceae;g__Stomatobaculum;s__uncultured_bacterium	0.9635438490004096
ad14de925de88b6b4d6297a4adf4fa01	d__Bacteria;p__Pseudomonadota;c__Gammaproteobacteria;o__Burkholderiales;f__Neisseriaceae;g__Neisseria;s__Neisseria_oralis	0.9859822707137709
d695256406b6627824076451d5515440	d__Bacteria;p__Bacillota;c__Bacilli;o__Mycoplasmatales;f__Mycoplasmataceae;g__Mycoplasma;s__Metamycoplasma_salivarium	0.9990454431042014
d6b9ab3e6e75b6ae0635358caff96fd4	d__Bacteria;p__Bacillota;c__Clostridia;o__Lachnospirales;f__Lachnospiraceae	0.9999949391534322
5903286a27aeaa8a22c70542ade2ba40	d__Bacteria;p__Bacillota;c__Clostridia;o__Peptococcales;f__Peptococcaceae;g__Peptococcus	0.9999999999997877
bb0ade3b8839c9d52ab97cd3ed1ef912	d__Bacteria;p__Bacillota;c__Clostridia;o__Peptostreptococcales-Tissierellales;f__Family_XI;g__Incertae_Sedis;s__uncultured_Peptostreptococcaceae	0.9999977124567482
23eea056bfe5111087d7a962d92468f2	d__Bacteria;p__Bacteroidota;c__Bacteroidia;o__Bacteroidales;f__Prevotellaceae;g__Segatella;s__uncultured_bacterium	0.9742062427827516
d4522da492a27fbd950958974d471c04	d__Bacteria;p__Bacillota;c__Clostridia;o__Oscillospirales;f__Ruminococcaceae;g__Candidatus_Soleaferrea;s__uncultured_bacterium	0.994077822350521
0e4a25f949404619e61787e789cebd79	d__Bacteria;p__Bacillota;c__Clostridia;o__Oscillospirales;f__UCG-010;g__Incertae_Sedis	0.9999995599944901
0daa683a3fd72e5bb2b5501ec2732eb7	d__Bacteria;p__Bacillota;c__Clostridia;o__Oscillospirales;f__Oscillospiraceae;g__NK4A214_group;s__uncultured_Firmicutes	0.9209545631216368
d77c05cacfa800610e9c3b92ace19ce3	d__Bacteria;p__Bacillota;c__Clostridia;o__Peptococcales;f__Peptococcaceae;g__Incertae_Sedis;s__uncultured_bacterium	0.9929225679060455
3ebd6f474aa4a5f92e973bd3c8b91a15	d__Bacteria;p__Bacillota;c__Clostridia;o__Christensenellales;f__Christensenellaceae;g__Christensenellaceae_R-7_group	0.7191636162333194
0bf0743fbbcffbbcebe02a5d565231ef	d__Bacteria;p__Bacteroidota;c__Bacteroidia;o__Bacteroidales;f__Rikenellaceae;g__Alistipes;s__Alistipes_indistinctus	0.9998733586823424
fd894c693cc34efe47380c1851e2daa0	Unassigned	0.7712653571069122
a2715f98c352794f5ed726b62b2787db	d__Bacteria;p__Thermodesulfobacteriota;c__Desulfovibrionia;o__Desulfovibrionales;f__Desulfovibrionaceae;g__Mailhella;s__Desulfovibrio_sp.	0.9979902970061365
561f1a7fba9e82a464d45d29c6e66d71	d__Bacteria;p__Actinomycetota;c__Actinobacteria;o__Bifidobacteriales;f__Bifidobacteriaceae;g__Bifidobacterium	0.9992913748505357
0217e86f67821ef0c58de8bfcd2e6ec6	d__Bacteria;p__Bacillota;c__Clostridia;o__Christensenellales;f__Christensenellaceae;g__Incertae_Sedis	0.7069995349270841
afaa0a16455740584320d3b4f660650c	d__Bacteria;p__Bacillota;c__Bacilli;o__RF39;f__Incertae_Sedis;g__Incertae_Sedis;s__uncultured_bacterium	0.9691504592234146
5de98899a59b3fb0c190d694f7639586	d__Bacteria;p__Thermodesulfobacteriota;c__Desulfovibrionia;o__Desulfovibrionales;f__Desulfovibrionaceae;g__Bilophila	0.9999999372747802
ce71291fb57a3c42df7ef6f91f108df9	d__Bacteria;p__Bacillota;c__Clostridia;o__Lachnospirales;f__Lachnospiraceae	0.9999923696823387
ff1f78a1732ddb927d56bc4fede4074a	d__Bacteria;p__Bacteroidota;c__Bacteroidia;o__Bacteroidales;f__Rikenellaceae;g__Alistipes;s__Alistipes_finegoldii	0.7451253284705518
43feb06a1ad629ebeff61edf3a8caa44	d__Bacteria;p__Bacillota;c__Clostridia;o__Peptostreptococcales-Tissierellales;f__Anaerovoracaceae;g__Family_XIII_AD3011_group;s__gut_metagenome	0.8660861066588368
3f7fd596312c975960542b051cd5cf43	d__Bacteria;p__Bacillota;c__Clostridia;o__Oscillospirales;f__Ruminococcaceae;g__Candidatus_Soleaferrea;s__uncultured_bacterium	0.9847727458560109
9e9960412a0cec322353aaa67cced3ad	d__Bacteria;p__Bacillota;c__Clostridia;o__Oscillospirales;f__Ruminococcaceae;g__Acutalibacter;s__uncultured_organism	0.9863392962512706
c3fbb3494d83bec636f23e03e258cef2	d__Bacteria;p__Bacillota;c__Clostridia;o__Oscillospirales;f__Ruminococcaceae	0.9999304250065887
526b3475ced15ee4d7aec69fff489626	d__Bacteria;p__Pseudomonadota;c__Gammaproteobacteria;o__Burkholderiales;f__Neisseriaceae;g__Neisseria	0.9999396940170096
f4a1e90c01fb9247d1b48c9405e74a4a	d__Bacteria;p__Spirochaetota;c__Spirochaetia;o__Spirochaetales;f__Spirochaetaceae;g__Sphaerochaeta;s__Spirochaeta_sp.	0.9999999821586132
8183fde839d34ad285790c5edceba4bf	d__Bacteria	0.7568380194799251
ed1aabb75360a2481fe55f108cd1d47b	d__Bacteria;p__Bacteroidota;c__Bacteroidia;o__Flavobacteriales;f__Weeksellaceae;g__Bergeyella;s__uncultured_bacterium	0.9368429320925292
1b6973fe9a32baffeba4c167f835a719	d__Bacteria;p__Bacillota;c__Negativicutes;o__Veillonellales-Selenomonadales;f__Veillonellaceae;g__Veillonella;s__uncultured_bacterium	0.7499414954917053
30e4186a2677dab99c586a65aa6e8e41	d__Bacteria;p__Bacteroidota;c__Bacteroidia;o__Bacteroidales;f__Prevotellaceae;g__Hoylesella;s__Prevotella_sp.	0.7574271195545615
3e432d724e808520fbf92e5a8c33f51a	d__Bacteria;p__Bacteroidota;c__Bacteroidia;o__Bacteroidales;f__Porphyromonadaceae;g__Porphyromonas;s__Porphyromonas_uenonis	0.9296274618934981
3f5e02e7c58c7f9ed45c4e1bad9d3faf	d__Bacteria;p__Bacillota;c__Clostridia;o__Peptostreptococcales-Tissierellales;f__Anaerovoracaceae;g__Family_XIII_AD3011_group;s__uncultured_Eubacteriaceae	0.983533223827594
2fa2b4735d03b45c432ad16470217c61	d__Bacteria;p__Bacillota;c__Clostridia;o__Lachnospirales;f__Lachnospiraceae;g__Lachnospiraceae_UCG-004;s__uncultured_bacterium	0.7573078400355348
36f032c238b7451c5371cedc8464643a	d__Bacteria;p__Bacillota;c__Clostridia	0.9999687177205991
b9a1271ee13733bf8bf97ed04fbea6c1	d__Bacteria;p__Bacillota;c__Clostridia;o__Oscillospirales;f__Ruminococcaceae;g__Incertae_Sedis	0.9031885796180337
acacd03eb5700ff2e1cb66ea696cc263	d__Bacteria;p__Bacillota;c__Clostridia;o__Oscillospirales;f__Ruminococcaceae;g__Ruminococcus;s__uncultured_bacterium	0.708692625257685
af3909edeceab197f554e240fe97af83	d__Bacteria;p__Bacteroidota;c__Bacteroidia;o__Bacteroidales;f__Rikenellaceae;g__Alistipes;s__Alistipes_inops	0.9999999830635036
808890a3bd4e27d977b3f943d1d7ce01	d__Bacteria;p__Bacillota;c__Clostridia;o__Oscillospirales;f__Ruminococcaceae;g__Faecalibacterium	0.9998815264347624
c0af93b6534cf5eec3c9b4d313443b24	d__Bacteria;p__Bacillota;c__Clostridia;o__Oscillospirales;f__UCG-010;g__Incertae_Sedis;s__	0.9069836577119108
fff191d9c7927d4b7efd261b4134ae8b	d__Bacteria;p__Bacillota;c__Clostridia;o__Oscillospirales;f__Ruminococcaceae	0.9994513854053708
0bb543155b612df6be80da76efef1621	d__Bacteria;p__Actinomycetota;c__Actinobacteria;o__Mycobacteriales;f__Corynebacteriaceae;g__Corynebacterium;s__Corynebacterium_durum	0.9996735592273005
4930e11a4c6aa66853290c5728073478	d__Bacteria;p__Actinomycetota;c__Actinobacteria;o__Bifidobacteriales;f__Bifidobacteriaceae;g__Bifidobacterium	0.9999999790120411
a5fe416e0baf7a0a4cd8ee02e435487f	d__Bacteria;p__Bacillota;c__Clostridia;o__Lachnospirales;f__Lachnospiraceae;g__Faecalimonas;s__uncultured_bacterium	0.9224393065465758
cad17019854a636cfcfb482946279169	d__Bacteria;p__Pseudomonadota;c__Gammaproteobacteria;o__Enterobacterales	0.9999988597733117
547fde65dab2782e3cd9228d659445c8	d__Bacteria;p__Actinomycetota;c__Actinobacteria;o__Kitasatosporales;f__Streptomycetaceae;g__Streptomyces	0.999991735902989
8a63dd1a529dcf654f21d4d5d6d0b481	d__Bacteria;p__Bacillota;c__Clostridia;o__Oscillospirales;f__Ruminococcaceae	0.9949405971686718
2d4ab294bb2c9caa039651f37942ee94	d__Bacteria;p__Bacillota;c__Clostridia;o__Oscillospirales;f__Ruminococcaceae	0.9863741799779364
470ea1dbf820c9fdd4de17b6219baafb	d__Bacteria;p__Bacillota;c__Bacilli;o__Erysipelotrichales;f__Erysipelatoclostridiaceae;g__UCG-004;s__uncultured_bacterium	0.9990031080546896
0a44a29253cde82bf67d8382bc3667a3	d__Bacteria;p__Bacillota;c__Bacilli;o__Lactobacillales;f__Streptococcaceae;g__Streptococcus;s__Streptococcus_peroris	0.895836332911248
9198b4c09309811b3f23a86631380759	d__Bacteria;p__Pseudomonadota;c__Gammaproteobacteria;o__Pseudomonadales;f__Moraxellaceae;g__Faucicola;s__Faucicola_mancuniensis	0.9999963605881708
e5a7bfecf050f7460c97152320952476	d__Bacteria;p__Bacteroidota;c__Bacteroidia;o__Flavobacteriales;f__Flavobacteriaceae;g__Capnocytophaga;s__Capnocytophaga_granulosa	0.9831167410436756
06f5587194058690234b0af24a1b20e8	d__Bacteria;p__Actinomycetota;c__Coriobacteriia;o__Coriobacteriales;f__Eggerthellaceae;g__Slackia;s__Slackia_exigua	0.9871861348895453
74d33779d77b2b25b0c3cbf5d5685710	d__Bacteria;p__Spirochaetota;c__Spirochaetia;o__Spirochaetales;f__Spirochaetaceae;g__Treponema;s__Treponema_sp.	0.90465772960599
5e6bbcb5f03a97a61dab89edd4d39a9b	d__Bacteria;p__Bacillota;c__Bacilli;o__Acholeplasmatales;f__Acholeplasmataceae;g__Acholeplasma	0.9999068490904436
dc8558599e663c22fa5d82cfa56ac5cd	d__Bacteria;p__Spirochaetota;c__Spirochaetia;o__Spirochaetales;f__Spirochaetaceae;g__Treponema;s__Treponema_medium	0.9137306397084647
bb20f7a77ab7d0eca160e20794e1320e	d__Bacteria;p__Synergistota;c__Synergistia;o__Synergistales;f__Synergistaceae;g__Fretibacterium	0.999999995377758
d6c7d99ae929c4bf0d833d8e4a9425e5	d__Bacteria;p__Bacillota;c__Bacilli;o__Erysipelotrichales;f__Erysipelotrichaceae;g__Solobacterium;s__uncultured_organism	0.8810643491278737
51041b5fb6e7e1ddd4ffc1eab85196c3	d__Bacteria;p__Bacteroidota;c__Bacteroidia;o__Bacteroidales;f__Bacteroidaceae;g__Bacteroides	0.9999984864928104
f31cdb69fbab6c73e9fccd65ef8d6eb3	d__Bacteria;p__Bacillota;c__Negativicutes;o__Veillonellales-Selenomonadales;f__Veillonellaceae;g__Megasphaera;s__Megasphaera_hexanoica	0.9959794520685951
8c52f1c3da28d3e13cfb02d9b0f2c6d2	d__Bacteria;p__Bacillota;c__Clostridia;o__Christensenellales;f__Christensenellaceae;g__Christensenellaceae_R-7_group	0.8626665047253168
67e5fb14755fc164ceb9ddc52ef6d60d	d__Bacteria;p__Bacillota;c__Clostridia;o__Lachnospirales;f__Lachnospiraceae;g__Blautia	0.9284229451640233
fdcd9e613393e3577bc5083610a29750	d__Bacteria;p__Bacillota;c__Clostridia;o__Oscillospirales;f__Oscillospiraceae;g__UCG-005	0.9980736195341244
ae8046caed2ef90a15f92d1d61530bf2	d__Bacteria;p__Bacillota;c__Clostridia;o__Christensenellales;f__Christensenellaceae;g__Christensenellaceae_R-7_group;s__uncultured_bacterium	0.7533907234774537
a697e54ce72c6adc9a8f398475cbb056	d__Bacteria;p__Bacillota;c__Clostridia;o__Peptostreptococcales-Tissierellales;f__Family_XI;g__Anaerococcus	0.999999999999999
3b299fbe01dee5fffafb39ed55fd3e78	d__Bacteria;p__Bacteroidota;c__Bacteroidia;o__Bacteroidales;f__Barnesiellaceae;g__Incertae_Sedis	0.999992720981763
b42adb41e907431284ae41d4eca6dd23	d__Bacteria;p__Bacteroidota;c__Bacteroidia;o__Bacteroidales;f__Tannerellaceae;g__Parabacteroides;s__uncultured_Parabacteroides	0.7106615349146095
e4cd8e09dbde32eab75a5a428425260d	d__Bacteria;p__Bacillota;c__Clostridia;o__Clostridia_vadinBB60_group;f__Incertae_Sedis;g__Incertae_Sedis;s__uncultured_organism	0.9995460115853442
a9c5ecbfd915401278af1bdd71c5ff7b	d__Bacteria;p__Bacillota;c__Clostridia;o__Lachnospirales;f__Lachnospiraceae	0.9998047251549198
a12c7d0f603c776ebf19d104697a62c8	d__Bacteria	0.9999999999999912
b214e1097262fc3a2ab83da7285ad52b	d__Bacteria;p__Bacillota;c__Clostridia;o__Christensenellales;f__Christensenellaceae;g__Christensenellaceae_R-7_group	0.999986022585204
5fd135ccaa547079daecd23d0038a154	d__Bacteria;p__Bacillota;c__Clostridia;o__Oscillospirales;f__Ruminococcaceae;g__Ruminococcus	0.967140396764113
8eb82b168e8b86815811af71e9aa0ff3	d__Bacteria;p__Bacillota;c__Clostridia;o__Peptostreptococcales-Tissierellales;f__Anaerovoracaceae;g__Family_XIII_AD3011_group	0.9932782383463501
c7ab6137d8a1ba6ce3aa93c04c0176a6	d__Bacteria;p__Bacillota;c__Clostridia;o__Oscillospirales;f__Ruminococcaceae	0.999795610239705
ab141d3413d9d730333779bb6c55ffa8	d__Bacteria;p__Bacillota;c__Clostridia;o__Oscillospirales;f__Ruminococcaceae	0.9999983355711783
c95ba2ee54007438857974bea290d179	d__Bacteria;p__Thermodesulfobacteriota;c__Desulfovibrionia;o__Desulfovibrionales;f__Desulfovibrionaceae;g__Bilophila;s__	0.7341299121209165
772a3d5df888519a82c00d754c0dcd25	d__Bacteria;p__Bacillota;c__Bacilli;o__Erysipelotrichales;f__Erysipelatoclostridiaceae;g__Thomasclavelia;s__	0.7696971540433206
c3bd40dd3bd5162320226e400038fb68	d__Bacteria;p__Bacillota;c__Clostridia;o__Lachnospirales;f__Lachnospiraceae;g__[Eubacterium]_eligens_group	0.9998641545027787
d6012ee797437bb9e3013e2bf6c95bf7	d__Bacteria;p__Bacillota;c__Clostridia;o__Lachnospirales;f__Lachnospiraceae;g__Lachnospiraceae_NC2004_group	0.8913211925740473
7374720c81b7c345c44394ae44df38fd	d__Bacteria;p__Bacillota;c__Clostridia;o__Oscillospirales;f__[Eubacterium]_coprostanoligenes_group;g__Incertae_Sedis;s__uncultured_bacterium	0.9837767071624951
4b43a48b2c25a55d9ee1ee20139123d1	d__Bacteria;p__Bacillota;c__Clostridia;o__Lachnospirales;f__Lachnospiraceae;g__Dorea	0.9907636599988333
319595982ac82f253c8e67c813f31da7	d__Bacteria;p__Bacillota;c__Bacilli;o__Lactobacillales;f__Streptococcaceae;g__Streptococcus;s__Streptococcus_constellatus	0.9160515037397728
aefbe997f917e60aa1dac0ad1e78b635	d__Bacteria;p__Bacillota;c__Bacilli;o__Lactobacillales;f__Streptococcaceae;g__Streptococcus	0.9990993944997397
3678d26eb8e3fd26e603acd051347085	d__Bacteria;p__Bacillota;c__Clostridia;o__Peptostreptococcales-Tissierellales;f__Family_XI;g__Finegoldia;s__uncultured_bacterium	0.9957587416942751
8434c3b3a15047b43bb4778da9320dfb	d__Bacteria;p__Bacillota;c__Clostridia;o__Lachnospirales;f__Lachnospiraceae	0.9995747605061935
a3b2f9569c4101cd3847b375de33999c	d__Bacteria;p__Bacillota;c__Clostridia;o__Oscillospirales;f__Ruminococcaceae;g__Ruminococcus	0.9998730013358077
7af0d3841a2af07126437a29f87f30e1	d__Bacteria;p__Actinomycetota;c__Coriobacteriia;o__Coriobacteriales;f__Eggerthellaceae;g__Eggerthella	0.9999730143241436
1f0542ab635a3d6924d04cb4b01a52dd	d__Bacteria;p__Bacillota;c__Clostridia;o__Lachnospirales;f__Lachnospiraceae;g__Fusicatenibacter;s__uncultured_organism	0.80874403030685
542950804c15a1fbbd330e2e5c904aab	d__Bacteria;p__Pseudomonadota;c__Gammaproteobacteria;o__Enterobacterales;f__Enterobacteriaceae;g__Escherichia-Shigella	0.9983440271677011
f17c6e1baf8a126b84027b7704541a3b	d__Bacteria;p__Thermodesulfobacteriota;c__Desulfovibrionia;o__Desulfovibrionales;f__Desulfovibrionaceae;g__Bilophila;s__	0.7397021960301555
408e11ee139d619fdbd458245145c7d5	d__Bacteria;p__Actinomycetota;c__Actinobacteria;o__Bifidobacteriales;f__Bifidobacteriaceae;g__Bifidobacterium	0.9994000641369644
745d1508928ad07a57dcb568cad852d6	d__Bacteria;p__Bacillota;c__Clostridia;o__Oscillospirales;f__Ruminococcaceae;g__Incertae_Sedis;s__uncultured_bacterium	0.7423337562262874
410c036b051186d63c659b7b2bbe2a8a	d__Bacteria;p__Bacillota;c__Clostridia;o__Christensenellales;f__Christensenellaceae;g__Christensenellaceae_R-7_group;s__uncultured_bacterium	0.8190689264246735
c869f86b417e26014295609262bd0770	d__Bacteria;p__Bacillota;c__Clostridia;o__Lachnospirales;f__Lachnospiraceae	0.9995696540393418
1ccb79cad5b024427acc1d909603d2fa	d__Bacteria;p__Bacillota;c__Bacilli;o__Erysipelotrichales;f__Erysipelotrichaceae;g__Solobacterium;s__uncultured_organism	0.7769897431000136
514a16883e0c25a523abf581e8737fe9	d__Bacteria;p__Bacteroidota;c__Bacteroidia;o__Bacteroidales;f__Bacteroidaceae;g__Bacteroides	0.9361647921618226
e47a594d1798a14437e8a50deff211bb	d__Bacteria;p__Bacillota;c__Clostridia;o__Clostridia_UCG-014;f__Incertae_Sedis;g__Incertae_Sedis;s__uncultured_organism	0.7647272558141176
2e82c27df2e5096c14a0fe44e3ebec11	d__Bacteria;p__Bacillota;c__Bacilli;o__Lactobacillales;f__Streptococcaceae;g__Streptococcus;s__Streptococcus_vestibularis	0.7321420849999181
f7c6350bdcf2e95546032abb3013a3be	d__Bacteria;p__Pseudomonadota;c__Gammaproteobacteria;o__Enterobacterales	0.9997120758241731
0f75a54d29497e0fda61647bb5309bd8	d__Bacteria;p__Bacillota;c__Clostridia;o__Lachnospirales;f__Lachnospiraceae;g__Tyzzerella;s__[Clostridium]_colinum	0.7118282772805303
c1370631d3562b1deb207fed111d801b	d__Bacteria;p__Bacillota;c__Clostridia;o__Oscillospirales;f__Oscillospiraceae;g__Incertae_Sedis	0.7990233764913736
75ba35deb6a64c1fda7295e05d55a282	d__Bacteria	0.9999999999976804
1c85b3f5162976d3f01ff02c00b0ebe2	d__Bacteria;p__Actinomycetota;c__Actinobacteria;o__Bifidobacteriales;f__Bifidobacteriaceae;g__Bifidobacterium	0.9989234482237466
361718a2fd4a4c3d445e006434db87c2	d__Bacteria;p__Bacillota;c__Clostridia;o__Lachnospirales;f__Lachnospiraceae;g__Lachnospiraceae_UCG-004;s__uncultured_bacterium	0.7056850217004419
2ffc277ca168dedd9bd36af11c1b7bdf	d__Bacteria;p__Bacteroidota;c__Bacteroidia;o__Bacteroidales;f__Bacteroidaceae;g__Bacteroides	0.9996998423846375
760be4babc159050573ff048e5a0825d	d__Bacteria;p__Bacillota;c__Negativicutes;o__Veillonellales-Selenomonadales;f__Veillonellaceae;g__Dialister;s__uncultured_Veillonellaceae	0.8970787438983243
8dbc002864881017c9a065879da2ab3b	d__Bacteria;p__Campylobacterota;c__Campylobacteria;o__Campylobacterales;f__Campylobacteraceae;g__Campylobacter;s__unidentified	0.9997437857999203
93456d85cbd003eeb01ef0921f639d5e	d__Bacteria;p__Fusobacteriota;c__Fusobacteriia;o__Fusobacteriales;f__Fusobacteriaceae;g__Fusobacterium;s__Fusobacterium_periodonticum	0.9383975775033196
6267cd896df796dd67d023840e7fa969	d__Bacteria;p__Fusobacteriota;c__Fusobacteriia;o__Fusobacteriales;f__Fusobacteriaceae;g__Fusobacterium	0.9999999999972422
2d0583aeb43bb1d79615499e22bd6c4a	d__Bacteria;p__Fusobacteriota;c__Fusobacteriia;o__Fusobacteriales;f__Fusobacteriaceae;g__Fusobacterium	0.9999999999987913
5cbeecc6920e2ea37bf81d3d803da1d9	d__Bacteria;p__Bacillota;c__Bacilli;o__Lactobacillales;f__Streptococcaceae;g__Streptococcus	0.9999999976279567
