contrast	feature_id	we.ep	we.eBH	wi.ep	wi.eBH	rab.all	rab.win.Active	rab.win.Control	diff.btw	diff.win	effect	overlap	significant	status	detail	rab.win.Latent
Active_vs_Control	PWY-5420	0.0787458075210601	0.96978381384741	0.01015625	0.09375	-3.27480994472387	-7.06650040831102	-2.1295665925008	4.7839791499358	2.80312335106285	1.57815071390733	0.0104432568618351	no	ok		NA
Active_vs_Control	PWY-822	0.0328396463939474	0.980531038802896	0.1	1	-3.66226435433453	-0.751914384828011	-8.28450225481118	-7.52608487944631	3.08324853049067	-2.4483151312528	0.000365399848804012	no	ok		NA
Active_vs_Control	PWY-6654	0.380609500610914	0.994543678230503	0.4375	1	-7.03375588211136	-5.63185266014455	-8.36681159024323	-2.84738911047681	4.01712680177778	-0.627791856576982	0.202073572267362	no	ok		NA
Active_vs_Control	PWY-6292	0.222917300685997	0.995108634344609	0.340625	1	-0.196327476843821	0.69443123156305	-0.530621410994246	-1.0154440506448	0.803699129926869	-1.11331422262823	0.166668022947628	no	ok		NA
Active_vs_Control	POLYAMINSYN3-PWY	0.0573392690972637	0.999903521414595	0.115625	1	-2.81728091145938	0.689341197503897	-5.33873700565149	-5.31719012005226	3.14462113536335	-1.71324085898979	0.020738564384523	no	ok		NA
Active_vs_Control	PWY-4984	0.0577100124262417	0.999903521414595	0.11015625	1	-2.93636805539538	1.29996745308786	-5.37703125844201	-5.93585144313726	3.46255137610001	-1.80374866492102	0.020738564384523	no	ok		NA
Active_vs_Control	14DICHLORBENZDEG-PWY	0.59697566640771	1	0.4390625	0.921875	-6.36644860947541	-7.17376657838603	-4.97024431408259	1.65665259270391	4.20936088705749	0.284268413158585	0.331606642538848	no	ok		NA
Active_vs_Control	1CMET2-PWY	0.894722341835209	1	0.8734375	1	3.7017358916354	3.50591898981606	3.85573053536384	0.0327729838750814	1.04274765361091	0.0212658685020623	0.497409332220818	no	ok		NA
Active_vs_Control	3-HYDROXYPHENYLACETATE-DEGRADATION-PWY	0.753609652745443	1	0.815625	1	-5.88985194842108	-5.26511749509602	-6.43499374170533	-1.00536772947715	4.94324046834906	-0.166365620173585	0.41666686042708	no	ok		NA
Active_vs_Control	AEROBACTINSYN-PWY	0.634050365152038	1	0.51953125	0.9609375	-6.40523799165072	-7.13157240596683	-5.56823755621647	1.1859657337057	3.67539228277102	0.251269305702819	0.352331968145601	no	ok		NA
Active_vs_Control	ALLANTOINDEG-PWY	0.495089356492135	1	0.3859375	0.9140625	-6.38825429318064	-7.36479035888186	-5.19721349242096	2.41091847603533	5.07318595401322	0.447771935254153	0.300518665469849	no	ok		NA
Active_vs_Control	ANAEROFRUCAT-PWY	0.422687404620456	1	0.50234375	1	2.95650464883125	3.34687755692447	2.76461302285659	-0.599234609159812	1.18458941585543	-0.497820172111768	0.269430706949312	no	ok		NA
Active_vs_Control	ANAGLYCOLYSIS-PWY	0.943625189714937	1	0.7890625	1	3.8334813386733	3.8050881549235	3.85419620919934	0.0887470528659762	0.951312677445136	0.0867358159445951	0.471502654635049	no	ok		NA
Active_vs_Control	ARG+POLYAMINE-SYN	0.85243592979739	1	0.72578125	1	0.946458337396164	1.39503379294375	0.745346779840132	-0.728807651813964	2.20672499666832	-0.190994373368111	0.338542074137571	no	ok		NA
Active_vs_Control	ARGININE-SYN4-PWY	0.317399462301611	1	0.3671875	1	1.60428866667792	2.0933687458949	1.446598795971	-0.65466018777247	1.10447330849679	-0.75777578778186	0.208334332711949	no	ok		NA
Active_vs_Control	ARGSYN-PWY	0.909642801937757	1	0.728125	1	3.48729943946794	3.08561000053635	3.82206558555195	0.0925369027528262	1.28151281682605	0.134365847143603	0.450777313270224	no	ok		NA
Active_vs_Control	ARGSYNBSUB-PWY	0.888575899007473	1	0.57578125	1	3.46005782137383	3.10410462983761	3.80812956335648	0.288855192837771	1.07604014275311	0.29616543996538	0.388601298505214	no	ok		NA
Active_vs_Control	ARO-PWY	0.793051571291637	1	0.934375	1	4.23773711312329	4.22042053044598	4.24320304630556	-0.184013807851231	0.929767734717099	-0.227728967496714	0.41666686042708	no	ok		NA
Active_vs_Control	ASPASN-PWY	0.915433818307568	1	0.971875	1	3.74480333090394	3.59892762744502	3.86825438478008	-0.140221997966012	1.27651033244861	-0.114560983425956	0.461139983838242	no	ok		NA
Active_vs_Control	AST-PWY	0.699866099405266	1	0.65	0.9609375	-6.99839000663473	-7.16054628448433	-6.72467665763291	1.26777955829959	5.69973587369931	0.229333920649662	0.419689303598504	no	ok		NA
Active_vs_Control	BRANCHED-CHAIN-AA-SYN-PWY	0.879807156476247	1	0.97890625	1	4.01397167710742	3.70927380424683	4.24599650491667	-0.173463454500955	1.33144645290112	-0.136045762896236	0.468750070918891	no	ok		NA
Active_vs_Control	CALVIN-PWY	0.617443850953407	1	0.82890625	1	4.48515344130497	4.50830273417275	4.47800243054119	-0.280112974806505	1.12023961604709	-0.29575026171934	0.388601298505214	no	ok		NA
Active_vs_Control	CATECHOL-ORTHO-CLEAVAGE-PWY	0.530373655413359	1	0.45859375	0.953125	-6.16029628334369	-6.96190734880328	-4.98748617650608	2.56174969464645	5.12456365905751	0.467391960289562	0.316062652070532	no	ok		NA
Active_vs_Control	CHLOROPHYLL-SYN	0.640828193271528	1	0.60625	0.9609375	-6.99847631314449	-7.21219302846891	-6.60972148588846	1.60177632006583	6.55286089657236	0.208402462149269	0.409326634621006	no	ok		NA
Active_vs_Control	CITRULBIO-PWY	0.915880906083881	1	0.840625	1	1.04705838827258	1.40592635949696	0.459590472093107	-0.571161058897703	1.83825178031605	-0.232831224705482	0.388601298505214	no	ok		NA
Active_vs_Control	COA-PWY	0.675364719369413	1	0.93203125	1	4.31410771634898	4.33493431293629	4.30065992727509	-0.0769313544826074	1.05640978975359	-0.069337592248106	0.4455959780921	no	ok		NA
Active_vs_Control	COA-PWY-1	0.690581633378997	1	0.86171875	1	4.28748309459821	4.31082953720786	4.26797212251672	-0.128742614323652	1.24118303988228	-0.112584570020946	0.404145300346379	no	ok		NA
Active_vs_Control	COBALSYN-PWY	0.274388684756687	1	0.25625	1	2.33270451788223	3.06812621804314	1.68788204211441	-0.904943154289035	1.21816919550136	-0.851846394592116	0.155441882399723	no	ok		NA
Active_vs_Control	CODH-PWY	0.698069209558016	1	0.61640625	0.953125	-6.68818887239273	-6.91179024120114	-6.3309450075002	0.863652259477328	5.11390948765986	0.158094672202606	0.430051973081517	no	ok		NA
Active_vs_Control	COLANSYN-PWY	0.581383118498315	1	0.68125	1	3.35242936663335	3.7355226153588	2.59285741252298	-0.498324601421515	1.23068343244256	-0.586802239918139	0.326425311992643	no	ok		NA
Active_vs_Control	COMPLETE-ARO-PWY	0.804490870729417	1	0.9109375	1	4.25260517788782	4.18778857822783	4.30067324822416	-0.0622567362499242	1.01010128412593	-0.0722097416627368	0.461139983838242	no	ok		NA
Active_vs_Control	CRNFORCAT-PWY	0.497309654161984	1	0.5734375	0.9921875	-7.23562341775168	-6.04461759248333	-8.05478186588766	-2.27687749044743	4.57264797118764	-0.40292841604628	0.317708808579265	no	ok		NA
Active_vs_Control	DAPLYSINESYN-PWY	0.879483322378631	1	0.97890625	1	3.98572823106715	3.73909556095744	4.16564208695331	-0.203834049008977	1.17135459648231	-0.188905823723876	0.442708464566388	no	ok		NA
Active_vs_Control	DARABCATK12-PWY	0.944115665963734	1	0.409375	1	2.66708296268123	2.38984964534975	3.46790798209395	0.534079526356117	1.89922690853871	0.244845054612161	0.336787973446622	no	ok		NA
Active_vs_Control	DENITRIFICATION-PWY	0.436388415295727	1	0.7	1	1.70812226706808	1.80200810599975	0.434073117969573	-1.3620838147537	2.19617987943702	-0.595082172503108	0.333333757183061	no	ok		NA
Active_vs_Control	DENOVOPURINE2-PWY	0.64325086600925	1	0.93203125	1	4.26168347154355	4.20450365730579	4.3013128017615	-0.171634187099567	1.23385514224215	-0.132865775062211	0.424870638281578	no	ok		NA
Active_vs_Control	DTDPRHAMSYN-PWY	0.77701254370614	1	0.8734375	1	3.74997526612738	3.92004803713332	3.57067617681696	-0.312063876230527	0.596392376393741	-0.378665152560887	0.385416940043501	no	ok		NA
Active_vs_Control	ECASYN-PWY	0.376489411743313	1	0.46796875	1	-6.94127109559394	-4.89160998842717	-8.04807250612951	-2.89458684142174	4.34998796541319	-0.648344644355455	0.239584141140091	no	ok		NA
Active_vs_Control	FAO-PWY	0.419156754934794	1	0.2015625	1	2.50876075824937	2.0024567996927	3.43392460559184	1.28463201657234	7.12572878757299	0.273426840390358	0.223959230903001	no	ok		NA
Active_vs_Control	FERMENTATION-PWY	0.743292243626342	1	0.78203125	1	4.29765020910032	4.19430511642103	4.38899678051908	0.00181475918607443	1.39737710218875	0.00119784332320191	0.5	no	ok		NA
Active_vs_Control	FOLSYN-PWY	0.725519145436966	1	0.87578125	1	4.4113271780444	4.42067013709875	4.40369906253064	-0.153694979030085	1.17717190479188	-0.191139132570842	0.401041899485425	no	ok		NA
Active_vs_Control	FUC-RHAMCAT-PWY	0.400171320913317	1	0.4046875	1	-0.259574588710665	0.212059828028569	-0.841318464625543	-0.974463706673311	1.91984115849634	-0.531800852665685	0.196892263794227	no	ok		NA
Active_vs_Control	FUCCAT-PWY	0.952340015665624	1	0.41875	1	2.7259706359022	2.40075725391786	3.40533750866987	0.512913652091613	2.68951324142809	0.211132521304206	0.338542074137571	no	ok		NA
Active_vs_Control	GALACTARDEG-PWY	0.416951377197763	1	0.35390625	1	-2.95430020600313	-3.96327063912683	-2.70481002864118	2.20971835719835	3.92965539171194	0.548185168482541	0.276042299993488	no	ok		NA
Active_vs_Control	GALACTITOLCAT-PWY	0.204598831186508	1	0.228125	1	0.193543565429499	0.932457137853869	-6.49082382768196	-6.9382726780467	5.75063387621389	-0.995805388408827	0.125001937486737	no	ok		NA
Active_vs_Control	GALLATE-DEGRADATION-I-PWY	0.777880484818573	1	0.70703125	0.9765625	-6.35226373708973	-6.24960811466172	-6.64173371704612	0.234402964290616	5.26626691509276	0.0402551678202833	0.484375035355462	no	ok		NA
Active_vs_Control	GALLATE-DEGRADATION-II-PWY	0.790405392315882	1	0.7234375	0.9765625	-5.98131028009325	-5.8454875803035	-6.18740987664714	0.391674647474465	4.91228259436316	0.0549674259232161	0.47395839236168	no	ok		NA
Active_vs_Control	GLCMANNANAUT-PWY	0.585004801382982	1	0.96953125	1	3.75839670966622	3.65912162152261	3.85664039542478	-0.68357616907742	1.99712548461579	-0.316965372928672	0.41666686042708	no	ok		NA
Active_vs_Control	GLUCARDEG-PWY	0.489564357530085	1	0.29296875	0.9140625	-4.8527569848825	-5.67130900535671	-3.30278358265501	2.35102492437335	3.86609660899589	0.487644918057884	0.243524094720476	no	ok		NA
Active_vs_Control	GLUCARGALACTSUPER-PWY	0.414871028689518	1	0.33828125	1	-3.00647719061729	-3.88507629291012	-2.70299475670289	2.20867775681121	3.7357267893753	0.52077719627655	0.29166723654711	no	ok		NA
Active_vs_Control	GLUCONEO-PWY	0.686524291631955	1	0.63203125	1	3.68319127941933	3.56662764185794	3.77223749008339	0.204676771347574	0.834176702185057	0.230611556753184	0.435233307989157	no	ok		NA
Active_vs_Control	GLUCOSE1PMETAB-PWY	0.53436239151353	1	0.7	1	3.88751256226731	3.94308072712646	3.11188485875215	-0.837027671475953	0.507131147659872	-0.624015440743895	0.333333757183061	no	ok		NA
Active_vs_Control	GLUDEG-I-PWY	0.609097826675726	1	0.58359375	1	-2.01602932829069	-2.87150576149707	-1.35312405921192	1.21129967391081	3.49419539101942	0.260147944941684	0.375000301404768	no	ok		NA
Active_vs_Control	GLUTORN-PWY	0.353527641315954	1	0.27734375	1	2.74864573065996	2.53048605617792	3.67021665825744	0.88176561009798	0.954055849353104	0.733572947640368	0.269430706949312	no	ok		NA
Active_vs_Control	GLYCOCAT-PWY	0.833040968219152	1	0.8078125	1	3.43425401087481	3.48665480112184	3.40329491842038	-0.252624933873778	1.66354013900181	-0.165916806147853	0.378238631543462	no	ok		NA
Active_vs_Control	GLYCOGENSYNTH-PWY	0.770537550401714	1	0.9109375	1	4.14846475893171	4.00954886919513	4.21798522414108	-0.0683431521991746	0.991014194639565	-0.125089303327989	0.471502654635049	no	ok		NA
Active_vs_Control	GLYCOL-GLYOXDEG-PWY	0.695830450471851	1	0.52578125	1	-2.01292099757891	-4.79387957467157	-1.29860896457704	1.34481362612648	6.319745211124	0.233272083275833	0.385416940043501	no	ok		NA
Active_vs_Control	GLYCOLYSIS	0.953205659323349	1	0.75625	1	3.85066240854647	3.79762440490896	3.88807885368649	0.041404626079149	0.960109535771044	0.0304216143345013	0.476683990099631	no	ok		NA
Active_vs_Control	GLYCOLYSIS-E-D	0.430373960853764	1	0.39375	1	1.43168952810221	0.914459856031046	1.74417261732266	0.905586266028459	3.1131515766795	0.354795746796042	0.312500493206364	no	ok		NA
Active_vs_Control	GLYOXYLATE-BYPASS	0.628507617089759	1	0.30703125	1	-1.65659244480953	-5.09010637009995	-0.370271746867076	1.42260525754988	6.23021875374903	0.367639867272702	0.276042299993488	no	ok		NA
Active_vs_Control	GOLPDLCAT-PWY	0.255901736803654	1	0.3625	1	-2.55193576584233	-2.10737903690855	-4.9511156791691	-2.88500249749819	3.54646796715969	-0.733932616222541	0.187501159223769	no	ok		NA
Active_vs_Control	HCAMHPDEG-PWY	0.633055296255276	1	0.5625	0.9609375	-6.89244120317285	-7.25167404740091	-6.46313655907902	1.70045212422343	5.74135248824702	0.275212679043465	0.388601298505214	no	ok		NA
Active_vs_Control	HEME-BIOSYNTHESIS-II	0.495143445935577	1	0.66953125	1	2.77265608459262	3.3704090944956	2.18345820021853	-0.901095698409775	1.70471291362606	-0.468342353143641	0.338542074137571	no	ok		NA
Active_vs_Control	HEME-BIOSYNTHESIS-II-1	0.945661864775305	1	0.67421875	1	3.38507253770867	3.07166265149065	3.75186039509983	0.128559068569426	2.32847677719482	0.0545480856493443	0.440414642995582	no	ok		NA
Active_vs_Control	HEMESYN2-PWY	0.872820148688659	1	0.53828125	1	3.49509448531412	3.06992931063436	3.75264059537518	0.194840001118144	3.26684411905465	0.0725472285047905	0.385416940043501	no	ok		NA
Active_vs_Control	HEXITOLDEGSUPER-PWY	0.195504485800218	1	0.21953125	1	1.10517785406589	1.52822839121204	-6.30197629602739	-7.38688847436941	6.28964157665573	-0.981639330844327	0.109377266019354	no	ok		NA
Active_vs_Control	HISDEG-PWY	0.698658093675129	1	0.71875	1	1.77300544933137	1.93861565650473	1.26522819988571	-0.44147007440591	0.991583117067111	-0.441236769596507	0.347150636268329	no	ok		NA
Active_vs_Control	HISTSYN-PWY	0.444008753929838	1	0.22734375	1	2.73111356578902	2.61595460979097	3.05969170795654	0.449566954147821	0.880352138692076	0.55196449288278	0.227980139005357	no	ok		NA
Active_vs_Control	HOMOSER-METSYN-PWY	0.232708965774885	1	0.3109375	1	2.27155072391141	2.47460534699735	1.06828752858969	-1.31588934653349	1.15051464701928	-1.03631347632978	0.165804460157045	no	ok		NA
Active_vs_Control	HSERMETANA-PWY	0.643451672799547	1	0.93203125	1	3.65240224753008	3.57496506877532	3.69871795525255	-0.329577633935277	1.0835773820701	-0.317704547177342	0.421875181024094	no	ok		NA
Active_vs_Control	ILEUSYN-PWY	0.905532451503214	1	0.9671875	1	4.11725278618274	3.84952020058902	4.37808287247325	-0.150590228459861	1.40986160713538	-0.0913005906898645	0.466321319211998	no	ok		NA
Active_vs_Control	KDO-NAGLIPASYN-PWY	0.971365890826404	1	0.83828125	1	3.97028174617275	3.79863099197474	4.07744077206506	-0.0149273022695029	2.04121041885306	-0.00614049886096937	0.492227996666188	no	ok		NA
Active_vs_Control	KETOGLUCONMET-PWY	0.412960168445025	1	0.53828125	1	-7.39212458119202	-5.5728416888278	-8.4594650732341	-3.87969464818466	5.5475213794543	-0.613050832065985	0.259068059517974	no	ok		NA
Active_vs_Control	LACTOSECAT-PWY	0.658071596881962	1	0.48203125	1	0.2884876736832	1.9716157455766	-0.481412948281104	-2.05700140396306	7.28804556748513	-0.290638084206909	0.274612031782545	no	ok		NA
Active_vs_Control	LIPASYN-PWY	0.808184717794579	1	0.925	1	0.14881540837794	-0.24072199371071	0.293703514858979	-0.778615044816473	6.24975358583677	-0.0849890234328106	0.44791678569462	no	ok		NA
Active_vs_Control	MET-SAM-PWY	0.242598488787203	1	0.4203125	1	2.78851371807491	2.87017683782567	1.7691307678874	-1.09225235473049	0.973956097803299	-0.936313171967952	0.234375836542746	no	ok		NA
Active_vs_Control	METH-ACETATE-PWY	0.678234959850071	1	0.596875	0.953125	-6.97566890314264	-7.46839670327974	-6.30845297976729	0.903714174476422	4.67591856224883	0.151655571940342	0.395833579489825	no	ok		NA
Active_vs_Control	METHGLYUT-PWY	0.936436102060454	1	0.409375	1	3.04887970694492	2.68717157498641	3.77167519253784	0.452821142713058	1.39507347562638	0.314325706439897	0.336787973446622	no	ok		NA
Active_vs_Control	METSYN-PWY	0.229663446550971	1	0.38125	1	2.81371183140188	2.91123410059585	1.66792363214633	-1.23173918053493	0.836595863046428	-0.975613057037046	0.203126036487036	no	ok		NA
Active_vs_Control	NAD-BIOSYNTHESIS-II	0.761281522479866	1	0.7	1	3.50832052329442	3.03271409763625	3.92236388873906	0.810199605085375	2.76912594256174	0.254858830391183	0.4455959780921	no	ok		NA
Active_vs_Control	NAGLIPASYN-PWY	0.933866744299751	1	0.7046875	1	4.11284935450549	4.11284935450549	4.1124846364161	0.041206212710561	1.00017076844675	0.0351612050181918	0.455958648521652	no	ok		NA
Active_vs_Control	NONMEVIPP-PWY	0.938487086415367	1	0.79375	1	4.12597205604328	3.99451757760287	4.19912505462888	0.0380506226342066	0.938241641016172	0.0505048998028016	0.476683990099631	no	ok		NA
Active_vs_Control	NONOXIPENT-PWY	0.650446710482462	1	0.77734375	1	4.45663253909858	4.5272402857001	4.40188459749558	-0.234829455384006	0.688700779907625	-0.300861928316917	0.369791982420647	no	ok		NA
Active_vs_Control	OANTIGEN-PWY	0.649598575473208	1	0.878125	1	3.76836254226368	3.72449803337596	3.78924215753719	-0.0476192618401337	0.943086397302026	-0.0656874843725156	0.479166713843149	no	ok		NA
Active_vs_Control	ORNDEG-PWY	0.780845487072427	1	0.740625	0.9609375	-7.07198430984277	-6.9847419370276	-7.12200627012279	-0.0342917697354546	4.93078995618656	-0.00862959957798587	0.494791678441589	no	ok		NA
Active_vs_Control	P101-PWY	0.650169637840837	1	0.5265625	0.9453125	-4.40386295985127	-4.76520193376339	-3.8457067582253	1.20789148941562	3.27940368403959	0.299603075510044	0.373057298378818	no	ok		NA
Active_vs_Control	P105-PWY	0.662887440531132	1	0.61015625	0.9765625	-6.8813237286562	-7.27730825577924	-6.60040545164188	1.9037955932892	6.33739299565175	0.260118184378924	0.398963966228268	no	ok		NA
Active_vs_Control	P108-PWY	0.278565586537414	1	0.178125	0.796875	-5.517656778171	-7.15321474805975	-1.88196526860855	4.85463432405431	4.87622140813272	0.870292043457189	0.176167051036588	no	ok		NA
Active_vs_Control	P125-PWY	0.711704065422791	1	0.70703125	1	0.273892675233689	0.938239206618149	-0.0449764769411374	0.372873715810633	3.9701366410299	0.0631500584033301	0.440414642995582	no	ok		NA
Active_vs_Control	P163-PWY	0.348650777977521	1	0.27421875	0.90625	-1.57729235498549	-1.9310486877881	-1.08760735010608	0.93340851203754	1.43631503311188	0.630216959978239	0.234375836542746	no	ok		NA
Active_vs_Control	P164-PWY	0.598086150011238	1	0.3921875	1	-0.301450529980351	-4.79560635137793	1.06093508843362	3.29804737815621	7.66721039411167	0.349559758004007	0.307292178288741	no	ok		NA
Active_vs_Control	P185-PWY	0.415387886186958	1	0.43828125	1	-1.80589169678377	0.952540400197361	-3.60238684871217	-3.00619559865239	5.56233839522752	-0.578821076826978	0.218750930036074	no	ok		NA
Active_vs_Control	P221-PWY	0.769403305726764	1	0.6390625	1	-4.01138981138869	-4.6831946403462	-3.60763267862262	2.20429979901224	6.5315164543039	0.234961306115512	0.419689303598504	no	ok		NA
Active_vs_Control	P23-PWY	0.466244786651179	1	0.61875	1	2.2698669006428	2.32545439711758	2.21667884398437	0.395495986908771	3.33209302401294	0.145752881671535	0.430051973081517	no	ok		NA
Active_vs_Control	P4-PWY	0.291942418188488	1	0.63046875	1	3.19701054643706	3.28897521391061	2.20157102757755	-1.02700924631852	0.446122321488218	-0.864637169297851	0.302083863853441	no	ok		NA
Active_vs_Control	P42-PWY	0.78229980692795	1	0.87109375	1	3.62080616591308	3.94755829316117	3.32881292188443	-0.0914008874514494	1.29476480923536	-0.109549456531046	0.450777313270224	no	ok		NA
Active_vs_Control	P441-PWY	0.884721270846775	1	0.7515625	1	3.27397260002908	2.91424682373995	3.50843266794117	0.0924923009832819	1.79518176970842	0.121793180415288	0.453125106902353	no	ok		NA
Active_vs_Control	P461-PWY	0.17403961392092	1	0.215625	1	0.552326153819682	0.782202040476965	-1.91183559652354	-2.7634922748547	1.93191901964701	-1.14180940474349	0.103629329404354	no	ok		NA
Active_vs_Control	P562-PWY	0.748507522217749	1	0.85234375	1	-0.942124491857959	-0.92258552813166	-0.955941264307353	-0.444572882300347	5.67448861713133	-0.100741689147387	0.430051973081517	no	ok		NA
Active_vs_Control	PANTO-PWY	0.566402123145245	1	0.7	1	3.16087106769057	3.49203933420534	2.32846380100578	-0.918987505510121	0.799691725167903	-0.644950359262367	0.333333757183061	no	ok		NA
Active_vs_Control	PANTOSYN-PWY	0.581613224519079	1	0.69765625	1	3.44653000278303	3.77187775975536	2.81976577841629	-0.848321013276526	0.868317953300845	-0.601540393700374	0.333333757183061	no	ok		NA
Active_vs_Control	PENTOSE-P-PWY	0.540491711532872	1	0.80546875	1	4.26343826299276	4.28534760633918	4.24548277879134	-0.375258103473309	1.60510746765256	-0.269057446550493	0.373057298378818	no	ok		NA
Active_vs_Control	PEPTIDOGLYCANSYN-PWY	0.638283959393429	1	0.7796875	1	4.37619294911322	4.43378055273968	4.33593432896455	-0.256283926787199	0.944573226427819	-0.285908657370954	0.367875965442486	no	ok		NA
Active_vs_Control	PHOSLIPSYN-PWY	0.661967232879194	1	0.9203125	1	4.51811738420285	4.38680609521934	4.59654030312042	-0.0372966967735278	1.17001701438598	-0.0435079761455178	0.484375035355462	no	ok		NA
Active_vs_Control	POLYAMSYN-PWY	0.877696225951613	1	0.6953125	1	0.0741820788587484	0.610729524601886	-0.158152228914985	-0.876508256012765	2.12981340712926	-0.273168966102443	0.32812544059081	no	ok		NA
Active_vs_Control	POLYISOPRENSYN-PWY	0.842708088074466	1	0.89921875	1	4.34070856163333	4.36236627307656	4.33141655631574	-0.101290730722761	0.804690576489734	-0.116948305575587	0.414507969041735	no	ok		NA
Active_vs_Control	PPGPPMET-PWY	0.897693446387647	1	0.92734375	1	4.60279276494181	4.46776444678186	4.68756785182061	-0.155454630635917	1.24097802178177	-0.148250823059421	0.44791678569462	no	ok		NA
Active_vs_Control	PROTOCATECHUATE-ORTHO-CLEAVAGE-PWY	0.46679535415081	1	0.38984375	0.859375	-6.00160776779265	-6.94159809460209	-5.10637408842648	3.32394900232252	5.37447341486638	0.531307703048147	0.279793357301702	no	ok		NA
Active_vs_Control	PWY-1042	0.702935464599598	1	0.8265625	1	4.43307123393859	4.49302651411342	4.39803491750025	-0.177999192461272	0.837890955446995	-0.251834194978309	0.378238631543462	no	ok		NA
Active_vs_Control	PWY-1269	0.868192066832997	1	0.934375	1	4.06007838263745	4.02775580414985	4.07609802256895	-0.128157596450501	1.72173083204338	-0.0796837093901456	0.455958648521652	no	ok		NA
Active_vs_Control	PWY-1622	0.466568159265842	1	0.61640625	1	-6.5217868343555	-5.51296846043689	-7.31929963703559	-3.02410763465883	6.19312550966974	-0.49630109844499	0.317708808579265	no	ok		NA
Active_vs_Control	PWY-181	0.755057942445441	1	0.69765625	0.9375	-6.7560441616294	-6.85669541185523	-6.58533489322843	0.316257912533591	4.71367417212887	0.0642013334150679	0.471502654635049	no	ok		NA
Active_vs_Control	PWY-1861	0.205244567352136	1	0.1	1	1.62446533490776	2.37396648393589	-1.09686156583315	-3.55539773238163	2.83444639928728	-1.20044336898513	0.000365399848804012	no	ok		NA
Active_vs_Control	PWY-241	0.554253868161143	1	0.7046875	1	3.07920611545937	3.14319933002007	2.75687660045996	-0.408868053250263	0.907870029536221	-0.433372666038544	0.32812544059081	no	ok		NA
Active_vs_Control	PWY-2941	0.226753840253835	1	0.17109375	1	2.38286189336675	2.78715015697209	1.0303872677028	-1.71311821933085	1.53900238285476	-1.03477464211373	0.0781283097975943	no	ok		NA
Active_vs_Control	PWY-2942	0.766513887199008	1	0.98828125	1	4.26015990844951	4.13740941157216	4.34261438517925	-0.261734586899826	1.117560506708	-0.258462056578946	0.450777313270224	no	ok		NA
Active_vs_Control	PWY-3001	0.78300411293682	1	0.9953125	1	4.11732168813135	3.921662132684	4.30588079522447	-0.282878234267191	1.15856230046957	-0.259852639034686	0.4455959780921	no	ok		NA
Active_vs_Control	PWY-3841	0.659524362346922	1	0.84765625	1	4.28459768864704	4.29843826601969	4.27640759413041	-0.171936172753627	1.12690010547144	-0.201467368762252	0.378238631543462	no	ok		NA
Active_vs_Control	PWY-4321	0.583086393216902	1	0.6640625	0.9921875	-5.96060908096943	-5.51489479024049	-6.52426314826462	-0.851096037890374	3.39370891376937	-0.204695882585589	0.385416940043501	no	ok		NA
Active_vs_Control	PWY-5005	0.207976725142644	1	0.1	1	0.385973276428699	1.19400623162462	-0.983503380562156	-2.40145845480186	2.16304227721829	-1.37491723751348	0.000365399848804012	no	ok		NA
Active_vs_Control	PWY-5022	0.289001778217739	1	0.18203125	0.9609375	-1.36285059231785	-2.79804076209938	-0.904992973897676	2.00112462566243	2.57704401927402	0.7495754258813	0.202073572267362	no	ok		NA
Active_vs_Control	PWY-5030	0.736001104008621	1	0.7046875	1	1.96370416009793	2.10307310977866	1.51909344963133	-0.39421502762074	0.859418180521613	-0.354986733996749	0.352331968145601	no	ok		NA
Active_vs_Control	PWY-5097	0.943300373234775	1	0.9578125	1	4.04977140857541	3.8199831605525	4.20035215289886	-0.152120994848391	1.11830849234555	-0.144904704433456	0.450777313270224	no	ok		NA
Active_vs_Control	PWY-5100	0.181663887333364	1	0.128125	1	2.3486474064931	2.98290766633173	1.87777534667885	-1.10072268817785	0.902185789708552	-1.20956511252058	0.0312587411361587	no	ok		NA
Active_vs_Control	PWY-5101	0.518766272207198	1	0.4578125	1	-0.594466464089479	-2.04879119514806	-0.11744540699243	1.54596975200573	3.25503472326771	0.384718788786123	0.362694632748351	no	ok		NA
Active_vs_Control	PWY-5103	0.858875291006039	1	0.990625	1	3.99538474363803	3.71414215613026	4.25275091008482	-0.289507125052741	1.39651751286742	-0.208276002303165	0.4455959780921	no	ok		NA
Active_vs_Control	PWY-5121	0.825545570700002	1	0.86171875	1	3.83654100329665	3.98631849384882	3.71285499614225	-0.143864970348008	0.922260743515099	-0.172185710625465	0.385416940043501	no	ok		NA
Active_vs_Control	PWY-5130	0.863016207791568	1	0.7890625	1	-4.33224507639519	-5.06935904670314	-4.05284294018918	0.299537277766506	6.83923236796503	0.0613199300185839	0.484375035355462	no	ok		NA
Active_vs_Control	PWY-5136	0.418313047078849	1	0.20390625	1	2.50052940430581	2.02115598169905	3.44146655313578	1.33369887900065	3.79041092949988	0.275034173650797	0.248705415398428	no	ok		NA
Active_vs_Control	PWY-5138	0.281055638109993	1	0.22109375	0.90625	-5.93061945693884	-7.37542174518183	0.536006258694395	6.37191808901354	6.68856855530945	0.863160918377307	0.218750930036074	no	ok		NA
Active_vs_Control	PWY-5154	0.55320147412537	1	0.38359375	1	3.14643761375276	2.76839535860926	3.67768729089955	0.337074149517985	1.13924238391939	0.440435126194499	0.317708808579265	no	ok		NA
Active_vs_Control	PWY-5179	0.685876566970266	1	0.6328125	0.9921875	-6.98052726011494	-7.1969744037613	-6.84464942567195	1.56309365816939	5.76761307855159	0.248115954612269	0.406250219647385	no	ok		NA
Active_vs_Control	PWY-5180	0.367985828512589	1	0.23515625	0.921875	-5.90983747127747	-7.41113704779641	-1.49315990215674	4.31758737546636	5.95305839492256	0.692576587064635	0.208334332711949	no	ok		NA
Active_vs_Control	PWY-5181	0.647584076315993	1	0.5796875	0.9453125	-6.87028872465929	-7.21362184945921	-6.47437319101789	1.75864253653379	5.78094548913273	0.278561650913197	0.401041899485425	no	ok		NA
Active_vs_Control	PWY-5182	0.393733065861771	1	0.234375	0.9140625	-6.00161111016461	-7.18178446133568	-2.3229712176224	3.82071817543442	5.05823940464194	0.725237046608688	0.202073572267362	no	ok		NA
Active_vs_Control	PWY-5183	0.617889611336013	1	0.553125	0.96875	-6.748220004125	-7.21036861944388	-6.45736179229926	1.50958911636182	5.60738522283908	0.246113852081381	0.385416940043501	no	ok		NA
Active_vs_Control	PWY-5188	0.742659705868383	1	0.90390625	1	3.9572897851503	3.93334353030901	3.97447046617795	-0.0828839437183624	1.89000369307198	-0.0396836375924407	0.463541749522704	no	ok		NA
Active_vs_Control	PWY-5189	0.73046525543043	1	0.92265625	1	3.95647724382918	3.94910348017667	3.96144771682508	-0.107821153535428	1.88911145916046	-0.061735331983261	0.440414642995582	no	ok		NA
Active_vs_Control	PWY-5265	0.27129005990539	1	0.1	1	2.97748786298991	3.6157155328121	1.13780697101944	-2.47753856049624	2.52237742550413	-1.12971927753948	0.000365399848804012	no	ok		NA
Active_vs_Control	PWY-5345	0.556808286822823	1	0.7	1	2.18294449489933	2.50311332186297	1.92207459489722	0.870502672872958	1.73301180311149	0.40549334548901	0.435233307989157	no	ok		NA
Active_vs_Control	PWY-5347	0.241617693243729	1	0.396875	1	2.86929348223804	2.98131509788886	1.81715946482492	-1.14716849613011	0.946212798383665	-0.985583429627534	0.213542630602218	no	ok		NA
Active_vs_Control	PWY-5384	0.627897263743675	1	0.7	1	3.95233392344403	4.0176834602203	3.30499024993722	-0.660129067809343	0.33702999670288	-0.568081816868955	0.333333757183061	no	ok		NA
Active_vs_Control	PWY-5392	0.567424383053443	1	0.4578125	0.9296875	-6.86274669126346	-7.47811627418373	-5.92019432466858	1.83647987004151	5.08406233559886	0.399427399776843	0.367875965442486	no	ok		NA
Active_vs_Control	PWY-5415	0.43871658891944	1	0.2546875	0.921875	-5.88481848080607	-7.06006782698065	-2.32915214947946	3.8361345964425	5.35883474875039	0.613084372306502	0.229167533102453	no	ok		NA
Active_vs_Control	PWY-5417	0.457265776539494	1	0.3578125	0.9453125	-6.22036464067754	-7.32468203689749	-4.81797379720387	3.19376296759483	5.78348273287305	0.482623155283951	0.279793357301702	no	ok		NA
Active_vs_Control	PWY-5419	0.4897393243835	1	0.5	0.9921875	-2.02837469605516	-2.35746285041242	-1.95071967017926	0.473894576475754	1.69550220732502	0.222688841497009	0.375000301404768	no	ok		NA
Active_vs_Control	PWY-5430	0.729230291260975	1	0.64140625	0.96875	-7.00864288986881	-7.21839819734537	-6.91341569919659	0.653010769253221	4.73179181935171	0.135854678140267	0.427083501745963	no	ok		NA
Active_vs_Control	PWY-5431	0.4612541764154	1	0.4	0.8828125	-6.36970507559451	-7.44391210279608	-5.19638722588977	2.89570313080678	5.5664513002617	0.441568376340886	0.307292178288741	no	ok		NA
Active_vs_Control	PWY-5484	0.822540642501078	1	0.9484375	1	3.59050159610351	3.63614673308782	3.53099999456979	-0.0280477415218785	1.01136297897798	-0.0331947070507639	0.481865325598072	no	ok		NA
Active_vs_Control	PWY-5494	0.772854119324953	1	0.67578125	0.953125	-7.1431855249045	-7.3037308864705	-6.79370999923083	0.474379447096712	4.54521482798327	0.0771237334249383	0.453125106902353	no	ok		NA
Active_vs_Control	PWY-5497	0.449917028864721	1	0.4609375	1	-1.59081197881085	-5.26534355791807	-0.442929560910125	3.72184465264722	5.97112309172406	0.571118283153114	0.348958709054252	no	ok		NA
Active_vs_Control	PWY-5505	0.356904017785202	1	0.41171875	1	0.564597711414445	0.808775105338452	-0.827650063688984	-1.62510754753652	2.81651507572645	-0.516235185213812	0.217617507910972	no	ok		NA
Active_vs_Control	PWY-5531	0.62123808637166	1	0.57421875	0.9765625	-6.7524790192912	-7.04480357655457	-6.46765002839186	1.4615235327545	6.70044541350707	0.230653562422742	0.39062525967192	no	ok		NA
Active_vs_Control	PWY-5654	0.54314467681684	1	0.3859375	0.8828125	-5.85486783177452	-6.77395247797587	-4.52934967988591	1.99701302623477	4.34768064116797	0.412889902862576	0.29533733758434	no	ok		NA
Active_vs_Control	PWY-5659	0.690877530487832	1	0.746875	1	4.00419567291043	4.17855610876539	3.85863598820162	-0.300174916892383	0.935654828518145	-0.290509255108944	0.354167026979493	no	ok		NA
Active_vs_Control	PWY-5667	0.621975762048382	1	0.8875	1	4.54243793480033	4.48354923637227	4.59391312670705	-0.0932461113752709	1.01930263091611	-0.0723087539864247	0.466321319211998	no	ok		NA
Active_vs_Control	PWY-5677	0.795257772777589	1	0.90859375	1	-0.845603480155549	-0.907834887166906	-0.811947813076957	-1.99445025218823	6.9362402384219	-0.192490319277976	0.4455959780921	no	ok		NA
Active_vs_Control	PWY-5686	0.522697238405399	1	0.6953125	1	3.98240413219067	4.12333973374766	3.39207971575072	-0.680333439533892	0.582806617928483	-0.591786368187109	0.331606642538848	no	ok		NA
Active_vs_Control	PWY-5695	0.668844473062626	1	0.859375	1	4.56873843865705	4.5666602428913	4.57108811744845	-0.244128639282828	0.921735260654388	-0.297742417342557	0.406250219647385	no	ok		NA
Active_vs_Control	PWY-5705	0.733016686958143	1	0.75078125	0.953125	-7.1460336344026	-7.15622103600676	-7.1283883573252	-0.0670608136954387	4.66486514110749	-0.0127403924993811	0.487046661122772	no	ok		NA
Active_vs_Control	PWY-5723	0.317567622950128	1	0.1734375	1	0.55907170712419	0.886857821062466	0.073000087456462	-1.33240559830003	2.46978180353998	-0.670523049437296	0.088085769342426	no	ok		NA
Active_vs_Control	PWY-5747	0.216067878689224	1	0.2	1	-0.253366048822969	-4.5758675462387	-0.00723587586682406	4.90659888779692	4.40010170848847	1.05286955654448	0.203126036487036	no	ok		NA
Active_vs_Control	PWY-5823	0.75061478123265	1	0.64296875	0.984375	-6.9108345679117	-7.17135361464916	-6.42710086578726	0.445179891697761	5.18579040643144	0.100764894066566	0.458333428181143	no	ok		NA
Active_vs_Control	PWY-5837	0.859229701492803	1	0.7046875	1	3.4321495912317	3.01194136210255	3.73506214383807	0.556340615733231	2.43193560873396	0.221789027158322	0.419689303598504	no	ok		NA
Active_vs_Control	PWY-5838	0.892970293840034	1	0.84765625	1	3.12513702697115	3.48551554269962	2.84807696473341	0.0163579307909902	1.50931901982267	0.0108172826037653	0.489583356890848	no	ok		NA
Active_vs_Control	PWY-5840	0.935394114328379	1	0.83125	1	2.83906253648159	3.09608412787262	2.66713856700871	-0.0818119001878719	1.47581239890176	-0.0723785799711614	0.47395839236168	no	ok		NA
Active_vs_Control	PWY-5845	0.68708582214436	1	0.69296875	1	2.63579658580637	2.84865761900438	2.48185664711756	0.367358596704749	1.33813334125759	0.282741400191041	0.432291822583124	no	ok		NA
Active_vs_Control	PWY-5850	0.916283257628983	1	0.709375	1	2.72732716578323	3.07702863637906	2.49882649099992	0.308166654771798	1.57266286122461	0.200592309014178	0.4455959780921	no	ok		NA
Active_vs_Control	PWY-5855	0.511567858981483	1	0.671875	1	1.16589305115727	1.34434919522673	1.02161883417724	0.264216800743418	2.26175115393744	0.0804153458381893	0.437500143526281	no	ok		NA
Active_vs_Control	PWY-5860	0.737127462894693	1	0.5453125	1	2.91532045479778	2.9118149140245	2.91696914698786	0.378674026972535	1.59163582126472	0.244333373462609	0.406250219647385	no	ok		NA
Active_vs_Control	PWY-5861	0.896078576483075	1	0.7	1	3.77987189354941	3.47670748547083	3.97357716695141	0.364663792792232	1.91470912996756	0.188458594471902	0.442708464566388	no	ok		NA
Active_vs_Control	PWY-5862	0.453750139573513	1	0.30234375	1	2.75409892014801	2.5675109389709	2.9247840198774	0.577900560701718	1.28111575184188	0.536238467421575	0.276042299993488	no	ok		NA
Active_vs_Control	PWY-5896	0.686794368438202	1	0.6953125	1	2.63372387213559	2.82545691228968	2.49890529802184	0.313111630262206	1.39965508626067	0.236385510599148	0.435233307989157	no	ok		NA
Active_vs_Control	PWY-5897	0.902743734693502	1	0.8734375	1	3.10560364362589	3.42308258576706	2.84782917910618	-0.00499138232852747	1.5618615815547	-0.00302400920361637	0.494791678441589	no	ok		NA
Active_vs_Control	PWY-5898	0.899768710646385	1	0.86640625	1	3.09796835578423	3.44048439998582	2.82773893734619	-0.047134560918217	1.63892879337057	-0.0291334150249254	0.494791678441589	no	ok		NA
Active_vs_Control	PWY-5899	0.900302404767643	1	0.8875	1	3.11445903900113	3.43641231889144	2.8412375632236	-0.0140599736184757	1.49924557717544	-0.00885464616070921	0.5	no	ok		NA
Active_vs_Control	PWY-5910	0.509133993159106	1	0.75703125	1	-3.18663259979486	-3.14424867859716	-3.20365444650656	-2.26327023835832	4.20642685970927	-0.345665190676175	0.367875965442486	no	ok		NA
Active_vs_Control	PWY-5913	0.778735940809236	1	0.9671875	1	3.46214912572285	3.08451459276333	3.67723082331402	-0.208820079463238	1.9154827807729	-0.0989603324688097	0.458333428181143	no	ok		NA
Active_vs_Control	PWY-5918	0.584595119636084	1	0.77265625	1	3.29221025747682	3.68751954880345	2.98293883070173	-0.680582448006334	1.73602307436557	-0.362013024818358	0.369791982420647	no	ok		NA
Active_vs_Control	PWY-5920	0.205260937133244	1	0.2	1	0.868128023773584	-4.64583721258882	1.01987196507416	6.33454448359802	5.06844647107043	1.00077540180931	0.207254882531613	no	ok		NA
Active_vs_Control	PWY-5973	0.529881607738049	1	0.7	1	4.24430809304021	4.305839236241	3.66316300199223	-0.661870047550589	0.419600060741788	-0.619145771127508	0.333333757183061	no	ok		NA
Active_vs_Control	PWY-5989	0.557139791926505	1	0.9671875	1	4.4960032792916	4.40426686562685	4.54045782416033	-0.147272094459737	0.637587606739493	-0.231842553867378	0.427083501745963	no	ok		NA
Active_vs_Control	PWY-6071	0.644193297887968	1	0.590625	0.9609375	-6.8177633312874	-7.21525354562224	-6.50157833889234	1.59005391588201	5.83295190842992	0.235280720048883	0.393782632277474	no	ok		NA
Active_vs_Control	PWY-6084	0.605903097183348	1	0.5046875	0.9375	-6.24437768193386	-6.96059149266046	-5.19350479581172	1.77598377785012	4.26472148894268	0.378039111816319	0.348958709054252	no	ok		NA
Active_vs_Control	PWY-6121	0.760455047251812	1	0.8828125	1	4.47902096426728	4.49226048896444	4.4757526450031	-0.131490184784813	1.08304753723754	-0.14700721356282	0.421875181024094	no	ok		NA
Active_vs_Control	PWY-6122	0.732328161777153	1	0.86171875	1	4.39856375418287	4.42902121973665	4.36992898882375	-0.157549436201977	1.0671930307103	-0.135662980583981	0.401041899485425	no	ok		NA
Active_vs_Control	PWY-6123	0.735661150859414	1	0.90390625	1	4.3126598558102	4.32930328096876	4.303076806092	-0.126389753969119	1.20877080584257	-0.0985662566803859	0.440414642995582	no	ok		NA
Active_vs_Control	PWY-6124	0.764944167044917	1	0.90625	1	4.33780991053151	4.33006788118051	4.34196287493424	-0.0972783271871003	1.12317261282481	-0.0765474589485977	0.461139983838242	no	ok		NA
Active_vs_Control	PWY-6125	0.653010113466585	1	0.9390625	1	4.24372490940357	4.20088334126007	4.27771737989547	-0.291580046180276	1.12055083809508	-0.249627191133659	0.41666686042708	no	ok		NA
Active_vs_Control	PWY-6126	0.666774853671962	1	0.9625	1	4.27037845700881	4.20235119502848	4.31918410257985	-0.24052934043138	1.20760760415314	-0.207408855487211	0.430051973081517	no	ok		NA
Active_vs_Control	PWY-6147	0.762524154559343	1	0.8265625	1	4.35901205649613	4.44498526754862	4.29849063142835	-0.193616944718265	1.14054828913124	-0.218274980690633	0.369791982420647	no	ok		NA
Active_vs_Control	PWY-6148	0.750588900046877	1	0.68125	0.9609375	-6.85324105510592	-7.01762198921074	-6.74872014968121	0.329894743611131	4.34921531962023	0.0574016122628692	0.463541749522704	no	ok		NA
Active_vs_Control	PWY-6151	0.838133339926736	1	0.98125	1	4.15917881158618	3.8542996887891	4.36147824607679	-0.158589723834958	1.15642699322278	-0.135142364894248	0.458333428181143	no	ok		NA
Active_vs_Control	PWY-6163	0.814035695885618	1	0.91328125	1	4.25632327686076	4.25178767165718	4.26581641935322	-0.129466901522519	0.881887813823182	-0.150475575047032	0.430051973081517	no	ok		NA
Active_vs_Control	PWY-6168	0.737811715057591	1	0.7609375	1	4.06072177945968	4.15046433332865	3.98022698961977	-0.262727072135834	1.14105334558297	-0.206571496640286	0.369791982420647	no	ok		NA
Active_vs_Control	PWY-6182	0.641467432441931	1	0.590625	0.9609375	-6.97196027513493	-7.23938119896507	-6.68066805926697	1.60110853822158	6.40650992568031	0.220931121551767	0.395833579489825	no	ok		NA
Active_vs_Control	PWY-6185	0.621652079787411	1	0.56796875	0.984375	-6.91074300631253	-7.14165272438828	-6.54337055370427	1.36554286395971	6.32232838068365	0.239228458240849	0.411458539964782	no	ok		NA
Active_vs_Control	PWY-622	0.269368247084277	1	0.22734375	1	1.28229414614239	1.60424857850019	1.13211436852959	-0.569420193210834	0.585752013416645	-0.967707872196386	0.103629329404354	no	ok		NA
Active_vs_Control	PWY-6263	0.624747211449702	1	0.54375	0.9375	-6.67679213327638	-7.18046699308943	-6.10879514129348	1.72360597324057	4.68125497380256	0.339673372422585	0.369791982420647	no	ok		NA
Active_vs_Control	PWY-6269	0.222714467102113	1	0.2078125	1	2.15612485475746	2.90623322606629	1.37373932686938	-0.913632238586603	1.16742985045101	-1.06046721549029	0.114585480082425	no	ok		NA
Active_vs_Control	PWY-6270	0.114765561144637	1	0.14765625	1	3.26782449329973	3.54211355450897	1.88711692535491	-1.5926866222134	0.675208363123017	-1.37465951619601	0.0416731495435954	no	ok		NA
Active_vs_Control	PWY-6277	0.735538111350577	1	0.859375	1	4.39243895257394	4.42702119324244	4.37231731846791	-0.161341157574059	1.04771862434766	-0.173608117912853	0.398963966228268	no	ok		NA
Active_vs_Control	PWY-6293	0.722570221557566	1	0.55234375	1	-0.642978696115978	-0.06767330592736	-0.942530356438301	-1.11162632452928	6.19000143839457	-0.180344192817114	0.274612031782545	no	ok		NA
Active_vs_Control	PWY-6305	0.68079780505493	1	0.69296875	1	-0.316604763817766	1.31640080153955	-0.4789099664206	-1.65122515767204	1.06127742984472	-0.500882153866876	0.331606642538848	no	ok		NA
Active_vs_Control	PWY-6307	0.644525976404494	1	0.5625	0.984375	-6.89015794187186	-7.25545345288582	-6.3547319457303	1.76360749002156	5.4357292206702	0.335092850433511	0.393782632277474	no	ok		NA
Active_vs_Control	PWY-6313	0.789098230169838	1	0.81953125	1	-5.4419343667395	-4.73565698873924	-6.00373141455877	-0.444258429369572	5.48499730043009	-0.0661904647370704	0.411458539964782	no	ok		NA
Active_vs_Control	PWY-6317	0.580023682844806	1	0.79375	1	4.19477828926866	4.23961398955322	4.16081618004621	-0.232965944267827	0.89386572047027	-0.384508169795083	0.369791982420647	no	ok		NA
Active_vs_Control	PWY-6344	0.86883516059562	1	0.79609375	1	-2.89215681395544	-3.58752704482709	-2.69666079889688	0.108560282958122	2.94310553300348	0.0246380568471486	0.492227996666188	no	ok		NA
Active_vs_Control	PWY-6353	0.602689660777764	1	0.5171875	1	-1.65092529649362	-4.75847772896212	-0.914412285488341	2.88008151638958	5.79029093046939	0.411171604086029	0.373057298378818	no	ok		NA
Active_vs_Control	PWY-6385	0.637086694436924	1	0.7890625	1	4.4854514836315	4.53548275529856	4.44308501981322	-0.158827357446675	0.982647753413139	-0.213958669906527	0.380208620616848	no	ok		NA
Active_vs_Control	PWY-6386	0.635080522009681	1	0.7703125	1	4.39445833529537	4.45821836847325	4.33638678233072	-0.201091958457089	0.891725084727188	-0.224292020545352	0.352331968145601	no	ok		NA
Active_vs_Control	PWY-6387	0.615413794224333	1	0.775	1	4.40210299841068	4.4749629390475	4.34816117109373	-0.250622148990472	0.897063804988688	-0.348060555774438	0.354167026979493	no	ok		NA
Active_vs_Control	PWY-6396	0.406472688831602	1	0.40703125	1	-1.54896733872624	-4.88925522209759	-1.3562704927804	3.58604303591268	4.97213177652694	0.552397265934485	0.336787973446622	no	ok		NA
Active_vs_Control	PWY-6435	0.350644913835697	1	0.26015625	0.9453125	-5.91447253266855	-7.00057575312066	-0.27889072958952	5.38072919821508	6.41590271714237	0.860338298667151	0.233161456450763	no	ok		NA
Active_vs_Control	PWY-6467	0.847001003233922	1	0.88046875	1	4.05787762519581	4.03025560119319	4.06202248860234	-0.0127790145529452	1.85478347272205	-0.00777724390421507	0.497409332220818	no	ok		NA
Active_vs_Control	PWY-6470	0.0893793783239588	1	0.11796875	1	2.83937969305662	3.51882325963474	1.80809994597283	-1.63956645445485	0.916411542388305	-1.60851559515161	0.0310967802974505	no	ok		NA
Active_vs_Control	PWY-6471	0.275831342303292	1	0.45625	1	-0.551726891189668	0.140676448298717	-6.20765340490978	-6.38759319554813	6.17329280501412	-0.901672522178068	0.239584141140091	no	ok		NA
Active_vs_Control	PWY-6478	0.766621078035307	1	0.859375	1	-0.786043638293366	-0.762765938792205	-0.804939762369307	-0.290212687396517	3.75248756874111	-0.0840123622720771	0.411458539964782	no	ok		NA
Active_vs_Control	PWY-6527	0.128924075102238	1	0.15859375	1	2.79853594573051	3.03403938243313	2.39437488023105	-0.696006003681406	0.552219443874735	-1.24113343298631	0.0569994271840583	no	ok		NA
Active_vs_Control	PWY-6531	0.658997336001531	1	0.603125	0.96875	-7.03766712946326	-7.33905424566012	-6.55923733997286	1.90089187521676	6.55833641302836	0.251975268930341	0.406250219647385	no	ok		NA
Active_vs_Control	PWY-6562	0.716734973348221	1	0.70234375	1	2.45655369571187	2.70918842047315	2.32008904324795	0.429191780260566	3.36046741789642	0.11444273769134	0.461139983838242	no	ok		NA
Active_vs_Control	PWY-6565	0.783272586504942	1	0.81015625	1	-5.64149161820753	-4.76183620692327	-6.46430691375553	-0.591283021643298	6.18169622570609	-0.103834360728031	0.463541749522704	no	ok		NA
Active_vs_Control	PWY-6588	0.740038964630832	1	0.67421875	0.9609375	-7.05327947149629	-7.35873503427369	-6.90368852862516	0.584737471244098	5.15366079091767	0.119498969151847	0.4455959780921	no	ok		NA
Active_vs_Control	PWY-6595	0.541307769425914	1	0.52421875	1	-2.16239177576195	-4.77869456381776	-1.39872572846016	2.8061020234687	5.22023165994106	0.443149992991123	0.369791982420647	no	ok		NA
Active_vs_Control	PWY-6606	0.891859659259401	1	0.82890625	1	0.576382488625412	0.768668581164087	0.539369847235964	-0.250933743867845	1.0606598161562	-0.213233580719804	0.404145300346379	no	ok		NA
Active_vs_Control	PWY-6607	0.623939883717057	1	0.58046875	1	-2.57144307759376	-4.74620046321607	-1.83443977313233	2.09934146681671	4.94293702233641	0.30488113121546	0.424870638281578	no	ok		NA
Active_vs_Control	PWY-6608	0.698719307949026	1	0.596875	1	-2.40779520464068	-4.78759604830845	-1.73321917932906	2.02197802348057	5.40917794631178	0.314816249631272	0.419689303598504	no	ok		NA
Active_vs_Control	PWY-6609	0.502673534054509	1	0.775	1	4.39029336724958	4.43239728994186	4.35591265640004	-0.435198549012973	0.915801284373818	-0.436904484013018	0.359375345192969	no	ok		NA
Active_vs_Control	PWY-6612	0.713321609619387	1	0.8546875	1	4.3451916019827	4.37823188670455	4.31797775050037	-0.122686710279232	1.10623639141605	-0.191256307239552	0.39062525967192	no	ok		NA
Active_vs_Control	PWY-6628	0.802531764761794	1	0.91796875	1	4.16732943814437	4.05385608583833	4.26109723040422	-0.0818757084415762	0.990938581691924	-0.101224577690273	0.468750070918891	no	ok		NA
Active_vs_Control	PWY-6630	0.800885411090493	1	0.92734375	1	4.15209310901774	3.99938418019731	4.25311223635212	-0.16876681386276	1.0865225694665	-0.164426548218094	0.461139983838242	no	ok		NA
Active_vs_Control	PWY-6690	0.644342850305993	1	0.60625	0.921875	-6.80620763395336	-7.0537962547264	-6.41172341401655	1.87268662638351	5.85887981051698	0.285689001644855	0.414507969041735	no	ok		NA
Active_vs_Control	PWY-6700	0.716719907104661	1	0.83125	1	4.35157206349811	4.3943961612168	4.31945649995695	-0.200184458867417	0.886258919592989	-0.238517041143964	0.39062525967192	no	ok		NA
Active_vs_Control	PWY-6703	0.928465361809274	1	0.840625	1	4.01493863851666	3.95293723277117	4.05327753837026	0.00290792421496278	1.36849702028673	0.00623763760323605	0.497409332220818	no	ok		NA
Active_vs_Control	PWY-6731	0.440431873966195	1	0.71953125	1	1.48115505716315	1.57105694081354	1.39804741724771	-0.689259536877496	1.4303619202526	-0.546284023078484	0.359375345192969	no	ok		NA
Active_vs_Control	PWY-6748	0.642758074934117	1	0.5453125	1	0.0118755092145948	-0.00654689454103252	0.0236322264843318	0.716946405798841	4.74261278801346	0.15891717861635	0.385416940043501	no	ok		NA
Active_vs_Control	PWY-6749	0.436839783474523	1	0.58125	1	-0.782132225116832	-0.462469616965565	-1.0134793659125	-0.565388619634382	1.11746229433439	-0.483048914205742	0.279793357301702	no	ok		NA
Active_vs_Control	PWY-6803	0.385241490982175	1	0.20625	1	1.55186689302576	0.768040918175083	1.7873068726569	1.08540024439765	2.53109435574351	0.347891865779007	0.22279882279503	no	ok		NA
Active_vs_Control	PWY-6823	0.968474780159989	1	0.990625	1	3.37901794859765	2.99586064584577	3.7121637031808	-0.210070225072797	2.16618207551779	-0.0980281375801921	0.442708464566388	no	ok		NA
Active_vs_Control	PWY-6859	0.0869961891678814	1	0.1	1	2.21715663525295	2.77126759198217	0.0798042265158587	-2.62923664810781	0.63800855034467	-1.83329199330424	0.000365399848804012	no	ok		NA
Active_vs_Control	PWY-6891	0.804449299880768	1	0.91328125	1	-0.0255347663476932	-0.314625390352816	0.131025353860865	-0.452565897440416	6.42157179221337	-0.0458153184433017	0.487046661122772	no	ok		NA
Active_vs_Control	PWY-6895	0.718288697312315	1	0.40234375	1	1.9807353226294	1.47169977805229	2.11230926388589	0.616492310555619	1.00126670586119	0.438880092781244	0.333333757183061	no	ok		NA
Active_vs_Control	PWY-6897	0.846466920182197	1	0.69765625	1	4.0733057133973	3.82928413327205	4.26954317131881	0.304381731958817	1.53484699162161	0.187583436237812	0.44791678569462	no	ok		NA
Active_vs_Control	PWY-6901	0.269280782233254	1	0.2125	1	2.55449749371679	3.21837162002629	2.06154793241877	-1.17585758009328	1.28948492763309	-1.03063210405649	0.125001937486737	no	ok		NA
Active_vs_Control	PWY-6902	0.294870158808771	1	0.6578125	1	2.41618668100001	2.96141348626971	0.321681059298074	-2.49170365404737	1.32813412093642	-0.899795005811965	0.322917124382044	no	ok		NA
Active_vs_Control	PWY-6906	0.662440038751643	1	0.58125	0.9453125	-6.91660721514852	-7.12879701120275	-6.59025351902798	1.36830385016798	4.88582011324037	0.305305769608121	0.398963966228268	no	ok		NA
Active_vs_Control	PWY-6922	0.30468137482605	1	0.37578125	1	-3.85294782821388	-0.836346967298032	-5.56596738487804	-3.67865569157093	3.94378879923798	-0.86399025075842	0.191710957260384	no	ok		NA
Active_vs_Control	PWY-6936	0.74087878709567	1	0.990625	1	3.99764960374573	3.7814046926834	4.16961299192935	-0.235773851981347	1.43357238777606	-0.182387065119594	0.440414642995582	no	ok		NA
Active_vs_Control	PWY-6961	0.537672047814535	1	0.878125	1	-0.498176345174533	0.367119509250093	-1.1724134571478	-1.50039885051089	4.72362038184614	-0.277408267551906	0.39062525967192	no	ok		NA
Active_vs_Control	PWY-6969	0.463698191484424	1	0.5125	1	2.50861843330896	2.48988357516814	2.5243287545247	0.438945793145944	1.7731511140622	0.160155276839573	0.378238631543462	no	ok		NA
Active_vs_Control	PWY-7013	0.057504397080775	1	0.12421875	1	0.365071210381389	1.58961513612639	-1.35716680468617	-2.32505124116491	1.51637879542298	-1.6601074423428	0.0310967802974505	no	ok		NA
Active_vs_Control	PWY-702	0.707820176975354	1	0.99765625	1	3.99534451670075	3.76998099821893	4.14735298910948	-0.286574837833277	1.33789104116116	-0.202063165169763	0.435233307989157	no	ok		NA
Active_vs_Control	PWY-7052	0.323492715348178	1	0.4078125	1	-6.98463082580029	-4.9680619697992	-8.45692443004424	-3.86864407818422	4.93417379696133	-0.729754978301262	0.186529652830392	no	ok		NA
Active_vs_Control	PWY-7090	0.792186439931828	1	0.82421875	1	-1.12713310723688	-2.98943538422688	-0.541415786742473	0.967160047905661	4.9836876014886	0.142550915514045	0.476683990099631	no	ok		NA
Active_vs_Control	PWY-7094	0.309219068661743	1	0.22734375	0.921875	-5.99970175665835	-7.32701025355257	0.530708008435071	6.5588748354909	6.75418328694905	0.901218823217294	0.212436194453191	no	ok		NA
Active_vs_Control	PWY-7111	0.87094916182152	1	0.9296875	1	4.09075044988558	3.69344919042798	4.30204179664835	-0.107350391644166	1.16292936534823	-0.10817208183859	0.463541749522704	no	ok		NA
Active_vs_Control	PWY-7115	0.711952035329771	1	0.90625	1	3.41883856204052	3.4936604923912	3.36879971317696	-0.175840050008911	0.640493650557982	-0.200588079012109	0.430051973081517	no	ok		NA
Active_vs_Control	PWY-7117	0.673427298938726	1	1	1	3.71017831312921	3.50334771137693	3.93518936532354	-0.38687985982834	1.51932585599436	-0.21712696493408	0.442708464566388	no	ok		NA
Active_vs_Control	PWY-7118	0.693076356022228	1	0.51875	1	-2.06826761539591	-4.92925286899351	-1.24703368794692	1.37944388191806	6.97294259529186	0.240156178169358	0.367875965442486	no	ok		NA
Active_vs_Control	PWY-7159	0.60740573768182	1	0.5921875	0.9609375	-6.95530577359415	-7.22322543573142	-6.67948876932626	2.3439874403215	6.78334817822754	0.367425637715294	0.39062525967192	no	ok		NA
Active_vs_Control	PWY-7208	0.631771923836355	1	0.98828125	1	4.0339321973725	3.92786524561678	4.1151801534855	-0.272102940572305	1.07602273182009	-0.250924790700585	0.442708464566388	no	ok		NA
Active_vs_Control	PWY-7220	0.548060523679887	1	0.784375	1	4.79712822011951	4.99360429464718	4.6199183814433	-0.42309220122684	1.14302696688045	-0.366841125199392	0.357513300310963	no	ok		NA
Active_vs_Control	PWY-7221	0.750716463836774	1	0.8828125	1	4.30288919441166	4.31619753408323	4.29631004928229	-0.180287339169664	0.934878055878675	-0.191625713794315	0.41666686042708	no	ok		NA
Active_vs_Control	PWY-7222	0.552694938804126	1	0.79375	1	4.79388763660627	4.99166128326089	4.62228908991285	-0.348848620348573	1.09278492955542	-0.369432479466645	0.375000301404768	no	ok		NA
Active_vs_Control	PWY-7228	0.670921906380525	1	0.97890625	1	4.21659401812451	4.11717718948404	4.27706219052957	-0.183719001023885	1.05418219979372	-0.160578977929928	0.453125106902353	no	ok		NA
Active_vs_Control	PWY-7229	0.658478870037682	1	0.89453125	1	4.38574448069749	4.36043647124586	4.39977418476036	-0.204778081391527	1.31332125567281	-0.22397965064994	0.409326634621006	no	ok		NA
Active_vs_Control	PWY-7234	0.620129308668569	1	0.9859375	1	4.09323631630441	3.92963215080862	4.17667539590584	-0.220947438197588	1.2797812886747	-0.175697328659603	0.450777313270224	no	ok		NA
Active_vs_Control	PWY-7237	0.739166786583929	1	0.50078125	1	0.556061176987119	1.66760524515972	0.251416411176113	-1.32560845089755	6.98959671131849	-0.187503903615724	0.244792446817752	no	ok		NA
Active_vs_Control	PWY-7238	0.585530555253044	1	0.7515625	1	4.39236954953676	4.51436129967304	4.31773787596408	-0.250302500573226	0.965898813220853	-0.313340364284894	0.362694632748351	no	ok		NA
Active_vs_Control	PWY-724	0.826877563107635	1	0.990625	1	4.0254310046953	3.8004678231487	4.16583683729928	-0.254959788128818	1.18701254726595	-0.21941487802544	0.463541749522704	no	ok		NA
Active_vs_Control	PWY-7254	0.518685018268942	1	0.7	1	1.9633865201325	2.24178955442127	1.5842718643563	0.754995589549774	2.18064333459763	0.203085647725316	0.47395839236168	no	ok		NA
Active_vs_Control	PWY-7255	0.652610359107943	1	0.53984375	0.9453125	-6.83936395826607	-7.23441880092492	-6.47459536589661	1.47806601710716	5.23414231040617	0.288701561292337	0.383419964923157	no	ok		NA
Active_vs_Control	PWY-7282	0.617552414717508	1	0.896875	1	3.48961439120782	3.48102820638448	3.49163662422382	-0.0688618979356663	0.971261987971927	-0.0672991951373785	0.437500143526281	no	ok		NA
Active_vs_Control	PWY-7294	0.314885710686987	1	0.38984375	1	-6.90415741356738	-4.63262333353858	-8.20506039283413	-3.67176191866389	4.5470278170311	-0.716909464416779	0.202073572267362	no	ok		NA
Active_vs_Control	PWY-7315	0.717054735092842	1	0.53125	1	0.106007960206817	1.42464035475173	-1.18516016052186	-1.50828686777821	6.81617842109641	-0.279264415195035	0.264249382845496	no	ok		NA
Active_vs_Control	PWY-7316	0.690513163812741	1	0.4421875	1	-0.40396665075888	-2.25610803307374	-0.0592134494118142	1.78087397848756	2.4081345566273	0.497533554898492	0.343750391434289	no	ok		NA
Active_vs_Control	PWY-7323	0.584223389090148	1	0.68359375	1	3.09808884481735	3.60400742167984	2.37424757176715	-0.435881519251816	1.40467973431373	-0.488170152316025	0.316062652070532	no	ok		NA
Active_vs_Control	PWY-7328	0.284743777470691	1	0.3890625	1	0.129652226707383	0.901900786003916	-0.116515861966197	-1.5393549028336	2.09022140428402	-0.777851241179101	0.217617507910972	no	ok		NA
Active_vs_Control	PWY-7345	0.884156945872617	1	0.98828125	1	3.54223284632917	3.64250147586352	3.39113685878714	-0.21684935174344	0.941697048474434	-0.191679019916176	0.440414642995582	no	ok		NA
Active_vs_Control	PWY-7356	0.969110327811375	1	0.88984375	1	3.55967640504163	3.06870785555179	3.86538318484828	-0.079337183494125	2.26511515884019	-0.0384187187813987	0.47395839236168	no	ok		NA
Active_vs_Control	PWY-7357	0.820479430606246	1	0.65078125	1	4.17014371323909	3.77645603215386	4.40407891264513	0.493776124689297	1.69369007696094	0.281047551931281	0.430051973081517	no	ok		NA
Active_vs_Control	PWY-7371	0.704655453715616	1	0.61875	0.953125	-6.9190393974005	-7.31028509637707	-6.33218995503293	0.848704424270022	4.65024697253922	0.167255411024958	0.411458539964782	no	ok		NA
Active_vs_Control	PWY-7373	0.666679177391253	1	0.5640625	0.9375	-6.52628476164819	-6.93706732368304	-6.05057279640795	1.10916014630686	5.06281951218074	0.240540948759208	0.41666686042708	no	ok		NA
Active_vs_Control	PWY-7374	0.7132533071067	1	0.63203125	0.9765625	-6.69474660817431	-7.03330921406363	-6.32613101584941	0.861350663642662	4.87817916577521	0.136057257765998	0.411458539964782	no	ok		NA
Active_vs_Control	PWY-7377	0.0742584287082675	1	0.11171875	1	0.666414731626437	1.24007123597803	-0.521395369636174	-1.76327030317934	1.03571574212862	-1.67830267914386	0.0103891482000488	no	ok		NA
Active_vs_Control	PWY-7383	0.74766286416289	1	0.84765625	1	-0.703575525759503	-4.5885358230766	1.11957674683303	-0.129477433634232	8.51810108458424	-0.0118256535579173	0.497409332220818	no	ok		NA
Active_vs_Control	PWY-7392	0.0928227382193019	1	0.1	1	3.09089353553218	3.43284933812761	1.51864702794391	-1.88011760282614	0.581354589339232	-1.62776767668357	0.000365399848804012	no	ok		NA
Active_vs_Control	PWY-7400	0.925568922179682	1	0.79140625	1	3.46561910321567	3.07924483910594	3.79848223159052	0.0629087530109382	1.31611670713897	0.0702007534817806	0.479166713843149	no	ok		NA
Active_vs_Control	PWY-7431	0.826018090287845	1	0.85078125	1	-5.37249721467605	-5.22780672099806	-5.4936942263553	-0.28252417380545	5.1583680511351	-0.056390064296953	0.458333428181143	no	ok		NA
Active_vs_Control	PWY-7434	0.518034485792918	1	0.23125	1	1.15334717854737	0.970659165149039	1.59269458689887	1.19056017031097	5.23448208748856	0.198991348055004	0.239584141140091	no	ok		NA
Active_vs_Control	PWY-7456	0.486389444716638	1	0.3453125	1	0.455226023813038	-1.6316795790258	1.20690041850951	1.68567595335293	3.64411842982626	0.523037016700384	0.286458923739804	no	ok		NA
Active_vs_Control	PWY-7480	0.461218536523667	1	0.284375	0.9453125	-5.73817450400886	-7.10761088953157	-3.61829075985789	2.60007791307775	4.38839693334873	0.559766194218332	0.244792446817752	no	ok		NA
Active_vs_Control	PWY-7560	0.9406775234087	1	0.78671875	1	4.12513221494705	3.99038807524418	4.20037404844861	0.0245521243072711	0.954922169502106	0.0211765665004538	0.47395839236168	no	ok		NA
Active_vs_Control	PWY-7663	0.554148645959714	1	0.7890625	1	4.58653249917113	4.62683426451803	4.55505492435957	-0.244981929662878	0.906646125083135	-0.265019911327742	0.369791982420647	no	ok		NA
Active_vs_Control	PWY-7761	0.531826469049678	1	0.66953125	1	3.40895753069704	3.55613074359674	2.71389147214285	-0.713663445196518	0.922013310659872	-0.543805131950879	0.331606642538848	no	ok		NA
Active_vs_Control	PWY-7783	0.699223866821038	1	0.7453125	1	-1.80724592188914	-1.41060263167994	-2.3767841046866	-0.952144826698323	5.01864795436043	-0.194703531315989	0.352331968145601	no	ok		NA
Active_vs_Control	PWY-7790	0.491007353508334	1	0.69765625	1	4.04682342468586	4.19529512672579	3.18027566794109	-0.842240006864255	0.513485058408353	-0.677800063425084	0.333333757183061	no	ok		NA
Active_vs_Control	PWY-7791	0.488658063282742	1	0.69765625	1	3.9768675990374	4.0899148224865	3.15889961062368	-0.872235980184117	0.45959310250329	-0.646412716229623	0.333333757183061	no	ok		NA
Active_vs_Control	PWY-7820	0.748842377525542	1	0.7125	1	-1.60701059946969	-2.24176003168686	-1.3049203687515	0.358501509068489	2.23665511034635	0.151858208969837	0.440414642995582	no	ok		NA
Active_vs_Control	PWY-7851	0.681027321361109	1	0.878125	1	4.28038715417132	4.30900946793232	4.26929410156484	-0.145294174691152	1.26539291197279	-0.151538155546123	0.435233307989157	no	ok		NA
Active_vs_Control	PWY-7873	0.528220698741414	1	0.78671875	1	-2.3357697779708	-1.72322912144032	-6.3549140144005	-3.01285502908489	5.98853900645063	-0.401838210194035	0.388601298505214	no	ok		NA
Active_vs_Control	PWY-7874	0.523150541041005	1	0.775	1	-2.24018227818823	-1.68711898829161	-6.50967043237697	-3.47443416629148	6.24683063927751	-0.441361772750309	0.383419964923157	no	ok		NA
Active_vs_Control	PWY-7883	0.946658924719804	1	0.9765625	1	3.84671443998384	3.44141489596719	4.14623810425806	-0.172943682052909	1.61415455262991	-0.138519993546869	0.435233307989157	no	ok		NA
Active_vs_Control	PWY-7953	0.606534476518024	1	0.765625	1	4.41360943898822	4.49773051797765	4.35599593843476	-0.201327270054994	0.91039232064172	-0.222515350163085	0.375000301404768	no	ok		NA
Active_vs_Control	PWY-7977	0.896185965933705	1	0.64140625	1	3.40763783237061	3.16896692926212	3.61142809461117	0.402837638192271	0.831459050824384	0.29286087659044	0.406250219647385	no	ok		NA
Active_vs_Control	PWY-7992	0.662442145075952	1	0.58359375	0.953125	-6.72231251672791	-7.06609840886426	-6.22978956964044	1.31900501873727	5.1975791076714	0.216720594644007	0.398963966228268	no	ok		NA
Active_vs_Control	PWY-8004	0.42979787208032	1	0.39375	1	1.20503487508644	0.719160999975333	1.53401086163351	1.04910236169997	3.7307415872222	0.300544512747947	0.326425311992643	no	ok		NA
Active_vs_Control	PWY-801	0.669235772863905	1	0.54296875	1	-1.36189280418295	-0.71598800522151	-1.65543085337286	-1.11066684898608	4.84143520999442	-0.223724185060951	0.264249382845496	no	ok		NA
Active_vs_Control	PWY-8011	0.820440386770902	1	0.68828125	1	-1.93855937308018	-2.0843940063379	-1.80190842297196	0.564435109256755	5.75042125214892	0.102561892086295	0.440414642995582	no	ok		NA
Active_vs_Control	PWY-8073	0.925872764583423	1	0.70234375	1	4.11075763253716	4.10308800098221	4.11501223448649	0.0549661073649568	0.94536971168946	0.0505834837778154	0.453125106902353	no	ok		NA
Active_vs_Control	PWY-8131	0.879826143918715	1	0.7046875	1	-1.92767585694364	-2.15196398195186	-1.89915475796942	0.240280214336297	3.34940258725431	0.0647226138329396	0.455958648521652	no	ok		NA
Active_vs_Control	PWY-8178	0.644297646504531	1	0.80546875	1	4.44319607644953	4.49195894258494	4.40372237018245	-0.167188561549511	0.748418593045641	-0.212227591185194	0.395833579489825	no	ok		NA
Active_vs_Control	PWY-8187	0.0985078582735357	1	0.10234375	1	1.78865064187045	2.22638174606096	0.820142935375699	-1.43402985547685	0.808095140207319	-1.72538359942125	0.00523319582318488	no	ok		NA
Active_vs_Control	PWY-8190	0.439510027089672	1	0.54765625	1	-0.414337655283445	-0.192362541925282	-0.934289960468234	-0.884254749826495	1.66471591944643	-0.528381768753796	0.281250611542652	no	ok		NA
Active_vs_Control	PWY-821	0.352453217661992	1	0.4	1	0.540201475103032	1.66233460753205	0.38666881493136	-1.29672754286015	2.57033625857052	-0.556301458900723	0.227980139005357	no	ok		NA
Active_vs_Control	PWY-841	0.712512442451428	1	0.94375	1	4.30578687736316	4.2460652848032	4.35150860325554	-0.183520799971873	1.19562172725284	-0.13867877050018	0.435233307989157	no	ok		NA
Active_vs_Control	PWY-922	0.643697583017493	1	0.73984375	1	-3.62829042714592	-3.20181951487489	-3.77206947813542	-1.31935766865063	5.50862925383494	-0.260424194408359	0.359375345192969	no	ok		NA
Active_vs_Control	PWY-I9	0.674610160645181	1	0.96484375	1	3.91277184009925	3.6318700585067	4.12057218229042	-0.135027238816029	1.09540318435917	-0.113348549171871	0.468750070918891	no	ok		NA
Active_vs_Control	PWY0-1061	0.832686124399134	1	0.89921875	1	4.15552981592553	3.96882955372451	4.28485239330928	-0.0691072500945702	1.00729109662071	-0.0734995547466814	0.481865325598072	no	ok		NA
Active_vs_Control	PWY0-1241	0.907092864440652	1	0.99765625	1	3.53287793808063	3.05637373408709	3.89670656212257	-0.329398966363397	2.33361581815305	-0.139748770231638	0.427083501745963	no	ok		NA
Active_vs_Control	PWY0-1261	0.96167736400024	1	0.9953125	1	3.99018832240367	3.61322561799252	4.26213288527135	-0.312167814973964	1.75213749053894	-0.184705105194988	0.437500143526281	no	ok		NA
Active_vs_Control	PWY0-1277	0.636463284899816	1	0.57734375	0.9921875	-7.09450383536116	-7.51557314600013	-6.37294653427588	1.96731507130388	5.99608610816927	0.263007845970646	0.388601298505214	no	ok		NA
Active_vs_Control	PWY0-1296	0.856936959896981	1	0.78671875	1	1.91611302714395	2.70805487327364	1.15209391985506	-0.868443209757994	2.3621381161126	-0.361679458944261	0.359375345192969	no	ok		NA
Active_vs_Control	PWY0-1297	0.0732992054586093	1	0.1	1	2.41827579768095	3.03015566496897	1.5549829031261	-1.46481672625932	0.805974507364474	-1.67630657134069	0.000365399848804012	no	ok		NA
Active_vs_Control	PWY0-1319	0.617652753879396	1	0.8921875	1	4.54381407546559	4.48881347940672	4.59583636505949	-0.044088818339286	0.985716465232346	-0.0352985977598946	0.489583356890848	no	ok		NA
Active_vs_Control	PWY0-1337	0.649492544487825	1	0.63046875	0.96875	-6.83462814703164	-7.01127816370675	-6.5609902427773	1.60872906482745	6.567015978568	0.228141199835924	0.406250219647385	no	ok		NA
Active_vs_Control	PWY0-1415	0.906124937980986	1	0.5921875	1	3.24943333573978	2.90858114755762	3.63592707926726	0.135494156839638	3.38712416565889	0.0985423451017663	0.393782632277474	no	ok		NA
Active_vs_Control	PWY0-1477	0.550746306565535	1	0.93203125	1	-0.297324640586445	-0.439268037459074	-0.203105495442639	-0.760367080986891	2.16998137613823	-0.386724510810057	0.404145300346379	no	ok		NA
Active_vs_Control	PWY0-1479	0.904546503241041	1	0.9671875	1	3.74318604897752	3.33327867373219	4.06016437909985	-0.177037502757758	1.97415448639929	-0.107604973753195	0.450777313270224	no	ok		NA
Active_vs_Control	PWY0-1586	0.727375638523717	1	0.94140625	1	6.11116703746108	6.06053277002364	6.14194059239253	-0.106836742671674	1.18525629104067	-0.10989828001919	0.427083501745963	no	ok		NA
Active_vs_Control	PWY0-162	0.5122686423139	1	0.65078125	1	3.73204878675042	3.90991618922544	3.38576900932651	-0.493383254199723	0.73068438966906	-0.505720552588833	0.316062652070532	no	ok		NA
Active_vs_Control	PWY0-301	0.349157140358649	1	0.43359375	1	1.79722841661246	2.13131445683673	1.10064797759184	-1.07753182064792	1.54594819083226	-0.680665390828926	0.234375836542746	no	ok		NA
Active_vs_Control	PWY0-321	0.635907204960943	1	0.59140625	0.9609375	-7.00682785909777	-7.30181716438717	-6.66136076627809	1.60638347718723	6.03857234511832	0.227792533751805	0.39062525967192	no	ok		NA
Active_vs_Control	PWY0-42	0.630650849929114	1	0.5859375	0.96875	-6.99981876530744	-7.23606117784383	-6.57971156942084	1.41539646145103	6.02009013505127	0.266356961681903	0.404145300346379	no	ok		NA
Active_vs_Control	PWY0-781	0.908517999060713	1	0.821875	1	2.43678938347684	2.69373293360963	2.22347093771671	-0.0473918178565231	1.00129901145107	-0.048108815686826	0.489583356890848	no	ok		NA
Active_vs_Control	PWY0-845	0.306885764240699	1	0.4359375	1	2.882366140073	3.19435330342875	2.22069849565771	-0.829082601046974	0.857589429731862	-0.820981738006866	0.22279882279503	no	ok		NA
Active_vs_Control	PWY0-862	0.628129601663902	1	0.99765625	1	4.21428486206924	4.02815039079961	4.33098604209882	-0.325296876480345	1.50613225152376	-0.183453477183694	0.455958648521652	no	ok		NA
Active_vs_Control	PWY1ZNC-1	0.347647972570983	1	0.38828125	1	-0.750555297973941	0.622843362336509	-1.03899936759287	-1.58400357644106	3.1465864430848	-0.617467227271484	0.207254882531613	no	ok		NA
Active_vs_Control	PWY3O-4107	0.430873734783152	1	0.6765625	1	3.35375632054729	3.53934732332016	2.62872412195802	-0.911263584234293	0.73720378973851	-0.632398522780183	0.312500493206364	no	ok		NA
Active_vs_Control	PWY490-3	0.0705775714933143	1	0.1	1	-0.719301624527614	0.444660613461018	-1.97265940305353	-2.64301996999149	1.55057148760282	-1.75009987041075	0.00523319582318488	no	ok		NA
Active_vs_Control	PWY4FS-7	0.666908605567141	1	0.91796875	1	4.39494544831592	4.20927288903574	4.53073021070759	-0.077856134836193	1.14283236045645	-0.0491693017466043	0.481865325598072	no	ok		NA
Active_vs_Control	PWY4FS-8	0.665829908499905	1	0.90625	1	4.37465093401179	4.20667964328137	4.52400342838306	-0.0905198115250534	1.02015248262063	-0.10570577641586	0.476683990099631	no	ok		NA
Active_vs_Control	PWY4LZ-257	0.627550309363048	1	0.60625	0.9609375	-7.00649286495851	-7.17059216874704	-6.75291298804667	1.85422177220526	6.37526441032273	0.268863905913619	0.424870638281578	no	ok		NA
Active_vs_Control	PWY66-373	0.401074320958774	1	0.49296875	1	-7.20641952519807	-5.21699391566591	-8.29234899711418	-3.14719746595505	4.71632063304195	-0.619043342254253	0.259068059517974	no	ok		NA
Active_vs_Control	PWY66-389	0.40980848975631	1	0.6015625	1	0.91818616106942	1.16646861021012	0.611057593058791	-0.822335225795001	2.5467594977572	-0.435863011496632	0.307292178288741	no	ok		NA
Active_vs_Control	PWY66-399	0.738353524322959	1	0.8546875	1	-0.165351613258381	-4.89355490265759	1.73061409680388	-0.292624136579235	9.68886009647175	-0.0256024128261114	0.481865325598072	no	ok		NA
Active_vs_Control	PWY66-409	0.863020746948739	1	0.82421875	1	-5.75464879461431	-4.75527266266955	-6.57877505976364	-0.339570104726406	6.97212319808134	-0.045086808755984	0.489583356890848	no	ok		NA
Active_vs_Control	PYRIDNUCSAL-PWY	0.435879449481653	1	0.66875	1	2.77896268266885	3.01686007348545	2.17927308483728	-0.714236848610613	0.677633459802048	-0.710253658689526	0.322917124382044	no	ok		NA
Active_vs_Control	PYRIDNUCSYN-PWY	0.167772134307311	1	0.1515625	1	1.83032291824459	0.449632718500407	2.10906058398904	1.71637867414984	1.78121291546549	0.977570241790602	0.165804460157045	no	ok		NA
Active_vs_Control	PYRIDOXSYN-PWY	0.487746774583211	1	0.5453125	1	2.80385697671279	3.19728780371477	2.37676395303764	-0.785687461436308	1.346210583078	-0.51436535937197	0.269430706949312	no	ok		NA
Active_vs_Control	REDCITCYC	0.210123527195404	1	0.153125	1	0.419628975414367	-4.65371357768777	0.83841085391913	5.39700966261691	4.99389692416974	0.87664888707074	0.177084585601177	no	ok		NA
Active_vs_Control	RHAMCAT-PWY	0.599334286697826	1	0.73046875	1	-0.84520663016363	-0.53238125492833	-1.07149312877381	-1.02320292046963	3.01162379496639	-0.320196918728037	0.362694632748351	no	ok		NA
Active_vs_Control	RIBOSYN2-PWY	0.878512572054622	1	0.92265625	1	4.18542948380855	4.17046646648386	4.2102623848584	-0.11955747354278	1.17474045815377	-0.0961771427219882	0.421875181024094	no	ok		NA
Active_vs_Control	RUMP-PWY	0.201445227479847	1	0.1	1	1.29136407424036	2.06451433073329	-1.50005734679142	-3.58979794750289	2.74453311589509	-1.36888463573381	0.000365399848804012	no	ok		NA
Active_vs_Control	SALVADEHYPOX-PWY	0.694320444448412	1	0.56875	1	-2.19399782465849	-4.71841546078287	-1.57101542732017	2.51526696584504	5.37974171191689	0.399228271253151	0.378238631543462	no	ok		NA
Active_vs_Control	SER-GLYSYN-PWY	0.946091697778776	1	0.8640625	1	4.19814430400572	4.24154007189473	4.16253901269283	-0.0372775554952245	0.848840343645467	-0.0394676780376949	0.47395839236168	no	ok		NA
Active_vs_Control	SO4ASSIM-PWY	0.583827651770147	1	0.69765625	1	1.15992913081397	1.53953466204264	0.882816743312987	0.953082411309715	2.15151230732465	0.369898937544018	0.450777313270224	no	ok		NA
Active_vs_Control	SULFATE-CYS-PWY	0.533245678052986	1	0.7	1	1.98613887382591	2.35987897320084	1.77411795845608	0.966228798191767	1.92647256488054	0.41939216458374	0.440414642995582	no	ok		NA
Active_vs_Control	THISYNARA-PWY	0.60799276717362	1	0.765625	1	3.45345356644403	3.76820702236011	3.07444014410166	-0.615840287335702	1.28103959204205	-0.405099681294752	0.348958709054252	no	ok		NA
Active_vs_Control	THRESYN-PWY	0.720957735667324	1	0.99296875	1	4.16694289003022	4.00492526071827	4.2639407977334	-0.289620438086608	1.11201043222037	-0.311331684576761	0.437500143526281	no	ok		NA
Active_vs_Control	TOLUENE-DEG-3-OH-PWY	0.43651312787922	1	0.25703125	0.9453125	-5.60570570544636	-6.87774898161413	-2.3869660489784	3.49000087309691	4.97668288633958	0.588741895782482	0.234375836542746	no	ok		NA
Active_vs_Control	TRNA-CHARGING-PWY	0.727472669351024	1	0.86875	1	4.35262730407339	4.36494486997409	4.34672811999443	-0.187568528145751	0.956538183999954	-0.236954898026781	0.435233307989157	no	ok		NA
Active_vs_Control	UDPNAGSYN-PWY	0.668974613728982	1	0.99296875	1	3.878575075275	3.61474429047034	4.10126087132982	-0.289904566836911	1.20408506250389	-0.178707791824666	0.430051973081517	no	ok		NA
Active_vs_Control	URSIN-PWY	0.548046462890476	1	0.42109375	0.9296875	-6.31009176502323	-7.16114031956644	-5.01275967554333	2.40528631863662	4.96037922158511	0.467740417515805	0.300518665469849	no	ok		NA
Active_vs_Control	VALSYN-PWY	0.904545835681504	1	0.953125	1	4.17599412809376	3.86842158012564	4.37837333728797	-0.175623592867962	1.38814823972973	-0.140186021175498	0.455958648521652	no	ok		NA
Latent_vs_Control	PWY-6305	0.0103305157264309	0.83186703247207	0.1	1	0.933580293841154	NA	-0.0199053065152341	1.64219672570602	0.355069192055284	4.77949822610816	0.000365399848804012	no	ok		1.59902697333683
Latent_vs_Control	PWY-6922	0.0621304756688605	0.988587257953401	0.1	1	-1.81566707031263	NA	-5.05586928768529	4.7204054647046	2.3975870631259	1.80960784055338	0.000365399848804012	no	ok		-0.47999909315129
Latent_vs_Control	PWY66-367	0.401880851295525	0.992430123161983	0.44296875	0.994252462551612	-6.27732960809832	NA	-7.80542709825199	2.34872913771408	3.53625258972986	0.553022441645931	0.218750930036074	no	ok		-5.18858475363163
Latent_vs_Control	PWY-4984	0.0539251689752934	0.993207989630932	0.1	1	-1.59983507473498	NA	-5.07747516944871	4.83944007369944	2.21378285800946	2.0652278272581	0.000365399848804012	no	ok		-0.393792774214672
Latent_vs_Control	PWY-7374	0.0807528923033108	0.994777469634552	0.1	1	-1.6433479401963	NA	-5.70917720401785	5.46323617350147	3.06000263135634	1.78616560011184	0.000365399848804012	no	ok		-0.537786484503838
Latent_vs_Control	PWY-7052	0.0475557583052468	0.995072033116709	0.10078125	1	-4.16215707414622	NA	-7.780283804388	6.05621312103674	3.27291229702127	1.853072435338	0.000365399848804012	no	ok		-2.43149846350449
Latent_vs_Control	POLYAMINSYN3-PWY	0.0585440017440528	0.995972263045129	0.1	1	-1.3338801775375	NA	-4.75095783704658	4.99191998583294	2.26560287461264	2.0765135236823	0.000365399848804012	no	ok		-0.179270574049641
Latent_vs_Control	PWY-5494	0.434296501790366	0.996753810490595	0.33203125	0.597802014189488	-7.65239232252595	NA	-5.94067197678127	-2.52196517814784	4.47218246944729	-0.477894524787171	0.239584141140091	no	ok		-8.71880073420432
Latent_vs_Control	PWY-7373	0.0891669563106543	0.997674383419059	0.1	1	-1.43438575777846	NA	-5.67075951223158	5.68130239047414	3.13261713631063	1.8785829898969	0.000365399848804012	no	ok		0.0801154087458968
Latent_vs_Control	KETOGLUCONMET-PWY	0.308371175443625	0.998880130247992	0.3609375	1	-6.4031935457693	NA	-7.75242222697049	3.54346830222298	4.48708219552652	0.795435278690852	0.170985754107053	no	ok		-3.78032306520185
Latent_vs_Control	PWY-7371	0.0705689553971875	0.999728087067119	0.1	1	-1.56439953360301	NA	-5.80213930334136	6.22889162721355	2.95390679878522	1.92721632247481	0.000365399848804012	no	ok		0.514626041173627
Latent_vs_Control	14DICHLORBENZDEG-PWY	0.32774570934954	1	0.21171875	0.508573283138974	-6.9266326313863	NA	-4.78360380998477	-3.75171929976936	4.61546546587346	-0.757134649077618	0.181348350687537	no	ok		-8.74587626079119
Latent_vs_Control	1CMET2-PWY	0.180296268933989	1	0.103125	0.562977628160345	3.64112304936174	NA	4.31994087903299	-0.678318523229791	0.933890414780381	-1.14260568713657	0.109377266019354	no	ok		3.08986847262237
Latent_vs_Control	3-HYDROXYPHENYLACETATE-DEGRADATION-PWY	0.440882045910337	1	0.3625	0.591325744700289	-7.36272368164961	NA	-5.72817408973038	-3.31835953681613	4.75527978736029	-0.578691574121065	0.269430706949312	no	ok		-8.50760344733492
Latent_vs_Control	AEROBACTINSYN-PWY	0.756817990231572	1	0.8390625	0.969386401714861	-4.72045740102546	NA	-5.14147842785527	0.561622009921647	3.92848576026286	0.113279868894153	0.427083501745963	no	ok		-4.45701379014836
Latent_vs_Control	ALLANTOINDEG-PWY	0.529303529009021	1	0.39296875	0.727522538676819	-5.42840964446745	NA	-4.31257006163127	-3.18116537102193	5.24450351350628	-0.509468363580789	0.305699993864858	no	ok		-6.80174242059868
Latent_vs_Control	ANAEROFRUCAT-PWY	0.404374090764613	1	0.43046875	1	3.47652297590802	NA	3.24720957204927	0.859748944595643	1.77189710568238	0.554467606562769	0.208334332711949	no	ok		3.9022172687537
Latent_vs_Control	ANAGLYCOLYSIS-PWY	0.850040932698736	1	0.5546875	0.865712670797681	4.30296398588804	NA	4.34248903318457	-0.160242446536567	1.07258103342122	-0.130443257663196	0.398963966228268	no	ok		4.25350499372783
Latent_vs_Control	ARG+POLYAMINE-SYN	0.303677177858891	1	0.32578125	1	1.50740194575427	NA	1.14423443272332	0.471787504315524	0.699449930110874	0.584682949801726	0.151043204556575	no	ok		1.61768469942794
Latent_vs_Control	ARGININE-SYN4-PWY	0.191102075118713	1	0.17734375	1	2.16765150027802	NA	1.96131267990486	0.984852014432361	1.00714579058593	0.98319673102084	0.0781283097975943	no	ok		2.54692606479925
Latent_vs_Control	ARGSYN-PWY	0.356462476191198	1	0.2	0.562977628160345	3.43100070016185	NA	4.2815530324826	-0.749295926909344	1.5116432072512	-0.697352454604741	0.234375836542746	no	ok		3.0780200870505
Latent_vs_Control	ARGSYNBSUB-PWY	0.413361802396431	1	0.203125	0.565526333082871	3.49910031187696	NA	4.29026718960772	-0.721663438304752	1.4899450193622	-0.661676407896039	0.22279882279503	no	ok		3.2013935130103
Latent_vs_Control	ARO-PWY	0.271857692990304	1	0.2	0.562977628160345	4.17688722375446	NA	4.73097491034347	-0.668024678675004	0.980506699761252	-0.741868713728228	0.253886737017369	no	ok		4.12918377805683
Latent_vs_Control	ASPASN-PWY	0.290018940377585	1	0.19921875	0.562977628160345	3.6054839702162	NA	4.29990051172121	-0.870803275088229	1.37809673326476	-0.66213739440593	0.218750930036074	no	ok		3.43664479040655
Latent_vs_Control	AST-PWY	0.445937916087905	1	0.3953125	0.67970462892203	-7.72648313355385	NA	-6.06381059925148	-3.27516443153171	5.62841606091891	-0.518319631793709	0.296875549929299	no	ok		-8.57500914890435
Latent_vs_Control	BRANCHED-CHAIN-AA-SYN-PWY	0.315871653755174	1	0.2	0.562977628160345	3.85520429353239	NA	4.72484616355412	-0.828039140659159	1.22694263155278	-0.704487976029949	0.217617507910972	no	ok		3.67372647399431
Latent_vs_Control	CALVIN-PWY	0.465473436922999	1	0.2	0.562977628160345	4.5828313761755	NA	4.9695624872838	-0.494569974268177	1.2021644426334	-0.544547664088177	0.238342775047909	no	ok		4.53414435503882
Latent_vs_Control	CATECHOL-ORTHO-CLEAVAGE-PWY	0.384039101973155	1	0.29375	0.60204408108376	-6.09498546977808	NA	-4.73610474442302	-2.88831671599627	4.92756999633077	-0.580277373382786	0.269430706949312	no	ok		-7.11224207832636
Latent_vs_Control	CHLOROPHYLL-SYN	0.741470763187054	1	0.8546875	1	-2.37123337882133	NA	-5.94762444063027	1.95358938745059	7.13433706548728	0.221121454606123	0.471502654635049	no	ok		-1.58678927202048
Latent_vs_Control	CITRULBIO-PWY	0.916626732080488	1	0.93203125	0.996425530849359	1.09927068160594	NA	0.845396884025633	0.130050738929646	0.927881216162988	0.137755770772577	0.463541749522704	no	ok		1.19445104551503
Latent_vs_Control	COA-PWY	0.720641310149118	1	0.59140625	0.907649134908525	4.56119085207983	NA	4.78997874745799	-0.427042282285852	1.43260032556356	-0.26779569393973	0.406250219647385	no	ok		4.3646131677916
Latent_vs_Control	COA-PWY-1	0.658730696021233	1	0.40859375	0.751953608278418	4.55691725058336	NA	4.75732425460863	-0.442837911787172	1.41288556408959	-0.303537420041758	0.326425311992643	no	ok		4.29873998618076
Latent_vs_Control	COBALSYN-PWY	0.848776491314294	1	0.7421875	1	2.39525485765407	NA	2.16784299824211	-0.182360496063934	1.00063878424868	-0.203351105713433	0.455958648521652	no	ok		2.5418783072541
Latent_vs_Control	CODH-PWY	0.807552866990688	1	0.71171875	0.912686271565666	-6.51828472340347	NA	-6.33318023528844	-0.450964581084076	5.94271677615381	-0.0658269754534345	0.463541749522704	no	ok		-6.93970145569953
Latent_vs_Control	COLANSYN-PWY	0.555413592750887	1	0.65546875	0.888381904826061	3.04055977416383	NA	3.05736024548623	-0.058363329439524	0.648439490843232	-0.0549769389604698	0.430051973081517	no	ok		3.02472462059426
Latent_vs_Control	COMPLETE-ARO-PWY	0.320705844377123	1	0.2	0.562977628160345	4.25256370489553	NA	4.79160651884616	-0.600379473469125	0.997291227060817	-0.785436002764091	0.234375836542746	no	ok		4.19054763714648
Latent_vs_Control	DAPLYSINESYN-PWY	0.47759761772612	1	0.2203125	0.580078637598837	4.2520756097411	NA	4.64367848611146	-0.523102875151891	1.18689981518972	-0.539387371855972	0.239584141140091	no	ok		3.96989046802988
Latent_vs_Control	DARABCATK12-PWY	0.407403936998581	1	0.2234375	0.590980145096044	1.79914974384838	NA	3.90007279484046	-1.07954225235324	3.58527766139516	-0.844810429094078	0.234375836542746	no	ok		0.204954265744258
Latent_vs_Control	DENITRIFICATION-PWY	0.683208848497342	1	0.709375	1	1.50733391593159	NA	0.934859481731112	0.624932067273585	2.21640870218116	0.283130687466976	0.336787973446622	no	ok		1.56985831141723
Latent_vs_Control	DENOVOPURINE2-PWY	0.476403562800681	1	0.26875	0.630273966869973	4.15776173390467	NA	4.7867516774239	-0.697482648212655	1.13795093397639	-0.595835097275939	0.274612031782545	no	ok		4.10095109055832
Latent_vs_Control	DTDPRHAMSYN-PWY	0.39215866742109	1	0.3734375	0.730086233038696	3.97176310738307	NA	4.07918887451074	-0.615030222650762	0.930548151522505	-0.598690975544005	0.305699993864858	no	ok		3.88883344292581
Latent_vs_Control	ECASYN-PWY	0.660619635011031	1	0.76328125	0.965487898094539	-7.34139576132765	NA	-7.52201391601787	1.44749246919316	4.9817840788529	0.265081669478037	0.411458539964782	no	ok		-7.14399242331173
Latent_vs_Control	FAO-PWY	0.247488867028866	1	0.1984375	0.562977628160345	2.09850612474253	NA	3.87858715140365	-1.7855817866469	2.66155750446023	-0.815047454634094	0.233161456450763	no	ok		1.50028235705973
Latent_vs_Control	FERMENTATION-PWY	0.612086354948188	1	0.3203125	0.683627511581427	4.30437267335476	NA	4.8761189368427	-0.701237773606592	1.76543732854734	-0.452883657852667	0.28497468346637	no	ok		4.17014710400708
Latent_vs_Control	FOLSYN-PWY	0.399488544589868	1	0.2	0.562977628160345	4.37284895824278	NA	4.88520285117819	-0.676549704056156	1.18393324999537	-0.669412681949838	0.238342775047909	no	ok		4.27510479846857
Latent_vs_Control	FUC-RHAMCAT-PWY	0.347771413990267	1	0.5359375	1	-0.123116010619153	NA	-0.410810752987157	0.986821588455227	1.71819245763252	0.530712089108319	0.276042299993488	no	ok		-0.0359120239220339
Latent_vs_Control	FUCCAT-PWY	0.536099682668955	1	0.396875	0.763198765471407	1.7756923531366	NA	3.81805626037711	-0.995445326681332	3.64152394894851	-0.760989983262102	0.331606642538848	no	ok		0.0820828421531026
Latent_vs_Control	GALACTARDEG-PWY	0.908540306112141	1	0.8734375	0.983206874103203	-2.12949015605006	NA	-2.24936651582817	0.144404676037877	3.34361154336209	0.0531301548913481	0.4455959780921	no	ok		-2.05362925740322
Latent_vs_Control	GALACTITOLCAT-PWY	0.234404360644	1	0.38359375	1	-0.584513347134837	NA	-5.70964600596539	5.93596456374992	5.68649815736227	0.968523912462192	0.217617507910972	no	ok		0.911243647037983
Latent_vs_Control	GALLATE-DEGRADATION-I-PWY	0.415088349572159	1	0.3453125	0.622567625608692	-7.82090633297979	NA	-6.24207294083803	-3.36684435802738	5.7338165111907	-0.493014188632064	0.28497468346637	no	ok		-8.65354780205312
Latent_vs_Control	GALLATE-DEGRADATION-II-PWY	0.401067020755181	1	0.3140625	0.595679345337468	-7.64493355465506	NA	-6.00467751735357	-3.75814342096531	4.99889717629701	-0.623302908628564	0.255209061138005	no	ok		-8.74555943410062
Latent_vs_Control	GLCMANNANAUT-PWY	0.588344631388397	1	0.2015625	0.564419281210454	3.85209559449074	NA	4.27918736620946	-0.646517140865947	3.00583778598091	-0.266338180209626	0.217617507910972	no	ok		3.76897332705152
Latent_vs_Control	GLUCARDEG-PWY	0.233092947501873	1	0.246875	1	-1.77408523576012	NA	-2.7249368385299	2.37059561738027	3.06227346502225	0.719900895753431	0.139898046804075	no	ok		-0.406557279936373
Latent_vs_Control	GLUCARGALACTSUPER-PWY	0.919338008420319	1	0.8578125	0.981647878816514	-2.10507928386443	NA	-2.19390131987977	0.146974029048308	3.39238370141459	0.0526987193067675	0.471502654635049	no	ok		-2.05324584734075
Latent_vs_Control	GLUCONEO-PWY	0.481726707909457	1	0.39609375	0.760080234394374	4.13669543833906	NA	4.2674655281479	-0.50894487104896	0.987298970566901	-0.491992887978937	0.343750391434289	no	ok		4.00587153699186
Latent_vs_Control	GLUCOSE1PMETAB-PWY	0.97214440267947	1	0.78671875	1	3.76599932269552	NA	3.57128035372375	-0.0861290460942623	1.40575169489256	-0.0723137726129512	0.450777313270224	no	ok		3.9360836123698
Latent_vs_Control	GLUDEG-I-PWY	0.887747969278468	1	0.6578125	1	-0.564848765785931	NA	-0.836659467590451	1.16969938231763	4.15089829441301	0.244174132644908	0.322917124382044	no	ok		0.525767555087004
Latent_vs_Control	GLUTORN-PWY	0.218870624626029	1	0.1	0.562977628160345	3.1699447822037	NA	4.14937563197704	-0.81201955138	1.45397564722187	-1.15787525915839	0.125001937486737	no	ok		2.29688256140632
Latent_vs_Control	GLYCOCAT-PWY	0.176613685931554	1	0.1	0.562977628160345	2.82232132835888	NA	3.90765398954796	-2.04694899894562	1.93953767055097	-1.10864781671835	0.129535516266677	no	ok		1.37880835312373
Latent_vs_Control	GLYCOGENSYNTH-PWY	0.359768731728375	1	0.2	0.562977628160345	4.15510421163064	NA	4.72066662633654	-0.619300543130809	1.11519474278039	-0.668473715058326	0.223959230903001	no	ok		4.10745016860048
Latent_vs_Control	GLYCOL-GLYOXDEG-PWY	0.895904421224853	1	0.8078125	0.987545369517628	-0.521295405109753	NA	-0.810675296279338	0.0472767942209398	7.78499369412893	0.00639744550654921	0.497409332220818	no	ok		-0.335511317295548
Latent_vs_Control	GLYCOLYSIS	0.791692916303999	1	0.51953125	0.852605009163457	4.29845936623017	NA	4.38033445377699	-0.157917694328045	1.16200507099634	-0.15305699034275	0.424870638281578	no	ok		4.23264726136659
Latent_vs_Control	GLYCOLYSIS-E-D	0.407056743336057	1	0.4	0.766288486256978	1.80589035877754	NA	2.21674680713659	-1.11535229678123	3.12137430830802	-0.31493902230074	0.331606642538848	no	ok		1.36224183491923
Latent_vs_Control	GLYOXYLATE-BYPASS	0.762591826583096	1	0.32265625	0.684093916759177	-1.2824262321749	NA	0.0581482702980525	-1.1762271955136	7.41845083751727	-0.188237496241856	0.296875549929299	no	ok		-2.07635892566529
Latent_vs_Control	GOLPDLCAT-PWY	0.261490682862247	1	0.41640625	1	-2.47884829174841	NA	-4.46315335883399	2.48581580733148	3.04692419473929	0.790533669498842	0.223959230903001	no	ok		-2.27403846298292
Latent_vs_Control	HCAMHPDEG-PWY	0.409656234796855	1	0.35	0.628472237397357	-7.6753091648697	NA	-5.9705069466539	-3.79103221380928	5.7718459195277	-0.547430905663937	0.253886737017369	no	ok		-8.66442268399064
Latent_vs_Control	HEME-BIOSYNTHESIS-II	0.731886752428516	1	0.83359375	1	2.83019676742263	NA	2.67513958668563	0.241937744131793	1.28383197954714	0.157193688075079	0.388601298505214	no	ok		2.9300254380815
Latent_vs_Control	HEME-BIOSYNTHESIS-II-1	0.318535914828318	1	0.2	0.562977628160345	2.31697932091822	NA	4.20512375753108	-1.36567479605347	2.88319161592969	-0.805300116052084	0.196892263794227	no	ok		1.51143156483982
Latent_vs_Control	HEMESYN2-PWY	0.232590556500259	1	0.1	0.562977628160345	1.9509843386173	NA	4.20488749572252	-1.38415637442111	3.02167973614688	-1.2063360541178	0.114585480082425	no	ok		0.178271657832017
Latent_vs_Control	HEXITOLDEGSUPER-PWY	0.197135032838234	1	0.2015625	1	0.385761233432004	NA	-5.57467951997764	6.98257495203802	6.19579537505684	1.02581684958523	0.119173013440157	no	ok		2.14129057000052
Latent_vs_Control	HISDEG-PWY	0.14420970861735	1	0.0703125	0.313903976058083	1.56784523992458	NA	1.77218652128335	-1.35858635529612	1.24999687157188	-1.10591443289728	0.088085769342426	no	ok		1.04600534979278
Latent_vs_Control	HISTSYN-PWY	0.112664826271714	1	0.0984375000000001	0.553648835409248	2.76554788920096	NA	3.54796162881687	-1.24206867382737	0.942248667553261	-1.32558378539113	0.130210178480212	no	ok		2.08475025386946
Latent_vs_Control	HOMOSER-METSYN-PWY	0.415863618338581	1	0.59765625	1	2.20310934547784	NA	1.49324907666215	0.733368652452369	1.55647750318794	0.550926511155193	0.302083863853441	no	ok		2.75902471452996
Latent_vs_Control	HSERMETANA-PWY	0.265426336416527	1	0.19140625	0.562977628160345	3.4714364506375	NA	4.142508797654	-0.688330335649865	1.07716080848937	-0.865056581516823	0.208334332711949	no	ok		3.23792161014098
Latent_vs_Control	ILEUSYN-PWY	0.313156807703985	1	0.2	0.562977628160345	3.97453448141051	NA	4.86217111786763	-0.970403015437546	1.28456518554199	-0.775400768476115	0.234375836542746	no	ok		3.80258117287219
Latent_vs_Control	KDO-NAGLIPASYN-PWY	0.253853905695433	1	0.1	0.562977628160345	2.94680885873065	NA	4.57175840491746	-4.69821023505664	3.85250722064827	-0.792177657193847	0.108810546268712	no	ok		-0.116082242918916
Latent_vs_Control	LACTOSECAT-PWY	0.425413548681122	1	0.65546875	1	0.617721122993991	NA	-0.0530726959055805	2.92465175151315	6.56832196488743	0.424068410104454	0.338542074137571	no	ok		0.990642835928777
Latent_vs_Control	LIPASYN-PWY	0.445302735216619	1	0.58984375	1	0.981781377588461	NA	0.787479270981308	0.794910195222643	2.7563531794842	0.285617415629651	0.270833989132961	no	ok		1.251747951497
Latent_vs_Control	MET-SAM-PWY	0.525766063180027	1	0.66484375	1	2.74962662251318	NA	2.24188940799305	0.452305863749781	1.35371742796627	0.421559896780687	0.321243981829087	no	ok		3.17656971176159
Latent_vs_Control	METH-ACETATE-PWY	0.772245329364362	1	0.66328125	0.887413877567182	-6.49611190131522	NA	-5.88918839824583	-0.540041933493733	5.62373537873937	-0.0957033023775193	0.432291822583124	no	ok		-7.13424410880786
Latent_vs_Control	METHGLYUT-PWY	0.395394940003907	1	0.2265625	0.588172668203429	2.39684026551075	NA	4.24744404713912	-1.3887277947496	2.60357952068462	-0.719898943448417	0.218750930036074	no	ok		1.63400602907947
Latent_vs_Control	METSYN-PWY	0.479403589766693	1	0.65234375	1	2.74763722463865	NA	2.12319013009551	0.437840873718163	1.45516550973744	0.496253187906295	0.317708808579265	no	ok		3.279327066374
Latent_vs_Control	NAD-BIOSYNTHESIS-II	0.177125229824088	1	0.1	0.562977628160345	2.35400740573748	NA	4.35070549523458	-4.30461250223531	3.06055115729215	-1.32900730200793	0.12435426095506	no	ok		-0.037021275199808
Latent_vs_Control	NAGLIPASYN-PWY	0.0986408817003345	1	0.01640625	0.0947120927229821	3.71333201540698	NA	4.59929476118881	-1.33188313973689	0.767772822078804	-1.43401736490934	0.0260522109148973	no	ok		3.24233873099638
Latent_vs_Control	NONMEVIPP-PWY	0.120815295937479	1	0.0992187500000001	0.549561855631787	3.94484344659852	NA	4.68062678255848	-1.17048416959742	0.948067096196193	-1.17477232038338	0.0989608748927561	no	ok		3.57642530341844
Latent_vs_Control	NONOXIPENT-PWY	0.51933921879849	1	0.3859375	0.74790539385157	4.70749619301514	NA	4.88970268562409	-0.402667273764008	0.812867852506156	-0.425537917606809	0.326425311992643	no	ok		4.47291586950432
Latent_vs_Control	OANTIGEN-PWY	0.749156622368062	1	0.4265625	0.774236275339347	4.05913539747609	NA	4.27863276851516	-0.286305287102728	1.48525315385377	-0.195945848634777	0.354167026979493	no	ok		3.83829522128726
Latent_vs_Control	ORNDEG-PWY	0.498860181752365	1	0.3828125	0.62988460423047	-7.80687820111934	NA	-6.4032397323757	-2.68468110402854	4.8731748209607	-0.514025679633672	0.305699993864858	no	ok		-8.85908471117018
Latent_vs_Control	P101-PWY	0.314803695811292	1	0.43046875	1	-1.61924998952718	NA	-3.51663088557624	2.32863426562007	3.2138394237447	0.57220740614695	0.234375836542746	no	ok		-1.29862856379711
Latent_vs_Control	P105-PWY	0.687483064286943	1	0.896875	1	-3.2057736326272	NA	-6.11674181781731	1.47377466519874	6.26152827373067	0.153404227146219	0.458333428181143	no	ok		-2.30183368348558
Latent_vs_Control	P108-PWY	0.327186603949133	1	0.49375	1	-0.441120027463286	NA	-1.34923349793065	2.05359830771737	3.95317105382584	0.500827107251514	0.250000753505307	no	ok		0.370198447536738
Latent_vs_Control	P125-PWY	0.530203201504949	1	0.40234375	0.768316731449286	0.0731996594088793	NA	0.436103899463768	-1.03689520063163	2.24781109749328	-0.4371346420655	0.321243981829087	no	ok		-0.179565080319004
Latent_vs_Control	P163-PWY	0.882369812845089	1	0.7	0.981618339182478	-0.868851600993349	NA	-0.632923076365953	-0.407124951185604	2.71545100941939	-0.140030324999895	0.442708464566388	no	ok		-1.10052880938169
Latent_vs_Control	P164-PWY	0.720123404047841	1	0.4328125	0.790241545354266	0.901486892558977	NA	1.5523401927908	-0.785742758442589	4.03654741076412	-0.133475547392681	0.341969304696059	no	ok		0.22780437469074
Latent_vs_Control	P185-PWY	0.276854612876002	1	0.4	1	-1.56805807210239	NA	-3.20314345980404	2.04632018977415	3.03781684189658	0.652324048364227	0.207254882531613	no	ok		-1.41604836308657
Latent_vs_Control	P221-PWY	0.268122353273636	1	0.57578125	1	0.942446531645461	NA	-3.37528430919811	4.59162344296886	4.91225763823775	0.789005806543079	0.276042299993488	no	ok		1.05518503917006
Latent_vs_Control	P23-PWY	0.894737692143571	1	0.784375	1	2.79977696709215	NA	2.67615741621279	0.177064792323289	0.565588092803814	0.213691513424129	0.375000301404768	no	ok		2.85462714356844
Latent_vs_Control	P4-PWY	0.755021341713682	1	0.78671875	1	3.08285628323909	NA	2.63606690147407	-0.0349360684979967	1.33845616151063	-0.0291607687147727	0.484375035355462	no	ok		3.59037888919989
Latent_vs_Control	P42-PWY	0.224956167469594	1	0.1328125	0.468104557041885	3.70340492424209	NA	3.79883283662667	-0.655609494805276	0.75034293953254	-0.965984324894097	0.160623169477903	no	ok		3.27762251389479
Latent_vs_Control	P441-PWY	0.309117168988492	1	0.10546875	0.562977628160345	2.98119585953174	NA	3.99705980792223	-3.9384173039944	5.06927043096346	-0.642903871291954	0.103629329404354	no	ok		0.0905692181853333
Latent_vs_Control	P461-PWY	0.308938179853106	1	0.3609375	1	-0.0196707315569506	NA	-1.48644666803129	2.79720506526758	3.22293605784498	0.739859915955011	0.177084585601177	no	ok		1.88871867742815
Latent_vs_Control	P562-PWY	0.826767481528872	1	0.7609375	0.952293339586344	-1.32809987729113	NA	-0.465113912041843	-0.0221693475830032	3.63919954412825	-0.007316315765094	0.487046661122772	no	ok		-2.28613063033518
Latent_vs_Control	PANTO-PWY	0.797285460374594	1	0.73515625	1	3.07247685267889	NA	2.81560735277038	0.286743590868766	0.461360517207553	0.218067516098222	0.357513300310963	no	ok		3.12478380067473
Latent_vs_Control	PANTOSYN-PWY	0.732906772705611	1	0.89921875	1	3.35805771207239	NA	3.34129321119933	0.000407652359802668	0.760467350442386	-0.00181421496236874	0.5	no	ok		3.37193527158901
Latent_vs_Control	PENTOSE-P-PWY	0.863610186737652	1	0.6953125	0.979784593495359	4.38161513744968	NA	4.73630819106527	-0.15862911440343	1.83958693807836	-0.131991674846909	0.442708464566388	no	ok		3.96042187003454
Latent_vs_Control	PEPTIDOGLYCANSYN-PWY	0.507251907236702	1	0.3734375	0.734624013971849	4.64185749612231	NA	4.81736400961712	-0.515911583472571	1.18124446419447	-0.424929711382921	0.31088132274071	no	ok		4.39513563063493
Latent_vs_Control	PHOSLIPSYN-PWY	0.597134429766212	1	0.2421875	0.60006774745793	4.67956668782248	NA	5.0928085299892	-0.545880559315913	1.59463326008276	-0.43357995861439	0.264249382845496	no	ok		4.36137902440686
Latent_vs_Control	POLYAMSYN-PWY	0.103784646056866	1	0.11015625	1	0.868904874574445	NA	0.234809873181216	1.55342501464844	1.3588245302451	1.24164757409989	0.0104432568618351	no	ok		1.18259860576664
Latent_vs_Control	POLYISOPRENSYN-PWY	0.331109551123402	1	0.28671875	0.649328361341875	4.55974715439406	NA	4.81315103838213	-0.656369725893335	0.914640560312871	-0.719857805362462	0.260417369656193	no	ok		4.23194565132714
Latent_vs_Control	PPGPPMET-PWY	0.15502815647477	1	0.109375	0.562977628160345	4.12264490960588	NA	5.17237704561131	-1.24569380452497	1.31799423558463	-1.09123631940246	0.119173013440157	no	ok		3.69707446088071
Latent_vs_Control	PROTOCATECHUATE-ORTHO-CLEAVAGE-PWY	0.865761312503157	1	0.85	0.994058001152932	-3.84193891848697	NA	-4.84585176544943	0.000909592554583227	5.44968420299797	-0.00086237792743188	0.5	no	ok		-3.21444996213653
Latent_vs_Control	PWY-1042	0.513371585030557	1	0.36484375	0.722892121959512	4.77593103029635	NA	4.87706669478388	-0.474153698455091	1.07380506479302	-0.440002845069812	0.31088132274071	no	ok		4.66224037998729
Latent_vs_Control	PWY-1269	0.321187717277501	1	0.39609375	0.762541866226151	3.36658940485431	NA	4.55773215166639	-1.35641863193003	0.786767269247231	-0.876168962927365	0.331606642538848	no	ok		3.17841867244382
Latent_vs_Control	PWY-1622	0.47451003947328	1	0.5671875	1	-5.7559740699767	NA	-6.6393082832764	2.29840233873905	4.16449533024077	0.503566607346958	0.290156010238937	no	ok		-4.70818172600093
Latent_vs_Control	PWY-181	0.483826829864893	1	0.38515625	0.655404912379968	-7.44926502894412	NA	-6.29220243362956	-2.26967864266921	4.04671209593612	-0.380663631695595	0.281250611542652	no	ok		-8.48765337672797
Latent_vs_Control	PWY-1861	0.340456722481801	1	0.4078125	1	0.541970779553058	NA	-0.645332230394832	1.64978570587326	2.69801034166406	0.584548933656234	0.217617507910972	no	ok		1.08205457648122
Latent_vs_Control	PWY-241	0.571541784788301	1	0.4015625	0.760215516088872	3.10571727631936	NA	3.24723298623216	-0.419310304707115	1.00602195507344	-0.405914864709553	0.316062652070532	no	ok		2.91720990053855
Latent_vs_Control	PWY-2941	0.446223638564758	1	0.41171875	1	2.38054937135462	NA	1.39712975769192	1.64478479183852	3.17398906874757	0.438059464337039	0.229167533102453	no	ok		3.13260795674082
Latent_vs_Control	PWY-2942	0.607531183042338	1	0.2796875	0.634295230435347	4.51761877082221	NA	4.8267993268152	-0.301669559721268	1.19116960589917	-0.418624872071968	0.279793357301702	no	ok		4.24257326189712
Latent_vs_Control	PWY-3001	0.340972215502165	1	0.2046875	0.567042333502055	4.03311999382681	NA	4.77536536108904	-0.731513790436641	1.19020573707887	-0.684640524423519	0.208334332711949	no	ok		3.92497023143902
Latent_vs_Control	PWY-3661	0.595841090644259	1	0.734375	0.970035211777961	-7.30491369776316	NA	-7.71345327682907	2.06054656029225	5.18287024675262	0.308876194936943	0.375000301404768	no	ok		-6.78974433628241
Latent_vs_Control	PWY-3841	0.591529950630144	1	0.35859375	0.717773644299031	4.52331612314965	NA	4.75860926647167	-0.414331007450044	1.32792772964822	-0.316320090179974	0.31088132274071	no	ok		4.20274408360637
Latent_vs_Control	PWY-4321	0.76969878522679	1	0.7890625	0.946514130404873	-6.18305525734199	NA	-5.85908315098642	0.13005586823286	6.22417309646593	0.0166853323116671	0.494791678441589	no	ok		-6.8698965346925
Latent_vs_Control	PWY-4702	0.682841949942456	1	0.75703125	0.917445042997361	-7.55976095930873	NA	-8.01124920413332	0.597597596420596	4.10685688468729	0.133475429248752	0.455958648521652	no	ok		-7.1832609943182
Latent_vs_Control	PWY-5005	0.256912137952489	1	0.1546875	1	0.4194200999156	NA	-0.502129621757393	2.08627544611057	2.62834805965246	0.945278994730872	0.0673613639279146	no	ok		1.6740604568898
Latent_vs_Control	PWY-5022	0.892071538490557	1	0.9578125	1	0.0218518588042915	NA	-0.472467258841403	0.288494861766893	1.87225991824343	0.16705652732123	0.458333428181143	no	ok		0.353516812551843
Latent_vs_Control	PWY-5030	0.11547643956821	1	0.0890625	0.352955402683474	1.84981627848521	NA	1.99977876275623	-1.3595526437066	1.27430251197612	-1.20046271736027	0.129535516266677	no	ok		0.81811707170707
Latent_vs_Control	PWY-5097	0.43892961868885	1	0.203125	0.565423342509972	4.25746730142002	NA	4.69201730097012	-0.428363501705684	1.07402554489444	-0.551986216203957	0.229167533102453	no	ok		4.00276322412545
Latent_vs_Control	PWY-5100	0.399638302548461	1	0.68828125	1	2.45708790771116	NA	2.36790908903908	0.696412779138195	1.64275796250608	0.376165328374209	0.341969304696059	no	ok		2.55463306450992
Latent_vs_Control	PWY-5101	0.328916829724084	1	0.19453125	0.605176144636338	-0.73644655366762	NA	0.390503279276	-2.45490276243712	2.9827700953604	-0.694968514190686	0.166668022947628	no	ok		-2.76166388975007
Latent_vs_Control	PWY-5103	0.311000188736253	1	0.2	0.562977628160345	3.84510929042839	NA	4.72540237384506	-0.836555893811361	1.27226737891464	-0.751254308953648	0.223959230903001	no	ok		3.68296347181743
Latent_vs_Control	PWY-5121	0.197596833707873	1	0.1421875	0.522859138810767	3.95631690048079	NA	4.21284557545338	-1.04247188010156	1.02007143179	-0.988460988380982	0.150260599298045	no	ok		3.8400995407734
Latent_vs_Control	PWY-5130	0.708054958849455	1	0.67421875	1	-1.05795117169274	NA	-3.47928172717618	1.58811828210389	7.00230474579211	0.312176484899565	0.312500493206364	no	ok		0.763009392405881
Latent_vs_Control	PWY-5136	0.258500346003701	1	0.2	0.562977628160345	2.11755402722685	NA	3.88248998119554	-1.83191335466906	2.60270234849331	-0.792064106276032	0.223959230903001	no	ok		1.55117135422983
Latent_vs_Control	PWY-5138	0.644528134188234	1	0.94375	0.997999698067633	0.478098681956417	NA	0.93677911892877	0.136606095675676	3.73552412072731	0.018442288409182	0.471502654635049	no	ok		-0.142883471302548
Latent_vs_Control	PWY-5154	0.188081889718966	1	0.1	0.562977628160345	3.15671768377108	NA	4.13081977158902	-1.8485247232308	1.49194136949183	-1.13330395253371	0.125001937486737	no	ok		2.2793913585259
Latent_vs_Control	PWY-5179	0.398949224599988	1	0.3265625	0.589996329442463	-7.5733359697121	NA	-6.10850111595759	-3.56615546640791	5.47818275969344	-0.57542069640347	0.253886737017369	no	ok		-8.81521262631123
Latent_vs_Control	PWY-5180	0.5633323861637	1	0.56640625	0.83822330801114	-2.65836972463115	NA	-0.969328880869458	-2.79313485409397	6.62516891588919	-0.33556129273823	0.404145300346379	no	ok		-6.6885790688703
Latent_vs_Control	PWY-5181	0.383901834507051	1	0.3203125	0.603098449632441	-7.53966668504248	NA	-6.00528450640738	-3.97710761080302	5.82211687234669	-0.698727721354985	0.255209061138005	no	ok		-8.91245526997713
Latent_vs_Control	PWY-5182	0.530896872536177	1	0.28359375	0.670909484582875	-3.38143104312447	NA	-1.98197441127071	-1.93655815002866	5.63463327306674	-0.445030273494597	0.234375836542746	no	ok		-6.76548844871284
Latent_vs_Control	PWY-5183	0.464203584560697	1	0.4203125	0.693382527482728	-7.55143309967321	NA	-6.31608259669995	-3.24828490279565	5.81078692469846	-0.528839306560287	0.259068059517974	no	ok		-8.49810586691612
Latent_vs_Control	PWY-5188	0.650672307035812	1	0.4	0.766288486256978	3.49498638585458	NA	4.45627612983735	-1.08587453100722	0.650338394028969	-0.562663768585719	0.333333757183061	no	ok		3.28837236829232
Latent_vs_Control	PWY-5189	0.659646514129604	1	0.4	0.766288486256978	3.39582789155921	NA	4.44667939080885	-1.17179514799197	0.861827919186789	-0.537012823095527	0.333333757183061	no	ok		3.17419484776098
Latent_vs_Control	PWY-5209	0.538318443528268	1	0.746875	0.965087406086355	-7.22276446562426	NA	-7.58924513534204	1.57029998272909	6.58794067142273	0.266539174221961	0.373057298378818	no	ok		-6.53250557853767
Latent_vs_Control	PWY-5265	0.371711780080594	1	0.3671875	1	2.43488362143423	NA	1.59076424337897	1.8264032147193	6.09605045894491	0.308666534668055	0.22279882279503	no	ok		3.41439399952144
Latent_vs_Control	PWY-5345	0.49634444923652	1	0.6171875	0.928765709649358	2.45479425745077	NA	2.42643274030253	-0.56405078364064	1.30061369155858	-0.459668813107857	0.414507969041735	no	ok		2.49784157356084
Latent_vs_Control	PWY-5347	0.51015275457321	1	0.68359375	1	2.8109492660847	NA	2.26774787542377	0.47152986489573	1.32026848911323	0.411515211184778	0.321243981829087	no	ok		3.2794566165835
Latent_vs_Control	PWY-5384	0.87684213228391	1	0.8078125	0.997916666666667	3.91049850490924	NA	3.79014230686214	-0.0333177505370732	1.32570161267412	-0.0270612058737046	0.479166713843149	no	ok		4.01263011675415
Latent_vs_Control	PWY-5392	0.861160891384833	1	0.72578125	0.919440213905927	-6.57227189539249	NA	-5.78096570531814	-1.06708440090013	7.71018675776992	-0.156330170369432	0.435233307989157	no	ok		-7.62097066511204
Latent_vs_Control	PWY-5415	0.537028878068317	1	0.3234375	0.695160734306884	-3.55304980206226	NA	-1.86296962719928	-2.08434675417973	6.18799145983211	-0.384761217646981	0.290156010238937	no	ok		-6.71421238556835
Latent_vs_Control	PWY-5417	0.454472010067927	1	0.35078125	0.701599017127947	-5.90043802448149	NA	-4.76447698073652	-2.59627263981303	5.61881402013414	-0.488854140582067	0.270833989132961	no	ok		-6.66533835415226
Latent_vs_Control	PWY-5419	0.675437571180326	1	0.71640625	0.908870449810115	-1.5727119055225	NA	-1.52811101151053	-0.192537459498682	1.26755505211622	-0.0971109227869786	0.453125106902353	no	ok		-1.72663550132311
Latent_vs_Control	PWY-5420	0.188716325080308	1	0.0945312500000001	0.442716856193252	-2.18136856762904	NA	-1.65853607825643	-4.98656823955033	4.32970546754467	-0.988130799887643	0.104169063671829	no	ok		-6.807203968939
Latent_vs_Control	PWY-5430	0.786295519227692	1	0.7046875	0.912245340679973	-6.55453346931252	NA	-6.51759941974603	-0.478565902674424	4.74284351434992	-0.0934227077018694	0.453125106902353	no	ok		-6.63521051372226
Latent_vs_Control	PWY-5431	0.427075744029082	1	0.30859375	0.646063625828299	-5.91359388377007	NA	-4.52323151567831	-3.14500989891254	5.39258891235762	-0.556163927063069	0.253886737017369	no	ok		-6.81080915089701
Latent_vs_Control	PWY-5466	0.745947279270656	1	0.725	0.862877906391712	-7.5754614635661	NA	-7.78582589893893	-0.0630160975837928	3.85706381786323	-0.0160057678626606	0.487046661122772	no	ok		-7.43608056221343
Latent_vs_Control	PWY-5484	0.91162243575117	1	0.83828125	0.983984997373071	4.06748243084901	NA	4.01902905834858	-0.00676702931561746	1.10047871844304	-0.00625157341523991	0.489583356890848	no	ok		4.10737733803404
Latent_vs_Control	PWY-5497	0.627709264388569	1	0.990625	1	-0.293161467412001	NA	0.0700665407260015	0.707080036681213	2.59717769125974	0.321886511886124	0.41666686042708	no	ok		-0.444426189308192
Latent_vs_Control	PWY-5505	0.300793436977469	1	0.2140625	1	1.55853499028146	NA	-0.352777423090365	2.43483740904573	2.72671661551843	0.66788182164833	0.108810546268712	no	ok		2.20292979156887
Latent_vs_Control	PWY-5531	0.327192364062317	1	0.69765625	1	-1.81470393577367	NA	-6.38742224067493	4.92251018536574	5.68566535739708	0.745752923500454	0.333333757183061	no	ok		-1.63429624260199
Latent_vs_Control	PWY-5647	0.707922086239046	1	0.68203125	0.850877451070155	-7.84184307557597	NA	-7.96767124813269	0.104569433056843	4.47187293178905	0.0282970235545707	0.481865325598072	no	ok		-7.62485685368156
Latent_vs_Control	PWY-5654	0.511452725205	1	0.328125	0.681257621386154	-4.91663909231938	NA	-3.95452411422073	-1.93230364805572	4.39162684944831	-0.393066577599082	0.290156010238937	no	ok		-6.55131415696037
Latent_vs_Control	PWY-5659	0.156763862892947	1	0.059375	0.312569339922571	3.91021230424917	NA	4.32105947725442	-0.737607573477173	0.776720306551492	-1.07369402681356	0.0725424130337005	no	ok		3.74245151181493
Latent_vs_Control	PWY-5667	0.676684954720222	1	0.3859375	0.732458902301819	4.78132810972302	NA	5.07890639904142	-0.477854786881163	1.70780425450554	-0.305783906178391	0.331606642538848	no	ok		4.47091804845238
Latent_vs_Control	PWY-5677	0.677688104512913	1	0.2890625	0.653702606898121	-1.88728039243394	NA	-0.327327605182878	-1.92214911593188	5.81346975780634	-0.31628061263993	0.264249382845496	no	ok		-2.53595493205402
Latent_vs_Control	PWY-5686	0.964932729522945	1	0.88984375	0.990163711053287	3.98148759157134	NA	3.87461971798499	0.00482335129303335	1.17367894790581	0.0048332772084572	0.494791678441589	no	ok		4.05993826157539
Latent_vs_Control	PWY-5692	0.561974421733191	1	0.7328125	0.974252665100061	-7.07542724005653	NA	-7.53229978133065	1.84629764326508	7.52721411745105	0.29125687770864	0.378238631543462	no	ok		-6.60555907636227
Latent_vs_Control	PWY-5695	0.336713018205632	1	0.2	0.562977628160345	4.61712990944083	NA	5.05949602090867	-0.594561833125966	1.08531436192339	-0.581073587853626	0.227980139005357	no	ok		4.55110851862728
Latent_vs_Control	PWY-5705	0.677271621879589	1	0.83125	0.959850944623361	-6.53171589220316	NA	-6.49441760651634	0.884046653894071	6.78001200895953	0.121121126458974	0.440414642995582	no	ok		-6.74161363933568
Latent_vs_Control	PWY-5723	0.335441476405674	1	0.4	1	0.80134439408558	NA	0.576290334073527	1.97722679342702	3.23524890473399	0.615153686134436	0.217617507910972	no	ok		1.79380540086751
Latent_vs_Control	PWY-5747	0.276138159868405	1	0.190625	0.567561082705122	0.233771980981111	NA	0.455467585308804	-1.4946771722985	2.23934718111376	-0.732038998242209	0.217617507910972	no	ok		-0.454255728596261
Latent_vs_Control	PWY-5823	0.774715624174222	1	0.69921875	0.888494958442498	-6.83774319720767	NA	-6.36122209841125	-0.390079737576328	5.82509463743371	-0.0657745897569659	0.463541749522704	no	ok		-7.30793046385821
Latent_vs_Control	PWY-5837	0.173600384765272	1	0.1	0.562977628160345	2.39710246054151	NA	4.16554008068426	-1.96326001031143	2.40589002369575	-1.03815107715238	0.125001937486737	no	ok		1.32995727006998
Latent_vs_Control	PWY-5838	0.169741136739422	1	0.10625	0.562977628160345	2.86585659740696	NA	3.32970703614073	-1.26365851173571	1.16632960469177	-1.10367717979469	0.125001937486737	no	ok		2.2286585473005
Latent_vs_Control	PWY-5840	0.196625361141203	1	0.12421875	0.562977628160345	2.81794799779574	NA	3.17764113184112	-1.20685978747465	1.23611568078461	-0.97243539879691	0.150260599298045	no	ok		2.08656670309957
Latent_vs_Control	PWY-5845	0.137688983944762	1	0.0929687500000001	0.511479309225223	2.60025586298304	NA	2.99848162740284	-1.5354777235143	1.47213495917415	-1.07255696904249	0.088085769342426	no	ok		1.97728765053414
Latent_vs_Control	PWY-5850	0.17483983515383	1	0.11484375	0.562977628160345	2.70523632965437	NA	2.98508087187463	-1.12320464105435	1.41557895748205	-0.929115864899203	0.109377266019354	no	ok		1.9637677643851
Latent_vs_Control	PWY-5855	0.35856980995345	1	0.278125	0.638022067128042	1.15371819984791	NA	1.4925983172883	-0.884715645488379	1.63844877041798	-0.6130891399983	0.255209061138005	no	ok		0.724897307307709
Latent_vs_Control	PWY-5860	0.147686439527168	1	0.1	0.562977628160345	2.68252612250997	NA	3.40713050022133	-1.62955853948191	1.25914836663373	-1.23233032688417	0.134716778472618	no	ok		1.6232484191289
Latent_vs_Control	PWY-5861	0.148526308823421	1	0.1	0.562977628160345	2.98439891209211	NA	4.47219416433207	-1.48312509045168	1.91823938705566	-1.22022071003067	0.0984481260385102	no	ok		1.9258398104119
Latent_vs_Control	PWY-5862	0.117627578893357	1	0.1	0.562977628160345	2.5251026898745	NA	3.40925863397898	-1.79935817738024	1.2573973284167	-1.28747002715634	0.134716778472618	no	ok		1.62388202522348
Latent_vs_Control	PWY-5896	0.141135980913833	1	0.0921875000000001	0.515039720176189	2.59708117584155	NA	3.00957007796418	-1.6242172997558	1.44197528951355	-1.1270442836651	0.130210178480212	no	ok		1.96232748595216
Latent_vs_Control	PWY-5897	0.167857854181671	1	0.103125	0.562977628160345	2.86264861948145	NA	3.32397149914509	-1.35526472920306	1.18217852957637	-1.09032044144895	0.139898046804075	no	ok		2.14100566009664
Latent_vs_Control	PWY-5898	0.168757275539837	1	0.10078125	0.562977628160345	2.80599588560562	NA	3.32497735735967	-1.29538955839766	1.24757717078483	-0.966812445686985	0.119173013440157	no	ok		2.14392114468592
Latent_vs_Control	PWY-5899	0.169912212526293	1	0.103125	0.562977628160345	2.86892047363165	NA	3.33311615382003	-1.31804093078953	1.23105969866961	-1.06784770271542	0.104169063671829	no	ok		2.14282931369856
Latent_vs_Control	PWY-5910	0.67327594969943	1	0.63125	0.879293998034944	-4.20716804135281	NA	-2.82442584170857	-1.28734005444278	4.67389390578836	-0.291389556099958	0.419689303598504	no	ok		-5.87466809551115
Latent_vs_Control	PWY-5913	0.553480085750724	1	0.359375	0.722362295686224	3.1551030906179	NA	4.14907357751904	-0.944312596476836	1.83242064127766	-0.490303792235456	0.312500493206364	no	ok		2.84361534765699
Latent_vs_Control	PWY-5918	0.952488660634602	1	0.4421875	0.796940677712944	3.23916800576321	NA	3.46141617255712	-0.372240218893316	1.05362460842479	-0.325148434678479	0.352331968145601	no	ok		3.08792434539928
Latent_vs_Control	PWY-5920	0.3625574403348	1	0.2296875	0.592122224539049	1.34792417302946	NA	1.50091322555607	-1.54496502341721	2.9827899033009	-0.356099500172215	0.233161456450763	no	ok		0.931809177550292
Latent_vs_Control	PWY-5973	0.959786576914567	1	0.87578125	1	4.19895517092298	NA	4.14093829660069	0.0806914118404789	0.79834053719533	0.125402512274315	0.414507969041735	no	ok		4.23544412689939
Latent_vs_Control	PWY-5989	0.127622259693911	1	0.10546875	0.562977628160345	4.04852554765445	NA	4.99495499885045	-0.987442799801965	1.05171803006945	-1.17929918839354	0.119793704330181	no	ok		3.73588368644037
Latent_vs_Control	PWY-6071	0.401154017602817	1	0.3234375	0.58699299543986	-7.45425394822712	NA	-6.01519255803738	-3.54542078792648	6.03773540887929	-0.628946221940371	0.229167533102453	no	ok		-8.70458555034678
Latent_vs_Control	PWY-6084	0.29991623547096	1	0.1890625	0.478999833047372	-7.15942490168503	NA	-4.69536836354071	-4.0951902814311	4.47321050457872	-0.778518285764459	0.181348350687537	no	ok		-8.82865649408123
Latent_vs_Control	PWY-6121	0.297346787567846	1	0.2	0.562977628160345	4.30821647861994	NA	4.97514653712897	-0.801069249215446	1.06016158402712	-0.835000435897457	0.227980139005357	no	ok		4.16297496969669
Latent_vs_Control	PWY-6122	0.311881671259268	1	0.2	0.562977628160345	4.28894229116965	NA	4.85871598677721	-0.699777568750047	0.977301203586107	-0.761803935820358	0.239584141140091	no	ok		4.19928248527655
Latent_vs_Control	PWY-6123	0.432683613471656	1	0.2046875	0.566658023614193	4.2903901038275	NA	4.79005354010024	-0.581998995714093	1.15328940765976	-0.637876019215224	0.223959230903001	no	ok		4.23316413784944
Latent_vs_Control	PWY-6124	0.425765456019151	1	0.20625	0.568442912779808	4.33438933376983	NA	4.82895342249076	-0.565710661743476	1.11511381171264	-0.601286168408212	0.213542630602218	no	ok		4.27710132053069
Latent_vs_Control	PWY-6125	0.368087489455188	1	0.2	0.562977628160345	4.149285840685	NA	4.77817139931458	-0.697774284119543	1.14381339270713	-0.701621700280181	0.238342775047909	no	ok		4.09577004254055
Latent_vs_Control	PWY-6126	0.426352648235484	1	0.2078125	0.570027037905638	4.16537066413299	NA	4.80818312625835	-0.722406577498266	1.19230674676423	-0.595192804030931	0.227980139005357	no	ok		4.10764758464131
Latent_vs_Control	PWY-6143	0.38019698867548	1	0.47890625	1	-6.38512784049338	NA	-7.52109157632584	4.67449182556112	6.5456295012606	0.624337383463127	0.239584141140091	no	ok		-1.63955017301352
Latent_vs_Control	PWY-6147	0.364656693477814	1	0.2	0.562977628160345	4.27436326585996	NA	4.7851217387955	-0.587591435739726	1.06999533234652	-0.688387697393314	0.217617507910972	no	ok		4.19052222833039
Latent_vs_Control	PWY-6148	0.703514610891586	1	0.60703125	0.826228215121818	-6.70072766484805	NA	-6.43037550170132	-0.854898576331019	3.8630602373477	-0.180606246813472	0.395833579489825	no	ok		-6.96635442169354
Latent_vs_Control	PWY-6151	0.449496372144982	1	0.2	0.562977628160345	4.29644946854058	NA	4.83355954145716	-0.654814510820481	1.56234663424869	-0.447040290862515	0.234375836542746	no	ok		4.16375512703716
Latent_vs_Control	PWY-6163	0.264230339224963	1	0.2	0.562977628160345	4.25516827785276	NA	4.75233854014443	-0.674091663264489	0.971297704629537	-0.823705936796004	0.22279882279503	no	ok		4.19919598720862
Latent_vs_Control	PWY-6168	0.526039588634697	1	0.33515625	0.692338460413395	4.22726369673183	NA	4.47514732499256	-0.482096943267502	1.17785700688163	-0.421544170221566	0.279793357301702	no	ok		3.93590250792102
Latent_vs_Control	PWY-6182	0.498903344585449	1	0.45546875	0.694418631779719	-7.18686103850369	NA	-6.13430129257365	-2.42646177889997	6.11846797514954	-0.41183575383326	0.333333757183061	no	ok		-7.84044608980984
Latent_vs_Control	PWY-6185	0.527897940694631	1	0.4828125	0.723085812343947	-7.09467943970813	NA	-5.99066366250608	-2.3362447229002	6.54969478222797	-0.371267397363203	0.352331968145601	no	ok		-7.61645031286952
Latent_vs_Control	PWY-622	0.064337477099289	1	0.1	1	2.05392490988971	NA	1.58051724513524	1.11724436283566	0.481462487814836	2.2096505642739	0.000365399848804012	no	ok		2.61912178408387
Latent_vs_Control	PWY-6263	0.110032586326828	1	0.1	1	-0.471116793231261	NA	-5.98440393066782	6.51979048972007	3.90777543202711	1.61563612061746	0.000365399848804012	no	ok		0.605370059784911
Latent_vs_Control	PWY-6269	0.94666949888032	1	0.74453125	1	2.16065695309227	NA	1.85866510556927	-0.107925389905136	1.08467925256361	-0.103579907978925	0.468750070918891	no	ok		2.45975586295821
Latent_vs_Control	PWY-6270	0.43434791725487	1	0.62890625	1	3.00519939883655	NA	2.32678182867486	0.593602334695799	1.07710533769731	0.663977122936658	0.296875549929299	no	ok		3.47422846653738
Latent_vs_Control	PWY-6277	0.314658515599523	1	0.2	0.562977628160345	4.29285757871743	NA	4.87270732405118	-0.667698763193246	0.939460639991996	-0.72912971859411	0.223959230903001	no	ok		4.2027455253177
Latent_vs_Control	PWY-6292	0.0852077621633908	1	0.12421875	1	0.492810519930111	NA	-0.0867137991181073	1.51590882519774	0.801819538820756	1.68280396380957	0.0310967802974505	no	ok		1.46307644032778
Latent_vs_Control	PWY-6293	0.881354441031225	1	0.85234375	1	-0.630935836121194	NA	-0.439103491387062	-0.0965362232588083	6.40885382943897	-0.0104111473440903	0.492227996666188	no	ok		-0.801615184393119
Latent_vs_Control	PWY-6307	0.849496018551136	1	0.80078125	0.950241128166024	-6.1979960286015	NA	-5.80629455566	0.865042213253845	7.01815951857592	0.0839412105309707	0.466321319211998	no	ok		-6.46328332277304
Latent_vs_Control	PWY-6313	0.835041625889634	1	0.71640625	0.91693012050579	-5.90018141536757	NA	-5.4294926394668	-0.628237078147829	7.33695668910232	-0.073814703499147	0.44791678569462	no	ok		-6.83163231847073
Latent_vs_Control	PWY-6317	0.588354962532222	1	0.4578125	0.808407784353664	4.41076883423149	NA	4.66035520675993	-0.447390876018088	1.10249998255321	-0.344046638332084	0.359375345192969	no	ok		4.12607060529928
Latent_vs_Control	PWY-6344	0.835988989457739	1	0.878125	0.996113922205564	-2.27087733420827	NA	-2.22506073154127	0.227652879220471	2.64823337411768	0.111370938926613	0.455958648521652	no	ok		-2.35766295365197
Latent_vs_Control	PWY-6353	0.378843428813672	1	0.653125	1	0.0104062499603472	NA	-0.499347333544154	2.13126432052784	3.46711253411648	0.623684047724209	0.307292178288741	no	ok		0.229549545274219
Latent_vs_Control	PWY-6385	0.516383844240753	1	0.3796875	0.742087879860019	4.73555365436863	NA	4.92787075799069	-0.482762485641927	1.15052028379047	-0.408172752722795	0.31088132274071	no	ok		4.49201923462682
Latent_vs_Control	PWY-6386	0.494899628219496	1	0.3640625	0.724999238364543	4.6401517572595	NA	4.81982190781639	-0.508632307152538	1.14432176721116	-0.415200039508094	0.31088132274071	no	ok		4.3921944941313
Latent_vs_Control	PWY-6387	0.50809034503351	1	0.38125	0.744394584462179	4.67201624748521	NA	4.84231079191714	-0.504418244980084	1.18394481882438	-0.4188808270184	0.322917124382044	no	ok		4.41956165561845
Latent_vs_Control	PWY-6396	0.30957687308493	1	0.44296875	1	-0.677381994260638	NA	-0.90553065762247	1.03223034531617	1.43959277105559	0.721680355198646	0.244792446817752	no	ok		0.0990948238837115
Latent_vs_Control	PWY-6435	0.901773287284695	1	0.83828125	1	-0.290235931415256	NA	0.116199882863626	-0.339999445583385	8.00374655239341	-0.0435061777452825	0.492227996666188	no	ok		-0.828913471188277
Latent_vs_Control	PWY-6467	0.385018215679114	1	0.4	0.766288486256978	3.36497896925571	NA	4.55400600763674	-1.38044977119364	0.945524514062364	-0.756209562723304	0.333333757183061	no	ok		3.17722992903739
Latent_vs_Control	PWY-6470	0.523219650818612	1	0.68828125	1	2.81764186990566	NA	2.1836117793339	1.41606961460507	1.91152686253405	0.509488352559878	0.333333757183061	no	ok		3.73341961875263
Latent_vs_Control	PWY-6471	0.197547806350275	1	0.4	1	0.815014390657733	NA	-6.02228552255472	7.58908951345615	7.27648685885689	0.921806693198559	0.227980139005357	no	ok		0.919489941304094
Latent_vs_Control	PWY-6478	0.225756476529105	1	0.2140625	1	0.109504962620161	NA	-0.268170945140761	2.3395772668378	2.61338389142812	0.892480257016727	0.0932669384237902	no	ok		0.560859831377119
Latent_vs_Control	PWY-6527	0.477885249680823	1	0.6109375	1	3.04158046643831	NA	2.87690113033566	0.567291371721421	1.17203223628237	0.514142124228692	0.312500493206364	no	ok		3.38931904849258
Latent_vs_Control	PWY-6531	0.782849908192576	1	0.60859375	0.86683188905117	-6.43262874402849	NA	-6.29466271674267	-1.05836399176901	7.60838206076239	-0.129892696425467	0.404145300346379	no	ok		-6.67548711363983
Latent_vs_Control	PWY-6562	0.236453023151563	1	0.109375	0.562977628160345	1.80111089394658	NA	2.81361148106427	-2.42104172488144	2.4392524339848	-0.822154322043935	0.103629329404354	no	ok		0.31881296937067
Latent_vs_Control	PWY-6565	0.683659578787731	1	0.5203125	0.801969478927505	-6.54488889346704	NA	-6.03569608441179	-1.76529206887275	7.16029651415378	-0.266242200763629	0.354167026979493	no	ok		-7.28532242892074
Latent_vs_Control	PWY-6588	0.756086302380809	1	0.7734375	0.928769846838407	-5.3936265351475	NA	-5.84995350054112	0.0373664882367697	4.03898977157742	0.0140871355471474	0.494791678441589	no	ok		-5.17097678800496
Latent_vs_Control	PWY-6595	0.383971500187911	1	0.59453125	1	-0.262022581114402	NA	-0.985956560391084	1.30526851447287	2.29948310605607	0.526242747428096	0.29166723654711	no	ok		0.181206369905541
Latent_vs_Control	PWY-6606	0.203718322998811	1	0.2734375	1	1.1563951136951	NA	1.01869914134327	0.89454055993959	0.828844695952991	1.12705327959103	0.14507932060197	no	ok		1.87258993268439
Latent_vs_Control	PWY-6607	0.275799777523513	1	0.346875	1	-0.284894642907418	NA	-1.30584018220818	2.56566954402051	3.23762933134344	0.727757654388125	0.196892263794227	no	ok		1.3871297670618
Latent_vs_Control	PWY-6608	0.362535350184375	1	0.64609375	1	-0.5218723610763	NA	-1.32918160222672	2.14153464796536	3.12942797708608	0.609347090201293	0.321243981829087	no	ok		-0.182491201167017
Latent_vs_Control	PWY-6609	0.49024615317101	1	0.2203125	0.580360889382399	4.60852522430107	NA	4.86051479405395	-0.46534486539267	1.31737912755285	-0.423576094101719	0.233161456450763	no	ok		4.50023268070828
Latent_vs_Control	PWY-6612	0.408530213893397	1	0.2	0.562977628160345	4.3781688606484	NA	4.80519856218991	-0.648179511532829	1.16996523074493	-0.648634415267138	0.239584141140091	no	ok		4.18445918472497
Latent_vs_Control	PWY-6628	0.275018509937151	1	0.2	0.562977628160345	4.07780380225281	NA	4.72855548660753	-0.730027544692899	1.06016190036985	-0.740438812951331	0.218750930036074	no	ok		3.98722158997946
Latent_vs_Control	PWY-6630	0.306115342090009	1	0.2	0.562977628160345	4.09076011352877	NA	4.74660287856347	-0.763273979769326	1.11781549057049	-0.706526712502114	0.227980139005357	no	ok		3.97680407410602
Latent_vs_Control	PWY-6690	0.409601189891765	1	0.34921875	0.605639965517563	-7.67859029565903	NA	-6.03958867436808	-4.0013345286236	5.53026462949152	-0.592058808349352	0.244792446817752	no	ok		-8.83586901990578
Latent_vs_Control	PWY-6700	0.245625446856174	1	0.19765625	0.562977628160345	4.26364720486959	NA	4.80869250680315	-0.706933823326324	0.967948520353248	-0.840177432407907	0.218750930036074	no	ok		4.14362376304501
Latent_vs_Control	PWY-6703	0.398425851947219	1	0.39375	0.759942255464662	3.74445709468985	NA	4.55049235735826	-0.905042360589418	0.674754893362946	-0.753883134580867	0.32812544059081	no	ok		3.66080811430241
Latent_vs_Control	PWY-6731	0.0860793489962974	1	0.1046875	1	2.59033839475412	NA	1.90294422488109	1.90404105597925	1.4966334191962	1.3327896780164	0.0103891482000488	no	ok		3.36029500331884
Latent_vs_Control	PWY-6748	0.856848648116648	1	0.990625	1	0.696480001770786	NA	0.507573139900642	0.434375449312216	2.32904320955641	0.153389696325577	0.44791678569462	no	ok		0.957794646351334
Latent_vs_Control	PWY-6749	0.656959506561567	1	0.62265625	1	-0.180405420189247	NA	-0.545828014581769	0.830350999810958	2.00911523554156	0.399195697491764	0.296875549929299	no	ok		0.361927985108264
Latent_vs_Control	PWY-6803	0.415272182004032	1	0.4203125	0.777684561993907	2.16944452806133	NA	2.26030525083427	-0.754918239843831	1.43449760440139	-0.599351875053338	0.312500493206364	no	ok		2.03846939893448
Latent_vs_Control	PWY-6823	0.305865441366115	1	0.20078125	0.565342213566248	2.78306522191344	NA	4.13483964788909	-1.15815707526981	1.57964521686658	-0.892485390627334	0.207254882531613	no	ok		2.20967560785654
Latent_vs_Control	PWY-6859	0.0748469534764282	1	0.14375	1	2.47825520329491	NA	0.54903120531073	2.21434253845852	1.81262098056708	1.53919305701279	0.0569994271840583	no	ok		3.02141404115583
Latent_vs_Control	PWY-6891	0.334492109536474	1	0.10625	1	0.967727281659468	NA	0.583873864717265	0.907062234720211	1.0771220862479	1.21424768868969	0.00523319582318488	no	ok		1.3423335568092
Latent_vs_Control	PWY-6895	0.694636128661996	1	0.721875	0.997809579439252	2.67177114111488	NA	2.60567836620736	0.132113723149759	0.433839905468217	0.271570553136908	0.362694632748351	no	ok		2.79568563517259
Latent_vs_Control	PWY-6897	0.403474085163556	1	0.2015625	0.564021662251254	4.16567002778538	NA	4.75930995674297	-0.888645687223702	1.60491071361106	-0.562515071699878	0.218750930036074	no	ok		3.84426212084548
Latent_vs_Control	PWY-6901	0.389853280388957	1	0.5375	1	2.71753927436751	NA	2.52735730756724	0.43832476707277	1.0382335030147	0.408633041422401	0.255209061138005	no	ok		2.8779785530751
Latent_vs_Control	PWY-6902	0.473445637780431	1	0.7	1	2.35152800423408	NA	0.852037242550184	1.73756503984231	1.29687526451427	0.702295174796767	0.333333757183061	no	ok		2.82312307756686
Latent_vs_Control	PWY-6906	0.399308894140159	1	0.31640625	0.600768956417194	-7.49764929273257	NA	-5.93195902035595	-3.40272960576539	4.73012567334512	-0.632392179771992	0.259068059517974	no	ok		-8.64849160712268
Latent_vs_Control	PWY-6936	0.572159432730009	1	0.3546875	0.717636748573233	3.98956785739462	NA	4.59024853329523	-0.643995355571585	1.17134747857003	-0.492762702431861	0.317708808579265	no	ok		3.86246503056199
Latent_vs_Control	PWY-6961	0.744606932576871	1	0.50546875	0.847399287513969	-1.20267771511714	NA	-0.63770703042886	-1.51303998549286	8.44196457912266	-0.175433175758306	0.380208620616848	no	ok		-2.13410831901514
Latent_vs_Control	PWY-6969	0.952190871157929	1	0.98359375	1	3.09197554624574	NA	2.97777354536235	0.174675612233602	0.762560979729418	0.183410511048103	0.453125106902353	no	ok		3.21692588201042
Latent_vs_Control	PWY-7013	0.0793493355454993	1	0.1421875	1	0.801229856257144	NA	-0.888448098969726	2.16879700940017	1.32209570078224	1.48692220888371	0.0364657846499485	no	ok		1.7809798467426
Latent_vs_Control	PWY-702	0.542999883503513	1	0.3546875	0.717179142921081	3.89631920426243	NA	4.59744456333727	-0.733601807864543	1.10092885184993	-0.485514314771908	0.302083863853441	no	ok		3.83444947902197
Latent_vs_Control	PWY-7031	0.365986137078466	1	0.4546875	1	-6.67458693873915	NA	-7.71727492930261	5.29454600475145	6.57554163749328	0.732843979020055	0.239584141140091	no	ok		-1.53148420910051
Latent_vs_Control	PWY-7090	0.810475121509597	1	0.81484375	0.979029753517634	-1.13917445524062	NA	-0.0658314930955504	-0.159191939916423	3.82747692663328	-0.0421163400845906	0.458333428181143	no	ok		-2.97617469144845
Latent_vs_Control	PWY-7094	0.888752957427843	1	0.79140625	0.976302531946574	0.277566391395736	NA	0.92523146328742	-0.159079514280231	8.60309493048567	-0.0444578753233258	0.484375035355462	no	ok		-0.287929191357928
Latent_vs_Control	PWY-7111	0.405436108674454	1	0.2	0.562977628160345	3.94934330405945	NA	4.76289830979666	-0.803053603434839	1.44215868457439	-0.598980599495571	0.229167533102453	no	ok		3.85085374630194
Latent_vs_Control	PWY-7115	0.274181348975149	1	0.19375	0.562977628160345	3.46813738534409	NA	3.84952317030606	-0.746973665284399	1.2239210814805	-0.720257043518575	0.212436194453191	no	ok		3.34554734223281
Latent_vs_Control	PWY-7117	0.583097914678199	1	0.3578125	0.72045703502151	3.6730414429334	NA	4.35796547017843	-0.739851810914308	1.29318110823143	-0.472268203280642	0.305699993864858	no	ok		3.61071395721613
Latent_vs_Control	PWY-7118	0.919199539353768	1	0.90625	1	-0.846484215220014	NA	-0.805126955182427	0.607476065068065	8.29654407005448	0.0729691502295697	0.442708464566388	no	ok		-0.862509298785796
Latent_vs_Control	PWY-7159	0.334553421958924	1	0.7	1	-1.49337726905329	NA	-6.08395387870303	4.97261113586287	5.6550400893445	0.724139828162125	0.333333757183061	no	ok		-1.10917409474097
Latent_vs_Control	PWY-7199	0.552454321260911	1	0.67265625	0.979906308488726	-7.19711061759702	NA	-7.77097442708437	2.57650466626248	5.43797493546767	0.414106866256144	0.341969304696059	no	ok		-6.37245021116105
Latent_vs_Control	PWY-7208	0.339561659696967	1	0.2109375	0.573035402559735	3.82194425074934	NA	4.59115694699502	-0.78998653566274	0.834240396402178	-0.839787997842127	0.223959230903001	no	ok		3.75677173087099
Latent_vs_Control	PWY-7220	0.495025296832132	1	0.203125	0.566149533764617	4.8275236813497	NA	5.10401690663289	-0.570003345816753	1.48325780106152	-0.513015195529328	0.218750930036074	no	ok		4.77903098311196
Latent_vs_Control	PWY-7221	0.445514587136709	1	0.2796875	0.638130584373085	4.57069835562353	NA	4.7770427319088	-0.545100194676616	1.08659878228259	-0.506230248469387	0.269430706949312	no	ok		4.34536228517206
Latent_vs_Control	PWY-7222	0.496350969704029	1	0.203125	0.566149533764617	4.83499695888657	NA	5.0987210814815	-0.53228312666731	1.53681764734512	-0.499902033967193	0.218750930036074	no	ok		4.77001363008566
Latent_vs_Control	PWY-7228	0.360549724746406	1	0.2	0.562977628160345	4.0912811835928	NA	4.76515582880362	-0.710737649372734	1.02312881569131	-0.687544005282003	0.207254882531613	no	ok		4.03037127577174
Latent_vs_Control	PWY-7229	0.488392173604108	1	0.2078125	0.570804487996289	4.38362118569601	NA	4.89640199269032	-0.587956556436617	1.29578971368489	-0.492334582834938	0.218750930036074	no	ok		4.31041622880615
Latent_vs_Control	PWY-7234	0.651996594371816	1	0.4	0.766288486256978	3.98048376748192	NA	4.65475294532458	-0.780402252487071	1.08994769582426	-0.466995252324997	0.333333757183061	no	ok		3.89782501291398
Latent_vs_Control	PWY-7237	0.24688381781025	1	0.10078125	1	1.50126333487361	NA	0.725321952203872	2.9430383576764	2.96002506479189	0.806680226800146	0.0052604506079491	no	ok		2.00578838259443
Latent_vs_Control	PWY-7238	0.282262712379825	1	0.19921875	0.562977628160345	4.24677851363378	NA	4.81173641407433	-0.868581193467809	1.28476042688489	-0.738566035732339	0.212436194453191	no	ok		4.03547472328141
Latent_vs_Control	PWY-724	0.465039863031369	1	0.209375	0.571530816484602	4.11779959592637	NA	4.65482454137397	-0.514388057845165	1.09874539699334	-0.524339099379515	0.207254882531613	no	ok		3.99082220339959
Latent_vs_Control	PWY-7254	0.892715597815945	1	0.86171875	1	2.28859080628345	NA	2.0547202579532	0.282203499269945	0.671435812583765	0.269682413889535	0.378238631543462	no	ok		2.52053001891293
Latent_vs_Control	PWY-7255	0.695826080145373	1	0.8921875	1	-4.46775374901128	NA	-6.1281124315369	1.56404001736637	5.17412634195386	0.26026739024162	0.430051973081517	no	ok		-3.78607743412081
Latent_vs_Control	PWY-7282	0.515314764542016	1	0.2484375	0.606357043530473	3.56587508085742	NA	3.98260022244494	-0.740161426685969	1.88020752427166	-0.402595152289171	0.223959230903001	no	ok		3.21877748776164
Latent_vs_Control	PWY-7294	0.336827140543952	1	0.4234375	1	-6.33756671329605	NA	-7.68456178520121	5.04006192767316	5.27595048237892	0.759331719289113	0.218750930036074	no	ok		-2.96335754189786
Latent_vs_Control	PWY-7315	0.792530633081601	1	0.53203125	0.863268766024232	-1.38697851340265	NA	-0.64059989047926	-1.67824480696465	5.36589743257458	-0.248634903412613	0.380208620616848	no	ok		-2.34334028881396
Latent_vs_Control	PWY-7316	0.884223408927932	1	0.6765625	0.981624544988575	0.0250631968557693	NA	0.380595194081689	-0.699133443257789	2.6818762952716	-0.219830847030926	0.437500143526281	no	ok		-0.511528621085495
Latent_vs_Control	PWY-7323	0.631168785503489	1	0.840625	0.971725565485125	2.89583097720695	NA	2.84279660585957	-0.000829532297500712	0.797666451719943	-0.00199319722970427	0.494791678441589	no	ok		2.948081806486
Latent_vs_Control	PWY-7328	0.228716139246798	1	0.3640625	1	0.607474102154877	NA	0.383876237490584	1.47208380461703	1.93420623539502	0.862912835289377	0.217617507910972	no	ok		1.55647564564851
Latent_vs_Control	PWY-7332	0.580643175257005	1	0.7140625	0.966453829407087	-7.20523292367935	NA	-7.57365144244688	1.52540432026393	7.51223956780328	0.226894916991678	0.406250219647385	no	ok		-6.77045684830703
Latent_vs_Control	PWY-7340	0.690058814284045	1	0.79453125	0.966289882965945	-7.69252929134627	NA	-7.89600906082692	1.38963754133882	4.76634999531317	0.228799784401041	0.398963966228268	no	ok		-7.43799705908841
Latent_vs_Control	PWY-7345	0.873554214506913	1	0.90625	1	3.99780302910843	NA	3.89080180824749	0.136474947720782	1.30485380855052	0.117576474602506	0.395833579489825	no	ok		4.10990699751652
Latent_vs_Control	PWY-7347	0.641344857460954	1	0.71875	0.959302102069307	-7.38339803523907	NA	-7.76466372074464	1.53378536601222	4.74827832467683	0.275603242681378	0.347150636268329	no	ok		-6.75727224955765
Latent_vs_Control	PWY-7356	0.689148032782726	1	0.40859375	0.752764425921248	3.88985586662988	NA	4.35813239096497	-0.684710188035498	2.63729965121187	-0.264204722366865	0.322917124382044	no	ok		3.37934833360327
Latent_vs_Control	PWY-7357	0.562379415387998	1	0.35	0.70942223603873	4.47166885686516	NA	4.87489694894791	-0.712981059673204	2.02997022114635	-0.336532061558179	0.307292178288741	no	ok		3.96986685732243
Latent_vs_Control	PWY-7377	0.101371981994608	1	0.1765625	1	0.94864730490127	NA	-0.0712319771193402	1.60186038672024	1.16363803968389	1.35357901885946	0.0932669384237902	no	ok		1.57981171269816
Latent_vs_Control	PWY-7383	0.485898746550683	1	0.7984375	1	1.44172941011613	NA	1.53416661261518	-0.00596175583788838	2.66285210892774	-0.00157852967317129	0.492227996666188	no	ok		1.36195162419026
Latent_vs_Control	PWY-7392	0.216739249373906	1	0.221875	1	3.01486956810615	NA	1.95016534820533	1.07172107539123	1.0700919625119	1.05100474327548	0.140626680483796	no	ok		3.58668916289601
Latent_vs_Control	PWY-7399	0.70983320855382	1	0.75546875	0.947202180993343	-7.11549394943183	NA	-7.47452871150061	0.895787796704488	4.49554792456554	0.189534446157408	0.409326634621006	no	ok		-6.42092481637178
Latent_vs_Control	PWY-7400	0.206654741261989	1	0.1	0.562977628160345	3.1742855106105	NA	4.27053382238161	-1.52190610089306	1.56192851641086	-1.15976789026152	0.12435426095506	no	ok		2.20609119263558
Latent_vs_Control	PWY-7431	0.822941909263932	1	0.6953125	0.906808383802264	-5.6843276730552	NA	-5.20311918938708	-0.956498747764101	6.55201124825406	-0.153984257161642	0.455958648521652	no	ok		-6.80639028340313
Latent_vs_Control	PWY-7434	0.214507467169622	1	0.1	0.562977628160345	0.111283458712248	NA	2.02382894912893	-7.68959485337989	6.39234206607951	-1.0140387945712	0.113991774788286	no	ok		-7.00829154447657
Latent_vs_Control	PWY-7456	0.297597110432015	1	0.22734375	0.591133831144685	-0.737990288882624	NA	1.68729742981373	-2.66468410871901	3.28938158656535	-0.828500911917277	0.238342775047909	no	ok		-1.12812413361483
Latent_vs_Control	PWY-7480	0.569974537580507	1	0.421875	0.75720757874877	-4.31848427289183	NA	-3.11749010335361	-1.91256432741636	4.99951638208175	-0.356991571830235	0.312500493206364	no	ok		-6.53036856043161
Latent_vs_Control	PWY-7560	0.12012975974766	1	0.0984375000000001	0.536369699861893	3.92328822345576	NA	4.68686921597089	-1.17332560435639	0.942975498613473	-1.19896988133615	0.113991774788286	no	ok		3.57448982728838
Latent_vs_Control	PWY-7644	0.577515527046307	1	0.73984375	0.970669775232532	-7.03995982371146	NA	-7.48208820045912	1.96740640904997	6.7330116824353	0.255505405692222	0.373057298378818	no	ok		-6.53500766538899
Latent_vs_Control	PWY-7663	0.827899509965925	1	0.64140625	0.950477472200409	4.86225054731833	NA	5.03685407279071	-0.303121441273929	1.08438346250676	-0.252601280840404	0.419689303598504	no	ok		4.58174247021373
Latent_vs_Control	PWY-7674	0.743071490045376	1	0.66328125	0.826024195606505	-7.73006922453493	NA	-7.73154329342866	0.0804278178327031	3.50495820439729	0.0170940500659412	0.487046661122772	no	ok		-7.73006922453493
Latent_vs_Control	PWY-7761	0.731532999745303	1	0.7	1	3.38481435343076	NA	3.19838606878418	-0.476033849894459	1.4733199041214	-0.323309587870508	0.4455959780921	no	ok		3.56829767705332
Latent_vs_Control	PWY-7783	0.277732175721895	1	0.4140625	1	-1.03972187018709	NA	-1.97095515440844	2.46175525583086	3.42105679001767	0.69172295897521	0.227980139005357	no	ok		-0.759495846711244
Latent_vs_Control	PWY-7790	0.895290752797674	1	0.8921875	1	3.88842143413585	NA	3.67633347218164	0.0578303939287652	1.4569906471149	0.0430390294479462	0.461139983838242	no	ok		4.06813855553143
Latent_vs_Control	PWY-7791	0.859985537412788	1	0.91796875	1	3.8817156570126	NA	3.6514583260892	0.0396902044401557	1.3727331746736	0.0274177715302948	0.466321319211998	no	ok		4.06930391351834
Latent_vs_Control	PWY-7807	0.622643830427343	1	0.69296875	0.967585669785995	-7.41569193314826	NA	-7.80189333478788	1.38482699587454	5.17123557024419	0.244249817942716	0.362694632748351	no	ok		-6.51954453845662
Latent_vs_Control	PWY-7820	0.590791446875332	1	0.56015625	0.85202095447084	-1.33102291320495	NA	-0.796693770613073	-1.13633978701724	2.57103242468117	-0.42495220121239	0.398963966228268	no	ok		-2.8903201172569
Latent_vs_Control	PWY-7851	0.694423241496769	1	0.48046875	0.814160795484073	4.56095141848427	NA	4.74792949728315	-0.444884619334764	1.41803800429247	-0.286528858280308	0.362694632748351	no	ok		4.32098683276176
Latent_vs_Control	PWY-7873	0.417507227750573	1	0.38125	0.610607087778055	-7.74342685761143	NA	-5.92759613292688	-3.58160876376918	6.08089910471003	-0.512880937851052	0.259068059517974	no	ok		-8.72810028021325
Latent_vs_Control	PWY-7874	0.821067701405498	1	0.5953125	0.85287917401819	-6.07350766126541	NA	-5.69830700462245	-0.249621585737482	7.72619087871572	-0.0329762035981053	0.432291822583124	no	ok		-6.76174325859633
Latent_vs_Control	PWY-7883	0.134664109296792	1	0.1	0.562977628160345	3.24917119992994	NA	4.60262723609306	-1.25587106057147	1.60181770843425	-1.20228096094549	0.119173013440157	no	ok		2.54559665211897
Latent_vs_Control	PWY-7913	0.563285914641868	1	0.6	1	-6.65452046904041	NA	-7.78366600677875	2.37304094442613	4.77800706862124	0.398339636149321	0.29166723654711	no	ok		-4.87201426948139
Latent_vs_Control	PWY-7953	0.525177278453641	1	0.384375	0.747787383814661	4.67012903043328	NA	4.8418044695206	-0.459647625563709	1.15296666630896	-0.420986883523448	0.338542074137571	no	ok		4.43297101735565
Latent_vs_Control	PWY-7977	0.152148234231411	1	0.10078125	0.562977628160345	3.66497769561769	NA	4.06434867927201	-1.08969708231643	0.662373005245156	-1.2863229855263	0.119173013440157	no	ok		2.71466416782675
Latent_vs_Control	PWY-7992	0.0832739012610076	1	0.1	1	-0.429603583743293	NA	-5.56171648482278	6.842661918574	3.65586802184325	1.86378750970959	0.000365399848804012	no	ok		1.65600458421001
Latent_vs_Control	PWY-8004	0.400143070387047	1	0.4	0.766288486256978	1.56199135820048	NA	2.01005867027866	-1.34811701374826	3.51673051119986	-0.36561330844533	0.316062652070532	no	ok		1.14473803090254
Latent_vs_Control	PWY-801	0.858226221978009	1	0.85234375	1	-1.30216290235082	NA	-1.12022122224189	-0.152340272152802	6.01581897585975	-0.0192342416271916	0.494791678441589	no	ok		-1.47855927657207
Latent_vs_Control	PWY-8011	0.686144201513821	1	0.3546875	0.715129329269953	-2.12257056831277	NA	-1.33484444693643	-1.30060056790098	5.1176827981271	-0.324713217553178	0.302083863853441	no	ok		-2.35940152780924
Latent_vs_Control	PWY-8073	0.100335060457503	1	0.01484375	0.0844639868584109	3.7041900546712	NA	4.61025081383465	-1.34891202690371	0.764483140062779	-1.44893344125081	0.0259172268997107	no	ok		3.24360615285249
Latent_vs_Control	PWY-8131	0.907508096109406	1	0.52421875	0.855810157345786	-1.54974723077377	NA	-1.36675814426714	-0.545298619303978	2.05068095101703	-0.227445576602711	0.388601298505214	no	ok		-2.01106178600182
Latent_vs_Control	PWY-8178	0.538806207973061	1	0.3609375	0.721249293717937	4.70767016717241	NA	4.88923229799479	-0.345004528368698	0.885380425292037	-0.381748255746579	0.31088132274071	no	ok		4.50251696015714
Latent_vs_Control	PWY-8187	0.688806811369988	1	0.9625	1	1.48855165148601	NA	1.32453092266429	0.343345384064738	0.926074728350038	0.283942302247853	0.427083501745963	no	ok		1.70961391364596
Latent_vs_Control	PWY-8190	0.449781132596747	1	0.35234375	0.706007827186229	-0.735233427385438	NA	-0.457679367907757	-0.786907604720964	2.71218332061944	-0.205853447476822	0.300518665469849	no	ok		-1.18978009979388
Latent_vs_Control	PWY-821	0.269136831884525	1	0.36328125	1	1.03006369151366	NA	0.884668758388698	1.52279566343649	1.89269884355743	0.61243245428206	0.187501159223769	no	ok		1.25204598737126
Latent_vs_Control	PWY-822	0.0745416229123487	1	0.115625	1	-4.76299828068881	NA	-7.70121763120577	6.95591055853939	4.1657817021665	1.53746572040746	0.020738564384523	no	ok		-1.2975546215653
Latent_vs_Control	PWY-841	0.37801366521155	1	0.203125	0.565771178179566	4.18795916405163	NA	4.84410180498763	-0.726148024264181	1.00738756380803	-0.737523316199028	0.229167533102453	no	ok		4.13550314336624
Latent_vs_Control	PWY-922	0.685424263300099	1	0.61328125	0.873243510744778	-4.32880045852589	NA	-3.22026379352101	-0.696916557732864	4.69050448712147	-0.158486501929269	0.424870638281578	no	ok		-5.76644650792321
Latent_vs_Control	PWY-I9	0.617172764807226	1	0.3109375	0.674443971499286	3.91610469363612	NA	4.58128776233762	-0.686912595014511	1.45462152319947	-0.423348560428663	0.29166723654711	no	ok		3.84989615430511
Latent_vs_Control	PWY0-1061	0.243034648293044	1	0.2	0.562977628160345	4.00860848351139	NA	4.77315466999848	-1.02768082409203	1.52383751204289	-0.741727455063988	0.213542630602218	no	ok		3.95407068139929
Latent_vs_Control	PWY0-1241	0.269802347976224	1	0.16796875	0.562977628160345	2.55272709537697	NA	4.35003051935	-1.25649862172788	2.23940538286476	-0.981598608056233	0.187501159223769	no	ok		1.67207266617457
Latent_vs_Control	PWY0-1261	0.172277574436964	1	0.1	0.562977628160345	3.34760831200845	NA	4.74304374375309	-1.23396660702616	1.22364811070661	-1.19239117710908	0.12435426095506	no	ok		2.59839605110026
Latent_vs_Control	PWY0-1277	0.420906940987313	1	0.37109375	0.637641802580803	-7.72730704358767	NA	-6.29072703531431	-3.2639166563467	5.89330196122307	-0.590470809078192	0.260417369656193	no	ok		-8.72825893665663
Latent_vs_Control	PWY0-1296	0.741076280160085	1	0.70234375	1	2.4079194093281	NA	1.63839742502324	0.758332565894522	2.39772807969138	0.446127870702679	0.333333757183061	no	ok		3.42090597881447
Latent_vs_Control	PWY0-1297	0.433111340160339	1	0.5078125	1	2.3596405308899	NA	1.988445631067	1.12458594172856	1.77210108083538	0.63968750424323	0.259068059517974	no	ok		3.44752218420155
Latent_vs_Control	PWY0-1319	0.669934081850875	1	0.3796875	0.727353131539557	4.83178241059699	NA	5.07493432718834	-0.49786077075309	1.66612492348328	-0.328861501303337	0.312500493206364	no	ok		4.46696527604911
Latent_vs_Control	PWY0-1337	0.400097379383197	1	0.3375	0.613256957870715	-7.7153440915087	NA	-6.18370727249618	-3.88878142448076	6.86058213709302	-0.601046978124236	0.274612031782545	no	ok		-8.6032327770314
Latent_vs_Control	PWY0-1415	0.224954298689231	1	0.10078125	0.562977628160345	1.74871135440391	NA	4.07999013311187	-1.99751626478042	3.61538536515938	-0.968280534509668	0.109377266019354	no	ok		-0.337621235974201
Latent_vs_Control	PWY0-1477	0.914007118849028	1	0.85	1	-0.0605406204999763	NA	0.281063142266546	0.130614332269835	2.19731303670585	0.0703219840155259	0.487046661122772	no	ok		-0.437369149246906
Latent_vs_Control	PWY0-1479	0.202501554995815	1	0.15	0.562977628160345	2.7971348818044	NA	4.53850250309769	-1.45806715571613	1.6588747292543	-1.0742179584423	0.170985754107053	no	ok		2.27613943507922
Latent_vs_Control	PWY0-1533	0.624340494399114	1	0.72734375	0.972255861199012	-7.47285385305224	NA	-7.99646745195598	1.18112138910968	4.37127059179571	0.245077457950195	0.39062525967192	no	ok		-6.85590783465318
Latent_vs_Control	PWY0-1586	0.441517471091968	1	0.221875	0.581585596920557	6.25412614549687	NA	6.61809706246932	-0.728128559432696	1.51527191520375	-0.502058781241789	0.238342775047909	no	ok		5.94385850291232
Latent_vs_Control	PWY0-162	0.582588492735725	1	0.4828125	0.825071987899423	3.85324170838577	NA	3.87938602203904	-0.334416777584915	1.01522362618392	-0.361244577566436	0.369791982420647	no	ok		3.82864701243279
Latent_vs_Control	PWY0-301	0.443418470850509	1	0.3078125	0.66968041476063	0.963405358293611	NA	1.59715625549738	-1.26221535120227	2.38045688999149	-0.535353280851525	0.269430706949312	no	ok		0.0836705778383884
Latent_vs_Control	PWY0-321	0.392068256461186	1	0.3515625	0.624558103928246	-7.76122431847014	NA	-6.18008873138444	-3.63673443123244	6.25995624870435	-0.5912393242359	0.265625679004813	no	ok		-8.90806562525288
Latent_vs_Control	PWY0-41	0.53946267490008	1	0.6984375	0.973016655420935	-7.24888713408236	NA	-7.60818420335059	1.69613142011882	6.36264678813247	0.243398265419096	0.367875965442486	no	ok		-6.41414867624016
Latent_vs_Control	PWY0-42	0.621332255096388	1	0.784375	1	-3.26027063079492	NA	-6.24531477876812	2.17972490040418	5.83089731341061	0.246894853273921	0.383419964923157	no	ok		-2.35509178916913
Latent_vs_Control	PWY0-781	0.910531266629922	1	0.765625	1	3.06599345687991	NA	2.67010123012032	-0.0590144273995508	0.973600417332547	-0.081101963886312	0.471502654635049	no	ok		3.3197125798976
Latent_vs_Control	PWY0-845	0.414760285072766	1	0.36640625	0.728741256629966	2.54377332408272	NA	2.72973210713261	-0.611596450234969	1.16204420816124	-0.540304926183509	0.338542074137571	no	ok		2.30011575080093
Latent_vs_Control	PWY0-862	0.409653311388853	1	0.2	0.562977628160345	3.89855156445196	NA	4.79201313081667	-1.02249968951282	2.44399711323299	-0.491798627395581	0.213542630602218	no	ok		3.79106736127321
Latent_vs_Control	PWY1ZNC-1	0.232887355170122	1	0.33359375	1	-0.213120952862388	NA	-0.532247529504105	2.82674926006163	3.23764101813755	0.816652744333005	0.145834940058562	no	ok		0.0485826835656713
Latent_vs_Control	PWY3O-4107	0.675172646367794	1	0.67734375	0.974440902642274	2.94807786131137	NA	3.08522333618965	-0.233408441621675	1.06578376386845	-0.196230765620821	0.435233307989157	no	ok		2.82512316091656
Latent_vs_Control	PWY490-3	0.0805074136321054	1	0.10859375	1	-0.341844410686257	NA	-1.53743666068629	2.62524861847354	1.58778027202707	1.67716436065749	0.0104432568618351	no	ok		0.979083934298153
Latent_vs_Control	PWY4FS-7	0.653410817959839	1	0.27265625	0.628720149088082	4.61656132651972	NA	5.02064019685182	-0.486295735885178	1.85708488402103	-0.388985061603229	0.269430706949312	no	ok		4.26745636530039
Latent_vs_Control	PWY4FS-8	0.648477232676751	1	0.27734375	0.633743103341495	4.5712483082977	NA	5.01564590732124	-0.479651268664137	1.83879244550435	-0.350136935195885	0.274612031782545	no	ok		4.26946601431579
Latent_vs_Control	PWY4LZ-257	0.379231623162233	1	0.34921875	0.597161353809038	-7.59942596882059	NA	-6.05595182321223	-3.84477881827008	6.50576683325509	-0.676434315436291	0.253886737017369	no	ok		-8.62300570538296
Latent_vs_Control	PWY66-389	0.262747160630747	1	0.2	1	2.1630458171255	NA	1.09970151332924	2.00623109926686	1.6523305572608	0.743125262981809	0.129535516266677	no	ok		3.10326869342248
Latent_vs_Control	PWY66-391	0.393914077260683	1	0.45546875	1	-6.64328583148827	NA	-7.89080676984694	3.89315425002547	5.44916336103833	0.740171675424739	0.229167533102453	no	ok		-2.91552595226626
Latent_vs_Control	PWY66-399	0.465943012776161	1	0.925	0.998056402439024	2.07032614841304	NA	2.16166020587907	0.0827046169990391	3.68911566635874	0.0131332050693383	0.463541749522704	no	ok		1.97201264085445
Latent_vs_Control	PWY66-409	0.30696312700015	1	0.4	1	-0.898724274288373	NA	-6.0454467648719	5.97771558718001	6.16404864700544	0.794031438157239	0.217617507910972	no	ok		-0.233445784762355
Latent_vs_Control	PYRIDNUCSAL-PWY	0.364574559944935	1	0.4203125	0.773081777095152	2.60036451740949	NA	2.68423475178498	-0.888323158076979	1.53283869686414	-0.567452534241659	0.359375345192969	no	ok		2.51946053966378
Latent_vs_Control	PYRIDNUCSYN-PWY	0.222764024978975	1	0.121875	0.437631733947365	2.11062611888006	NA	2.52888783884296	-0.700646238945018	0.907768886343938	-0.862915943371594	0.14507932060197	no	ok		2.00412150914113
Latent_vs_Control	PYRIDOXSYN-PWY	0.392202175528836	1	0.3328125	0.689038606063819	2.56947338106573	NA	2.8518718441862	-0.516622520040371	1.02643583493461	-0.554339792833928	0.290156010238937	no	ok		2.32462644446108
Latent_vs_Control	REDCITCYC	0.838114167764267	1	0.9203125	0.996229598956437	1.30776722632974	NA	1.30678425357284	0.10860717792582	0.962112058754335	0.1133176331691	0.442708464566388	no	ok		1.30959111784591
Latent_vs_Control	RHAMCAT-PWY	0.141119094858822	1	0.12734375	1	0.587366484555221	NA	-0.562864825993465	2.58709500227361	2.27333040116349	1.22445095861584	0.0468807289310827	no	ok		1.18881014198619
Latent_vs_Control	RIBOSYN2-PWY	0.444400053903323	1	0.215625	0.576546171581552	4.28555821290542	NA	4.7006455338993	-0.669957925553888	1.21829622643692	-0.555242862581961	0.233161456450763	no	ok		3.98655952906293
Latent_vs_Control	RUMP-PWY	0.341059171312767	1	0.4078125	1	0.0964137985865179	NA	-1.05161693221124	1.76875284157164	2.80208492309197	0.40587212762088	0.213542630602218	no	ok		0.800055338472689
Latent_vs_Control	SALVADEHYPOX-PWY	0.222598685422251	1	0.3421875	1	-0.0867108850194764	NA	-1.03727092985324	3.20569556956352	3.84281610584943	0.875419182679409	0.217617507910972	no	ok		2.49391446534
Latent_vs_Control	SER-GLYSYN-PWY	0.142312210877241	1	0.10546875	0.415243051295219	4.02316862106381	NA	4.66566681527715	-0.769077368226514	0.659060582614519	-1.2626439819368	0.093752701946487	no	ok		3.9127597184654
Latent_vs_Control	SO4ASSIM-PWY	0.832404493045955	1	0.66171875	0.948901738182992	1.42206112148792	NA	1.36266280496768	-0.177948715202759	1.8416564681585	-0.103953547073039	0.442708464566388	no	ok		1.52387337261759
Latent_vs_Control	SUCSYN-PWY	0.602358399696773	1	0.7125	0.965900139631677	-7.38030493239447	NA	-7.933017558305	1.94800815667985	5.29371816461796	0.303739659341486	0.362694632748351	no	ok		-6.8552336071187
Latent_vs_Control	SULFATE-CYS-PWY	0.625910324386695	1	0.60625	0.921264072072229	2.27500153325549	NA	2.23584535831272	-0.592893604476557	1.67864879696882	-0.365821891114069	0.411458539964782	no	ok		2.33381617783396
Latent_vs_Control	THISYNARA-PWY	0.857970351752095	1	0.68828125	0.980042235456828	3.65096174824685	NA	3.55912898412782	-0.182688027705743	1.44539456996395	-0.155314579517511	0.450777313270224	no	ok		3.71456743400168
Latent_vs_Control	THRESYN-PWY	0.415973673550281	1	0.2015625	0.564715965054932	4.16241854584349	NA	4.73083620770502	-0.591567843849172	0.970755421560735	-0.582216424564723	0.217617507910972	no	ok		4.09020577663029
Latent_vs_Control	TOLUENE-DEG-3-OH-PWY	0.500201382378633	1	0.2515625	0.640801530524999	-3.36726590077412	NA	-1.92505026338677	-3.03727370184591	6.03484826667726	-0.461618082848695	0.229167533102453	no	ok		-6.87471184602498
Latent_vs_Control	TRNA-CHARGING-PWY	0.405668621490505	1	0.21875	0.578844652421609	4.49506071483683	NA	4.82569349357779	-0.570232345842091	1.091548887085	-0.551559938535596	0.227980139005357	no	ok		4.34235846344653
Latent_vs_Control	UDPNAGSYN-PWY	0.845811391106499	1	0.7109375	0.926618054306398	4.22257979796754	NA	4.56086975930355	-0.077515529596262	1.93588947599524	-0.0596769346467035	0.440414642995582	no	ok		3.85769860603293
Latent_vs_Control	URDEGR-PWY	0.524030259743258	1	0.7328125	0.978445027398249	-7.33062655304704	NA	-7.77247335605545	1.68749485736077	6.82153029453164	0.27797979315539	0.375000301404768	no	ok		-6.71911373013701
Latent_vs_Control	URSIN-PWY	0.873752782061789	1	0.73046875	0.93072708425476	-5.55090689733959	NA	-4.83663521534442	-0.399023303472104	7.00436695817043	-0.0467627037462278	0.487046661122772	no	ok		-6.60551590466876
Latent_vs_Control	VALSYN-PWY	0.311866526972613	1	0.2	0.562977628160345	3.97735288163433	NA	4.87478314794071	-0.962452800696914	1.26249623033547	-0.76372456360122	0.196892263794227	no	ok		3.80796569007877
Active_vs_Latent	DENITRIFICATION-PWY	0.0548260933092509	0.745270373635512	0.1265625	0.767359155472634	1.40213581580737	1.90404699089492	NA	-0.674197868162976	0.278411937361349	-2.11350785749514	0.0259172268997107	no	ok		1.21431630834582
Active_vs_Latent	ARO-PWY	0.135985309273301	0.765998326970276	0.18515625	0.767901714953341	3.90587768685475	4.31266099448265	NA	-0.961942088004264	0.938449685361791	-1.09625270395096	0.0518185718095555	no	ok		3.79997518919327
Active_vs_Latent	BRANCHED-CHAIN-AA-SYN-PWY	0.18790490446295	0.765998326970276	0.2609375	0.785849269136977	3.58144191808358	3.80837214943765	NA	-0.985016041634323	1.02530387742019	-0.940279334962253	0.155441882399723	no	ok		3.36028515166249
Active_vs_Latent	CALVIN-PWY	0.187013920298038	0.765998326970276	0.30625	0.814481179164986	4.27250769280878	4.61957239234641	NA	-0.966925936495983	1.09072619693624	-0.924031634327176	0.160623169477903	no	ok		4.20421759326628
Active_vs_Latent	COLANSYN-PWY	0.107418070603009	0.765998326970276	0.184375	0.761528855467931	3.16578962014488	3.84902554898069	NA	-0.984244375761742	0.663570312183869	-1.3964008379593	0.093752701946487	no	ok		2.6732633902724
Active_vs_Latent	COMPLETE-ARO-PWY	0.165627356655528	0.765998326970276	0.23515625	0.780772953441666	3.95510984049594	4.26173102724447	NA	-0.983855179889161	0.955961879591781	-1.0509159981135	0.12435426095506	no	ok		3.87012112538662
Active_vs_Latent	DENOVOPURINE2-PWY	0.137077641651415	0.765998326970276	0.19765625	0.772968898978343	3.88400124145813	4.30069423365016	NA	-1.02497438262073	0.993319976024607	-1.07185052167762	0.0621803641624311	no	ok		3.77141149142916
Active_vs_Latent	FOLSYN-PWY	0.179121624811364	0.765998326970276	0.2734375	0.793323573124541	4.07662654421367	4.51271175353228	NA	-0.981708351339738	1.03182785800706	-0.966473171467493	0.165804460157045	no	ok		3.92612769518667
Active_vs_Latent	GLYCOCAT-PWY	0.139453499117414	0.765998326970276	0.2	0.763907497427205	2.73675378935695	3.59154019093327	NA	-2.39828515329673	1.90235140961461	-1.2180364546533	0.109377266019354	no	ok		1.09015778547108
Active_vs_Latent	GLYCOGENSYNTH-PWY	0.167999564767836	0.765998326970276	0.18515625	0.766911400754457	3.88501300789634	4.11629161610378	NA	-0.921639892350591	0.960496762340974	-1.04098945509773	0.0572962975540445	no	ok		3.77752910449022
Active_vs_Latent	HISDEG-PWY	0.0513427465655744	0.765998326970276	0.10234375	0.760742651269284	1.38832884094281	2.07226205506998	NA	-1.45423735509806	0.730777416086995	-1.94856296998634	0.000365399848804012	no	ok		0.690719572828657
Active_vs_Latent	HSERMETANA-PWY	0.158111543327112	0.765998326970276	0.221875	0.767165355692288	3.20373030213815	3.68980292745182	NA	-1.04361169468259	0.930453975958611	-1.0514044807924	0.129535516266677	no	ok		2.91974693734402
Active_vs_Latent	METHGLYUT-PWY	0.181521847862188	0.765998326970276	0.2734375	0.803275769410736	2.43611106328059	2.76043721922076	NA	-1.50736001127826	1.33449604940097	-1.07799299579242	0.130210178480212	no	ok		1.28702742367759
Active_vs_Latent	NAGLIPASYN-PWY	0.119873543547571	0.765998326970276	0.14296875	0.760322317116851	3.31758006051782	4.18746055281055	NA	-1.28543628489293	0.798714093252757	-1.56039944629429	0.0518185718095555	no	ok		2.87458180783589
Active_vs_Latent	NONMEVIPP-PWY	0.118009599616919	0.765998326970276	0.171875	0.76070292609121	3.66333622629866	4.08922579688752	NA	-1.26017062518422	1.06533371754796	-1.19088325484099	0.0673613639279146	no	ok		3.25312373310962
Active_vs_Latent	P42-PWY	0.0926530979262981	0.765998326970276	0.1578125	0.760721550932278	3.43129256146613	4.06965586162169	NA	-1.10858250077138	0.692491371173913	-1.47399777023918	0.0621803641624311	no	ok		2.9574487914895
Active_vs_Latent	PANTO-PWY	0.0864606952605042	0.765998326970276	0.13203125	0.760322317116851	3.050588016644	3.57872611927762	NA	-0.747126139765502	0.404344429523936	-1.63029129579395	0.0414572280738825	no	ok		2.75333135990146
Active_vs_Latent	PANTOSYN-PWY	0.104508492905876	0.765998326970276	0.18046875	0.760742651269284	3.38266318273393	3.87685333688192	NA	-0.735293218058597	0.570136881233005	-1.26093998310577	0.0885445476297529	no	ok		3.01244136970785
Active_vs_Latent	PPGPPMET-PWY	0.105114414614935	0.765998326970276	0.17890625	0.761063394886737	4.01078726872477	4.56800558682216	NA	-1.38532673383191	0.973250653490724	-1.30805713948978	0.06771220268144	no	ok		3.37437373614232
Active_vs_Latent	PWY-1269	0.177398121106481	0.765998326970276	0.2046875	0.763860133933716	3.13890671118603	4.1248006213428	NA	-1.25925414571137	0.910631877483341	-1.18005702404621	0.12435426095506	no	ok		2.81715121723807
Active_vs_Latent	PWY-1861	0.139108549842011	0.765998326970276	0.109375	0.760322317116851	2.2347020862032	2.50346677788806	NA	-1.72346439848503	1.19999207962261	-1.30292526516661	0.0104432568618351	no	ok		0.802676976936898
Active_vs_Latent	PWY-3001	0.167693391556514	0.765998326970276	0.22734375	0.773314036788278	3.73252811755509	4.03975356671739	NA	-0.888138104226892	0.889154999980857	-1.02723237375541	0.12435426095506	no	ok		3.59735777218587
Active_vs_Latent	PWY-5030	0.0558559686849704	0.765998326970276	0.10859375	0.761063394886737	1.63999188951067	2.24673182740449	NA	-1.66400096734045	0.938637418712534	-1.84751364136557	0.0104432568618351	no	ok		0.447257997388108
Active_vs_Latent	PWY-5103	0.184746485481589	0.765998326970276	0.25078125	0.779992565831067	3.578311371174	3.82962182971696	NA	-1.06222424437375	1.04030018774932	-0.986365000552417	0.176167051036588	no	ok		3.35962918270071
Active_vs_Latent	PWY-5121	0.136239948080733	0.765998326970276	0.16015625	0.763748824769866	3.68158361512413	4.09091977773657	NA	-1.02935814350274	1.02677199717533	-1.13171198590566	0.06771220268144	no	ok		3.52137134330515
Active_vs_Latent	PWY-5659	0.0568149281024692	0.765998326970276	0.1	0.760322317116851	3.77783702032356	4.2657188224128	NA	-1.0775192413661	0.592010928294075	-1.89889658270532	0.000365399848804012	no	ok		3.40185812243973
Active_vs_Latent	PWY-5695	0.170258256823754	0.765998326970276	0.24296875	0.779065309962277	4.32502197461788	4.65888891823389	NA	-0.964387922654394	1.03042832295831	-0.997223011581757	0.129535516266677	no	ok		4.19777296214885
Active_vs_Latent	PWY-5838	0.159808683149107	0.765998326970276	0.209375	0.765901107030727	2.48593432439068	3.58838840899206	NA	-1.53339122860885	1.41894016748718	-1.10479643531641	0.129535516266677	no	ok		1.86454857751155
Active_vs_Latent	PWY-5840	0.174970063313644	0.765998326970276	0.2046875	0.764964679113982	2.39425134523195	3.14954317764097	NA	-1.29140237852796	1.18106659911677	-0.961407479371192	0.0989608748927561	no	ok		1.71478082516218
Active_vs_Latent	PWY-5845	0.160591177273233	0.765998326970276	0.2046875	0.766065662046177	2.15290031936697	2.9170876667015	NA	-1.18650932604883	1.09001321881107	-1.13108999388522	0.125001937486737	no	ok		1.59398926612082
Active_vs_Latent	PWY-5850	0.171774278623084	0.765998326970276	0.2046875	0.765711843508983	2.27222482341016	3.1815772184641	NA	-1.0733254990396	1.2792359881329	-1.07973736629536	0.108810546268712	no	ok		1.60004564548335
Active_vs_Latent	PWY-5896	0.162359437675416	0.765998326970276	0.2046875	0.765107133180719	2.13142009973004	2.9166538888638	NA	-1.12719295097944	1.10356762920852	-1.03383106670351	0.109377266019354	no	ok		1.58703944822324
Active_vs_Latent	PWY-5897	0.172130337575325	0.765998326970276	0.20625	0.767394543337936	2.39107383224453	3.53309509336189	NA	-1.46191488569925	1.50129688071843	-1.06025243516775	0.104169063671829	no	ok		1.77096036317299
Active_vs_Latent	PWY-5898	0.17039133133604	0.765998326970276	0.2125	0.768743293846564	2.39588757042983	3.53379849831086	NA	-1.48846050615624	1.50637473044929	-1.05642835878075	0.104169063671829	no	ok		1.7739120733629
Active_vs_Latent	PWY-5899	0.166464749816727	0.765998326970276	0.203125	0.763907497427205	2.4050733317535	3.54941741509844	NA	-1.51043110942403	1.45377203786037	-0.995610615425722	0.108810546268712	no	ok		1.77607764666744
Active_vs_Latent	PWY-5989	0.0511256080936663	0.765998326970276	0.1	0.760322317116851	4.14504519130051	4.51809820434484	NA	-1.24112624373146	0.607388207321095	-1.95621377619148	0.000365399848804012	no	ok		3.3459973192357
Active_vs_Latent	PWY-6121	0.12775423933277	0.765998326970276	0.19765625	0.763968258372361	4.03187781637889	4.58600054405271	NA	-1.00252885074874	0.90043606245658	-1.14234071104097	0.0984481260385102	no	ok		3.86318381748853
Active_vs_Latent	PWY-6122	0.12057572075981	0.765998326970276	0.17890625	0.762863803321859	4.02285546701304	4.52674820474924	NA	-0.95129751763803	0.825738936445978	-1.21696393741354	0.088085769342426	no	ok		3.87617367061695
Active_vs_Latent	PWY-6123	0.162605895196492	0.765998326970276	0.29765625	0.812643202308934	3.96884301278839	4.43889936379259	NA	-0.952417079074324	1.00952709872817	-0.975109148441843	0.170985754107053	no	ok		3.89768569413005
Active_vs_Latent	PWY-6124	0.176591234912943	0.765998326970276	0.3390625	0.835875032995523	4.01294552273718	4.44699418543173	NA	-0.95042936702428	1.05778478224305	-0.954434187219677	0.171876302777131	no	ok		3.94469977363231
Active_vs_Latent	PWY-6125	0.134956401014279	0.765998326970276	0.16484375	0.764776617399067	3.89034239417224	4.2980732253838	NA	-1.02977534324362	0.985885723600119	-1.09133273355977	0.0414572280738825	no	ok		3.76641455341497
Active_vs_Latent	PWY-6126	0.149150684411444	0.765998326970276	0.228125	0.77665474180532	3.87593152774243	4.30747917936224	NA	-0.977399891231703	0.96899166656068	-1.00328077245763	0.0989608748927561	no	ok		3.77119221186183
Active_vs_Latent	PWY-6147	0.169318835595982	0.765998326970276	0.3328125	0.828586016526147	3.95283871869184	4.55319344773927	NA	-0.942370660650406	0.945947593634324	-1.00788926668797	0.182292871160296	no	ok		3.85469095498675
Active_vs_Latent	PWY-6163	0.156440184004745	0.765998326970276	0.2453125	0.781252290714867	3.95267283679537	4.35342562110491	NA	-0.982102711907584	0.983540400153539	-1.02704610966888	0.129535516266677	no	ok		3.86204472596777
Active_vs_Latent	PWY-6269	0.193299580422804	0.765998326970276	0.3953125	0.885018229333284	2.21916467489861	3.01781902055693	NA	-0.978753807459003	1.08985860421881	-0.97875087399219	0.218750930036074	no	ok		2.13655390061376
Active_vs_Latent	PWY-6277	0.120881863204838	0.765998326970276	0.17578125	0.763799835589806	4.02594183515537	4.53692409023338	NA	-0.981301925636506	0.828265496037299	-1.20545269685571	0.093752701946487	no	ok		3.88713814249753
Active_vs_Latent	PWY-6467	0.180557403760228	0.765998326970276	0.20546875	0.76371508161243	3.12223306283034	4.15067570651408	NA	-1.26098421555528	0.890286875165343	-1.13813496960837	0.109377266019354	no	ok		2.82454062613858
Active_vs_Latent	PWY-6612	0.177156050488782	0.765998326970276	0.234375	0.772829459741177	4.09351182516849	4.4731456328773	NA	-0.886170335933155	0.965309952200667	-0.982841269536057	0.130210178480212	no	ok		3.83697902979558
Active_vs_Latent	PWY-6628	0.132232752749049	0.765998326970276	0.14765625	0.760322317116851	3.84118930094907	4.15235935230201	NA	-0.954109155477722	0.903492640827763	-1.10225837654643	0.0520884585758699	no	ok		3.65498830611287
Active_vs_Latent	PWY-6630	0.150339435105225	0.765998326970276	0.18125	0.764849518568912	3.81647257121977	4.10544036403727	NA	-1.00601535356855	0.919015315266925	-1.11447629609304	0.0833364154379065	no	ok		3.66185864060384
Active_vs_Latent	PWY-6700	0.105529313645526	0.765998326970276	0.13125	0.761411473560264	4.056200913665	4.49713531516796	NA	-1.12703077339331	0.860586511637958	-1.26529391936406	0.0362768443282438	no	ok		3.82824824946554
Active_vs_Latent	PWY-702	0.201929268413608	0.765998326970276	0.340625	0.834974930661086	3.57722298075008	3.87007800675563	NA	-0.934263111104443	0.966493517404083	-1.02651212459979	0.170985754107053	no	ok		3.50400102497746
Active_vs_Latent	PWY-7115	0.198196565801149	0.765998326970276	0.13515625	0.760322317116851	3.27003082021142	3.57921144453837	NA	-0.687436175471789	0.724381293035387	-1.11313490354265	0.0312587411361587	no	ok		3.02058804248626
Active_vs_Latent	PWY-7208	0.0918828305342642	0.765998326970276	0.1109375	0.760322317116851	3.63312620930367	4.04827682833951	NA	-1.00026976371291	0.786614368405585	-1.34489650766329	0.0155616731380917	no	ok		3.42319057069143
Active_vs_Latent	PWY-7222	0.186327806360412	0.765998326970276	0.29140625	0.804576800857732	4.51274805065943	5.10266070341171	NA	-0.921307248054605	1.10355858686082	-0.944115013259134	0.160623169477903	no	ok		4.45067274325569
Active_vs_Latent	PWY-7228	0.122287796018607	0.765998326970276	0.15	0.762216210085904	3.84823992308112	4.22293120128635	NA	-1.04880971093433	0.909495214275899	-1.2175761284372	0.0312587411361587	no	ok		3.69512839824415
Active_vs_Latent	PWY-7229	0.188791081560995	0.765998326970276	0.31171875	0.815632731179966	4.06455342781318	4.46360092683809	NA	-0.956535055062892	1.07346177853511	-0.910321445653044	0.160623169477903	no	ok		3.96346685629718
Active_vs_Latent	PWY-7234	0.157433159642679	0.765998326970276	0.22265625	0.774194236951168	3.69286887391809	4.03545248556869	NA	-0.997116944965784	0.922776015915356	-1.1573728076837	0.12435426095506	no	ok		3.5507155653177
Active_vs_Latent	PWY-7238	0.14128725737276	0.765998326970276	0.16171875	0.760322317116851	4.08933918467308	4.59443991374901	NA	-1.04141686454644	1.03149958428628	-1.13872022117193	0.077723501615168	no	ok		3.73561162881757
Active_vs_Latent	PWY-7323	0.162848368063804	0.765998326970276	0.2078125	0.765498303586625	2.99867675100746	3.70045104160937	NA	-0.971838418630564	0.758950253213421	-1.21327313193416	0.109377266019354	no	ok		2.60398517541438
Active_vs_Latent	PWY-7560	0.117787221347197	0.765998326970276	0.1703125	0.760322317116851	3.65484241105346	4.10677284435964	NA	-1.21690811401994	0.999997609644836	-1.16900551669645	0.0829046222716513	no	ok		3.26797147205665
Active_vs_Latent	PWY-7883	0.128209687367838	0.765998326970276	0.19921875	0.763344475379808	3.06381891030056	3.53730327773184	NA	-1.40319473930371	1.1551834565674	-1.18997282460767	0.134716778472618	no	ok		2.17076841820238
Active_vs_Latent	PWY-8073	0.121559817836498	0.765998326970276	0.140625	0.760721550932278	3.31532261279664	4.2131573952462	NA	-1.31634344639626	0.826384997425411	-1.43686982832402	0.0362768443282438	no	ok		2.87017410699053
Active_vs_Latent	PWY-8187	0.0459996191702989	0.765998326970276	0.10078125	0.760742651269284	1.76846077457314	2.32203983493871	NA	-1.12427337726429	0.550642592137747	-2.13077891782395	0.000365399848804012	no	ok		1.38671301580943
Active_vs_Latent	PWY-841	0.137991714063143	0.765998326970276	0.2109375	0.774117329924977	3.89997234729155	4.3592553595502	NA	-0.9932573034581	0.948066897171343	-1.0875069084482	0.088085769342426	no	ok		3.79860680873694
Active_vs_Latent	PWY0-1241	0.154433883490226	0.765998326970276	0.2140625	0.772231588826874	2.60773154362997	3.15812826750046	NA	-1.68406910823307	1.57654001358434	-1.07302659175548	0.129535516266677	no	ok		1.34468265846856
Active_vs_Latent	PWY0-1261	0.144081392538779	0.765998326970276	0.2	0.763907497427205	3.17026626442887	3.72226079842503	NA	-1.44018651016786	1.13640690086869	-1.20064812164902	0.113991774788286	no	ok		2.25440242724547
Active_vs_Latent	PWY0-1479	0.0931572842713141	0.765998326970276	0.1671875	0.760322317116851	2.87947374060689	3.42751745894561	NA	-1.60049008292121	1.14672655381513	-1.40250945813888	0.077723501615168	no	ok		1.98797572746071
Active_vs_Latent	PWY0-301	0.0992278699749001	0.765998326970276	0.1015625	0.760322317116851	1.41076229816601	2.21444249425454	NA	-2.53822770141653	1.47254516898319	-1.53565241727963	0.000365399848804012	no	ok		-0.257716240255823
Active_vs_Latent	PWY3O-4107	0.0945835522670184	0.765998326970276	0.1625	0.763083712597801	3.36782575033673	3.6253460301359	NA	-1.02971549958372	0.635568497736125	-1.43810637439323	0.0725424130337005	no	ok		2.45877576871967
Active_vs_Latent	PYRIDOXSYN-PWY	0.0673179943314228	0.765998326970276	0.12109375	0.760322317116851	2.62656604707406	3.29396682524793	NA	-1.31692178122859	0.771700956904708	-1.61586780683224	0.0260522109148973	no	ok		1.94888172716265
Active_vs_Latent	RUMP-PWY	0.130076170523311	0.765998326970276	0.10234375	0.760322317116851	1.82368574218264	2.14101378655156	NA	-1.65842396704707	1.18723114017314	-1.36866634014008	0.00523319582318488	no	ok		0.48777752233931
Active_vs_Latent	SER-GLYSYN-PWY	0.147249982155248	0.765998326970276	0.253125	0.787255045241973	3.68568282539709	4.34414530963946	NA	-0.806739949117924	0.703318013916527	-1.10421731025358	0.130210178480212	no	ok		3.59564668862511
Active_vs_Latent	VALSYN-PWY	0.185653951248582	0.765998326970276	0.253125	0.778799837306858	3.71249749271639	3.96119914131867	NA	-1.11277748279279	1.07574384467861	-1.05316000698906	0.139898046804075	no	ok		3.48719597177444
Active_vs_Latent	THRESYN-PWY	0.20092528072596	0.766013111889784	0.31875	0.812806093813582	3.84421382891845	4.07545846909076	NA	-0.78289503348013	0.837223437363416	-0.918355227170602	0.176167051036588	no	ok		3.77207833040394
Active_vs_Latent	PWY-241	0.177247499528492	0.766044888604386	0.12421875	0.760710016086888	3.09971677137501	3.24569140293195	NA	-0.664494172079893	0.666591346808942	-1.14501711898679	0.0310967802974505	no	ok		2.58346925100643
Active_vs_Latent	PWY0-1061	0.182882405749168	0.766044888604386	0.1125	0.760322317116851	3.81895576321445	4.08811379837692	NA	-1.02688475692369	0.938645881820752	-1.09343044202732	0.0155616731380917	no	ok		3.61151234956581
Active_vs_Latent	PYRIDNUCSAL-PWY	0.182333151829456	0.766044888604386	0.10625	0.760322317116851	2.61738844132409	3.10325170569953	NA	-0.885128716309362	0.627151487342299	-1.39312314315666	0.0104432568618351	no	ok		2.21283431113998
Active_vs_Latent	1CMET2-PWY	0.22152601085341	0.76606904003987	0.26484375	0.787444285836333	3.31014440896117	3.57566056690874	NA	-0.824636577253078	0.966909869049413	-0.920907363279666	0.139898046804075	no	ok		2.79695118259715
Active_vs_Latent	PWY-6270	0.146026429859374	0.76606904003987	0.13046875	0.761754733586797	3.38258914293549	3.66096400206862	NA	-0.646759775283962	0.666569255631515	-1.17194079748165	0.0364657846499485	no	ok		3.17400650962815
Active_vs_Latent	PWY-7117	0.224325230894169	0.76606904003987	0.38671875	0.863037751196014	3.33989030235261	3.56470129424103	NA	-1.02925866304351	1.14876661966509	-0.932924847279069	0.212436194453191	no	ok		3.27501965962317
Active_vs_Latent	PWY-5189	0.225760723003467	0.766075821242522	0.29453125	0.800880183447361	3.10907745160445	4.03531146590031	NA	-1.10854573758058	0.797872396206686	-1.00899633953461	0.177084585601177	no	ok		2.80076633108892
Active_vs_Latent	PWY-7400	0.202766888286052	0.766083824959378	0.375	0.863389305893091	2.96685659372277	3.14207189971325	NA	-1.29709968195159	1.25661403612421	-0.980264714530633	0.187501159223769	no	ok		1.82966982955805
Active_vs_Latent	PWY0-162	0.190497614182546	0.766083824959378	0.19375	0.769130124660029	3.75977932801571	4.00527148434787	NA	-0.608392992505541	0.620939162000538	-1.05429378029012	0.088085769342426	no	ok		3.49114127524278
Active_vs_Latent	COBALSYN-PWY	0.201965291328707	0.766109864870909	0.39375	0.884411891083555	2.26457571054141	3.14742921755656	NA	-0.999320250389783	1.0698270391393	-0.963937342602925	0.212436194453191	no	ok		2.19807183139515
Active_vs_Latent	PWY-7220	0.185486920013591	0.766115639932594	0.29453125	0.803682657539324	4.51843648277594	5.10441120512002	NA	-0.942946577074326	1.07004654739039	-1.01770618627345	0.171876302777131	no	ok		4.43913476637584
Active_vs_Latent	ILEUSYN-PWY	0.188795314547555	0.766120704339472	0.25625	0.779584639910373	3.69447733339441	3.96114685234712	NA	-1.04654072607055	1.05453249067751	-1.00217758879027	0.140626680483796	no	ok		3.49462398921737
Active_vs_Latent	PWY0-845	0.145684699362881	0.766159641612197	0.15859375	0.760322317116851	2.81201667031773	3.29396939722841	NA	-1.31202965582349	0.92277119068883	-1.29139513487451	0.0520884585758699	no	ok		1.97290958148394
Active_vs_Latent	PWY-5188	0.224503523461822	0.766206483386309	0.33046875	0.817166719232	3.19964594222158	4.05260293039692	NA	-1.06427550203554	0.830974418783273	-0.997985286778991	0.165804460157045	no	ok		2.91823773642211
Active_vs_Latent	PWY-6703	0.244275873457499	0.766293560586024	0.39375	0.883402705286063	3.39914998296908	4.06554485760408	NA	-0.795201306356363	0.689605203579629	-0.994934121381955	0.239584141140091	no	ok		3.33601007853424
Active_vs_Latent	HEME-BIOSYNTHESIS-II-1	0.190262177149751	0.766321508161408	0.203125	0.764244280288498	2.14501487775022	3.16671017493807	NA	-1.79268664348672	1.66791218420411	-0.910966034397356	0.113991774788286	no	ok		1.1385784033593
Active_vs_Latent	PWY-7111	0.231436084628727	0.766324950909935	0.36484375	0.828639736715229	3.63517758156859	3.79885068653656	NA	-0.847577160289978	1.10905584940256	-0.757763011026193	0.202073572267362	no	ok		3.51117295012831
Active_vs_Latent	PWY-I9	0.233788345836205	0.766336482405981	0.31484375	0.808680794445991	3.61468154986436	3.72400139712434	NA	-0.829156691117742	0.886638712050034	-0.875452602468253	0.161459746405536	no	ok		3.53158073538951
Active_vs_Latent	PWY-5861	0.221643142064196	0.766466123653704	0.2046875	0.764563820271028	2.43392606029633	3.60106632727649	NA	-1.69738043881719	1.7258470860168	-0.994502315018472	0.119793704330181	no	ok		1.54624444593979
Active_vs_Latent	PWY-6936	0.23774418116157	0.766553397802274	0.396875	0.854925182245747	3.65244684823011	3.89717523027692	NA	-0.815417088204188	0.98936306495513	-0.802513050253626	0.227980139005357	no	ok		3.5508584730821
Active_vs_Latent	TRNA-CHARGING-PWY	0.223737005905263	0.766565913839318	0.315625	0.8087184225856	4.19765255602095	4.44440618780114	NA	-0.828903608808401	1.06142019004479	-0.785284222755256	0.170985754107053	no	ok		3.99998215981799
Active_vs_Latent	PWY-5913	0.236852064049592	0.766585547460793	0.3609375	0.84157421028843	2.82689519741235	3.16236229054692	NA	-1.13620811431911	1.2965056672987	-0.813778939530501	0.196892263794227	no	ok		2.5344009345539
Active_vs_Latent	PWY0-862	0.237183822522508	0.766684263918438	0.23515625	0.774956020015117	3.59924635851135	4.14853238409977	NA	-1.22987536178757	1.34862282955407	-0.966517418524213	0.125001937486737	no	ok		3.46645407059226
Active_vs_Latent	PWY0-1415	0.227258104437611	0.766685522229487	0.2	0.763907497427205	1.56563245205241	3.02115115689409	NA	-2.42931770317987	3.10040433454454	-1.04293058239105	0.114585480082425	no	ok		-0.698627851282644
Active_vs_Latent	PWY-6609	0.238697745612838	0.766736113266155	0.3015625	0.804567488949598	4.32114417718687	4.53184286137803	NA	-0.853144867386999	1.0463476300251	-0.737689820719485	0.176167051036588	no	ok		4.15053935673479
Active_vs_Latent	PWY-5265	0.244340881689301	0.766779894660551	0.11484375	0.760742651269284	3.5195019671949	3.71446837569448	NA	-0.668479436266976	0.472868060489469	-1.24685594404327	0.0259172268997107	no	ok		3.06304751120647
Active_vs_Latent	POLYISOPRENSYN-PWY	0.244855895307172	0.766850065110602	0.35234375	0.840196403360626	4.24096569240811	4.44622174388182	NA	-0.739322499610779	0.875011202034211	-0.799329864628685	0.203126036487036	no	ok		3.88334923062339
Active_vs_Latent	DTDPRHAMSYN-PWY	0.234854558679445	0.766866123878415	0.22890625	0.775178684278342	3.77263830877357	4.01450032021146	NA	-0.498154978487704	0.569250336892845	-0.876798658350016	0.109377266019354	no	ok		3.55714076029107
Active_vs_Latent	PWY0-1586	0.262620439861054	0.766869646767024	0.35	0.828379872861032	5.95072143205246	6.16613447009063	NA	-0.747522135470684	1.1079624890278	-0.740930044907708	0.19270944958575	no	ok		5.59897401336823
Active_vs_Latent	NAD-BIOSYNTHESIS-II	0.243376413681328	0.766918755732414	0.2	0.763907497427205	1.60421735324509	3.14615134296969	NA	-3.5104101438198	3.24211035130629	-0.901074787925588	0.125001937486737	no	ok		-0.342315734645036
Active_vs_Latent	PWY-5862	0.238378116561668	0.76702083809216	0.22734375	0.776589090347489	1.96437470254007	2.65966818397743	NA	-1.20743184263831	1.25905837500418	-0.921696122689937	0.108810546268712	no	ok		1.24480168481612
Active_vs_Latent	ASPASN-PWY	0.263686838140074	0.767067355051655	0.40625	0.887600295923471	3.29495791232335	3.70564793168073	NA	-1.08752002311902	1.33804088466845	-0.855031218506065	0.227980139005357	no	ok		3.11472595448629
Active_vs_Latent	FERMENTATION-PWY	0.263902082845506	0.767153776109147	0.390625	0.861319359937827	3.98536587043108	4.3196456503485	NA	-0.814362462794703	1.40224028466575	-0.693455309696965	0.239584141140091	no	ok		3.82217890553936
Active_vs_Latent	PWY-6386	0.268524481382782	0.767201886317609	0.365625	0.844854251364443	4.36227907146872	4.56998772746758	NA	-0.682009690424465	1.02519918597419	-0.7699335181349	0.207254882531613	no	ok		4.04109140073633
Active_vs_Latent	HISTSYN-PWY	0.236102687305803	0.767202621942643	0.24140625	0.788956699403737	2.32195132580917	2.67499267273888	NA	-0.848016781657435	0.75561990784586	-0.801600146586024	0.135418426403506	no	ok		1.76878855421877
Active_vs_Latent	DARABCATK12-PWY	0.244969220631721	0.767285271027166	0.3796875	0.871984286779622	1.89276024064668	2.48776322675815	NA	-2.30557915387746	1.87145850613583	-0.892937497194262	0.223959230903001	no	ok		-0.0774569978858803
Active_vs_Latent	PWY-5860	0.242462256263662	0.767445432701838	0.209375	0.766243531866044	2.04061022471469	2.99573959134052	NA	-1.09562069955771	1.47558040422253	-0.895649017406272	0.125001937486737	no	ok		1.24112201498237
Active_vs_Latent	PWY-5837	0.261872580203919	0.767955919111127	0.3234375	0.833610152959211	1.82568066558648	3.09709710854652	NA	-1.83797189738645	2.23313130091801	-0.781005128771436	0.186529652830392	no	ok		0.946701987882497
Active_vs_Latent	PWY-7392	0.251606823871004	0.768100545491226	0.22734375	0.781285183258717	3.4115053679849	3.53801349650525	NA	-0.368597463453898	0.523701371054341	-0.950395592357285	0.104169063671829	no	ok		3.24509782916449
Active_vs_Latent	PWY-7221	0.277711397530948	0.768105178196874	0.45390625	0.872061666441778	4.20172343956414	4.41401649837941	NA	-0.663815890123923	1.06943140733653	-0.661652454844327	0.229167533102453	no	ok		3.99382768371886
Active_vs_Latent	PHOSLIPSYN-PWY	0.279460436426995	0.768171586504087	0.3890625	0.874606282854177	4.34695708239004	4.4923954162558	NA	-0.600972226108532	0.972038469067207	-0.736741894347364	0.203126036487036	no	ok		4.00138243931619
Active_vs_Latent	KDO-NAGLIPASYN-PWY	0.25788145380983	0.768198265684684	0.2	0.763907497427205	2.68656968286816	3.90722032417884	NA	-4.41178295669827	3.82037872348722	-0.811305354048226	0.113991774788286	no	ok		-0.446197895610993
Active_vs_Latent	PWY-6387	0.283450342675552	0.768352861084963	0.40234375	0.870136876269763	4.38489592834715	4.58447337164267	NA	-0.572658450435614	1.06855334130316	-0.684295173290535	0.213542630602218	no	ok		4.08328945952518
Active_vs_Latent	PWY-7663	0.264501086839046	0.768393327404058	0.37109375	0.855773662450277	4.54914866329825	4.7345906370856	NA	-0.549276660356788	0.610736134690322	-0.851199718279581	0.218750930036074	no	ok		4.22891119867787
Active_vs_Latent	PWY-5667	0.286292581213378	0.768489348601877	0.3984375	0.882759540071719	4.47748609880228	4.57454177020051	NA	-0.578844468981555	0.916652089672091	-0.775542396807118	0.213542630602218	no	ok		4.12406255554256
Active_vs_Latent	PWY-6385	0.285539322354978	0.768638605890343	0.41171875	0.869919056239743	4.43523772285081	4.63499899486926	NA	-0.661260343216395	0.969803300714067	-0.745579502263293	0.212436194453191	no	ok		4.14190474541924
Active_vs_Latent	PWY0-1319	0.286383495745569	0.768693187938977	0.39609375	0.884114593319313	4.47075299802192	4.58804083222843	NA	-0.572575328256281	0.994954601841232	-0.719244545888243	0.218750930036074	no	ok		4.13153323278358
Active_vs_Latent	PEPTIDOGLYCANSYN-PWY	0.285341462733706	0.768791781871854	0.4109375	0.864584076128248	4.34733945820812	4.53205499345786	NA	-0.652404428954983	1.08263990285395	-0.740646782987541	0.218750930036074	no	ok		4.0615148314686
Active_vs_Latent	PWY-7953	0.284666177356625	0.768934890053513	0.38984375	0.859640210741407	4.40324552633891	4.60714706600828	NA	-0.640019176386111	1.05070566997809	-0.743368065224182	0.196892263794227	no	ok		4.07713500892974
Active_vs_Latent	HEMESYN2-PWY	0.26855229898627	0.769055362208035	0.2	0.763907497427205	1.61501615276905	3.20419016903976	NA	-1.28769838179346	2.83197426918125	-0.996990560051645	0.103629329404354	no	ok		-0.143923580725656
Active_vs_Latent	PWY-8178	0.286181006716319	0.769244121586046	0.40703125	0.857040603708893	4.41169557452448	4.58571768977272	NA	-0.547465352764504	0.745535547658815	-0.793727377271877	0.229167533102453	no	ok		4.14776982177833
Active_vs_Latent	PWY-5154	0.275569472081322	0.769421384586245	0.390625	0.879305474726876	2.67667975827241	2.85558544706759	NA	-1.02871636580845	1.27332540092554	-0.801193717220544	0.218750930036074	no	ok		1.90199376074389
Active_vs_Latent	PWY-6823	0.269799710453048	0.769742080242341	0.284375	0.802073380177355	2.5821496690859	3.10210505535012	NA	-1.1770895443024	1.34317453846431	-0.745321575886774	0.182292871160296	no	ok		1.84660195545629
Active_vs_Latent	PWY-7873	0.124104337778654	0.770222235718223	0.2203125	0.80874430148316	-6.745613799925	-1.54077001706697	NA	-6.89343378576463	4.51020388519992	-1.4756970917038	0.0833364154379065	no	ok		-9.03506178841141
Active_vs_Latent	NONOXIPENT-PWY	0.292365340461378	0.770933933139318	0.396875	0.861210936398671	4.41305374421331	4.63436122678545	NA	-0.563501393755613	0.743357400912348	-0.790511950545145	0.218750930036074	no	ok		4.1167512988847
Active_vs_Latent	PWY-7761	0.281386312983407	0.770999164337317	0.37734375	0.859268600840431	3.52211041313782	3.6462142735371	NA	-0.526219266589198	0.761818169093362	-0.771419321867533	0.203126036487036	no	ok		3.227997456458
Active_vs_Latent	PWY4FS-8	0.296492889056119	0.771103203599455	0.403125	0.887886395819994	4.23707453983165	4.31643565083509	NA	-0.565078167122538	0.969336372907665	-0.717852837489418	0.213542630602218	no	ok		3.91877754036941
Active_vs_Latent	PWY4FS-7	0.300825646541681	0.771305604313755	0.40390625	0.887633216717506	4.23276884224837	4.31645311342026	NA	-0.583024249219586	1.02703280825847	-0.656973618945996	0.208334332711949	no	ok		3.92947689059182
Active_vs_Latent	PWY-5100	0.273826960158331	0.772253555462262	0.31953125	0.813173190428251	2.8450703449436	3.09820535403139	NA	-0.794797963737961	0.776944048792734	-0.930542052790783	0.176167051036588	no	ok		2.20940375154366
Active_vs_Latent	PWY-1042	0.30236236039682	0.773764444508598	0.51328125	0.900041584384019	4.44664533500888	4.60673464273385	NA	-0.638011736872369	0.869268306970187	-0.767560011375593	0.234375836542746	no	ok		4.31176798873061
Active_vs_Latent	PWY-6168	0.303927831837444	0.774177497335434	0.45625	0.884644954273375	3.89776779174935	4.2608180954947	NA	-0.770919112331967	0.953318973457261	-0.764279607104533	0.243524094720476	no	ok		3.57512262686944
Active_vs_Latent	ARGSYN-PWY	0.291836216255288	0.774814650341356	0.4578125	0.896220237644407	2.99927069767421	3.18085280346221	NA	-0.716547405272286	0.95526269555653	-0.71935734280712	0.253886737017369	no	ok		2.74665879116188
Active_vs_Latent	PWY-3841	0.31125760799586	0.77493116574577	0.475	0.894235335790095	4.17019633886738	4.39421143176323	NA	-0.647495336830294	1.04103404701586	-0.686616050768985	0.238342775047909	no	ok		3.86138107298414
Active_vs_Latent	PWY-724	0.303677389160611	0.779704159529904	0.54375	0.91327141587492	3.73050585754223	3.87459592457378	NA	-0.695906665614449	0.913407388954053	-0.775608829206298	0.274612031782545	no	ok		3.63241202820361
Active_vs_Latent	COA-PWY	0.31894045819389	0.780143774636133	0.5046875	0.902829680275974	4.23987016971641	4.45895258469466	NA	-0.577087637648907	0.903461428569948	-0.687294717507118	0.259068059517974	no	ok		4.01481950093584
Active_vs_Latent	PENTOSE-P-PWY	0.323887684068744	0.780320798039238	0.42890625	0.885055772922913	4.02205647066669	4.38192694139473	NA	-0.753865490937041	1.02006096736915	-0.684583989715589	0.243524094720476	no	ok		3.60059681916689
Active_vs_Latent	PWY-7282	0.325981019282447	0.784218113189258	0.3359375	0.825848797177997	3.33328728552148	3.56639399240555	NA	-0.69492571211219	0.833166716916039	-0.553179496567352	0.171876302777131	no	ok		2.87920540849275
Active_vs_Latent	COA-PWY-1	0.327297200250816	0.784285407492218	0.546875	0.919011167701676	4.16218506986993	4.40278545603505	NA	-0.617770947787609	1.03405515706798	-0.629667531412316	0.269430706949312	no	ok		3.94711212024827
Active_vs_Latent	PWY-6151	0.328719421245242	0.784369174359886	0.62734375	0.945304629561803	3.88420558114055	3.97328674274155	NA	-0.714063844102556	1.10347888407851	-0.615178038429914	0.281250611542652	no	ok		3.80908660351412
Active_vs_Latent	RIBOSYN2-PWY	0.326734200578002	0.784628632177681	0.48984375	0.91108931525955	3.92697890257271	4.2652364417057	NA	-0.67591018726011	0.938486451000005	-0.674800501233935	0.239584141140091	no	ok		3.65379805168765
Active_vs_Latent	PWY-7851	0.332346763457143	0.784926591494623	0.5625	0.927034500706988	4.18966725262213	4.4046514146723	NA	-0.660529687429591	1.03464797636158	-0.64954647860902	0.28497468346637	no	ok		3.96935941893148
Active_vs_Latent	PWY-6317	0.33062390999771	0.785222133234989	0.415625	0.886319743603767	4.13323287921407	4.34308787333638	NA	-0.558357852207329	0.962870284776754	-0.685500297428165	0.212436194453191	no	ok		3.7661386806252
Active_vs_Latent	PWY-6902	0.309421589239289	0.78631635607991	0.4	0.890432971144113	2.53550972985438	3.05894798409755	NA	-0.620655680524204	1.0319861946149	-0.658418885021802	0.212436194453191	no	ok		2.47084560418313
Active_vs_Latent	P441-PWY	0.323180572372576	0.7871052937942	0.3984375	0.888707552722096	2.5600363520077	3.00794803170185	NA	-3.2802461397621	4.45604780206673	-0.723057009404244	0.218750930036074	no	ok		-0.250538486641808
Active_vs_Latent	PWY-7977	0.329895580492857	0.789387952675143	0.3921875	0.875876286766653	2.84622840996179	3.28084263089191	NA	-0.857517671221673	1.27570775390024	-0.651329756542497	0.239584141140091	no	ok		2.34852470569993
Active_vs_Latent	ARGSYNBSUB-PWY	0.328714022400089	0.79198636807833	0.48125	0.898668550749964	3.0590761683794	3.22149687820833	NA	-0.572382651461768	0.865780369465836	-0.664119433827692	0.255209061138005	no	ok		2.88921335918579
Active_vs_Latent	PWY-8190	0.33859648687541	0.797011563736203	0.4171875	0.895105012112053	-0.32581593614237	-0.0591776543239231	NA	-1.5066125064747	3.32135097706139	-0.476656154173097	0.238342775047909	no	ok		-1.56752078968
Active_vs_Latent	PWY-6961	0.344133409558224	0.802500810676987	0.503125	0.912434831498879	-0.785175149658542	0.3753051645506	NA	-2.85014798168147	4.77020587121055	-0.591658663693642	0.234375836542746	no	ok		-2.33422924556534
Active_vs_Latent	GLCMANNANAUT-PWY	0.355241672854537	0.804558538088218	0.44453125	0.903533431641387	3.52809184180034	3.76183698944378	NA	-1.0890056438159	1.82351308303651	-0.56219382663268	0.260417369656193	no	ok		3.41912622554811
Active_vs_Latent	FUCCAT-PWY	0.352724105472573	0.806282808660555	0.3859375	0.873407268069676	1.51567083125256	2.53336692884699	NA	-1.30236387480006	2.76274558710173	-0.767968335779588	0.229167533102453	no	ok		-0.193974630787323
Active_vs_Latent	PWY-5973	0.341055060151255	0.807467511854699	0.60234375	0.957369372396078	4.36301253208917	4.40913784645881	NA	-0.497003748287173	0.319473930691284	-0.790929093038323	0.29533733758434	no	ok		3.89027075341094
Active_vs_Latent	PWY-6654	0.257537277120996	0.810709904282109	0.33203125	0.840228232144055	-7.50564824959855	-5.54482600811065	NA	-3.69877671897144	4.09128190538191	-0.837673772226286	0.151043204556575	no	ok		-9.52468976385331
Active_vs_Latent	PWY-5918	0.361834759819618	0.816289946955504	0.7	1	2.89462553001098	3.77499102743836	NA	-1.01203820312776	0.559850880836195	-0.791733522804719	0.331606642538848	no	ok		2.75337413893314
Active_vs_Latent	PWY-5910	0.327902549766708	0.818851779156244	0.453125	0.894694125831261	-3.94869352045602	-3.04727732271263	NA	-2.78718868492406	4.45117525519584	-0.640598095173234	0.238342775047909	no	ok		-5.975697815179
Active_vs_Latent	GALLATE-DEGRADATION-II-PWY	0.305877027349093	0.828371574279285	0.36953125	0.850517672658954	-7.58494812372457	-5.53955893636246	NA	-3.44974596020309	3.96679404472612	-0.770596406913074	0.19270944958575	no	ok		-9.2673772783236
Active_vs_Latent	PWY-2942	0.381732467932463	0.833467420696709	0.61953125	0.956989902674472	4.04571576179283	4.24190873361324	NA	-0.466494773891669	0.81722262937026	-0.625433906176169	0.31088132274071	no	ok		3.89244852994298
Active_vs_Latent	DAPLYSINESYN-PWY	0.383501966242028	0.835511111648361	0.61953125	0.949976979015082	3.71541307410845	3.84575381008604	NA	-0.470385978661085	1.04329852105372	-0.561721322977134	0.321243981829087	no	ok		3.61209887297267
Active_vs_Latent	PWY-6901	0.376777853934457	0.837404524118972	0.41015625	0.87425113977066	2.95729536679188	3.36021636519821	NA	-0.435259321619709	0.88210001323707	-0.625157873912031	0.238342775047909	no	ok		2.57796462962808
Active_vs_Latent	CRNFORCAT-PWY	0.377556498235052	0.842724545436193	0.4390625	0.865368034416398	-7.67830316815554	-5.88910148304502	NA	-2.91995193038894	4.20769177940942	-0.624085947504211	0.218750930036074	no	ok		-9.10528169986273
Active_vs_Latent	GALLATE-DEGRADATION-I-PWY	0.371612831397442	0.842925167998082	0.4390625	0.872324866876736	-7.53049099249157	-6.07956962375363	NA	-2.91845339137263	4.31934962072741	-0.588653674738522	0.22279882279503	no	ok		-9.13750274344053
Active_vs_Latent	OANTIGEN-PWY	0.38991487591276	0.843365851534243	0.51796875	0.916604287528489	3.66678423276812	3.81560866722458	NA	-0.397557330468819	0.806724921214177	-0.58442949400052	0.243524094720476	no	ok		3.48066057278342
Active_vs_Latent	PWY66-373	0.36692155088513	0.851023146049873	0.46640625	0.876852978341536	-7.53351849268281	-5.69143877621649	NA	-3.43110237655223	4.74770795150565	-0.651156720085905	0.212436194453191	no	ok		-8.79102614742476
Active_vs_Latent	3-HYDROXYPHENYLACETATE-DEGRADATION-PWY	0.381701583515587	0.857746694158091	0.48828125	0.89458738111548	-7.82748436979323	-5.43544643689751	NA	-3.81652835674557	5.04799173409961	-0.631155533251373	0.238342775047909	no	ok		-9.3130395012935
Active_vs_Latent	PWY-7373	0.0408604133230536	0.858641929503969	0	0	-1.59798509305577	-6.45199862577589	NA	6.34803480439199	2.4487488579366	2.73513127239804	0.000365399848804012	no	ok		-0.310406947989853
Active_vs_Latent	PWY-7992	0.035493995584862	0.861067287578995	0	0	-1.12729152933412	-7.04433378207287	NA	8.11629465946761	2.83450949678765	3.0540106575491	0.000365399848804012	no	ok		1.36019174759562
Active_vs_Latent	PWY-7371	0.0395359155789338	0.864633806903435	0	0	-1.73401966608715	-7.27816084401232	NA	7.16860025772046	3.17078227360299	2.36479730911675	0.000365399848804012	no	ok		0.20432687123386
Active_vs_Latent	PWY-5005	0.408006760523546	0.865140889285785	0.8078125	0.960948296200319	1.30774959071486	1.2780632644606	NA	-0.656744377575317	1.07283417724132	-0.555169208436651	0.364583663678488	no	ok		1.32334976969026
Active_vs_Latent	PWY-5097	0.418496986267113	0.874188666651493	0.684375	0.98307860638249	3.78136094204622	3.9157579531203	NA	-0.523946954159447	0.883744147262965	-0.55276791572355	0.305699993864858	no	ok		3.6684546907089
Active_vs_Latent	P4-PWY	0.425963538573996	0.879396367360591	0.64921875	0.926032067429891	3.34448687024893	3.3850423584277	NA	-0.156773299489403	0.438013931310036	-0.297301817229046	0.322917124382044	no	ok		3.2765263351139
Active_vs_Latent	PWY-6263	0.0410997023031867	0.881613717392435	0	0	-1.1111957806057	-6.81355848036407	NA	7.08616361386251	2.68140635311979	2.83347891936578	0.000365399848804012	no	ok		0.268239847705421
Active_vs_Latent	PWY-7874	0.469770151161267	0.885514231605923	0.73515625	0.97666703399268	-2.30104909243822	-1.54954454746289	NA	-3.61490562576147	6.41692272830644	-0.419569158758203	0.373057298378818	no	ok		-7.00599868980509
Active_vs_Latent	PWY-922	0.508548426679122	0.896687469254602	0.6125	0.929150574678793	-4.72464006492849	-3.45531236984034	NA	-2.57369289579232	4.90096981159722	-0.463175578546327	0.307292178288741	no	ok		-6.23674936831554
Active_vs_Latent	PWY-6897	0.43755623829622	0.901183793578071	0.69296875	0.996649110713121	3.73286220411851	3.92751824869875	NA	-0.607349165796417	1.38019920452527	-0.533211747234371	0.338542074137571	no	ok		3.50637534792503
Active_vs_Latent	PWY-7374	0.0464754379895418	0.904758288608612	0	0	-1.69859025975096	-7.07407391490828	NA	6.67037046159535	2.62475897952776	2.37012083558145	0.000365399848804012	no	ok		-0.878457442967148
Active_vs_Latent	PWY-5686	0.455383815435163	0.906723759510567	0.66953125	0.984902731650196	4.10670295980551	4.21068049685456	NA	-0.534787903974078	0.65053826419473	-0.659118300524641	0.322917124382044	no	ok		3.72733185987816
Active_vs_Latent	PWY-5647	0.611732195415076	0.910953735805755	0.6609375	0.925604860080833	-7.66401436331229	-7.12738695458566	NA	-0.912556974862722	4.29875714846282	-0.212093240978249	0.383419964923157	no	ok		-8.0664366421558
Active_vs_Latent	PWY-7674	0.585220478406935	0.913851159235195	0.66953125	0.933168800177674	-7.65734389806381	-7.1325234277267	NA	-1.2847876451945	3.89871830318249	-0.288873766772943	0.359375345192969	no	ok		-7.92026743779979
Active_vs_Latent	PWY-7434	0.518649037737332	0.919851391550296	0.61796875	0.927956578115943	-1.96517994385572	1.06167850218653	NA	-3.6166429931172	9.56891082292428	-0.404106096795401	0.29533733758434	no	ok		-7.34617192526226
Active_vs_Latent	UDPNAGSYN-PWY	0.45881847776162	0.920268461437384	0.596875	0.943803900271541	3.61030222801488	3.72489554785829	NA	-0.410950307688114	1.09195107055183	-0.507311463447418	0.28497468346637	no	ok		3.50954605718688
Active_vs_Latent	PWY-5466	0.632396015571144	0.921952196046975	0.66875	0.93050434796412	-7.32922410209604	-6.89028865354369	NA	-1.3251630909038	4.25609815528287	-0.245731148579157	0.385416940043501	no	ok		-7.69447981460963
Active_vs_Latent	PWY-7159	0.0603115932874698	0.922266695144675	0.0015625	0.015625	-2.76545231953771	-6.98149174962142	NA	5.60042710617343	3.02203407628505	1.89310180156205	0.000365399848804012	no	ok		-1.47165699317488
Active_vs_Latent	PWY-7315	0.55686596220065	0.924147974169875	0.55859375	0.942768037957301	-1.45651072033458	1.59876354600593	NA	-2.82069101518686	5.69904297956797	-0.543294046375761	0.276042299993488	no	ok		-2.71340258074376
Active_vs_Latent	PWY-6185	0.624543005330253	0.925964115981974	0.7	0.943774333081077	-7.67975329843346	-7.14153886481734	NA	-1.30727015686421	3.905165502292	-0.321053921018687	0.378238631543462	no	ok		-8.11943341002279
Active_vs_Latent	PWY-6565	0.612160494625976	0.927145835419566	0.6578125	0.94602895306644	-5.87881734851221	-4.71034380600716	NA	-1.54858198747476	5.51930753898295	-0.339072118930291	0.317708808579265	no	ok		-7.39553887480386
Active_vs_Latent	PWY-4702	0.629536338499831	0.92803443096983	0.71328125	0.949186527097439	-7.44107956679694	-7.07797132575246	NA	-1.02351559022037	4.17599088634535	-0.224915878592039	0.375000301404768	no	ok		-7.5742511504112
Active_vs_Latent	PWY-5677	0.55789932580409	0.928693314977247	0.515625	0.932502214406889	-2.18577300958315	-0.753826684613038	NA	-2.85087722045512	5.78804906462061	-0.495567591545435	0.270833989132961	no	ok		-2.92414664664973
Active_vs_Latent	ECASYN-PWY	0.614203006126489	0.931835500367287	0.70703125	0.960450361665767	-5.65922002952882	-4.52136689470798	NA	-1.36864549208204	5.1618672484288	-0.241316902740092	0.348958709054252	no	ok		-7.16944696606154
Active_vs_Latent	GLUCOSE1PMETAB-PWY	0.473445447438123	0.93203637399307	0.69765625	0.998628472222222	3.97779292057327	4.0664114274303	NA	-0.465067504847343	0.83521357520015	-0.631182679098234	0.333333757183061	no	ok		3.57038645061678
Active_vs_Latent	PWY-6182	0.685123437305703	0.936901682531586	0.74296875	0.95379872468398	-7.62614160629031	-7.36786563093023	NA	-0.886063192101238	4.06289565136179	-0.177023361080056	0.411458539964782	no	ok		-7.95869963354937
Active_vs_Latent	PWY-6148	0.694219292694119	0.938433594586987	0.740625	0.949014948511113	-7.27062785271909	-7.18338620743869	NA	-0.249193742628404	4.43358563133112	-0.0673279078097978	0.461139983838242	no	ok		-7.33053129920603
Active_vs_Latent	PWY-4984	0.550434233378508	0.938720734039905	0.634375	0.972535891700622	0.199857691235573	1.48580914918291	NA	-1.33173300042032	1.90397464092323	-0.591105446453856	0.300518665469849	no	ok		-0.725550192872039
Active_vs_Latent	CATECHOL-ORTHO-CLEAVAGE-PWY	0.693674065824134	0.93997634286343	0.7515625	0.946820695892503	-7.07213587139661	-6.90918164569501	NA	-0.670251186263945	4.30065331595922	-0.129568205480779	0.419689303598504	no	ok		-7.44436413791751
Active_vs_Latent	PWY-5417	0.687423814289006	0.944118241929446	0.75703125	0.956376083508865	-7.14087724577082	-6.98106619609554	NA	-0.703964166295523	4.3624753057186	-0.102608464793976	0.461139983838242	no	ok		-7.24540551921206
Active_vs_Latent	PWY-5531	0.0731641992916202	0.949496978647517	0.00703125	0.0546875	-2.93516093004752	-7.04424443258875	NA	5.46726446172048	2.71953390779614	1.69730360447699	0.0052604506079491	no	ok		-2.00598145415131
Active_vs_Latent	PWY-5430	0.7269618036711	0.952229763754849	0.76328125	0.9609375	-7.071759184833	-7.05614889933971	NA	-0.462535000077883	4.20971566248336	-0.0858068778184563	0.458333428181143	no	ok		-7.08606725461306
Active_vs_Latent	PWY-7399	0.73370352778574	0.952730615956646	0.76875	0.974247197423681	-7.01287515762068	-7.04382551414508	NA	-0.111093883520031	4.6920241532966	-0.0265500913842219	0.489583356890848	no	ok		-6.9751284489396
Active_vs_Latent	PWY-5431	0.735508054899297	0.953226861677978	0.77109375	0.964720194637348	-7.20760970427403	-7.26651407541289	NA	-0.515308919550072	4.35592278904279	-0.105635419370699	0.430051973081517	no	ok		-7.15264170983701
Active_vs_Latent	GLUTORN-PWY	0.526091017091106	0.954627519084219	0.58046875	0.950274929566692	2.43630320393713	2.62449162264387	NA	-0.521487703615768	0.887416759761636	-0.509269615806941	0.29533733758434	no	ok		1.92437089145515
Active_vs_Latent	PWY0-1533	0.754381373354382	0.95612314936723	0.7515625	0.9687880036916	-6.70592552813284	-6.655471799872	NA	-0.29816099103865	4.40077914083577	-0.0451713594350261	0.466321319211998	no	ok		-6.87011144847489
Active_vs_Latent	PWY-8011	0.671959005679435	0.956386460601907	0.60625	0.95064942902774	-2.48403361878419	-1.87588696117837	NA	-1.09162672974359	3.97429898783239	-0.252583327708441	0.29533733758434	no	ok		-2.70374079958388
Active_vs_Latent	ALLANTOINDEG-PWY	0.755987351109945	0.958462442845091	0.7375	0.9765625	-7.07927988206332	-7.10215946979346	NA	-0.129618419436182	4.74943881123989	-0.0246747349092475	0.487046661122772	no	ok		-7.05869968156986
Active_vs_Latent	PWY-6562	0.500721473501006	0.963398764188472	0.40703125	0.893749438880122	1.28192379011527	2.83544704642433	NA	-1.19885583455805	4.44730044135242	-0.487105916188042	0.217617507910972	no	ok		0.0148422595337623
Active_vs_Latent	PWY-5138	0.0462881109181271	0.964232899592454	0.003125	0.03125	-2.84554932411478	-7.21910460345259	NA	6.66600662243316	3.42509332498948	1.89904919498822	0.000365399848804012	no	ok		-0.481777628498018
Active_vs_Latent	MET-SAM-PWY	0.549716442997885	0.964656160388688	0.803125	0.986245859182383	2.96254028533102	3.04184728380286	NA	-0.245015419088331	0.766981240439306	-0.245905233392742	0.375000301404768	no	ok		2.82657148269573
Active_vs_Latent	PWY-7790	0.531037934201271	0.965887642668763	0.7	1	4.14830152264041	4.27432221352512	NA	-0.505719905044947	0.67301483163246	-0.49861082511568	0.331606642538848	no	ok		3.72551407820392
Active_vs_Latent	PWY-7340	0.770412895848936	0.966267340270668	0.78984375	0.9765625	-7.59385600960193	-7.18483492070319	NA	-0.0080240326021821	5.37272419035007	-0.00230501884114062	0.5	no	ok		-8.14441152216998
Active_vs_Latent	THISYNARA-PWY	0.514671221517995	0.970654972797145	0.79140625	0.983895735076798	3.60025974387622	3.88732849404367	NA	-0.497983166786363	1.20478020965175	-0.419329695645987	0.388601298505214	no	ok		3.36384726855533
Active_vs_Latent	PWY-5654	0.776528104040216	0.972148850218687	0.75	0.986882682217844	-6.96159356963491	-6.82267925926833	NA	-0.0723032494236078	4.78293455602055	-0.0193468308514228	0.489583356890848	no	ok		-7.14627557433327
Active_vs_Latent	P101-PWY	0.0566132565350188	0.973653377984313	0.009375	0.0546875	-2.57906686356502	-4.63207248769432	NA	3.21505430226883	1.58782412046556	1.97142899473718	0.0155616731380917	no	ok		-1.57085865767012
Active_vs_Latent	HEME-BIOSYNTHESIS-II	0.542853854582724	0.976960740406097	0.7	1	2.69502108523575	3.47347924464746	NA	-0.825906966304128	0.621518419574078	-0.625814824368814	0.333333757183061	no	ok		2.59314447642438
Active_vs_Latent	PWY-7456	0.663169589233369	0.978070651411927	0.8828125	0.991125777802506	-1.49940083484057	-1.50725334228689	NA	-0.647259291296866	2.5952975427051	-0.29698774202478	0.414507969041735	no	ok		-1.49940083484057
Active_vs_Latent	PWY-5823	0.806421536476479	0.978196783649671	0.73984375	0.9953862401445	-6.85122576067359	-6.55208327497894	NA	0.0760720341637491	5.05196604838988	0.0139275128949763	0.492227996666188	no	ok		-7.44448204641876
Active_vs_Latent	METH-ACETATE-PWY	0.804588535224034	0.978281931113932	0.75859375	0.994056864729076	-6.8791677882562	-6.63655131487803	NA	-0.205009542503834	5.34235083515434	-0.0347245555748909	0.487046661122772	no	ok		-7.39871442381867
Active_vs_Latent	PWY-5347	0.579401149538235	0.978523488733511	0.878125	0.992422424964902	3.04588883265871	3.11073145734604	NA	-0.180112491119174	0.724480741409697	-0.172850990560728	0.411458539964782	no	ok		2.97086916090196
Active_vs_Latent	PWY-7807	0.791704023665556	0.979326559276146	0.71953125	0.9765625	-6.86332062492303	-6.94759902261746	NA	0.378953253063914	4.22266861814859	0.0488661618448717	0.47395839236168	no	ok		-6.74857854943632
Active_vs_Latent	P108-PWY	0.0470073296078591	0.980474167585604	0.0046875	0.046875	-2.42466272140129	-6.7388345732883	NA	7.04293604247504	3.4244473121855	2.06007330597784	0.0103891482000488	no	ok		0.0910146599102823
Active_vs_Latent	PWY-7791	0.562220228428714	0.981293025863622	0.7046875	1	4.0840438336298	4.18202700242322	NA	-0.502366776924695	0.64799046225755	-0.570390353897868	0.333333757183061	no	ok		3.71883633320168
Active_vs_Latent	PWY-5101	0.683133546968521	0.981419053133681	0.72578125	0.963618465011805	-2.62547826848589	-1.97784198235958	NA	-0.816986701038286	2.99089543854279	-0.29772009272256	0.359375345192969	no	ok		-3.08835597696433
Active_vs_Latent	PWY-7347	0.756372239011004	0.982685158606376	0.671875	0.9609375	-7.1018175016535	-7.23891255939455	NA	0.37337912798247	4.7677761446151	0.0892794857951235	0.455958648521652	no	ok		-6.98072241601166
Active_vs_Latent	PWY-7480	0.753340431643537	0.983333882579567	0.6421875	0.984375	-6.78223923269255	-6.70230379349839	NA	0.516387157288784	4.97464244122782	0.102117065480973	0.458333428181143	no	ok		-6.91458130734513
Active_vs_Latent	TOLUENE-DEG-3-OH-PWY	0.739044122164479	0.984384505522785	0.66640625	0.9609375	-6.98752563580401	-7.08437782939947	NA	0.480228495912187	5.38454554878785	0.092981331199354	0.455958648521652	no	ok		-6.95968399654962
Active_vs_Latent	P562-PWY	0.807880598747406	0.984761332276423	0.8875	0.99099706743477	-1.36800444812123	-0.78035959973583	NA	-1.22175777573569	3.09619361304672	-0.287222141380166	0.406250219647385	no	ok		-2.60022996624402
Active_vs_Latent	PWY-7013	0.629094595163796	0.984785281341349	0.59453125	0.934058124709702	1.49263494337724	1.66224251068598	NA	-0.327141142549369	1.01585670090532	-0.39203858596633	0.296875549929299	no	ok		1.44873107175024
Active_vs_Latent	PWY-1622	0.816232885824392	0.985489727144247	0.81484375	0.991769889030728	-5.34804224424526	-5.5158883877036	NA	-0.74464003693635	6.03624404097928	-0.113769326898425	0.463541749522704	no	ok		-5.26840113227356
Active_vs_Latent	PWY-6313	0.784376809777685	0.985556071354527	0.86796875	1	-5.81338161939964	-4.70565086249663	NA	-1.46143777401445	7.19486777600392	-0.159984282748075	0.463541749522704	no	ok		-6.97006480706175
Active_vs_Latent	PWY-7820	0.761313225745691	0.988256351136618	0.83125	0.98594509371231	-2.68700373099932	-2.09295722971917	NA	-0.391604270264233	2.85795665984446	-0.152651753566709	0.406250219647385	no	ok		-3.25081458575819
Active_vs_Latent	GLUCARDEG-PWY	0.0584651574479439	0.988972654350754	0.00625000000000001	0.0625	-3.09574253701517	-5.44561105836525	NA	4.78901548748383	2.75580335511015	1.82216614854271	0.0052604506079491	no	ok		-0.726174209228724
Active_vs_Latent	SUCSYN-PWY	0.790803817342593	0.989224923295284	0.7046875	0.96875	-7.07832956037672	-6.94079523872095	NA	0.437812236198027	5.40368769286401	0.0624811237436471	0.466321319211998	no	ok		-7.14907677362292
Active_vs_Latent	PWY-5384	0.577203271628928	0.989417792577898	0.7	1	4.070496923674	4.1198358203999	NA	-0.461359792530206	0.985571819940157	-0.53995511804793	0.333333757183061	no	ok		3.66333150921646
Active_vs_Latent	PWY-7431	0.781257935166831	0.989473762351253	0.8515625	1	-5.56919019345438	-4.72725833121239	NA	-1.57198029106568	6.67228200632956	-0.184854161236118	0.435233307989157	no	ok		-6.9026765546469
Active_vs_Latent	PWY-5182	0.735459894974591	0.990300259136696	0.65625	0.9765625	-7.24937471479937	-7.33315098877648	NA	0.773954026875612	5.46138716878357	0.126724647728476	0.430051973081517	no	ok		-7.15979872375566
Active_vs_Latent	PWY-5415	0.800074823515932	0.990496779473876	0.74765625	0.9921875	-6.97110669903045	-6.79335572400393	NA	0.0270581771826253	5.67586827466506	0.00985087283730793	0.497409332220818	no	ok		-7.23400937073464
Active_vs_Latent	METSYN-PWY	0.616190416273027	0.990774199900666	0.90390625	0.99736611346516	3.00506398646793	3.05028486091601	NA	-0.140221899361326	0.857192833171535	-0.144104708021816	0.404145300346379	no	ok		2.95925440619216
Active_vs_Latent	CODH-PWY	0.795320747511991	0.991168779840213	0.73515625	0.984375	-7.41481211364316	-7.2752622822945	NA	0.547609009270674	5.34797514501067	0.090677195350158	0.461139983838242	no	ok		-7.52864932441909
Active_vs_Latent	PWY-5420	0.765009220416749	0.991856025711495	0.68046875	0.9765625	-6.99694450744645	-6.90056885115619	NA	0.509885965090003	5.57532517895822	0.106402736783119	0.450777313270224	no	ok		-7.08462608187199
Active_vs_Latent	PWY66-367	0.580298822283471	0.992168060060772	0.49296875	0.8515625	-6.1871340068915	-7.18516003418805	NA	1.24729016228569	3.89454824849988	0.349143716289726	0.352331968145601	no	ok		-5.57318410260886
Active_vs_Latent	PWY-6588	0.655301653671705	0.992213310824782	0.56015625	0.9140625	-6.21978258589022	-7.00770780559688	NA	1.0127916307588	3.86888123170445	0.209824419370465	0.385416940043501	no	ok		-5.58643097564774
Active_vs_Latent	PWY0-1297	0.560554620156065	0.99237239120596	0.86875	1	3.10838392920578	3.11060156187456	NA	-0.0709401891540962	0.5993592391665	-0.0396362645992245	0.463541749522704	no	ok		3.10511499795845
Active_vs_Latent	POLYAMINSYN3-PWY	0.799918474639169	0.992575312667116	0.82421875	0.995973631642404	0.0252916170583859	0.831885812432021	NA	-0.67247495355515	1.65379314448278	-0.295009825493493	0.383419964923157	no	ok		-0.542570805744111
Active_vs_Latent	PWY-7199	0.734845221744554	0.994125374393214	0.68828125	0.96875	-6.95228591373822	-6.80899687359128	NA	0.93622684581761	5.77204894467759	0.139968523202382	0.450777313270224	no	ok		-7.05535998024158
Active_vs_Latent	P185-PWY	0.858412834129308	0.994192279403954	0.69296875	0.997881113277748	-0.757489958380223	1.08718179038569	NA	-1.17378876412711	2.53566461268074	-0.364765164408324	0.333333757183061	no	ok		-1.78253200471111
Active_vs_Latent	KETOGLUCONMET-PWY	0.872553635593203	0.994206486246797	0.81953125	0.998031717710643	-4.45953453308121	-5.62532230804488	NA	0.437930454342189	5.30142411492755	0.0765424260604818	0.481865325598072	no	ok		-4.18721814756401
Active_vs_Latent	PWY0-42	0.365566258746426	0.994269603848122	0.225	0.8671875	-5.66952078190704	-7.19244156302642	NA	3.76050971945805	5.25377681271173	0.729085865654264	0.212436194453191	no	ok		-2.7501298596203
Active_vs_Latent	PWY0-1477	0.662714992585795	0.994474331688892	0.57109375	0.933690913753779	-0.534467032484434	-0.322524966633003	NA	-0.650658602124629	2.76595128496224	-0.246352195328678	0.270833989132961	no	ok		-0.801796579831104
Active_vs_Latent	PWY-7377	0.795442665294187	0.994664739199329	0.90625	0.992191820022735	1.33865092837557	1.3649452823329	NA	-0.108671875443435	0.865476433363424	-0.107316657836343	0.435233307989157	no	ok		1.3171451602087
Active_vs_Latent	PWY-3661	0.762886315153212	0.995384797038543	0.7046875	0.9921875	-6.99092055312222	-7.02195193783677	NA	0.580937198669648	5.59128813206689	0.114623193018156	0.471502654635049	no	ok		-6.91050259630231
Active_vs_Latent	PWY-6531	0.736643779474381	0.995775764976435	0.684375	0.96875	-7.08358706305336	-7.09505919442362	NA	0.916428388162404	6.08130306226741	0.156416436198494	0.450777313270224	no	ok		-6.99601226600872
Active_vs_Latent	GLUCONEO-PWY	0.666037284910186	0.995828271230269	0.88515625	1	3.67488860920968	3.71747270350842	NA	-0.122271918775899	0.840827950698608	-0.158383554134404	0.414507969041735	no	ok		3.64727786326295
Active_vs_Latent	PWY-4321	0.838428588203095	0.996176986974031	0.81796875	1	-6.06308433321415	-5.60872641031651	NA	-0.640606766497435	5.82429683397023	-0.118754215633536	0.4455959780921	no	ok		-7.04064087185779
Active_vs_Latent	PWY-7913	0.67138008967143	0.996343712487966	0.55625	0.9921875	-6.21105594986037	-7.0384320944763	NA	1.08844338762739	4.49690357620553	0.217034771812405	0.395833579489825	no	ok		-5.19271387725107
Active_vs_Latent	GOLPDLCAT-PWY	0.858867546729611	0.996466604741586	0.84765625	0.993864345164657	-2.25191814635316	-1.89207250425864	NA	-0.397133663378574	1.89054452749206	-0.214208961094202	0.41666686042708	no	ok		-2.62498425882467
Active_vs_Latent	AEROBACTINSYN-PWY	0.6444712933482	0.996673870220923	0.4921875	0.96875	-5.96794253430267	-6.9637550398984	NA	1.29177721699745	4.4816539906143	0.261460570756242	0.364583663678488	no	ok		-5.05076781165025
Active_vs_Latent	P125-PWY	0.910460720790604	0.998050951063195	0.7609375	0.990515635806155	0.150791823351833	1.04332354324952	NA	-1.03252783245098	4.10150765897711	-0.19098234797833	0.380208620616848	no	ok		-0.567840397944582
Active_vs_Latent	PWY-5392	0.800211530504106	0.998129242194941	0.79609375	1	-7.14817231325839	-6.70657398637599	NA	-0.474713212448242	6.99500682482938	-0.0482979601062785	0.476683990099631	no	ok		-7.99510672573559
Active_vs_Latent	PWY-6470	0.604070581358821	0.998796082758569	0.9859375	1	3.51126766804612	3.6367887465432	NA	-0.204132177549921	1.06467703481191	-0.0913545018145308	0.453125106902353	no	ok		3.39261623895403
Active_vs_Latent	PWY-6307	0.696399650570344	0.998823885743076	0.69140625	0.9765625	-6.92147617629526	-6.86024855879891	NA	0.788294203006738	6.19410848413335	0.111639132983197	0.471502654635049	no	ok		-7.00070255309535
Active_vs_Latent	PWY-5705	0.697298237007086	0.998871815113284	0.684375	0.9921875	-6.78524656457166	-6.67696709727468	NA	0.872039115244624	7.42875136390052	0.115808653534504	0.468750070918891	no	ok		-6.98432746938332
Active_vs_Latent	PWY490-3	0.826122227613392	0.998907779206282	0.8828125	0.997272838086041	0.589719987884215	0.565047276870396	NA	-0.0377650805431768	1.09096635361554	-0.0261479188073184	0.471502654635049	no	ok		0.611595231460059
Active_vs_Latent	PROTOCATECHUATE-ORTHO-CLEAVAGE-PWY	0.43870595407283	0.999138606696878	0.2640625	0.8984375	-5.49578190300935	-7.02723790732629	NA	2.85512420054724	4.36337148922716	0.651029202316149	0.233161456450763	no	ok		-3.71181065055478
Active_vs_Latent	PWY-801	0.814986192429035	0.999208337389422	0.9203125	1	-1.10380616340142	-0.575609938215573	NA	-1.11434824512064	5.99303883302042	-0.135866807890552	0.455958648521652	no	ok		-1.8327136220523
Active_vs_Latent	GLYCOLYSIS	0.713576996273291	0.999334713909541	0.94609375	1	3.92273788768002	3.9567023581085	NA	-0.0894862995034553	0.832431388746334	-0.101518762188202	0.44791678569462	no	ok		3.88100833367837
Active_vs_Latent	PWY-7090	0.865381379450271	0.99949675654859	0.86171875	0.992384166595668	-3.12054674971954	-2.81545736389273	NA	-0.293295073554641	4.04932151626232	-0.0604875907929386	0.47395839236168	no	ok		-3.20168074353251
Active_vs_Latent	PWY0-41	0.686191093848441	0.999523204240757	0.659375	0.9609375	-7.032382090578	-7.00644190199798	NA	1.28916418466201	7.14216836975038	0.221034051178774	0.411458539964782	no	ok		-7.05202761754533
Active_vs_Latent	PWY-8131	0.913698203691381	0.999553852549084	0.9203125	0.997942365269461	-2.36219627237856	-2.05578870155808	NA	-0.348208353722358	3.76151355092749	-0.072483718718354	0.476683990099631	no	ok		-2.41437667552576
Active_vs_Latent	HOMOSER-METSYN-PWY	0.728657913547253	0.999594714380733	0.9671875	1	2.53619850172062	2.62303758943158	NA	-0.148152614249115	1.02536112354941	-0.128107169284079	0.466321319211998	no	ok		2.42027052178517
Active_vs_Latent	PWY-7332	0.754122226642366	0.999600148668362	0.75859375	0.9921875	-7.19331848949756	-6.8604397732695	NA	0.0707555961987039	7.51694786989435	0.014823562952374	0.494791678441589	no	ok		-7.76154244857973
Active_vs_Latent	PWY-6293	0.805354128592848	0.999680188891649	0.925	1	-0.551867837843681	0.092572751064516	NA	0.320942787582111	6.2487041034591	0.0442019186231431	0.481865325598072	no	ok		-1.14112525176545
Active_vs_Latent	PWY-5692	0.649075433707187	0.999802012763331	0.653125	0.984375	-7.00373999553376	-7.18646722171404	NA	1.32843773383797	7.27269105724383	0.251154240420573	0.411458539964782	no	ok		-6.87790994721084
Active_vs_Latent	FUC-RHAMCAT-PWY	0.8652141154899	0.999803786331658	0.765625	1	0.0410344853566365	0.346132156466648	NA	0.0424750221322681	1.55671200727446	0.0190586444530159	0.497409332220818	no	ok		-0.402048142923734
Active_vs_Latent	GLYCOLYSIS-E-D	0.811811278551834	0.999815195783579	0.86171875	1	0.994378205083739	1.03360272933929	NA	-0.310690245657085	8.67113388446987	-0.0435385690397948	0.369791982420647	no	ok		0.976112593001695
Active_vs_Latent	PWY-7357	0.643944634054501	0.999820509749367	0.8546875	1	3.71848850539365	3.85903131965803	NA	-0.222879032661261	1.58634314125034	-0.178030752553285	0.395833579489825	no	ok		3.62837694583429
Active_vs_Latent	URDEGR-PWY	0.684978054692061	0.999881895879413	0.66640625	0.96875	-6.95072918449881	-7.05824304904726	NA	1.12166720063819	7.15004108333176	0.17216108837858	0.440414642995582	no	ok		-6.8755855693212
Active_vs_Latent	PWY-6344	0.908083705533276	0.999888808969332	0.840625	0.999047707100592	-2.87033944941974	-3.287354856046	NA	-0.237332494051663	3.41809461088042	-0.0596940397565573	0.471502654635049	no	ok		-2.69742541337463
Active_vs_Latent	PWY66-391	0.57008829507817	0.999970480363048	0.34375	0.9921875	-6.00321310204725	-7.01080528591805	NA	2.48511587365095	5.15056316656961	0.460854887628297	0.279793357301702	no	ok		-3.2304916571814
Active_vs_Latent	PWY-8004	0.803681031963335	0.999982356602721	0.8640625	1	0.789043701202923	0.833769247366153	NA	-0.354635317788484	8.70447304656387	-0.0492176775299382	0.383419964923157	no	ok		0.774486403307272
Active_vs_Latent	ANAEROFRUCAT-PWY	0.868168154676715	1	0.6953125	1	3.50732562076819	3.43577627896798	NA	0.166932585421943	1.24942030332093	0.105315023108439	0.440414642995582	no	ok		3.55859496794413
Active_vs_Latent	ANAGLYCOLYSIS-PWY	0.846504378707504	1	0.90390625	1	3.93184617234379	3.95950611353154	NA	-0.0366892728567039	0.793134862965993	-0.0404726545839378	0.484375035355462	no	ok		3.89836481991131
Active_vs_Latent	ARG+POLYAMINE-SYN	0.568428072706057	1	0.83125	1	1.2979485061072	1.46979227135425	NA	-0.233306002380722	1.24451819154294	-0.084031907170966	0.404145300346379	no	ok		1.25774362473049
Active_vs_Latent	ARGININE-SYN4-PWY	0.556836798327213	1	0.5109375	1	2.21588501072312	2.19278492296039	NA	0.308760018114449	0.822686968572521	0.347970425942538	0.367875965442486	no	ok		2.22729136592212
Active_vs_Latent	CHLOROPHYLL-SYN	0.481938094969521	1	0.284375	0.96875	-5.60057552745242	-6.73154745134419	NA	3.59174041218742	5.15941630873183	0.631311096632564	0.260417369656193	no	ok		-1.96485053567065
Active_vs_Latent	CITRULBIO-PWY	0.909447177299615	1	0.7	1	0.913642894021108	1.56011534998619	NA	-0.743080047209505	1.07425210616675	-0.301266405578534	0.333333757183061	no	ok		0.841137549424419
Active_vs_Latent	FAO-PWY	0.666523806212997	1	0.96015625	1	1.51952128065954	2.1113698483877	NA	-0.607932319531697	3.35164630174083	-0.0778043373911642	0.437500143526281	no	ok		1.12682406661491
Active_vs_Latent	GALACTARDEG-PWY	0.350210652440987	1	0.2640625	1	-2.60056713438764	-3.6877149015237	NA	1.89711669548557	3.14092689421081	0.583476102675203	0.259068059517974	no	ok		-2.4381163239786
Active_vs_Latent	GALACTITOLCAT-PWY	0.822662756900714	1	0.99296875	1	0.731061015147025	1.01123933284039	NA	-0.467959080237803	2.41939974747838	-0.15375457247215	0.450777313270224	no	ok		0.526238815169857
Active_vs_Latent	GLUCARGALACTSUPER-PWY	0.336332073963561	1	0.2453125	1	-2.59694900764331	-3.74940350930755	NA	1.85812397665775	3.26381886769095	0.456064254756712	0.265625679004813	no	ok		-2.39495265221769
Active_vs_Latent	GLUDEG-I-PWY	0.602679711907888	1	0.290625	1	-1.9080747655017	-2.6618810561061	NA	1.84592167974022	5.36898061300463	0.411153512224405	0.265625679004813	no	ok		0.122807035066637
Active_vs_Latent	GLYCOL-GLYOXDEG-PWY	0.723120519614576	1	0.45546875	1	-1.77669856540809	-4.70591557305057	NA	0.606241605583786	6.85402759557323	0.169180429432913	0.347150636268329	no	ok		-0.67414154929866
Active_vs_Latent	GLYOXYLATE-BYPASS	0.81088972554604	1	0.671875	1	-2.77084678245548	-4.67104241760386	NA	0.274685589335229	6.30441379201675	0.0435138278744816	0.437500143526281	no	ok		-2.46504566104974
Active_vs_Latent	HEXITOLDEGSUPER-PWY	0.938770427909056	1	0.66484375	1	1.70447533955043	1.61447228939186	NA	0.250448430194481	1.92197893028848	0.107380130973782	0.427083501745963	no	ok		1.80332314183937
Active_vs_Latent	LACTOSECAT-PWY	0.763908667118524	1	0.71875	1	1.36257260337162	2.11731145089269	NA	1.54427817496167	6.19045045894139	0.168481005062612	0.450777313270224	no	ok		0.64967598618261
Active_vs_Latent	LIPASYN-PWY	0.503511408486576	1	0.66484375	1	0.5774627628522	-0.0885596371563739	NA	0.916250702849899	3.94244980808773	0.14951075209706	0.430051973081517	no	ok		0.924949182696327
Active_vs_Latent	P105-PWY	0.366958586550776	1	0.21796875	0.8671875	-5.43652471382854	-7.03088336291955	NA	3.37295263390135	4.4593533525687	0.745951927168945	0.218750930036074	no	ok		-2.6539653636823
Active_vs_Latent	P163-PWY	0.68395916923029	1	0.62578125	1	-1.66913658215949	-1.85507240971425	NA	0.452505191851099	2.21586065622357	0.157359948635392	0.421875181024094	no	ok		-1.4569955783719
Active_vs_Latent	P164-PWY	0.316081721088444	1	0.371875	1	-0.894320688293143	-4.54209927059986	NA	4.48763292261287	4.84276711852456	0.712104410234277	0.317708808579265	no	ok		-0.0618433389908493
Active_vs_Latent	P221-PWY	0.11063650728567	1	0	0	-0.226984783942142	-4.52003519337268	NA	5.46755399601484	3.51600304315382	1.47889183750759	0.000365399848804012	no	ok		0.751071681334397
Active_vs_Latent	P23-PWY	0.483420521271738	1	0.6859375	1	2.4815408881195	2.43392621103863	NA	0.103544364977999	1.88650549891321	0.061277962985041	0.442708464566388	no	ok		2.50689843138555
Active_vs_Latent	P461-PWY	0.942140605782077	1	0.46328125	1	1.07752437574543	0.907644244526203	NA	0.669148096376121	2.14125838729939	0.278917638780666	0.354167026979493	no	ok		1.55701217067787
Active_vs_Latent	POLYAMSYN-PWY	0.446412470137312	1	0.4359375	1	0.791132059219898	0.690889350992717	NA	0.434375218884824	1.62720976101958	0.202082593775587	0.336787973446622	no	ok		0.816167855357772
Active_vs_Latent	PWY-2941	0.712375760862043	1	0.93203125	1	2.86818606387063	2.92343851551093	NA	-0.0969022337113454	1.55820819593714	-0.0291417493781679	0.481865325598072	no	ok		2.80287254893621
Active_vs_Latent	PWY-5022	0.266453851760072	1	0.13984375	1	-1.547596694992	-2.69688925276164	NA	2.40945021568196	2.99695245649538	0.684145416247129	0.145834940058562	no	ok		-0.00584520838171887
Active_vs_Latent	PWY-5130	0.653869819753575	1	0.51015625	1	-0.789118906300357	-4.72270056412661	NA	1.73480757030434	7.3722730724431	0.304772422538737	0.362694632748351	no	ok		0.425270877376518
Active_vs_Latent	PWY-5136	0.642057302498516	1	0.98828125	1	1.52807825039743	2.11883526536107	NA	-0.691035354585983	3.58424916281973	-0.0790949954631958	0.421875181024094	no	ok		1.18181612048959
Active_vs_Latent	PWY-5180	0.677836659475267	1	0.62421875	0.9609375	-7.20544976422079	-7.36266814328805	NA	1.48613626391222	6.30309586409793	0.246510789600684	0.421875181024094	no	ok		-6.86021683991569
Active_vs_Latent	PWY-5209	0.627377101248061	1	0.6046875	0.9609375	-7.27223687389386	-7.38847491281689	NA	2.06048153066102	7.40632600896736	0.253826344590288	0.41666686042708	no	ok		-6.95055844931724
Active_vs_Latent	PWY-5345	0.892361720345712	1	0.78671875	0.998628472222222	2.40249292690174	2.63683983255467	NA	-0.168928966647218	1.27787981602436	-0.177595061797788	0.357513300310963	no	ok		2.17938822915629
Active_vs_Latent	PWY-5419	0.401359141193936	1	0.4875	1	-2.12492004979576	-2.23598195844268	NA	2.02459503503894	3.45408714126937	0.471179168604707	0.364583663678488	no	ok		-2.00751011057623
Active_vs_Latent	PWY-5484	0.877402524125336	1	0.79453125	1	3.7702201215786	3.77444839958763	NA	0.0153683342196973	0.887529432253726	0.0266284852656334	0.489583356890848	no	ok		3.76155822227102
Active_vs_Latent	PWY-5497	0.345417704566536	1	0.35625	1	-0.930067032681041	-4.71446659423481	NA	4.43990990708487	4.75507803851006	0.798257196937788	0.321243981829087	no	ok		-0.806435213576544
Active_vs_Latent	PWY-5505	0.503807562404084	1	0.36875	1	1.52700848459974	0.922708521392537	NA	0.477621180626103	1.19532598561732	0.575402639145638	0.307292178288741	no	ok		1.86481522426642
Active_vs_Latent	PWY-5723	0.918001189507715	1	0.70234375	1	1.30003381916552	0.987949833301229	NA	0.393422614996339	1.67271450907922	0.180871134049753	0.430051973081517	no	ok		1.44564617030951
Active_vs_Latent	PWY-5747	0.48805400134649	1	0.51953125	1	-1.62954698391243	-5.34018937008832	NA	2.86394590569652	5.32554699901947	0.495427172829871	0.369791982420647	no	ok		-0.822839300994556
Active_vs_Latent	PWY-5855	0.787326388445508	1	0.92734375	1	0.782473196059907	1.46054790116234	NA	-0.498998619181696	3.36869567475192	-0.121418694035672	0.430051973081517	no	ok		0.323105486639833
Active_vs_Latent	PWY-5920	0.793884442046317	1	0.815625	1	-0.750123176693199	-4.75273727150094	NA	0.0680017050436588	8.70038751472698	0.0209720669814563	0.484375035355462	no	ok		0.554873527475179
Active_vs_Latent	PWY-6143	0.451250769929964	1	0.26796875	0.984375	-5.6426170636056	-6.89714448948044	NA	3.53616653378551	5.87644082447472	0.562769554210189	0.243524094720476	no	ok		-1.97275082544129
Active_vs_Latent	PWY-622	0.586996395438262	1	0.33203125	1	2.2047288385492	1.65024072213821	NA	0.582452198010588	1.23865127773756	0.45675381208634	0.296875549929299	no	ok		2.25145055917174
Active_vs_Latent	PWY-6292	0.468060043395541	1	0.31484375	1	0.962388960282668	0.771706923309822	NA	0.574882153070155	1.09258723992519	0.530515530173863	0.260417369656193	no	ok		1.17347832154624
Active_vs_Latent	PWY-6305	0.528606027243035	1	0.7984375	1	1.27646084056449	1.45292809570257	NA	-0.192839510548813	0.759113564922163	-0.0744648568331661	0.388601298505214	no	ok		1.22932808126086
Active_vs_Latent	PWY-6353	0.343928710774372	1	0.2	1	-0.444990753566365	-4.6250357352593	NA	4.70135002671204	5.80078157404969	0.669312189567351	0.238342775047909	no	ok		-0.131887330664899
Active_vs_Latent	PWY-6396	0.25750302963192	1	0.2015625	1	-0.655823086524734	-4.60209741003115	NA	4.33909859007486	4.04997261568635	0.908178788682771	0.223959230903001	no	ok		-0.272956431952812
Active_vs_Latent	PWY-6435	0.347074275681728	1	0.2484375	0.96875	-5.83796024756566	-7.2031794196604	NA	5.45097110854975	6.69567546627073	0.735876573780561	0.223959230903001	no	ok		-1.0824498978533
Active_vs_Latent	PWY-6471	0.470653309986161	1	0.31796875	1	0.491932669321265	0.25697896514929	NA	1.17232342896709	3.13688866049648	0.390452531808364	0.29533733758434	no	ok		0.544989227600326
Active_vs_Latent	PWY-6478	0.230470017857762	1	0.16484375	0.96875	-0.0881700063737716	-0.584671299315294	NA	2.05864166617361	2.31814262107795	0.837931116821191	0.139898046804075	no	ok		0.197181731249011
Active_vs_Latent	PWY-6527	0.890782984545301	1	0.91796875	1	3.07822657436368	3.12936870956187	NA	-0.0667940627269639	1.18978970197076	-0.0810798361664595	0.466321319211998	no	ok		3.04447196806599
Active_vs_Latent	PWY-6595	0.311013865092417	1	0.31875	1	-0.639925862999167	-4.6767379477927	NA	4.51716563480031	5.0325304102762	0.737570708227106	0.279793357301702	no	ok		-0.232695366342696
Active_vs_Latent	PWY-6606	0.390581822042785	1	0.3265625	1	1.36375533204031	0.829682983924734	NA	0.73432232230686	1.58289633082987	0.47107590158967	0.31088132274071	no	ok		1.49074182755118
Active_vs_Latent	PWY-6607	0.272660613684363	1	0.17890625	1	-0.185103907155416	-4.75019533987086	NA	4.74000696188739	5.17641304815225	0.770195050271125	0.187501159223769	no	ok		1.03298426346566
Active_vs_Latent	PWY-6608	0.364915571767294	1	0.203125	1	-1.03829167651922	-4.69110425628772	NA	4.23231423769327	5.00146575074774	0.686861460100115	0.227980139005357	no	ok		-0.535925799614107
Active_vs_Latent	PWY-6731	0.180219380082137	1	0.1234375	1	2.49569457075678	1.65024038811879	NA	1.16518771798324	1.25280681268755	0.988972250950946	0.119173013440157	no	ok		3.0108171141136
Active_vs_Latent	PWY-6748	0.541809698104457	1	0.7046875	1	0.433934742072527	0.00690001106088456	NA	0.520617088023237	2.27353536321063	0.107994663356906	0.455958648521652	no	ok		0.636971128761014
Active_vs_Latent	PWY-6749	0.89697738452349	1	0.6109375	1	-0.20234481431123	-0.374404875596929	NA	0.30930640928131	1.27444674391206	0.152169084952711	0.424870638281578	no	ok		0.000814645821288984
Active_vs_Latent	PWY-6803	0.514538344500602	1	0.7	1	1.4154275960432	0.871076493583623	NA	0.98327981459887	3.82955629567603	0.191289412037554	0.424870638281578	no	ok		1.73015376659419
Active_vs_Latent	PWY-6859	0.834732544220718	1	0.87109375	1	2.79951174816405	2.8867763306508	NA	-0.177826817161483	0.70721668635412	-0.144170675385234	0.414507969041735	no	ok		2.69219701707997
Active_vs_Latent	PWY-6891	0.394836728266071	1	0.3828125	1	0.838544568725757	-0.171551656388401	NA	1.17938063968866	2.13889430129297	0.48945348003256	0.326425311992643	no	ok		1.01999922527964
Active_vs_Latent	PWY-6895	0.638404920421104	1	0.409375	1	2.15962696914509	1.64365938569437	NA	0.688941939121334	0.941033265688259	0.544869615663459	0.336787973446622	no	ok		2.45887972125594
Active_vs_Latent	PWY-6922	0.493626969712646	1	0.61171875	1	-0.760740394170683	-0.67865635290369	NA	0.541183877318758	1.990957367299	0.166729984138716	0.414507969041735	no	ok		-0.832714907680576
Active_vs_Latent	PWY-6969	0.461862519966116	1	0.6515625	1	2.76861477855037	2.58325028598714	NA	0.209099731598924	1.11682767762716	0.0786842191253068	0.419689303598504	no	ok		2.86948602352514
Active_vs_Latent	PWY-7031	0.47220816867617	1	0.284375	0.9453125	-5.967458613867	-6.90442903511116	NA	4.16380981188454	6.20961188016193	0.581732820518044	0.28497468346637	no	ok		-1.9108995193062
Active_vs_Latent	PWY-7052	0.369179949489584	1	0.28515625	1	-3.03349133043839	-4.59376302018276	NA	2.07192451320126	3.79379014966669	0.524906448856902	0.255209061138005	no	ok		-2.77637623317395
Active_vs_Latent	PWY-7094	0.36284626196248	1	0.27265625	0.9453125	-5.87862734764905	-7.25291238981982	NA	5.74480177008609	6.55046672115424	0.737439539483409	0.250000753505307	no	ok		-0.606489061939623
Active_vs_Latent	PWY-7118	0.730414652836978	1	0.58125	1	-2.1181722526458	-4.66063039853886	NA	2.06076801298671	6.42305840338901	0.341940087706191	0.401041899485425	no	ok		-1.2691244579496
Active_vs_Latent	PWY-7237	0.382687923157322	1	0.625	1	1.71397422603958	1.79874397499895	NA	1.78042816370019	2.86707281004209	0.283629229948648	0.404145300346379	no	ok		1.65151513340447
Active_vs_Latent	PWY-7254	0.54430216108408	1	0.80078125	1	2.24179479942872	2.37247411021124	NA	-0.113730344341003	1.04195280662034	-0.0422397103766674	0.393782632277474	no	ok		2.18051456098542
Active_vs_Latent	PWY-7255	0.512737994435285	1	0.35	0.953125	-5.49051418361072	-6.64118109187672	NA	2.20739221370971	4.26084076406242	0.431806075398002	0.28497468346637	no	ok		-4.05452289346406
Active_vs_Latent	PWY-7294	0.777285025124579	1	0.63515625	1	-3.61125724184526	-4.36263656504634	NA	1.76636455338717	5.99644224611026	0.231482285247054	0.430051973081517	no	ok		-3.19003521408542
Active_vs_Latent	PWY-7316	0.840660982696915	1	0.6265625	1	-1.31457923953122	-2.19035773675825	NA	0.26283747043964	3.61026578581285	0.0659952635993628	0.406250219647385	no	ok		-0.866520712186282
Active_vs_Latent	PWY-7328	0.922567630014189	1	0.78203125	1	1.13573401140721	1.05382967686582	NA	0.0779785567626057	1.70425593347083	0.0519563232143577	0.471502654635049	no	ok		1.17869622814802
Active_vs_Latent	PWY-7345	0.936468833905935	1	0.81015625	1	3.75826443497988	3.75716017029944	NA	0.00445244756987062	1.06794741813546	0.00550255980141492	0.497409332220818	no	ok		3.76109054348096
Active_vs_Latent	PWY-7356	0.679540112803563	1	0.83125	1	3.09154133440111	3.17149380995301	NA	-0.163753331154911	2.10280856439047	-0.0875885291988431	0.404145300346379	no	ok		3.05049719046966
Active_vs_Latent	PWY-7383	0.278041647289617	1	0.4	1	0.715578226564987	-4.36747381936943	NA	5.25425913004676	4.90259650304835	0.782274476851807	0.333333757183061	no	ok		1.029288875004
Active_vs_Latent	PWY-7644	0.67643214855657	1	0.671875	0.9921875	-7.0764716680082	-7.05924703540768	NA	1.37883372732455	7.1305044234159	0.183731703163704	0.419689303598504	no	ok		-7.13447694929251
Active_vs_Latent	PWY-7783	0.430118334288949	1	0.4875	1	-1.22430813976239	-1.30699331528042	NA	1.30236475877027	3.25327356025517	0.383249105615408	0.401041899485425	no	ok		-1.1153817844141
Active_vs_Latent	PWY-821	0.830880097368802	1	0.7046875	1	1.4611731267554	1.78231900697655	NA	0.397695573613209	1.82666254867457	0.206534600854375	0.437500143526281	no	ok		0.931459311874927
Active_vs_Latent	PWY-822	0.845606191158845	1	0.97890625	1	-1.36475195531253	-0.607841568485662	NA	-1.13817838027025	3.47650446367332	-0.22737222306464	0.4455959780921	no	ok		-1.68237518202338
Active_vs_Latent	PWY0-1296	0.914455251094007	1	0.559375	1	2.96566161345626	2.87869089777287	NA	0.189271954864539	3.75437988902686	0.0568583247789438	0.404145300346379	no	ok		3.08178901242874
Active_vs_Latent	PWY0-781	0.934781347778466	1	0.8265625	0.998557692307692	2.92858124679061	2.80505204057934	NA	0.0114546790369321	0.901980188492108	0.0182798089457818	0.489583356890848	no	ok		2.9839475002534
Active_vs_Latent	PWY1ZNC-1	0.690575872503522	1	0.70703125	1	0.253526801358823	0.763710320148617	NA	0.773145425311029	2.74459623188159	0.306406543070441	0.468750070918891	no	ok		-0.223961737650034
Active_vs_Latent	PWY66-389	0.417023841180774	1	0.3453125	1	2.17082707296904	1.27564064692886	NA	1.05934535158324	1.47057688163416	0.66082163335898	0.296875549929299	no	ok		2.76041752841088
Active_vs_Latent	PWY66-399	0.258318147355414	1	0.4	1	1.32606460804711	-4.44520363672203	NA	6.12007444940575	5.70965305601421	0.912581047804931	0.333333757183061	no	ok		1.66281854502625
Active_vs_Latent	PWY66-409	0.14736775806643	1	0.1015625	0.9453125	-2.12426828078311	-4.8321272342796	NA	4.04220550053967	4.1810270270312	1.09128479947131	0.104169063671829	no	ok		-0.602383750628792
Active_vs_Latent	PYRIDNUCSYN-PWY	0.479041343801466	1	0.41171875	1	1.34821912643013	0.546937125123098	NA	0.991051005822992	1.53566707792815	0.526702103390649	0.338542074137571	no	ok		1.661465303197
Active_vs_Latent	REDCITCYC	0.208316038187852	1	0.15078125	1	0.461232595371323	-4.89891742019601	NA	5.94979892953719	5.209725761193	0.962133992955358	0.176167051036588	no	ok		0.987748195330927
Active_vs_Latent	RHAMCAT-PWY	0.268925385267095	1	0.2015625	1	0.607997377365211	-0.436346022340627	NA	1.40057614793987	2.20139467930507	0.671248755055089	0.213542630602218	no	ok		0.822528165063026
Active_vs_Latent	SALVADEHYPOX-PWY	0.285232777667981	1	0.1953125	1	0.625666238154973	-4.50964392549726	NA	5.25711528950857	5.28854998661291	0.743494314349017	0.22279882279503	no	ok		2.12342353518383
Active_vs_Latent	SO4ASSIM-PWY	0.718716903515048	1	0.69296875	1	1.40840297662971	1.61374099121113	NA	0.703604969683247	2.38549727252513	0.262953007971619	0.440414642995582	no	ok		1.21746470234343
Active_vs_Latent	SULFATE-CYS-PWY	0.798665629937949	1	0.70234375	1	2.21460926325645	2.49149360731037	NA	0.232521271720533	1.82771757675442	0.138713088335428	0.437500143526281	no	ok		2.02157781441699
Active_vs_Latent	URSIN-PWY	0.644466322752816	1	0.6453125	0.984375	-6.9092414997668	-6.99478629762356	NA	1.11707009466503	7.46251095451504	0.168121160943906	0.421875181024094	no	ok		-6.83537289712879
