feature_id	SRR26464278	SRR26464279	SRR26464280	SRR26464291	SRR26464292	SRR26464293	SRR26464294	SRR26464295	SRR26464296
ko:K00001	29.204157421199877	196.66386865671052	408.617537203162	812.588120907941	742.2107294483244	1121.2705067278337	310.0103706990429	39.3156679594204	188.2627024427001
ko:K00002	0.0	0.0	0.0	157.74277477672405	0.0	0.0	0.0	0.0	30.70601986742633
ko:K00003	23.21173331556592	116.86091774596052	607.1864124787625	682.9177061272353	831.3448085747376	633.4593365360988	305.9632205958847	193.55676033583424	91.94392346604546
ko:K00004	0.0	37.12223105157601	214.5350586332268	120.09552365063765	14.176942965367347	74.58020950014361	71.54404702326107	151.72208047735472	18.593164487775283
ko:K00005	19.83350669479358	16.206781152572653	160.31672056229763	63.3839150418668	440.03303431408966	87.76480620719147	56.57638650792052	0.9075151296833656	20.0697035734113
ko:K00007	0.0	0.0	22.33	0.0	0.0	0.0	0.1543382003459234	0.0624245672978677	0.0
ko:K00008	18.40535170377613	28.463628440810435	160.68087859797464	220.8171491659451	322.8775254980866	173.1639023569532	78.58890001880718	0.2757605945886788	16.929931675988772
ko:K00009	9.80056098925236	78.99349924165338	63.92139275431836	42.17945534621515	205.1072122988611	436.4165919021766	131.00429425166897	1.1961284156537062	218.59878502572363
ko:K00010	0.0	41.53999000045117	58.78728855033839	26.06712486126213	30.20842026615159	64.10959800042626	100.89845875598998	0.0	32.745419164170194
ko:K00012	153.74248288501178	291.6494560242635	584.5479298543727	1281.7306575880568	1076.8986606119445	350.0906127843914	420.6632801610895	631.181820905926	428.9828613137937
ko:K00013	79.55493196792501	147.8049925257346	238.92961878782356	668.8945626805205	628.5185297056055	187.3961625651892	685.0267410502811	441.7638022159069	283.32444251293566
ko:K00014	521.4809721461087	538.2274455386024	933.4312047194704	1453.7358291343662	1733.275856149275	1027.400735652027	2091.237466721158	1173.3486375801858	737.6276318213545
ko:K00015	146.01999999999998	222.03671676624515	134.06180179185492	409.4706003811266	449.3769405784751	222.9007039289145	145.03249170874466	302.47009659251785	84.62875489877646
ko:K00016	105.25677411537792	130.8035848835019	573.1055651579716	598.403347532258	926.2287071035496	2308.530665045366	259.97829006837964	116.5219721459536	30.70765710208831
ko:K00018	250.86581920254844	239.40601004607896	618.653201151126	656.4232349395131	1058.002727537705	219.1405424213967	1611.8636422057998	847.6798327293671	448.7017975790665
ko:K00019	0.0	0.0	83.63991543616109	2.671591410399676	33.671168058442035	1.825371910683261	9.923057386681783	9.898705825548156	35.057938514973614
ko:K00020	79.2862616998648	17.72	209.54335873679145	771.2861081425178	223.73731240180948	699.7669698919148	78.76752504474018	270.6277126403953	110.40908380878078
ko:K00021	0.2107428285088785	0.1080126899004107	22.69861111223058	11.470901182922198	0.1688256205226239	0.0	3.6135223952273576	0.7911939315588209	0.2454191641701949
ko:K00023	0.9856783559794574	65.87096126508105	151.9882854080761	451.2854636676078	190.0926943689352	6.780093011197941	172.9035871225825	1.6438370050670064	47.43933074053626
ko:K00024	382.2155198542176	418.8811719836309	565.675012376875	1236.4340911588863	1032.9958392535782	369.493225425183	1677.1852229245878	1256.1380225876808	575.9880233748346
ko:K00027	84.45839283899748	243.92573057191004	583.1564245822443	1023.1715972906372	1050.989806179377	822.2662795824317	423.9545103426345	506.5534109174312	322.34320955632586
ko:K00029	290.8340535198528	368.0818137437272	706.6006567827303	804.0240236309849	960.9520670667384	309.33052193618016	1629.1164544308022	1051.2030352571608	383.2843361167565
ko:K00030	0.0	0.8255668662913888	7.819313167770416	0.0	59.6286430524547	36.6666687843401	46.572163444272086	0.0	4.711667213897151
ko:K00031	0.6983104720464443	52.70671011863415	415.7904128152374	1161.0980066762831	458.5699226930674	156.37697461014736	124.58456288354142	168.82408944674867	191.9128129453629
ko:K00032	0.0	0.0	0.0	0.0103836874699294	0.0	0.0	0.0	0.0	24.0
ko:K00033	442.149992102311	442.9545825018463	713.4303398507316	843.3013370181369	1060.0066259189412	1221.0986338585317	1720.4106029349737	886.3446482995538	152.2807925881285
ko:K00034	2.0474799726461086	0.0	35.72764606083253	364.8091277179232	65.29628217417839	9.081426795340764	0.0	0.1376845143589053	0.5422380120894292
ko:K00036	419.9534987971045	430.41730434814974	689.0918954062762	800.5588692343615	1039.373261884855	1187.1189267824295	1681.307227234132	886.1501403356474	152.6407483819812
ko:K00038	0.0	0.0	0.0	13.902206371170164	0.0	0.0	0.0	0.0	0.0
ko:K00040	3.31702168494048	20.214623154675312	62.33059092896093	9.405323789741916	265.8344673436593	28.65197600782076	2.3809246111623854	0.3034211379973567	76.61960213311762
ko:K00041	3.706686884577984	21.300569894827124	44.275285754156144	219.85560607623896	184.5492235462744	37.595814153017656	12.109445917841269	0.8908496093354528	188.5897367354513
ko:K00042	0.0	0.0	75.60227198799643	235.38891760227028	45.21357547777056	45.49340200907052	10.9942982112328	96.71607453606065	100.0226080925742
ko:K00045	0.0689099651795003	0.0590968372267234	0.0	174.36037142951736	0.1083805465006698	0.0919162984910107	0.1083805465006698	0.1149226318025211	30.357534078849262
ko:K00046	25.35040889182915	19.696896047098903	74.49786621830819	240.16342992246405	277.7592234302069	51.15920151836128	100.85247742142845	3.479952302881962	164.86338661264045
ko:K00048	137.314087488171	138.6831493099106	49.91227378283147	134.36623300888283	911.3942530903728	44.11613758590741	1194.1355585839394	421.4611775169456	18.75
ko:K00052	242.04602262289228	253.54104104317437	588.9531370637949	1009.1933907415812	1222.7571447426578	444.33206314133366	1495.016146838891	602.8303700792695	366.4384070162711
ko:K00053	277.14162262722857	255.4164237874785	603.9763990335653	785.7829813673217	1230.4542051013736	453.3176978328581	1586.1605206560137	607.2666000250435	359.4329603664236
ko:K00054	81.37074282850888	110.6480126899004	342.7490317498943	579.6698134733953	510.4568937078091	1476.4499999999998	235.01934004571095	23.39494133462264	1.8974719918787104
ko:K00055	4.217710684817875	4.270601923670515	0.0	167.35885545018357	22.68259792661218	341.07594877115594	0.0	0.4047627846227056	0.0
ko:K00057	339.32145591986705	514.9514435532168	993.9889544057326	1112.3230556838578	1922.769418165173	1343.8083038884445	1853.65340696684	1167.6760694044383	388.5544080406226
ko:K00058	384.7707294440946	550.7347464063804	626.5688316788079	2626.8462019697045	1724.1345322314978	731.5781359495392	1718.9908983693226	1265.3181539731809	711.2297949198176
ko:K00059	424.02254787197234	709.6972660047434	2030.4065916837933	3560.7986371084908	2635.587407752673	2120.3397876645213	2406.0942686044173	1327.445384199891	1169.3749572361417
ko:K00060	0.0	0.0	51.31530762973454	168.5081074971036	61.11233462149207	0.994445525986354	0.0	0.0	14.785260741930124
ko:K00064	0.346150432035515	0.2968568578532423	14.917477475885963	171.20362787168247	9.73312608219782	0.697732939104372	0.5444201415242118	0.5772825243123936	165.38878502572362
ko:K00065	5.348541924467386	17.316838568449292	56.83142685605313	6.044114398093035	5.84682378749803	24.52955865513198	12.809960760850844	0.0	0.0
ko:K00066	6.834667939428601e-05	5.8613766189403504e-05	0.0	0.0001172275323788	0.0001074946191739	9.116495368573276e-05	0.0001074946191739	0.0001139832279771	0.0
ko:K00067	208.2079583302952	405.3208617796694	855.78864959372	1001.8641138382724	1414.4950064868144	912.575227499919	1162.2465553865336	855.7628632063249	625.0859648656842
ko:K00068	9.347293711517285	20.847758975714907	62.24355199065028	17.51450186620065	187.97167416989328	435.11347376193737	55.15895295811198	4.25311819272584	4.4210344680658125
ko:K00073	6.01	18.15561798960374	20.99	190.00461637224703	99.03	11.09	16.62	0.0	7.43
ko:K00074	13.57336680331728	10.161133732582751	210.62619335195205	56.73535179735351	592.8228131036055	117.6329061950298	111.34736746785144	11.38469759313181	156.92343777790956
ko:K00075	435.06891344910673	527.5033719769239	1123.865474869348	1506.9059490226014	1930.327852696949	1329.6810792809824	1917.440960654566	1167.6848967964534	667.0028450918305
ko:K00076	0.0	0.0	68.62821900118767	5.885979735218728	50.1938547312727	12.25	0.0	0.0	0.0
ko:K00077	156.29139517324978	287.1722791948092	708.6889923594689	767.918293798777	813.7424930761146	441.9888275478228	266.4982155632073	309.8667997291273	163.01996758684822
ko:K00082	0.0	0.0	3.8258326984743256	0.0	32.66371218676675	1.8709428433167967	2.36962399434424	0.4557887038466766	0.0
ko:K00086	9.6	0.0	0.0	9.6	0.0	42.58	0.0	0.0	0.0
ko:K00087	0.0	0.0	139.06532092000776	1.4915801083747753	274.0789969333381	3.779823515981189	40.072047213919	0.0	8.61815907660633
ko:K00088	435.03161464581456	519.6169885767108	1125.2417123917044	1533.4393591787102	1932.770583032548	1007.4287761445568	1919.0856651106624	1247.9103318932878	669.6828936722716
ko:K00090	0.0	47.05187511173638	0.0601230218900061	18.232759516002304	69.60529212063423	0.0	0.0524917087446676	0.0100965925178565	35.65111942285917
ko:K00091	5.360989773390402	69.97603945968015	93.80361509596948	816.4579824573699	103.1354491155409	14.768624693376484	66.81199126308009	8.953187393934613	166.0066842759382
ko:K00094	0.0	2.310803924538169	0.0	0.0	0.0	1.423232882291028	50.34736371907606	0.0	0.0
ko:K00096	0.0734962246645745	0.0630299901395559	76.32020232112178	28.108828531640185	0.1155937457540934	0.7574788972518732	0.1155937457540934	0.1225712354374391	0.0
ko:K00097	146.33104048036975	230.22913052264855	531.0813199266951	879.4196682077842	562.1387941702333	330.46431091905174	330.0507755587046	721.1617352315028	541.8704420214474
ko:K00098	0.0	42.70247455175497	18.29325009700231	26.111890826962927	3.518330799274957	0.0	17.330868140649436	2.2204561746655247	0.0
ko:K00099	390.7977285078422	408.07011184324085	775.8920951204901	979.4279728576172	1444.0622224107356	397.5376566129828	1735.119862734367	1153.282822696	660.19
ko:K00100	0.0	0.0	207.42893283584863	16.165986147262945	363.5286766343216	3.531823519758777	40.1	0.0	7.717135670552357
ko:K00101	104.0	149.32710223783377	260.6296788787849	508.34897113718944	593.6143395530271	100.096442269258	1281.655171915514	580.7707239285867	104.68137582748804
ko:K00102	0.0	0.0	14.336090198701545	47.62061672344881	24.66432554774593	7.345542203901297	0.0	11.760707320421734	57.7826617411334
ko:K00104	2.476528879046222	10.463448414487146	173.4735700193354	683.0097002645949	112.24394937258432	387.7470117599525	50.38689741414696	25.99857215982304	48.40071160260172
ko:K00105	0.0	64.84	79.49731224425086	32.565512242751325	45.1744749819814	178.5425916365549	52.03779330602132	10.009283505992018	0.0
ko:K00106	0.0	0.0	0.0	652.0	0.0	0.0	0.0	0.0	0.0
ko:K00108	0.0	0.0	0.0	15.272576610947766	0.0	8.086204658650779	0.0	21.68605318652728	36.43013583723115
ko:K00111	133.81590315408127	135.108037198595	561.6309144449182	161.51313061538218	271.9955320938428	196.2040716871395	282.0634376248461	41.02628135130696	395.687460692658
ko:K00112	131.026400420497	33.232341475801874	102.70461135873394	13.105545243398652	52.60485013305825	11.5302034076796	120.5797279194255	0.4442817139301428	327.6588244750587
ko:K00113	131.02600933909466	34.665007886213296	102.70461135873394	12.294449865777317	52.60423504616909	11.282230451495678	119.77720176920651	0.4436294990597602	328.3931232533974
ko:K00116	104.0	103.0	127.65234034479596	170.7631469317269	619.4738832465663	90.85432225130062	1185.0488333231815	589.8342792155439	42.8968428438442
ko:K00117	0.0	0.0	0.0	168.5081074971036	0.0	0.0	0.0	0.568106912399913	24.0
ko:K00121	72.641285542311	54.64740006752204	147.1844131074941	111.47548737773415	412.5515822814479	84.77856694453678	682.2320185614851	419.0275725348093	47.358059233049374
ko:K00122	0.0	0.0	0.0	2.433392206976537	0.0	0.0	0.0	0.0	0.0
ko:K00123	600.28	362.41294040632096	139.74747630657745	31.32900836343393	1657.4141591596392	84.63226369884572	2740.566901875452	863.0404434501177	533.943224211904
ko:K00124	234.76	164.53	52.19416882993366	3.3915826342225497	664.8443980560799	30.46	1307.9200000000003	443.7967323217095	89.97
ko:K00127	234.76	164.53	52.19416882993366	3.3915826342225497	631.6499115990433	18.21	1307.9200000000003	443.7967323217095	89.97
ko:K00128	9.12	31.205926218611907	308.6942668269204	1675.907556606328	508.36911530458536	86.38599943184951	77.85621283604947	1.597328188217984	177.95649115265445
ko:K00129	0.0	0.0	20.585854820302337	20.866906486854727	11.343040762554685	1.2432548431901878	17.219885745358656	3.312183461594666	22.921340749344616
ko:K00130	0.0	0.0	6.621114552094037	16.31943326691957	1.816208505609128	8.086204658650779	0.0	23.293908727832637	101.67150334119329
ko:K00131	9.12	99.72	168.76286769310568	452.5294405696127	395.4829631021087	332.84107243430543	107.79429252379845	8.579442362996016	5.128968060677012
ko:K00132	0.0	2.4897407579869264	10.902478861584315	0.2508822738276696	62.461507159149605	7.386653488910273	15.133372242416431	0.0	10.707961177854957
ko:K00133	432.7138190354354	512.2631945685466	976.9647323020588	1469.446710894322	1909.7625459264923	1328.5312143307017	1904.986120596836	1163.0455438385875	662.2687411626458
ko:K00134	443.2642420440792	525.8417170208758	1253.6064561284602	1643.0321638319404	2206.097046168694	1486.74911222044	2040.4750815628984	1315.7210072109394	815.8208057791768
ko:K00135	9.6	48.98330395321904	444.7545870609039	650.1112196434811	108.14269861926456	743.0518537678092	157.5698909554298	306.2315680791575	101.5199607011872
ko:K00137	0.0	0.0	0.0	0.0	0.0	0.0	0.0	0.7518498834255719	0.0
ko:K00138	9.12	12.31	193.3589183051075	102.25173792785829	161.00889609985904	156.00043068981677	91.15731687005334	135.8243008331525	53.094659328005264
ko:K00140	0.0	45.81059192412171	30.48916754035093	505.311939779201	14.479663473816142	33.52448822801793	58.13010572752122	2.3183351518852966	81.11614552385232
ko:K00141	0.0	0.0	0.0	0.0	0.0	0.0	0.0	0.2437111284082508	0.0
ko:K00145	110.91364642561402	142.79418666013436	296.98031642134947	667.3993296267563	1142.8852645552329	174.17382354960677	1255.106335681781	568.0981269220281	266.793750600669
ko:K00146	0.0	0.0	15.06	326.6748393947625	227.3992762025796	7.345886300566434	12.100175945499776	0.0	0.0
ko:K00147	273.1441945060301	259.3527117784535	533.1416890434863	682.530269314615	1259.8412990630077	483.3328801834376	1516.7451094875876	596.4629447262699	340.5238631786634
ko:K00148	0.0	0.0	0.0	5.693062115023561	0.0	0.0	0.0	0.0	0.0
ko:K00151	0.0	12.044222264255756	56.12762997020651	2.121632114093966	227.3992762025796	8.122303846848947	20.28438974819745	0.0	0.0
ko:K00154	0.0	0.0	0.0	157.49189250289638	0.0	0.0	0.0	0.930334934433495	72.0
ko:K00156	20.18859641499149	22.587258174173712	30.53	480.5759156588751	95.53131161767514	591.57198140521	38.12165059986839	0.1946127550688664	7.43
ko:K00158	14.158472492338753	27.71776894842393	228.51080745350868	45.60642746952014	100.93501181352087	1681.870258729745	110.28296916313296	21.37358651035181	12.533570260676386
ko:K00161	188.78016665432187	276.3699288941559	433.6411018499217	726.6551025665786	599.3725858420414	614.4303337298571	307.0063970196329	328.7191638511499	24.314778019890177
ko:K00162	188.78016665432187	276.3699288941559	414.1230018559704	885.4921690970762	588.6315578842673	608.9285315215408	289.9656963375188	323.4653097483654	16.94
ko:K00163	234.76	164.53	279.85510320022854	440.8960641357141	579.0	106.79198120914528	1383.2981785147674	583.5788428960744	149.89047277149984
ko:K00164	234.76	187.1	304.3156541291695	815.7643464668794	599.1012935960131	104.08	1389.3900000000003	580.95	165.76393604955666
ko:K00166	0.0	0.0	0.0	27.201483905357968	0.0	0.0	0.0	0.0	0.0
ko:K00167	9.12	12.31	32.57	40.08208244183572	155.31	79.3	29.62	0.0	0.0
ko:K00169	0.0618165886859498	0.0530135934616848	198.80229715772256	0.3233167781466144	62.55381455227287	0.0824547219339489	10.051062757289468	0.103092855181948	4.868425366518252
ko:K00170	0.0	0.0	0.1302425545959068	0.2172895912232448	14.120092987462442	0.0	2.98	0.0	15.438204110006131
ko:K00171	0.0	0.0	0.0	0.2172895912232448	8.154311769632164	0.0	2.98	0.0	5.36507484454016
ko:K00172	0.0	0.0	0.0	0.2172895912232448	8.154311769632164	0.0	2.98	0.0	5.36507484454016
ko:K00174	280.66224907452545	392.5792380095036	511.6871414053076	1005.4556466227564	1079.2752067711624	547.1659542359196	545.980786824567	1016.2624712077296	521.124026537665
ko:K00175	306.898437380766	464.12161599641	554.4474821761061	1063.3333778379852	1153.514419730171	633.5895343819511	523.5621380502112	1126.665857150817	521.4685323332543
ko:K00176	123.48172374151574	171.1553073903901	171.41507244681048	196.40636919141207	475.08616733698994	228.0070460911298	248.04744432852985	464.18944319983103	220.80178606709612
ko:K00177	123.48172374151574	172.27929381568833	179.70959589964508	278.35116121044626	471.2620970213696	243.02549852470636	249.6653756773927	464.18944319983103	179.76771106448237
ko:K00179	6.205975597846965	14.974199023721514	95.21847607247344	135.74370872755242	277.7910485994977	28.757703140787097	63.614862066739065	0.3268327217257935	228.22836185636163
ko:K00180	0.1938325075884511	0.1662297770774375	76.8833317128483	29.38955268501656	160.03661181808124	18.378545575786497	32.873570759141494	0.3232586439845371	208.84709279399505
ko:K00184	0.0	22.57	30.53	997.5008923914402	23.02309786814796	0.0	21.47	0.0	22.435012550693727
ko:K00185	0.0	22.57	30.53	997.5008923914402	23.02309786814796	0.0	21.47	0.0	22.435012550693727
ko:K00194	0.0	0.0	0.0	0.0	7.851327159571686	0.0	0.0	0.0	4.711667213897151
ko:K00196	0.0201239226527402	12.229125086516424	15.12254197581555	111.7863230072198	0.031650599868392	30.01606859313874	1.126348524556336	0.0335610988544116	0.0
ko:K00197	0.0	0.0	0.0	0.0	7.851327159571686	0.0	0.0	0.0	4.711667213897151
ko:K00198	6.140537256030253	5.353872229519598	28.287259120892134	47.25792883317817	337.09230499116694	19.84750260098707	51.48406243401295	0.2176997909112128	18.33525241221012
ko:K00200	0.0	0.0	0.0	326.0	0.0	0.0	0.0	0.0	0.0
ko:K00201	0.0	0.0	0.0	326.0	0.0	0.0	0.0	0.0	0.0
ko:K00202	0.0	0.0	0.0	326.0	0.0	0.0	0.0	0.0	0.0
ko:K00208	390.4012107902692	400.2462136600052	513.7560657877079	1530.6440017610455	954.7017395048728	710.3208509423299	1622.9896352831977	1139.6783800204803	337.1113869368053
ko:K00209	0.0	0.0	118.42166832272194	30.080837308841176	33.27001018278664	0.0	0.0	0.0	0.0
ko:K00210	1.4125007518926564	24.8313534929206	28.57	425.822507239551	101.67326962133404	56.77054052007415	92.88109035464352	40.35565789951718	143.0318379548316
ko:K00215	405.82	501.2839351873345	930.0921065097256	1449.891771127894	1793.1619942212312	1250.5228504392155	1899.6232504021127	1167.9155623584834	657.8025521304683
ko:K00216	0.0	0.0	0.0	0.4518611944501214	1.4598094332512397	0.0	0.0	0.0	3.1481817600590567
ko:K00217	0.0	0.0	0.0	0.0	0.0	0.0	0.0	0.7866944731436545	4.405221980109821
ko:K00219	0.0	1.3910197323376778	31.583562632546837	12.733229079139203	8.663546694344443	10.730293893256595	0.0	19.930334934433496	54.7083974998837
ko:K00220	0.0	0.0	0.0	345.64	0.0	27.32	0.0	19.0	41.08
ko:K00221	0.0	0.0	0.0	0.0256103887952139	0.0	0.0	0.0	0.0	0.0
ko:K00223	2.3907451894582504e-05	2.050290969440461e-05	0.0	4.100581938880923e-05	3.760127718863134e-05	3.1889211941666216e-05	3.7601277188631336e-05	0.3893993983142546	0.0
ko:K00226	279.90902253778745	435.6344542518461	984.0519191240178	1159.6982553090668	1262.6888068011172	1528.7603103671986	660.074954035416	916.3172870282737	500.7560231724514
ko:K00228	0.0	0.0	125.19181193210372	94.064948780505	0.0	72.57196990161279	60.0	144.13722384543178	58.17210770785431
ko:K00230	140.4177015494963	164.53	51.784345870830506	87.42391288295399	581.655352868723	5.96	1249.7617322170588	419.1597363909858	42.852838797146205
ko:K00231	132.26315132984834	224.2888990849923	152.822468783329	921.481246777908	571.8007729294881	305.25053645723585	265.45182009367056	312.41881001705667	74.76824214714625
ko:K00239	176.39610352797732	261.64771109078623	632.9786582861391	1500.8914359310938	950.1566267963016	430.183817371302	409.7134428529347	721.4890992422082	578.6070146332174
ko:K00240	152.34347817764953	256.40103096501366	582.6079858624339	1415.39876924002	640.58871150546	415.3428692075584	354.21082134614846	721.1658006317131	586.9628936722715
ko:K00241	152.3675684273806	258.4069880658617	563.9731197259485	1556.092182364505	617.4186637122868	414.6076216350663	354.38517612881435	721.2059764595874	580.0238733541371
ko:K00242	0.0	0.0	199.8697488173212	112.9	0.0	98.12	60.0	161.95000000000002	59.66
ko:K00243	200.27712152076344	326.3561073801484	484.04953249459896	533.3784722022033	1098.9030901408516	1213.4033690242877	500.3581997592117	586.7005341511392	159.5203176372871
ko:K00244	283.87571405850707	180.1005593644298	465.08399183924047	159.67761739544147	1281.5310980888744	2603.6887140738754	1448.7661131200875	557.1989122265447	132.91674916275045
ko:K00245	234.76	164.53	73.23354899630449	0.0	629.04	18.21	1308.3683650936484	419.5519318613285	89.97
ko:K00246	234.76	164.53	72.72	0.0	629.04	18.21	1307.9200000000003	419.4656904384818	89.97
ko:K00247	234.76	164.53	72.72	0.0	579.0	5.96	1307.9200000000003	419.4656904384818	89.97
ko:K00248	76.39505647656807	23.612206004196977	141.34238866421484	260.30833930430106	1124.0974277184584	20.63143453204512	280.6412281112228	21.18468567608829	136.17368003628147
ko:K00249	0.0	0.0	0.0	318.10943782670705	0.0	0.0	0.0	0.0624245672978677	107.16385447614768
ko:K00252	0.0	0.0	104.47977411761065	19.30452368999344	3.959057710256495	64.77009271835519	23.48176749215424	24.90927206601565	31.69396566015736
ko:K00253	0.0	0.0	38.4255189846565	57.55601224326465	0.0	22.290264187740107	4.984631792557038	91.718877769827	26.14087283159086
ko:K00254	243.88	263.533499100079	649.1457362956271	596.4689566918413	1020.7962289849728	442.5346510741847	1533.886436097606	580.2509649916675	291.9482942233957
ko:K00255	0.0	0.0	0.0	0.0	0.0	0.0	0.0	0.0	72.0
ko:K00259	9.821756894878124	63.65243029048085	250.26157514617955	652.170892056469	320.4065190928308	361.6322695379349	135.14085285663498	17.486197077917844	104.15451785342049
ko:K00260	11.91	20.82	316.22600169336306	231.589876397147	245.539972734288	151.55723788883137	187.7566868597493	146.53175189368227	15.590262465738409
ko:K00261	15.13	71.53625072269655	288.29128557763886	919.416490138745	684.1441320315919	190.1345974926095	149.26870674610353	0.0973759458393287	89.41434650558902
ko:K00262	404.4998683569601	562.557766032902	1070.5743128998788	1333.4181614299885	2016.1273891690948	824.1750512858305	1949.1194191004377	1180.037950764723	895.8142532323968
ko:K00263	0.0	0.0	0.0	44.64919190960261	0.0	0.0	0.0	0.0	0.0
ko:K00265	0.5357997868166828	18.28867053828846	104.99024165864893	346.07436450297934	88.8826415478771	57.88581568054925	4.917395690662287	2.3742382193794893	209.68257257406572
ko:K00266	148.72923350833554	229.83628396223324	514.4301787605252	1455.2966706360771	1149.5712896136893	356.97230753087155	350.6906238280272	554.5253855738987	727.2736400350459
ko:K00270	0.0	0.0	0.0	1.0484949797743557	0.0	0.0	0.0	0.0	0.0
ko:K00274	0.0	0.0	20.16334092531528	172.52931504312306	0.0	0.0	0.7368424753626102	0.0385440691317596	12.836145523852224
ko:K00275	313.391226470191	222.2261184849138	358.4070462510391	796.0704155835474	244.43	303.646171421299	339.4966219223636	636.1243643366349	214.57
ko:K00276	0.0	0.0	0.0	168.5081074971036	0.0	0.0	0.0	0.0	24.0
ko:K00278	4.444703973203805	20.09296053848913	242.7657271603174	540.1995973199649	155.34758119344983	122.0019839109361	252.9667178240772	382.1303598936306	251.7759835125829
ko:K00281	141.58582637725692	178.7890492767596	527.0993754330782	766.2072396766323	403.3432101396141	320.46193296839806	265.956118527774	712.8215466009956	534.5650240989858
ko:K00282	1.6313993729205494	12.496708396458468	255.91445313144712	401.66103830138366	118.35229973984067	28.777277756410065	113.61308214648136	248.93071984028205	415.94324338294734
ko:K00283	141.58582637725692	178.7890492767596	351.2375919398785	728.544415094814	444.2215737038126	257.8533316438807	214.056118527774	570.2980395595392	543.9020887767108
ko:K00284	6.545799786816683	17.409499184263673	124.25073674568364	643.4312800950562	201.64784829878005	34.90174325093554	20.44269776597434	0.8935648343430121	219.70774932965023
ko:K00285	35.54	82.56	395.1720132937051	339.1329831220737	402.5460141861473	417.3717566770576	237.04332362358892	161.43438478759512	123.73476209134404
ko:K00286	423.816842415883	333.9171721083465	713.502058836664	747.2910866114374	1526.9409046386113	953.2148864284396	1812.583802747508	598.6604763482841	436.3980218117777
ko:K00287	435.06450965970896	514.358070344324	1081.1129888893483	1641.2867984327445	1856.764262012115	1492.48360435959	1971.9587348348048	1179.62890584606	628.171086649563
ko:K00290	146.46784667767662	204.4282166128176	319.5861180141327	651.0018125440242	533.7572244482819	522.1113371949082	362.65955228001394	574.330886236403	142.1
ko:K00294	0.0	8.25	30.12	218.01482762893957	132.81702794842508	0.0	21.36179711178463	0.0624245672978677	77.0
ko:K00297	246.48214858085717	281.62305437536173	747.0577075930122	1035.692296112301	1156.9015961112505	481.5245833313969	1631.7143571247566	586.5768468159154	434.8545650784291
ko:K00298	0.0	0.0	0.0	5.885979735218728	0.1538547312727016	0.0	0.0	0.0	0.0
ko:K00299	0.0	0.0	0.0	170.25405007508675	0.0	0.0	0.0	0.0	24.0
ko:K00301	0.0	0.0	0.0	5.947415151711251	0.0	0.0	0.0	0.0	0.0
ko:K00302	0.0	14.02	20.09	12.2837175038414	0.0	0.0	0.0	0.0	0.0
ko:K00311	0.0	0.0	202.46	130.98356013352262	6.049389049413167	98.12	60.0	161.95000000000002	72.70593314104573
ko:K00313	8.32709135246907	14.180632129550672	43.3168505199485	128.54384525758832	111.86242469368666	14.077701351388868	44.25368955019463	4.674554283742118	8.890241392385834
ko:K00316	0.0	0.0	14.32744389869601	336.33930400035706	0.0	14.382371959763493	0.0	21.969063589386863	20.77161468055492
ko:K00318	0.0	8.25	30.12	195.378827691334	8.817027948425086	0.0	0.0	0.0	0.0
ko:K00322	0.0	0.0	0.0	503.131892502896	0.0	27.32	0.0	19.0	41.08
ko:K00324	370.0940425923853	164.7146939497135	372.6522187668402	470.8028907282771	685.9418809740034	39.16788232664105	1417.4020938333251	520.1354207034974	272.79375634649057
ko:K00325	408.6973459559829	168.89294889852732	272.1987875609601	330.01580102095846	687.6749480157225	36.25064216785577	1408.3199276513935	519.8536210814691	202.61333092228892
ko:K00329	9.120091128002828	12.310078150913816	212.32125210498864	34.52874036503108	155.3295067869698	97.04867635398178	66.07721653191632	54.09397833031581	10.57267857250866
ko:K00330	6.319580977109393	37.969640648090646	276.8561834499012	686.0637255842046	172.3053551533099	166.89799992988145	214.4425488084881	420.1017843544231	153.84996070118717
ko:K00331	6.456122610308746	38.08673806137237	296.36911073973965	694.6290850242335	172.5201057599557	178.39938392609142	232.94669987774077	431.3017518809537	154.9371209270856
ko:K00332	0.0	0.0	203.77618344990125	598.9944442880231	53.32601418614735	112.00855884807255	75.01320784132561	144.3524831679146	41.85996070118719
ko:K00333	6.32978556008364	37.97839204678059	276.8561834499012	666.4412283815844	172.32140476640546	139.83906273072537	218.2984209106955	401.1188027570415	112.7699607011872
ko:K00334	0.0	0.0	256.6880792107431	273.8002995054939	88.94504921667323	106.9839925945502	108.43668685974932	166.42883541774353	76.11731777488252
ko:K00335	42.62122647019099	0.0	413.9181116350827	358.6462905060774	226.9036213676946	189.28504895950792	190.52010662789405	464.9065261902401	106.86711878872391
ko:K00336	6.01	16.95	352.0731754256029	525.46237539154	451.1853286421367	158.77564784377972	151.5184311256837	164.7650480702923	84.95324104026213
ko:K00337	6.32	37.97	276.8561834499012	854.5725517851272	172.3060141861473	166.89855884807258	217.4232078413256	420.1024831679146	153.84996070118717
ko:K00338	56.06766385985723	180.3960071479794	365.4753431413949	799.0380213658485	312.17054010214963	329.4899904010289	252.41199941209112	627.7842130686971	140.4324266223379
ko:K00339	6.32	37.97	276.8561834499012	686.0644442880232	172.3060141861473	166.89855884807258	214.4432078413256	420.1024831679146	153.84996070118717
ko:K00340	6.32	37.97	276.8561834499012	686.0644442880232	172.3060141861473	167.14601015612013	215.30303033043737	420.1024831679146	153.84996070118717
ko:K00341	6.55491696098686	46.16358547514992	298.35687291532605	729.1451385209881	174.2776507879016	173.2883082274468	275.2720851651568	426.1445188484382	183.33357781819808
ko:K00342	6.811347863288599	38.39137743971902	289.930176254957	1018.2699580930984	173.07879864201578	174.84013792633317	312.45773885573504	428.0709805075647	191.80543881295011
ko:K00343	6.320183084042396	40.88177208538015	283.1439163942216	690.4825699686495	172.3063021379482	171.4075112492628	227.4497663838745	501.8119723292793	153.98992140237445
ko:K00344	33.09177175034757	77.56444922989215	81.44572666099972	360.5779381152712	364.61932515891385	382.8130556696701	597.9042047799563	126.4840578601622	47.19500732821085
ko:K00346	381.1520289587127	391.46319572092136	532.9855154856643	1026.8044989389464	1045.6868301980223	332.83273799397915	1638.6572196212055	1136.6233650567087	573.1685975566775
ko:K00347	381.2798383316118	391.5728043919836	532.9855154856643	858.5156087839672	1046.2355332647169	333.0032179011848	1655.2118325960469	1136.836515498221	610.3357590780377
ko:K00348	381.2257035874181	391.52637870946296	532.9855154856643	1051.7679577102954	1046.799612401	332.9310096901795	1646.9928330035775	1136.746233820404	571.9086504233899
ko:K00349	381.0915290631773	391.4113113168388	532.9855154856643	1029.0196791460778	1045.9393633077166	332.752039557371	1631.5303163131211	1136.5224680790277	572.6429492017287
ko:K00350	381.2257035874181	391.52637870946296	595.9413427398636	1026.9308649160298	1046.1503909613484	332.9310096901795	1646.9928330035775	1136.746233820404	571.9086504233899
ko:K00351	381.2053238346226	391.5089011366542	539.0492252865042	1052.4650826137706	1046.7675594353689	333.89847701182214	1650.3017664197337	1137.676405186042	583.1680363586402
ko:K00354	2.308402032991104	49.73434103162327	55.60327994360758	135.94912562136656	155.14130198787564	26.68733828528632	8.1	0.0	14.657361985079728
ko:K00355	212.5859753485944	131.99491669619636	294.33367453794915	192.137064555428	567.0046778768876	63.99917428144296	754.7617039550265	385.9638142922551	151.3724149701605
ko:K00356	9.120067220550933	12.310057648004122	212.32125210498864	34.528699359211686	155.32946918569263	97.04864446476984	66.07717893063914	54.09393845934382	10.57267857250866
ko:K00362	44.720984706973255	18.758133087657285	29.827254628908783	12.400727475690667	58.542953573124734	4.342338245396907	32.33352229403623	0.2603851765819914	66.76668156426116
ko:K00363	0.0	0.0	0.0	506.3804771165935	0.0	0.0	0.0	0.2603851765819914	0.0
ko:K00364	42.03	50.07776894842392	248.57152538820225	179.02340313824658	308.0737976722137	864.4152750659459	157.52198399930725	21.062315149917104	7.43
ko:K00365	0.0	0.0	0.0	326.0	0.0	0.0	0.0	0.0	0.0
ko:K00366	8.866620749521662	46.56604773807072	68.69928917195084	427.2283183042414	133.19375035057354	29.186438227929976	29.95861197808287	1.389771849408464	11.659726349875855
ko:K00367	0.0	0.0	0.0	168.5081074971036	0.0	0.0	0.0	0.0	0.0
ko:K00368	61.37877352980901	136.6745071992777	229.8025542263935	447.8299432904788	588.2657146349113	73.24972915204101	1211.55416536042	389.1430021212057	6.8
ko:K00370	8.198041779502368	21.744518260946396	98.71018129716398	188.9366010896174	93.3507716035894	81.40109624138233	33.62027286970919	86.63592653510273	34.12424466504863
ko:K00371	8.198041779502368	24.055322185484563	98.71018129716398	151.90586210544993	93.3507716035894	74.55548410244883	24.290805402373813	53.91992709497512	32.35374313678605
ko:K00372	0.0	17.895865840320816	24.55628662033226	385.0994846103778	1.2568576274980627	0.0	0.0	0.0	24.0
ko:K00373	8.198041779502368	21.744518260946396	84.37409109846244	151.29981188208444	93.3507716035894	73.83405482738046	23.43098291326205	53.67523325473406	32.35374313678605
ko:K00374	8.198041779502368	21.744518260946396	84.37409109846244	151.90586210544993	93.3507716035894	74.55548410244883	24.290805402373813	53.67523325473406	32.35374313678605
ko:K00375	2.9145654190723747	56.9021459225677	99.96134794636154	310.5527872663997	319.856232727881	35.14322405291337	59.20749172785696	6.917657212107669	64.91627266979029
ko:K00376	0.0379612420684684	14.352555368989098	157.67061705272627	458.0528558495895	33.143675902713746	80.76000504341985	81.8410035911495	137.3683234328152	10.52236428241572
ko:K00380	104.0	161.26412000366585	86.88583741847955	698.4413877548466	633.5214963234154	34.18645193535623	1146.47	519.8062612237318	69.02434579087267
ko:K00381	0.3701803550860303	23.80249731433452	146.84229713317677	422.5470312187428	7.474676964432148	57.46492126531365	81.84081056680678	133.56654226899838	59.83805640308483
ko:K00382	620.9406958511839	827.9260595991964	1609.3331639396015	2618.3865776910648	2036.9176098141731	1278.820314397897	2138.955372955146	1947.374813689476	814.9131209566712
ko:K00383	324.68845877447905	246.49475566610803	419.73314604625847	82.54409061444706	972.964794069602	859.0295014260047	1500.4363346429843	459.26024979620496	128.09418982784103
ko:K00384	448.3302848765611	581.3813528705368	1268.9997040771457	2396.3941569682647	2413.04482383277	1556.8553275395357	2040.739552572994	1178.032948575442	715.4027084235215
ko:K00385	3.352389409035428	8.798243226453888	17.852762783118415	27.90363623853897	183.10974874115325	17.23116244759431	33.058298359533254	8.561384243772867	7.39493987812691
ko:K00389	0.0	0.0	0.0	157.6340250751991	0.4276499340085559	0.0	0.0	0.0	0.9222571736214336
ko:K00390	3.9410076748789336	53.45300922061011	253.863344398461	980.1580048300452	61.8345645537195	417.7877141470874	103.18210335018172	237.1846384492791	223.13944584798165
ko:K00392	0.0478662202287784	0.0410498281075916	15.638626335540891	338.2148868227952	29.38916787597437	7.691972434483787	0.0752832640939965	0.079827525508121	0.0
ko:K00394	2.4864403944356424	11.258283533307145	21.76098699456197	63.12100816990601	32.11891808589303	26.60373757647876	7.970677850731269	0.0	4.593791938526133
ko:K00395	2.4864403944356424	11.258283533307145	21.76098699456197	63.12100816990601	32.11891808589303	26.60373757647876	7.970677850731269	0.0	4.593791938526133
ko:K00404	0.0	0.0	224.79	613.9342522111705	58.70346822880528	111.22172285015486	60.0	161.95000000000002	56.18292944773177
ko:K00405	0.0	22.57	247.17674407623235	488.1505601455596	54.049683439394414	110.37	81.47	161.95000000000002	58.34836124783004
ko:K00406	0.0	14.32	243.1409485567504	878.8723040584922	60.52780753139098	113.54364324308014	81.47	184.5152156317793	64.53572671245173
ko:K00407	0.0	0.0	157.45999999999998	112.9	34.263393342546365	110.37	60.0	161.95000000000002	35.66
ko:K00411	0.0	0.0	224.79	112.9	50.04	110.37	60.0	161.95000000000002	35.66
ko:K00412	0.0	0.8255668662913888	224.79	112.9	50.46056883737531	110.37	64.84216344427209	161.95000000000002	35.66
ko:K00413	0.0	0.0	224.79	112.9	50.04	110.37	60.0	161.95000000000002	35.66
ko:K00424	0.0	0.0	0.0	15.113765527311358	0.0	21.023832698887286	0.0	20.137761293460237	37.14374313678605
ko:K00425	405.84519621770863	409.28322322216354	398.44746429494455	741.024312405201	1257.1900934886078	645.8741854931405	1627.5970942479066	1081.081601447258	341.52195589678377
ko:K00426	405.77701925501145	420.3331399307218	414.2482711160704	569.6320000246026	1257.784387785792	642.7703648467899	1610.339027463822	1000.6052043797582	326.11710552352577
ko:K00427	0.0	0.0	0.3741898498388114	19.64	0.0	27.32	0.0	20.3666998502478	41.08
ko:K00428	0.1357035874181242	99.58736130054714	309.67515851509256	1564.4076315256525	113.37679080305128	126.3073297485598	229.6639489070401	195.26942981351365	85.1007427164092
ko:K00432	133.2368202103992	193.7247413954645	498.682098101033	1178.5791899036053	1121.11507877669	396.5755146634908	494.7006380894791	695.4116101922754	518.0449510462745
ko:K00433	0.0	0.0	19.709313167770414	180.88755430572937	79.3708409941385	3.814062780807669	21.094697924687942	0.3641153005240392	23.925544148669733
ko:K00435	6.01	12.211866912342714	15.12254197581555	143.978190233972	99.03	9.512659708079386	16.62	0.0	7.43
ko:K00436	0.0	0.0	0.0	20.78262212958792	10.60041271575105	0.0	0.0	0.0	22.860535903306552
ko:K00441	0.0	4.934022728790975	0.0	0.0	0.0	0.0	0.0	0.0	0.0
ko:K00446	0.0	0.0	0.0	21.394595975719927	0.0	0.0	0.0	8.54845539388936	11.78
ko:K00448	0.0	0.0	1.1258584413044623	1.1983706468018709	0.0	0.0	0.982955139826444	0.1890679070562445	24.0
ko:K00449	0.0	0.0	0.0	326.0	0.0	0.0	0.0	0.0	24.0
ko:K00450	0.0	4.270601923670515	0.0	2.597989648184819	0.0	0.0	0.0	0.3391122576371952	0.0
ko:K00451	0.0	0.0	0.0	0.1894356936518786	0.0	0.0	0.0	0.0	0.0
ko:K00452	0.0	0.0	0.0	0.4971933694582584	0.0	0.0	0.0	0.0	0.0
ko:K00453	0.0	0.0	0.0	14.108227593748945	0.0	0.0	0.0	0.0	0.0
ko:K00455	0.0	2.732393113370616	0.0	0.0	0.0	0.0	6.681847163456326	0.0	0.0
ko:K00457	0.0	0.0	2.3836170724489536	2.6561818292156065	0.0	3.6948517094791433	0.0	2.0451473617314613	33.68473655568461
ko:K00459	3.6937530637768528	8.973203422460324	199.3372597462981	503.6044753037088	70.21861982013802	98.45075379343072	108.1851147607188	203.8370976744661	61.61947528652792
ko:K00462	0.0	0.0	0.0	0.4971933694582584	0.0	0.0	0.0	0.0	0.0
ko:K00467	0.0	50.28776894842393	145.59787597889942	395.4489711371894	109.9832916061423	753.2327416668021	87.8715551144955	12.772101739041934	0.0
ko:K00469	0.0	0.0	0.0	157.49189250289638	0.0	0.0	0.0	0.0	0.0
ko:K00472	0.0	0.0	2.107790536431743	3.880520522127556	0.0	5.3979542089880255	0.0	29.196319018404868	3.374709293174065
ko:K00476	0.0	0.0	0.0	157.49189250289638	0.0	0.0	0.0	0.0	0.0
ko:K00479	0.0	0.0	0.0	1.0484949797743557	0.0	0.0	0.0	0.0	0.0
ko:K00480	0.0	0.0	0.0	0.0	0.0	0.0	0.0	0.1780606014227405	11.163854476147776
ko:K00481	0.0	0.0	1.191808536224473	0.0	0.0	0.0	0.0	0.1754918456877721	24.0
ko:K00483	0.0	2.732393113370616	0.0	1.6637940110056468	1.2210256841855782	0.0	21.58317284572784	0.0	0.7327508542921772
ko:K00484	0.1195944088284362	5.7465717462729895	157.49943310506472	96.81038699054312	0.188096269581433	73.76354128468188	90.26862014752857	223.4259056260177	24.94553274357124
ko:K00485	0.0	0.0	0.0	0.0	0.0	0.0	0.2623090727954956	0.0	0.0
ko:K00491	0.00230846484076	35.47435117326721	39.061549177944215	50.32972628734137	49.084331519251805	0.0030791706657606	31.07889614211877	0.0038498764907612	8.654530903627075
ko:K00496	0.0	0.0	0.0	157.49189250289638	0.6875419446990513	0.0	0.0	0.0	25.482732581578382
ko:K00500	0.0	0.0	0.0	2.6561818292156065	0.0	3.6948517094791433	0.0	0.9480501877204636	5.2637020876187925
ko:K00504	0.0	0.0	0.0	2.42479726252659	0.0	0.0	0.0	0.0	0.0
ko:K00505	0.0	0.0	0.0	0.0	1.5669962787830265	2.578686324115562	0.0	0.0	0.0
ko:K00507	0.0	0.0	0.0	683.281012287814	0.0	28.189117212897944	0.0	27.80368098159513	65.62335732050867
ko:K00508	0.0	0.0	0.0	0.0	0.0	0.0	0.0	0.0	24.0
ko:K00514	0.0	0.0	0.0	21.17	10.73	0.0	0.0	0.0	23.14
ko:K00520	64.99788503981121	5.311468462657554	58.338386007040455	37.774452350644346	356.0227634351587	34.927324243057285	72.54597533632139	175.32786768368166	8.233228817936872
ko:K00523	0.0	3.8758658403208175	172.1773330805317	121.5479750390454	0.8280779159831021	70.8	60.0	119.0125013485808	18.58
ko:K00525	513.9542764794056	789.6757865573923	1262.9441834959591	1852.5908705084885	2183.417623356273	1046.33735440878	2283.451903158402	1569.2382708084597	410.8157817502397
ko:K00526	434.25139440623695	486.7624186565843	922.021111569344	1054.4564651024043	1559.9395602262225	931.0120586015242	1910.4525583448508	920.8003972712486	278.60756741082423
ko:K00527	1.1250352296738046	0.0	0.0	1.1250352296738046	0.0	86.04345564532139	0.0	0.0	0.0
ko:K00528	0.197520176104074	24.510673685163734	719.6276073514996	530.463159552822	384.1743563824867	242.78730312410244	291.32389576086746	324.84261211884933	541.1577492013885
ko:K00529	0.0	0.0	0.0	326.0	0.0	0.0	0.0	0.2603851765819914	24.0
ko:K00531	0.0	0.0	0.0	0.3019617547734211	0.331309500468593	0.0	0.0	0.0	0.7144922498455957
ko:K00533	0.0	0.0	0.0	3.65	33.17340534003764	20.5171044503752	0.0	0.0	30.11140428685003
ko:K00537	248.9490422829485	290.9083837330568	1008.9361864107572	1484.0141476992312	1133.5040590192134	991.3828911178164	650.7464925615009	392.3732120684724	211.49345255312176
ko:K00544	0.0	0.0	0.0	162.04609201337993	0.0	1.988124207959669	0.0	0.0	0.0
ko:K00547	30.21983334567812	90.58794922698348	106.95372613067283	37.80597007399252	728.8760379399735	592.6910917160474	66.95635574829356	0.2816733598724388	36.5
ko:K00548	214.94635303436263	144.94739028777482	248.59618996461128	751.8835077756329	1019.400488882576	138.68088887694407	863.3123468599031	306.84930420360035	414.2428737281493
ko:K00549	497.6687251213792	443.21593735171615	685.9379157053588	978.9406731905194	1868.059664682604	852.762303689157	2850.6749902169963	859.7545348801312	270.01680258812274
ko:K00554	435.091816588686	514.2195144933827	1108.6917089370038	1504.4860271869234	1929.4182498758848	1328.612454721934	1932.709780994472	1168.296803504097	660.9227508542922
ko:K00555	0.0	0.0	0.0	0.4175061700871409	0.0	0.0	0.0	0.0	0.0
ko:K00556	0.0	22.57	30.53	503.97	112.7509574343698	0.0	21.47	0.0	42.58869209392494
ko:K00557	253.48	243.4339351873345	542.4328092423364	153.7389446415643	1000.32281797825	1027.5729104999334	1507.7764851214165	602.1535938148949	149.63
ko:K00558	560.620463224476	428.5534332139383	1473.1135662087509	1473.647618777154	1906.5649206310004	824.2159926903018	1651.906164249586	1709.7414518062872	739.608694674354
ko:K00559	0.0	0.0	0.0	15.190016117630543	0.0	0.0	0.0	0.0	33.61401818574469
ko:K00560	435.205936540956	517.9506942363158	965.9449988425096	1439.4166886244295	1619.2444910114757	1288.2539953694152	1963.5896176292183	1199.9038499504654	512.5175674759738
ko:K00561	1.4433039664194371	14.551994145369273	39.66300476815059	100.79600249632746	102.05715071698732	47.77230911749895	29.48905960433695	1.8173734783631028	2.1124601555323768
ko:K00563	45.174012393293154	82.58916885627356	297.01404351918075	209.78720684958543	267.63699622000445	423.6944643558096	181.5457827440468	40.11442325885953	37.35239356017598
ko:K00564	295.2864933052064	262.462079849572	390.9324032405031	290.3949587820155	1019.0129691074332	1096.4457121748958	1562.0727348749567	452.2036876716648	125.73611890669838
ko:K00566	437.83267313497777	521.9708684163891	1107.0824784345668	1530.9492408621866	2115.880775065563	1342.9206590941317	1950.757135214092	1174.0961122162446	662.3476178748118
ko:K00567	402.16748213182416	525.9029473872088	1155.6193762126245	1636.296150664439	1699.9467835571666	1275.8744819237525	1950.0256820050904	1336.6006501704874	641.1164703205576
ko:K00568	0.0	52.28524211259717	239.8322852656408	132.9307503439097	23.06899890376176	107.4572379625282	96.717128323447	165.13186499483172	150.0409254177938
ko:K00569	0.0	0.0	0.0	7.399893929084435	0.0	10.293538805630693	0.0	0.0	6.4353456369023485
ko:K00570	0.0	0.0	0.0	0.7920015838169858	1.8671064947379048	0.0	0.0	0.0	4.026546531988361
ko:K00571	108.13494545736174	275.32742601335906	1167.212264445263	989.9581080794408	1242.096341567444	1585.3503638632185	926.5344619614611	403.2037632445143	366.35773473895824
ko:K00573	0.0	22.57	297.2017147635787	930.6139474635174	172.26923428473532	85.76198120914528	96.8481785147672	147.75875971816654	70.94009338818708
ko:K00574	24.10644039443563	21.688133087657267	38.1447958165756	1007.5830128567552	339.58359323823817	496.7480028782475	51.314517916041154	0.0	124.6555013747964
ko:K00575	0.0	0.0	162.43967282248985	176.0792336897503	132.41082154690562	111.52129491058312	30.58982248911177	19.0	39.92369128481084
ko:K00588	184.6814596778964	317.9684037111074	607.027586066206	840.4468074222148	759.9661248929306	562.7886242222573	458.28375145542566	586.7057887666183	331.4564757162066
ko:K00590	32.367087118810254	94.82167288937964	336.73129402548864	557.6611009768407	469.7345937419356	67.54143518926908	645.7282343475878	255.224234021173	252.25026813115275
ko:K00595	122.87904432320045	134.73624868809551	223.0429358245121	680.1344209921781	613.6517982924618	209.1045510392699	212.06758268229265	205.79958001408332	133.60295802654483
ko:K00598	0.0	0.0	0.0	0.2440781683830067	1.608176117381201	0.0	0.0	0.2437111284082508	3.468144953979589
ko:K00600	432.2435013455354	505.9804370236164	1033.3325229904244	1461.834577034198	1903.2920833212731	1397.2072608257506	1877.790174930345	1160.6375081501778	661.5808761255454
ko:K00602	411.82688843503433	541.3332520496753	1030.2914919801708	1620.098376438372	1914.745576267524	896.0397294243447	1973.103005475537	1426.3778778870342	569.3462443311416
ko:K00603	72.4695860774033	68.12732052388765	266.8821887508872	194.57875922503072	262.40155072985937	43.70622717535452	191.60841137938968	262.28160160769727	210.359858438088
ko:K00604	437.2010999586336	503.4550343641331	1199.170551276055	1827.667120125138	1956.5088858561576	1371.3415269107213	2065.8218263366457	1364.0721787296511	736.6484717241212
ko:K00605	141.6394000159098	178.83499375800938	539.5983642324759	823.0168091527918	444.3858464773523	328.72479141822305	275.1695236827543	712.9108925110274	516.6170831645129
ko:K00606	147.11778862728107	235.81595340068495	426.1749480319077	1371.859682382864	506.48567561575305	355.93867403825857	379.1452951532193	724.0984682564643	227.2905278175384
ko:K00608	0.0	0.0	88.73752198732186	0.6874393215410846	24.341195267355648	0.956254697785256	0.0	0.0	0.5978341961263606
ko:K00609	170.93214744932192	343.7302623299653	925.82773124387	1480.209442626288	1301.3139817508131	1632.737717399447	603.6185531159256	749.5461153981485	439.2596949249414
ko:K00610	146.3300239074519	204.3100205029097	423.3992121053893	351.5249414686912	684.9697522098775	330.24803188543444	333.1600376012772	702.160039870972	228.4652474631139
ko:K00611	272.56649330520645	260.3713490993657	588.0614151237373	710.4050335265673	1328.7083138758564	605.7381306832634	1487.440956600253	591.9214124126637	221.18332108826823
ko:K00612	0.0274622423672008	0.0235514800047829	0.0	334.1558180298515	0.5431023414091543	0.0366308074613137	0.0431921976471481	0.0457993725554267	0.0
ko:K00613	0.0	0.0	8.233568005806797	0.0	1.130434547973024	0.0	0.0	0.1597363909858642	0.0
ko:K00615	438.6887205580021	739.5595859018823	1374.2967377216446	3330.539235978811	2414.541105542296	1454.2401284660186	2294.658764967319	1179.2258382064908	1039.7082502378776
ko:K00616	272.08649330520643	240.3482630616148	495.6944668944856	1228.5945420212377	1343.944745479131	240.5750141196778	1553.1705448469854	581.1824987768537	251.21510239238083
ko:K00619	0.0	0.0	0.0	84.23409317214478	51.40208267588618	41.32745130804755	7.609822489111769	0.0	23.708997925604244
ko:K00620	0.0	8.247744063020278	185.9193813686005	595.7222014068536	441.54288535950377	166.89594293414433	75.6871549849387	147.7115005045914	93.90956811111754
ko:K00622	0.0	0.0	0.0	16.150145522609858	5.402615013279124	0.0	0.0	0.0	11.651119422859171
ko:K00624	0.0	0.0	56.10015219612518	14.41837469020961	0.0	19.58973187616274	0.0	18.989190376762657	1.8814996717218453
ko:K00625	223.9470981524084	403.7567745312058	850.9574301724202	1025.9986213028265	1491.3311357589075	1265.7332877284457	586.4889827841155	844.7893350065523	326.91951307605257
ko:K00626	99.98375306377686	132.86149268487208	680.5024382459509	375.1415042037635	959.237599909188	1833.9487650773613	394.0412704156312	73.49832303310123	258.2227345043153
ko:K00627	423.5602905769746	443.620061697094	693.0014754029996	1369.6403935543306	1187.037439617182	720.5897150790763	1641.0321381402882	906.6905567894748	209.44252369377955
ko:K00631	234.76	165.40847503489016	194.39	19.64	618.5	33.28	1307.9200000000003	438.0	155.05
ko:K00632	104.0	103.0	0.0	570.860653597196	580.4969963078108	27.32	1126.885302075312	440.2211257125674	178.32136750396214
ko:K00633	27.764803759397147	135.2759942152151	122.61611558699651	121.1240477312331	171.9350067605249	106.08825041982058	124.3689083418115	358.08276888772167	97.34970389548316
ko:K00634	4.268085476031727	43.61149454788236	126.76189394618038	94.397535645188	282.3170917723828	71.88677910632126	127.37941532392044	327.55032640319604	293.4516907734896
ko:K00635	0.0	0.0	0.0	19.64	0.0	27.32	0.0	19.0	41.08
ko:K00638	0.0201239226527402	0.0172581741737107	27.045241226077856	2.1500135257171435	24.07368241440841	0.0268425107535759	0.7731817477486006	0.2386165314545149	24.0
ko:K00639	390.4239067360456	489.6689345779464	715.7085473895422	2137.9715468919094	1090.724324076833	478.2549864627851	669.2524826124289	1356.8687768360803	945.514512211634
ko:K00640	286.482728812391	333.8191871661684	832.2684447428596	1583.2379153607417	1604.5550811921546	615.0300130437174	1826.5148835775096	786.5157091310732	570.8411648119729
ko:K00641	312.9015412446303	290.8520826162514	448.1210048522048	766.9113222259634	807.0553594355713	241.73433730968992	1435.7735361413745	786.7220319703127	314.9793327017269
ko:K00643	0.0	0.0	22.85112547866434	9.75642891186562	0.0	13.255712280945804	0.0	12.849346059134332	1.273147507209484
ko:K00645	403.7136367872589	496.5949552918036	1042.62623804147	1819.326688827921	1764.420343786437	1040.768858570972	1861.1450005825232	1167.620216958004	692.9938733541371
ko:K00647	237.7153762222961	385.1472451704621	1127.2213700694988	1380.708803818919	1181.5725071053437	145.40420876133624	1921.413578218296	583.5452192034439	559.4143258518197
ko:K00648	450.80318159009255	644.9319412658449	1439.7294287122063	2992.18808436004	1885.2522952304284	1199.2157141876555	2136.060529060028	1620.803507696923	447.6198776891076
ko:K00651	25.49754002320942	126.30993757926102	399.05613045595305	270.72151338457724	853.5989004805995	458.4828994570258	321.861319454821	25.276938873862893	99.74570122166128
ko:K00652	384.46393499063777	370.3738519553283	357.72441279655703	1551.9417859048506	856.2748284094006	271.61107990889514	1049.1532441599118	780.6243597601161	694.0378387074587
ko:K00655	432.4725656344349	526.1363662919987	1373.4522074812107	2673.6209301634126	1835.2574279270048	1456.0469886903827	2051.8165136324783	1419.1444647820804	425.642603763202
ko:K00656	432.5416020105898	494.8004308142218	862.6300145012121	429.2355074281053	2013.336263045732	692.9930360476778	2447.857665696692	1145.2799713160798	221.5205359506496
ko:K00657	157.29899040006094	243.9897301315441	513.1255371577155	761.1124469131161	578.5525520989216	675.2236825496678	408.14274030392176	657.5009637833045	170.13580492533774
ko:K00658	307.2106600471826	376.01	415.1442311589942	1488.095440224661	796.0442439539828	305.17999999999995	1473.547524300838	883.4100000000001	182.70393604955663
ko:K00661	70.2351151317717	269.84081939160234	690.923923371497	347.8793629503557	1064.8907754442257	1569.103703542616	374.2058302583431	392.1685305282418	232.10378940326748
ko:K00662	10.984318542428325	12.800087753898389	46.71322661397952	6.986023024577133	135.89708295977312	629.8304444141125	46.65176040868916	0.532876013083134	5.07
ko:K00663	0.0	0.0	9.420740676148814	0.8974828907168368	3.008680904570893	0.4046593067231043	0.1321259366024365	0.0254139515519288	0.0
ko:K00666	0.0256804487215559	26.026813772632416	52.87201392490323	396.6900781555894	228.8009964540083	24.190891052322293	65.6313872732956	19.055920033198475	175.1922415720497
ko:K00672	0.0	0.0	0.0	326.0	0.0	0.0	0.0	0.0	0.0
ko:K00673	0.0	0.0	0.0	0.0	0.0	0.0	0.0	0.0	48.0
ko:K00674	253.48	264.25	679.1603128819982	658.9284705850861	1090.5557343297587	946.0535105441404	1574.2728182655371	605.1782759438655	500.0046546394482
ko:K00675	0.0	7.8814700719313	0.0	38.3043280938343	10.30651253442288	0.0	0.0	0.1610516562144548	22.226719482436668
ko:K00677	422.9140505174335	540.8036142503021	763.0683443480411	1874.694584220544	1308.1933223554504	511.7876431903909	1850.6151870087328	1514.5436498206122	718.1277684931761
ko:K00680	0.0	0.0	0.0	4.150216894334664	0.0	0.0	0.0	0.0	0.0
ko:K00681	0.7854556019277834	65.89674202189718	256.1956750553015	1017.6881903177732	56.23235540468917	55.73912137546783	197.68077354504152	127.15509266407696	50.37598462594035
ko:K00683	0.0	8.25	147.35175350328413	299.1845024433177	30.38514152681932	0.0	0.0	0.0	275.4773980889183
ko:K00684	5.236514550056746	48.51317980963914	313.7056285477742	955.6828406000338	222.0401857841317	121.49670139259057	165.10850325152435	182.71620091968865	151.88218619959326
ko:K00687	36.02	70.25	283.20752080028683	67.95434560062779	238.43241579168173	837.9407322026656	140.71880659370564	21.02708163081348	0.0
ko:K00688	455.0511712385194	612.6467671514907	1155.1926882360929	1303.7350415089609	2238.4981391585006	848.838140788938	2065.2645275476016	1205.8047557078537	634.7722409081541
ko:K00689	1.1808990699160855	37.23860976103902	67.3256901816667	1.2779529014239843	417.5831324979058	112.52644650578976	26.481348206403663	0.4037537534751634	5.81668881118892
ko:K00690	36.02	5.41	73.27205139553288	205.2256428597133	351.02750607096414	927.877100427021	41.28844355029865	3.218980402978136	12.743319096473062
ko:K00691	156.02117123851937	238.11980306596007	500.1234729602114	1010.0810200185338	467.8332295418827	872.5796382938939	358.4081362586082	781.7440003569708	427.9515267869061
ko:K00692	7.746848317853251	37.12223105157601	11.89	7.746848317853251	40.42871511677202	304.4258138547075	0.0	0.0	0.0
ko:K00693	169.5437727759833	236.65415414710355	172.6895127794025	298.48735234383423	345.25781386182666	267.85987329552233	302.853490954901	654.8401032075175	87.85
ko:K00694	0.0	0.0	11.991126551266904	2.6371386776250736	9.131774440338692	0.0	1.1829886544048658	0.0169824062194683	1.9024978830460348
ko:K00696	0.0	0.0	0.0	494.508107497104	0.0	0.0	0.0	0.0	0.0
ko:K00697	130.76	0.0	0.0	2.5467688177774086	0.0	0.0	85.15	0.0	57.47
ko:K00700	420.40534306050216	483.3250252196078	803.5742823963726	1725.7658058646923	1684.7293388222297	713.4296711556601	1979.9452027704883	1115.6843435781136	514.654497221337
ko:K00701	0.0	0.0	0.0	0.2508822738276696	0.0	0.0	0.0	0.0	4.6184430779962895
ko:K00702	0.1629306878942295	0.1397285329725829	90.87025487829088	5.780381450989876	35.53539057680696	18.337326851099423	6.618052022808149	0.2717230143046169	57.931514211422936
ko:K00703	419.55800561462377	489.6013479533798	953.243026789666	1221.646575571514	1738.591306311578	680.4615641540155	1846.3775246424725	1006.0849992737236	622.5588769413755
ko:K00704	0.0	0.0	0.0	0.4981606610488423	0.0	0.0	0.0	0.0	0.0
ko:K00705	419.947131739245	576.689772424457	997.5324603031193	568.0646392645021	2056.76441407598	698.4110395690998	1913.150915994136	1095.0273450123743	679.3641285592198
ko:K00712	42.39799757671943	90.17156062886436	193.1975012914806	84.30587736745018	219.24582052242064	766.9525608504817	109.93504484949943	17.990716143781352	5.129643756717427
ko:K00713	0.0	0.0	0.0580231360234154	3.683217208200453	1.41080630347404	0.1551502792371287	0.0506583578278128	0.0097439540232751	22.253146945863275
ko:K00720	1.7180253660492302	7.960577442956009	3.005004941333421	14.008988199863794	11.36829931850627	0.0	21.22749443466898	6.45	0.0
ko:K00721	150.28923716060825	237.6890322086569	375.1803670230082	2309.9040507066807	758.8650308529104	264.6458641768127	320.97589517557384	570.2158978727567	542.063504920622
ko:K00737	0.0	0.0	0.0	0.1594060048328282	0.0533251712011518	1.6951546954849162	5.890177510888217	0.0	0.1149994838392034
ko:K00745	0.0	0.0	8.945707446884558	0.0514821790403173	5.234383679003702	122.04256301880568	5.3173904908354	1.022781051107313	17.55974244429282
ko:K00748	390.279471310483	431.94050952378456	661.6199999999999	1420.5419267699822	1209.3453526609908	397.9755400386805	1687.7362156158097	1147.2595296855209	638.0096206166872
ko:K00752	0.0	0.0	0.0	7.595008058815281	14.553350988663412	3.32348044580168	7.609822489111769	0.0	0.0
ko:K00754	22.838859249425848	61.59562524206531	137.51683771843008	633.5983546829405	139.63444245318885	86.35826007529303	69.978010600114	98.27807535014507	53.5834388783868
ko:K00756	24.73	89.36186691234272	424.9816003691007	498.16199514838286	567.971716924691	437.3250902545845	221.39450140521544	21.06665866343644	22.97151421142294
ko:K00757	410.58220994464335	408.1375518243959	587.2108154529117	853.5938724571361	1402.8594242219194	295.3052641966978	1612.92378031509	978.5864815278908	583.4059380200979
ko:K00758	0.0	0.0	4.156249568742106	3.3991177261723315	50.99248611126333	23.184113699433567	22.98	0.0	15.54151421142294
ko:K00759	291.7062613719514	332.3206689643721	973.2588748320986	975.3791603391512	1692.6652355845488	1069.5181974822508	1822.0927555239748	875.0927362572056	551.5738050734647
ko:K00760	444.636780741398	491.602316029411	888.4087124992072	1014.7127063631992	1857.549853322866	1883.2764958729183	1950.5193211474395	1166.8454151848223	626.2275995001273
ko:K00761	435.03	514.166500899921	1194.1397347594557	1483.21	1917.231708595972	1331.258193967989	1912.651669609469	1167.6260915361618	626.4802212565121
ko:K00762	405.4353101937167	509.0774342874136	972.3567716544692	1481.552533581662	1897.035432686088	1305.8169279179365	1881.22	1167.62	501.6129011482282
ko:K00763	202.2610474327912	362.4536592698541	984.246803125263	1324.0424468288393	1308.87549852006	1417.0823808507405	652.9650271860221	750.1497685987293	468.7727181877721
ko:K00764	556.0355961061371	736.8734832733237	1316.3481118137354	2398.7952574549367	2301.732393422926	1038.5173654769517	2097.5112598706155	1728.9487088788328	1133.810982474862
ko:K00765	79.55493196792501	155.4409332194655	262.246949399817	735.3208108355866	629.2200516941206	189.7376522526563	735.1001235803428	441.7638022159069	283.32444251293566
ko:K00766	241.39136772901875	240.2032514214863	486.5110369050698	918.8590765573116	1148.059538879886	426.9969240340732	1512.453079868617	599.7160914380511	356.5795443196482
ko:K00767	4.16895564741525	23.666381402987227	221.3153080986911	535.0635486836918	159.84671728308103	115.6936135607272	200.34216182965736	452.3092790148977	185.40073521334895
ko:K00768	147.33329168805193	207.2635505765509	279.34178062212845	654.0598572432427	804.1189146269827	243.0041784102457	305.1736785516204	213.7150809077665	197.28537085141372
ko:K00769	234.76	164.53	51.9122389773529	0.0	629.04	18.21	1308.8990882531327	419.0	89.97
ko:K00771	0.0076223333883825	0.0065368745197837	0.0	0.1478178156672759	0.0570634454563497	0.0101671314025419	0.0119882901709687	0.0127119294167012	0.0972077440171217
ko:K00772	41.55	113.53	441.0723622468973	459.2964144342822	493.7394278858126	436.9717450630407	253.64301457586933	137.3482818028642	23.38091619121921
ko:K00773	435.2531073792322	513.6413357587719	1103.499432456828	1506.7538827470942	1944.5671433659493	807.7417318066969	1938.9978846628253	1167.9920809773903	660.19
ko:K00782	217.41404331099147	231.1700159304036	359.47898726634844	1142.8809029296283	882.0834641264038	171.14745374350642	1398.2276686599205	906.6792891209852	103.07013674991862
ko:K00783	435.03	513.4499999999999	948.9902621133764	1144.8997052120176	1893.5993945945336	1328.6851502792372	1932.670658357828	1184.036338329395	641.0522103708342
ko:K00784	236.8127735703953	392.1738975872694	1090.8579306078536	1286.976364436102	1486.4782940087475	2108.735787912322	658.2845410024703	626.5789590836633	527.5172381387107
ko:K00785	234.7370415023133	2.732393113370616	69.3523405508828	7.006300977276323	0.9983584317375266	9.605203574432103	156.6962603496834	6.118524044076321	70.43922746579138
ko:K00786	31.440313016002005	183.57054397526025	140.93320298812074	577.0221519773825	438.5210145297549	42.60190798652039	627.1730992982352	129.9092605418341	119.67289198364584
ko:K00788	333.0904913633351	424.36470044350887	579.554223012253	1218.4838918244727	1442.9281950469283	1091.633909178194	1744.072697399944	1565.6526452855142	448.44327329458895
ko:K00789	436.341905432681	542.6394558435402	1137.4770001201005	1549.3673171836188	2054.906435506456	1432.8286625560545	1955.851504502899	1170.8597773477798	687.6434810273536
ko:K00790	471.1852431385395	583.8159838308361	1388.4028372504376	1247.3799992022646	2168.973733490635	1655.0435819745578	2070.797498069508	1191.1678021737273	661.8667327969747
ko:K00791	581.5179650592784	720.8070851084462	1502.4412679369525	1770.5877223600737	2306.368900476825	1560.2147223896332	2187.0487320894026	1807.390473757457	826.5802904476883
ko:K00793	402.4892587562969	443.7870831177305	586.9954486778458	1464.3003051975422	1377.571250699837	859.0693166113283	1766.606944823035	1147.376453048498	456.0471871200249
ko:K00794	402.36359751548906	443.2	586.844715431233	1457.9984555782964	1377.2460469361522	970.718022752827	1765.8503602919368	1146.987068293817	456.0875665033376
ko:K00795	234.76	164.53	278.9157214820981	114.49498931939476	629.04	118.49705514897616	1367.9200000000003	583.0506220524599	161.7528077780069
ko:K00796	428.59915166486905	545.8272241782722	1001.234590002856	1554.014200533867	1662.4521463678425	845.8610470511793	1860.3824623700184	1344.9916987477936	672.550992273081
ko:K00797	6.01	31.27	596.59711198782	835.122480771067	279.5336956055233	421.3297351596171	245.25818682081024	282.82187016615904	55.65808435789444
ko:K00798	155.27056594961326	277.45599955325633	208.77942637441987	817.4512942550318	478.8728906249156	299.11166348310894	253.05893726737904	557.1523230655243	185.87420536361856
ko:K00799	104.0	190.6006824523534	312.5651571177686	174.20912382395284	600.8612882245623	104.35844809574658	1265.830423480133	688.2298686704928	244.47141478211785
ko:K00800	390.16201062626544	481.94327493581625	987.685046191242	1474.6445610743517	1782.36834238086	679.6501602933072	1875.5276147839247	1168.085806918082	666.4147881021393
ko:K00801	0.0	0.0	25.74926493393024	168.6273405505025	7.06316642284892	0.0	0.0	0.0	0.0
ko:K00803	0.0	0.0	154.80577339420174	0.0	42.464083674103954	0.0	0.0	0.0	0.0
ko:K00805	77.62682591755652	57.516748715944495	483.2676797415427	269.47014998912545	952.6719028450228	1119.0422842747753	259.0304689063605	11.446427378681324	52.09295556998124
ko:K00806	435.1458211010384	514.2658284897356	1133.207701951751	1505.762302013839	1928.2634377797733	1355.937023160963	1930.8046770235935	1168.200207732905	660.1496206166872
ko:K00808	0.0	0.0	0.0	0.7920015838169858	0.2649437208649398	0.0	0.0	0.0	0.5713697764039801
ko:K00809	0.0	22.57	47.83599427886181	661.4618925028964	118.35	0.0	21.47	0.0	52.14
ko:K00812	47.79322850168698	205.4327434731217	492.2033881257713	1277.7484426817111	969.2572215316676	312.17339851797925	551.8892242181024	49.22075917556008	542.6864100659559
ko:K00813	237.55	173.75650089992095	233.66565412916947	442.01	594.84	76.75999999999999	1392.3700000000003	568.4000000000001	108.55
ko:K00817	324.54006593446195	343.8898391578196	420.5740502703748	741.0807747650292	1340.4117085130856	235.82062333550803	2232.284547006771	894.7873787267878	503.6283147105975
ko:K00819	0.1076813433754023	8.342346974856753	17.65	205.52383882098204	103.33716608996868	27.463631918458013	27.317430530904804	19.179582493540625	166.07999999999998
ko:K00820	290.69102137673553	321.2195744098322	866.8789457889715	1282.314524104235	1522.5873589323742	1134.0616066584212	1755.2130531267976	870.5948353579265	486.9580134716896
ko:K00821	111.00102630997615	165.21173939629546	320.5157689107868	1137.6559593939603	1129.7861960298803	174.29037614852655	1280.9929435378403	568.1017500238735	314.9370035602311
ko:K00822	0.0	0.0	0.1722171282395271	0.0	0.0	0.0	0.1503579003884865	0.028920804606446	12.836145523852224
ko:K00823	6.425310193716633	0.0	5.152268491137554	181.1235657797561	14.573891993178332	83.4170247543149	15.828360479109625	34.657100266778414	32.96212764040857
ko:K00824	6.01	30.97	63.41	218.51645562526545	149.5875683929704	34.36172285015488	23.37	0.0	7.43
ko:K00826	426.94603936020326	527.7227040230089	955.315262083572	2280.137575081302	1903.9985735115088	760.3603530719492	1943.140587268547	1173.020858084344	511.4459477051765
ko:K00830	0.1614431337371828	11.98006788749182	17.74326942744754	35.282755436900416	0.6016017348477747	11.619361656672492	28.3515712930172	326.7556976450897	0.2086504233899326
ko:K00831	381.0504342568232	469.5006176163779	707.5723497125459	1309.7570791148785	1487.7845676394904	445.54474963028537	1684.0138878026669	1144.7798037596942	630.8546332388969
ko:K00832	18.4	39.48	419.7892659169223	432.957504029408	114.87	263.67	170.8	311.25041317490826	85.67
ko:K00833	237.1393990249374	162.64091503157772	314.8870357901532	1196.1105256953065	505.7825740598026	190.54523721798017	883.007391544747	282.93527269544603	225.8905965528644
ko:K00835	0.0	0.0	156.16315779021525	116.79595803509017	0.0	103.3517621467015	104.6596931015208	167.1221569204167	30.35817604063685
ko:K00836	104.0	131.1767424404352	4.22709046444491	23.031582634222552	579.0	30.608807777816565	1125.2280910229558	461.548827034727	58.10163475613325
ko:K00839	0.0394838313714204	0.0338611338659966	0.0	16.23168876994331	2.5942300789400736	0.1919494379119757	0.0620995702265694	0.0658480352301852	0.0
ko:K00840	0.0	0.0	0.0	0.0	0.0	0.0	0.0	0.0	48.0
ko:K00841	101.54336680331728	87.97	373.4017228197456	129.67893742779165	402.2004954804317	1485.805269205174	201.65	21.01	0.0
ko:K00842	0.5372489303399333	3.257413925441996	187.22535707852103	4.3807932491876285	48.8211474429594	0.0	8.301782859300166	2.0169990904507173	0.0
ko:K00844	0.0	0.0	144.0	0.0	39.5	44.73746606083325	6.75	0.0	0.0
ko:K00845	331.467354718076	491.0918008516365	1145.2772509532908	1587.528625459088	1682.8846153689976	1058.007465295368	749.0194777598512	1042.3823675968572	1606.1092234120238
ko:K00846	0.0	2.732393113370616	0.0	0.0	0.0	0.0	0.0	0.0	0.0
ko:K00847	268.9488929709711	483.6993078420645	1035.560600348607	1273.5683899655269	1703.7091764462723	2213.9630756803176	1768.3207137409718	1145.0924844414783	681.3014699621265
ko:K00848	24.774848889860948	18.303993681191983	194.16187017449525	423.56619907522673	418.3465052829045	712.2798569057369	42.32746811366697	1.9843584410825796	69.70516669210402
ko:K00849	396.14739384688016	459.0990716143465	940.3788014690072	1040.8112341651947	1541.135688044307	1135.9690731337455	1690.7727195434782	759.8742493942514	620.1110399407163
ko:K00850	425.7424249878361	513.7179340876695	1004.9256868043248	1116.8508175150378	1840.161939524689	1212.601126197316	1899.1844663922604	1009.8513117642616	555.8278291116101
ko:K00851	19.2	64.26913381878273	296.3563767205229	227.4069026420269	35.92008134517809	349.2628053350353	173.1481785147672	114.21789856720784	67.99358663916126
ko:K00852	156.0614424623392	74.16245822906629	197.82141026168756	305.17632060771336	447.9426642703139	1008.4301549841716	248.9244391148748	92.98509325188692	199.0042055195387
ko:K00853	9.707503807014882	0.0921947205728896	20.020544271161423	349.5242364727544	61.98575626012809	69.12122797510227	10.026842168726922	0.1792864123317816	0.0
ko:K00854	43.82489849786127	28.18536598183808	357.1452218726416	352.4383844480791	454.1468498605197	64.3598369298499	135.1911681682456	1.977232853804963	196.66829454814297
ko:K00855	0.0	0.0	2.2260723957417543	0.0	90.72676923860276	1.0858216942860852	0.0	0.0	0.0
ko:K00856	0.0	0.0	2.2260723957417543	21.32940600483286	76.18870008466867	1.0858216942860852	0.0	0.0	23.25499948383912
ko:K00857	427.5610485358592	483.11953473900655	677.5686524410717	678.5900316856503	1492.2012068911458	1148.9637366443385	1811.4442879975984	999.563572823923	449.7175341072012
ko:K00858	435.93375306377686	513.9132034224604	1108.803990794102	1534.6807315475112	1944.2381602327869	1330.3638939277644	1917.3490647567469	1173.3761559016218	667.5647780198902
ko:K00859	436.6462290708919	513.8712453511711	1126.1775959726492	1546.5910703345676	2170.1627815249744	1350.067062728892	1902.454302080164	1198.6964490395142	1150.5892805502615
ko:K00860	0.1594375265771503	0.0817170208757092	11.91247533821577	340.8035425653012	23.13642052083101	0.0	0.4792914873590894	0.598577917849644	1.859823340907924
ko:K00863	0.0	27.71776894842393	89.40193368000858	27.98527502332944	16.50409086816076	34.9103188625933	19.872695634557218	1.7077280038821383	0.0
ko:K00864	93.1582227716668	142.9744441991034	522.1224838799545	481.36492959533945	626.558254441496	998.2045315840082	240.632192072435	14.958708186888206	449.6353171350285
ko:K00865	44.57032615558344	143.5575941673575	479.3868258787359	215.5256953037837	832.6407801146572	964.4737170886598	308.5001915345076	380.4740177271336	304.4612536024299
ko:K00867	270.78000000000003	236.8548685748271	319.49161462706803	58.086577404626766	836.4378470137132	827.4899999999999	1448.55	440.01	89.97
ko:K00868	99.00594044153766	253.3576517947535	576.7373448382127	195.522229399568	1489.6732221650673	605.6067964081708	1508.1689398916371	280.31436386118094	166.0810433092317
ko:K00869	45.14	105.13	371.9463604649548	538.046842114465	489.4848802399113	900.83	191.74301457586927	21.01442677139078	8.878913350437061
ko:K00872	279.09131068052204	300.4189147244103	491.3304009407513	627.0965783185721	1205.598420958323	497.2156789387941	1593.4031553776483	441.7948386313914	228.75352428379344
ko:K00873	435.03358436266296	511.147202775107	884.8698043450395	1984.418453401814	1891.0069923739904	1287.7442210267163	1925.8037243486108	1134.2051063572585	225.3334661601509
ko:K00874	68.01034278770423	59.69205008245996	263.5740454626387	964.622272066171	604.6202138291686	92.5970349534834	185.51915117929	2.9766742761453857	407.8585371076622
ko:K00876	432.5550756644808	558.2580480311948	1395.5157459682646	1067.015057377566	2077.532892392346	1468.9230716470452	2076.180008004543	1273.1782583376848	1350.3520797521826
ko:K00878	205.4401505957276	171.21133425017402	200.09153283929027	231.58534414150995	924.6056154150824	761.9821702484062	1338.0694120529024	481.0587125636314	94.12010930147272
ko:K00879	104.8799816073172	136.56209686335478	155.28874464440824	64.44522267847478	621.974051996637	4.380913119536055	1152.4946107861876	420.54415858697735	53.21
ko:K00880	49.04653666390762	58.90038772025521	5.002026831181392	6.425310193716633	102.97326568871512	31.32301730280948	94.91049230163637	171.7244609291527	0.0
ko:K00881	0.0	0.0	0.0	157.49189250289638	0.0	0.0	0.0	0.0	0.0
ko:K00882	280.79837397733723	265.4567668186804	435.53033984152495	303.7310724938353	1356.8710057298651	1663.3469086846403	1546.8737416405502	466.12655020810894	118.45409652942428
ko:K00883	0.0	1.2056179896037402	0.0	0.6060502233654559	0.0	0.0	0.0	0.0	0.0
ko:K00884	234.76	164.53	50.39	20.85281395311955	589.6238935815483	5.96	1307.9200000000003	419.0	112.88117404259329
ko:K00885	234.76	160.2593980763295	50.39	0.0	579.0	5.96	1307.9200000000003	419.0	89.97
ko:K00886	0.0	0.0	0.0	0.0	0.0	0.0	6.36179711178463	0.0	0.0
ko:K00887	36.02	70.25	275.8287898706661	67.42557218397994	277.0714138944888	297.37	185.05296630585303	20.617838183350525	102.31384192108052
ko:K00891	396.6280948928359	513.7696736832343	1042.686694160919	1577.0770137216905	2106.3118672893443	708.7705582884884	1870.610169299193	1171.317653134718	680.8051396282697
ko:K00892	0.0	0.0	0.0	19.64	0.0	27.32	0.0	19.0	41.08
ko:K00895	146.30285093414048	228.6507036175232	460.5687822575108	452.698127262605	530.0376425167235	231.43780592208384	276.8582415966961	639.4411783755091	464.7602566881379
ko:K00897	42.62122647019099	37.12223105157601	97.9743529413359	6.04984926487476	64.74401285545993	213.8094237253022	62.91318629618776	183.81549080448164	30.357534078849262
ko:K00899	1.369304688859574	0.709218986925131	174.10527382692038	20.86371832240276	193.10112661277944	2.088087578980427	19.269686308468746	5.096016917209856	11.529456843062984
ko:K00901	270.78000000000003	256.633499100079	583.061028848019	979.8248761843372	916.6092829549078	400.7623719597634	1574.4429663058531	603.0155623285034	243.8554566016354
ko:K00903	0.0	0.0	0.0	2.8426883225165427	0.0	0.0	0.0	0.0	0.0
ko:K00906	0.0	0.0	22.16542032397717	0.0	0.0	0.0	0.0	4.144092364061424	11.78
ko:K00912	389.89	433.1220052882272	654.8173421775814	1356.5091374657195	1207.7140798756566	360.47005285543366	1708.05941729108	1151.5785205327925	638.2700933881871
ko:K00917	4.223506694793581	65.70484372516403	222.5400129709193	22.73178716948013	128.66531140281833	249.7266630972248	114.2496105305268	21.01	0.3484857885770644
ko:K00919	399.5773798843621	408.3949365463992	798.4528119974975	983.6880633267704	1506.6268460442934	471.1267331245936	1757.9485499095194	1150.0289488121048	662.3460699507652
ko:K00925	440.57021748189504	499.6857983506181	1208.833679231854	1573.8422605485143	2053.3757680180097	2235.7320378416653	2016.420029634135	1302.913605103496	708.3279738380563
ko:K00926	272.56649330520645	240.93059964015748	441.8782215413445	139.4228095268005	1163.9207314957712	154.32531469466727	1434.002128380337	429.5684489085109	137.650593692375
ko:K00927	435.0038814159015	514.7286054590355	1124.0044315153764	1513.1439559268906	1956.265447733477	1302.4684849635207	1929.3979491939967	1171.207159314077	672.442027953478
ko:K00928	410.80314979628406	507.96315956554895	992.2323815528624	1471.3959296197097	1886.1805830911944	1351.9735786883086	1873.086224778576	1163.4236389353612	528.7091624080405
ko:K00929	4.26484323723039	40.13809297481652	98.96849814001212	95.4608259081653	274.4306017812989	54.55571259768854	125.37637779498368	247.26846379491383	120.2567542692843
ko:K00930	110.91364642561402	141.36118486029247	309.7137986840195	646.4238629491435	1169.9926595166328	183.9147733968505	1249.527751968982	576.6776166789286	267.57843188379513
ko:K00931	273.14426285270946	259.3527703922197	503.9035470042836	671.4912755963055	1245.1610832996864	468.90383538214166	1563.554626072567	571.4593970284658	338.60318773927327
ko:K00932	0.0	0.0	22.33	19.64	0.0	27.32	0.0	19.0	41.08
ko:K00933	0.0	0.0	0.0	0.0	0.0	0.0	11.999935683789335	0.0	0.0
ko:K00934	0.0	0.0	0.0	0.0	0.0	0.0	11.999935683789335	0.0	0.0
ko:K00936	7.896246936223141	63.41776813952206	44.379241952963774	127.51307455813864	118.02849984629492	19.850884845193573	40.21578195529953	3.057030736242514	12.350317637287088
ko:K00937	155.7438496769921	224.256814779572	504.66137558727166	1385.554490651271	701.7099046851558	405.4837704224061	195.65664069890045	473.42022775303457	180.7705919818408
ko:K00938	45.14	82.56	296.73	55.246842114464975	393.66	900.83	170.25	21.01	0.0
ko:K00939	435.0304972664158	521.442548332021	1117.7465263020613	1831.266315176409	1950.553017126004	1328.7786632803816	1912.6207820930651	1167.6208293019024	687.1982316246666
ko:K00940	250.7727145664508	301.0935907562763	685.3740913455691	1030.5194362497325	1065.9073582150218	421.05834410211577	1490.1422047580727	590.1331567322571	346.65797997102123
ko:K00941	228.9230253416999	245.2105778988054	466.0314396300808	503.47325095341375	1181.8654137487792	1467.2829363583326	1586.122297180179	1096.082276024777	261.01833173283734
ko:K00942	444.6695416638941	516.2916549141421	994.9917745101149	1521.8216387274508	2064.2791883794857	1934.2153318201104	1945.1526862458088	1170.9642794086992	671.9099279127547
ko:K00943	288.7	288.7264891619319	904.184022867688	917.0222593947492	1374.972540117179	1069.9516659048504	1653.239415674131	640.8908179159534	496.4376504749057
ko:K00945	435.31300495228993	514.4092045140683	1143.935057852263	1663.167724329951	2065.098673574743	1347.187489200602	1948.402340451152	1168.4263549438133	911.590822394812
ko:K00946	387.2357035874181	422.496378709463	621.7667640008821	1352.9299569009904	1217.9668045785322	357.1227325403344	1661.7678623939375	1140.386315792941	767.7513869368054
ko:K00948	444.8523000197452	578.4509068421928	1361.0809331104306	1539.8919344926187	2396.072190815152	2154.5271777599046	2042.626856058288	1189.171091454679	671.4895084594189
ko:K00949	184.5131921721582	290.1683934742842	584.0065807906833	502.37417989464814	882.2764402596938	1123.5159557339189	413.2547832126381	585.7068713904494	249.0786130631947
ko:K00950	654.0634548661601	698.5057264133908	999.812141600136	1802.1710254100776	2083.2680703536435	952.5064301690757	2017.0107328822987	1894.159955151928	862.2019610085152
ko:K00951	610.0932753576085	800.4328910480144	1502.8364085078788	1595.9068253877117	2553.975740632088	1624.8739644830623	2335.0682702612594	1852.589600685843	1289.2933763547971
ko:K00954	435.0304190228906	513.9594125549534	1096.3277339624967	1504.3807187038187	1943.2984727055784	1328.3496901495214	1906.07425426459	1166.2878508168735	660.19
ko:K00955	2.5372707753713057	34.48367877991802	64.68221505572023	1047.966090131995	61.78579327645184	26.875209607110012	28.42592517707188	0.0847709201047294	28.522474026199028
ko:K00956	2.5372707753713057	50.96350575851554	209.17952065199395	638.7750730286523	61.77028182955927	89.39619000448434	96.6891330183975	131.88059297524833	46.03857770389005
ko:K00957	2.6214298257982747	51.99695758329552	197.7557906987009	1299.3915270746502	68.62338520683427	65.48833622767842	98.9974497529267	108.9346231264672	43.64526769895417
ko:K00958	0.0	0.0	0.0	342.3733639278823	50.73194508936626	21.18792750880565	3.899935683789344	19.0	6.826219939671786
ko:K00960	0.0	0.0	0.0	44.61205873373443	0.0	27.32	0.0	19.0	41.08
ko:K00962	425.5555259725423	514.2741513383987	1127.613236899189	1495.8057254757157	1957.5025972921528	776.6467608203468	1930.9414412116648	1167.8611219000484	669.068913350437
ko:K00963	288.85943752657715	282.8850931702812	629.3904561175474	453.6655161045269	1174.163315212213	1110.2903987042018	1647.6438801595675	609.2321949992263	222.4842878847656
ko:K00965	253.51248434080415	269.02455151700366	389.2371651728188	515.8182277374613	1037.1104729595002	903.1503126753856	1578.5245409623224	694.7913146895787	112.74898674471628
ko:K00966	0.0	7.992121878860559	33.7823344184243	41.94487492220533	11.109643160757711	39.5211786925744	0.0	19.0	65.03872718918298
ko:K00968	0.4534448767073792	61.131103081916834	83.8995275529585	248.41102293220305	146.88315984093515	12.292509235336349	47.71584639683231	1.323533536179995	38.4258627141583
ko:K00969	201.5394948100549	350.214395045193	1088.8015195810765	1527.5923705097534	1706.6403724116408	1364.205712692005	671.9904983228112	748.9976264912551	566.3248389857363
ko:K00970	381.1565874162607	391.46710503103367	750.0938177610565	1242.8455895104576	1396.1684280347472	363.6168183378486	1696.10821972315	1140.2710492669917	666.4841909914242
ko:K00971	238.1428030566173	368.76090083511485	585.3078401480944	1326.6610243700236	806.9521641928613	431.34291594444784	501.8238276107139	1030.019964706091	950.5663446075282
ko:K00972	0.0	0.0	0.0	329.65	0.0	0.0	0.0	0.0	5.07
ko:K00973	190.64682536904192	364.2144265076757	837.8462989947019	1092.1088333205275	1319.9384655067583	730.129400481308	1063.20536801233	842.0456030766676	630.0219660635755
ko:K00974	435.1829860151056	514.2679644026919	1119.6162795228802	1518.569478276973	1935.4187410063464	1329.024182454855	1918.9327624985249	1168.169439051535	648.7833958635408
ko:K00975	311.42	346.67	837.2757505157721	821.6924633841915	1890.050944399663	818.5533212190187	1815.267092301309	474.0709901192109	129.41148120727345
ko:K00978	0.9454364735832532	7.344252266977759	59.903335005880265	227.91353388388416	270.1052254817099	69.02200207371808	32.585606073477905	3.462485583276378	29.32135441376951
ko:K00979	389.900640561456	430.8991252916284	536.1241898498388	1420.9361759094384	1175.238181780294	396.6622073620936	1666.6699744121652	1146.6277454933145	309.6323336602104
ko:K00980	32.3141902879648	80.73757380426011	124.36512675335776	167.1687932905815	219.47257564153188	581.7544356306491	108.09117391565609	256.6228608475542	50.92207811316666
ko:K00981	480.4412264701912	589.4181988864332	1369.2234098652905	2409.011028007238	1959.8025092908613	1408.3098642393943	2097.788785753945	1453.5043477902143	767.7581607204517
ko:K00982	234.76	164.53	281.172855982995	441.4586868109288	579.0	107.55639658825103	1367.9200000000003	584.3740598105485	149.96389119774162
ko:K00983	346.47253711860435	195.8433083462655	69.78561944284633	51.45712364401015	1010.9650301581024	130.8902841330594	1919.646255797453	545.4795511741263	93.56227035950984
ko:K00984	0.0340123932931534	29.184943948663907	20.778957276376698	5.55741228313498	107.2513868322696	0.2492508728816125	4.895657619799609	0.1191477675051205	0.0
ko:K00986	70.3152762964983	44.75971814946029	64.95538927340807	464.8182676588988	101.39605150889764	165.7143341924265	100.14880694889813	169.29794804210098	50.319531204780205
ko:K00989	243.56	190.70650089992097	302.57223897735287	571.3559716961904	727.2496062374175	156.25	1447.74	587.4000000000001	163.91816901247853
ko:K00990	269.8070673543123	164.53	275.18	438.9	595.33	116.33	1389.626531353958	580.95	158.15281400035306
ko:K00991	436.16830701519206	416.84468354447495	985.480026022861	922.6321500946518	1798.9665287336293	794.9157083189061	2022.4718035454305	1416.2045339724184	712.5017608447097
ko:K00992	0.0	0.0	224.79	112.9	0.0	98.12	60.0	161.95000000000002	59.66
ko:K00995	333.3555118500329	358.377875071031	1277.7285115227387	1479.24990859863	1523.6842817548925	1138.7265088272054	1860.2726595263496	906.288346164657	341.64437082738266
ko:K00996	90.75732483701528	57.70714349308018	106.4604163918316	74.07346459315576	381.1767151861581	105.54325436305962	116.3476304516582	173.67702715994812	138.0057144472623
ko:K00997	194.17776079556452	288.5323437414514	821.7195389643716	950.8633672371892	988.1612233215246	1251.0300469237372	426.5112403060109	473.540771535719	150.375199227082
ko:K00998	234.76	165.24650089992096	50.39	0.0	579.0	5.96	1308.074338200346	419.0	89.97
ko:K01000	435.099116636586	513.5092740775784	1109.3633532287215	1183.550430095695	1949.763756707007	1331.6428779541504	1924.5133320656212	1167.7464509590084	671.2265312252489
ko:K01002	0.0	4.542809212765438	147.5782164694698	1.988993919617052	69.11885531632609	9.981806136773846	0.0	0.5040963049902423	6.384699264988069
ko:K01006	67.21997199089269	172.44795819183622	742.9677952915117	602.6914266451773	1048.513973535013	257.4336128998857	357.08861705531643	377.6874855526992	534.3632645015045
ko:K01007	59.33320173158344	40.06031254967198	520.4971965934931	361.82421572536623	898.0103579235484	607.271139627679	253.3110742721302	161.95939291513363	107.54093755179711
ko:K01008	278.7383552458441	213.0042930250684	363.3058282726246	359.16409591275834	1204.952529652287	122.6120820402035	1424.6133524301658	419.0	177.46657311098073
ko:K01011	15.13	29.26	139.76668376501914	147.0964698354676	335.9198284800203	96.97767102113492	91.5777772296567	0.2603851765819914	41.4792856979641
ko:K01012	433.9769245981216	347.2778449769881	460.5280237534551	1617.382665038377	1502.5811920860474	347.43681455558374	1688.825871229836	795.1248967676339	344.324622430002
ko:K01023	0.0	0.0	0.0	2.4601318705693647	175.9768443943826	24.5	0.0	0.0	7.673319096473062
ko:K01025	0.0	0.0	0.0	0.0	0.0840543734801456	0.0	0.0	0.0	0.1812691707670615
ko:K01026	2.544385063986358	3.614885666479939	39.108337328918594	30.601769132727306	146.06169583554154	1.176802267530007	17.61275349033304	5.527885362699237	2.833612953362298
ko:K01027	0.0	0.0	0.0	44.242747753865686	154.65260097749115	0.0	21.743786730581142	1.2907907781338932	196.5250739855528
ko:K01028	0.0	0.0	50.61522542712565	47.95396705096192	56.97043867171522	28.877288166828837	16.40387412019158	20.997227388454544	108.61728297623569
ko:K01029	0.0	0.0	0.0	20.42219741522126	8.546700012385077	18.45785166039889	6.944267048432468	10.592651842055371	48.04328145244176
ko:K01031	0.0	0.0	0.0	20.77698147766625	42.31349636577504	0.0	11.419242327634544	1.2907907781338932	125.60761854568662
ko:K01032	0.0	4.542809212765438	20.16334092531528	20.77698147766625	112.33910461171578	0.0	10.3245444029466	1.2907907781338932	99.322677419976
ko:K01034	2.79	13.05280921276544	161.41578421752183	43.526981477666254	354.146051018077	55.61994700309678	103.78654173471652	12.884328107076715	74.54228816999631
ko:K01035	2.79	8.51	116.41578421752185	43.526981477666254	359.35093125798835	55.61994700309678	103.78654173471652	12.884328107076715	83.42120152043337
ko:K01039	2.876177409436485	8.55416878082046	84.5497180298919	23.452701098451623	55.35731379031251	0.0	44.7090613366395	6.773536719451133	10.611349576610063
ko:K01040	2.79	8.51	84.39898478327898	22.75	55.33481287178441	0.0	44.45	6.45	10.611349576610063
ko:K01042	243.88	176.84	240.0522165384649	341.81025568235606	872.9658049607442	107.97007985606996	1388.3021929539211	419.0	104.49803102155164
ko:K01046	2.601094298118608	2.158713971757777	14.825075501704092	514.8866803354512	41.609521346157216	2.290505459106303	18.53230488984726	5.740789413699463	36.83614552385232
ko:K01048	130.76	61.53	75.39	38.70182305764674	0.0	6.966601259816366	177.11332526424508	10.510939596669235	95.66931001162752
ko:K01049	0.0	0.0	0.0	0.0240598635819987	0.0	0.0	0.0	0.0	0.0
ko:K01050	0.0	0.0	0.0	0.0	2.880582577700064	1.2822702414605112	0.0	0.0	0.0
ko:K01051	2.264593078279034	1.9421035576380323	18.147413210691603	510.6489472033817	102.28041959522142	36.899455368842446	79.40690029902109	3.7767106083957303	189.9875340788494
ko:K01053	0.0	4.270601923670515	0.0	640.9837850057921	2.880582577700064	0.0	16.478326072930287	0.0806846555834117	30.357534078849262
ko:K01054	0.0	0.0	0.0	1.4046177743974633	0.0	0.0	0.0	0.0	0.0
ko:K01055	0.0	0.0	0.0	29.888476628686224	8.246400550478985	0.0	21.094697924687942	0.5040963049902423	81.0753119177597
ko:K01056	435.1462342225272	513.5496818807115	1117.2863911806105	1504.5882512386866	1928.3599542431352	1328.6850402683392	1929.903772138199	1167.8138463141513	660.356363926974
ko:K01057	380.9726841185775	348.7017458243972	399.7277874061167	740.1179705379182	909.2981027232806	289.24560201737904	1487.4930506548512	864.7313434509188	204.06
ko:K01058	0.0043331790219753	22.5737161123891	247.10561500413303	605.5039869633077	70.34932291284598	111.2548324541612	121.3995864465132	162.80933095547314	123.8835779320708
ko:K01060	9.14012392265274	40.045027122597645	245.73372496275127	10.243931365011164	296.7789466365076	387.0840780699194	122.35403058655764	17.864532475951744	0.0
ko:K01061	0.3431227551641402	0.2942603374983607	12.47	355.99382755538204	28.14166202169122	0.4576779788028009	0.539658257330942	3.7723170098716823	35.78
ko:K01066	1.0048492281897503	6.548004332947914	46.68831455478868	89.88626096793284	89.14882051510023	658.6785177036912	10.105816841132382	10.560174318368372	29.02388200183983
ko:K01067	140.6804151094874	166.9149446033895	143.4	555.4374774972516	237.06377790011712	201.9942404071169	115.85248965039108	303.5780657047464	156.9690452403167
ko:K01069	273.1588267058599	255.6590254344558	585.7885912591253	1208.848863634484	1060.2271405868878	443.9338825634253	1572.8308433902628	608.4955398245595	309.7317328792889
ko:K01070	72.69897563120108	54.69687479565247	217.7163476158752	506.30044597975086	349.6592156579917	130.38697620517485	751.5927526569862	551.1438152406625	61.255261883047424
ko:K01071	42.29657402221075	130.75275810132632	500.295778125986	599.5024976803189	663.9834492582927	875.7580130114766	333.7117002817682	277.68757756235783	325.2671345377214
ko:K01073	45.14	17.72	65.96376877248255	47.64180976602799	249.27052947153496	131.8458216942861	82.90530207531205	0.1754918456877721	27.357713384264542
ko:K01075	0.0	0.0	0.0	345.64	0.0	27.32	0.0	19.0	41.08
ko:K01077	14.855461178538556	58.332997590515454	229.1165127371388	925.7293048406344	349.94209997417795	605.2118270025969	96.0240314431877	27.764645699651325	463.7942930694338
ko:K01079	420.898220688992	367.1525957384624	608.9070707428173	345.62783090579586	1072.6810024745714	512.52162534275	1715.5965199713114	1057.0101789010043	397.205588808799
ko:K01081	33.730123478419586	149.35009018980566	766.7127780706753	1295.5282249995726	609.7894843408834	1067.97425694609	394.946233751796	548.9667052154315	787.6852480912851
ko:K01082	234.76	164.53	275.18	435.41014552260987	669.2140645247092	89.00999999999999	1367.9200000000003	561.95	148.47601535502594
ko:K01083	0.0136800495341773	0.0117319412144368	0.0	855.7463392167759	6.85283699060341	0.0182472812615687	0.0215157741091333	0.0228145129889602	25.872683573386748
ko:K01085	266.37213538517176	225.21395307980197	161.59399936625067	119.47320834130666	709.0002096144715	99.39946601695362	1265.813009523809	538.3689685715561	266.69996110690306
ko:K01087	0.0387738442470938	0.0332522525030456	0.0	0.0665045050060912	1.2732430243367725	0.0517189093359178	10.024959306302582	0.0646639744247419	0.7274905380936533
ko:K01089	73.54493196792501	98.4708945618159	50.30134295228854	27.415549123197238	371.6249468207369	45.68762842451535	694.9360772842956	313.16759445713234	224.18352428379345
ko:K01090	52.225938088743376	6.02242558678181	49.32593320027803	183.39184833861725	23.87578612771137	354.81615563169765	26.810051828373027	340.81267968127787	24.0
ko:K01091	285.57094458707866	338.70261440577127	1392.747470451541	1091.0969653951097	1983.7366102817173	686.9472482111746	1867.6459166458724	1200.0169562428491	884.019124672767
ko:K01092	271.1060265093828	265.1541167143758	790.306973085943	880.1849031224901	870.5265477033254	480.3772108207306	1629.5375540515397	754.6444527974037	407.5594537004032
ko:K01093	0.0	0.0	2.1814337138536097	0.9313765737723196	0.0	1.2654281601051665	7.17555862042434	1.2266352797606583	0.121538297863208
ko:K01095	248.64984678216692	178.28350186390043	293.06	322.9859744647265	791.6265098162318	128.56643541866993	1426.265233704864	595.8884470069684	180.15962061668725
ko:K01096	235.03140717483623	162.7468652054764	87.81977549718201	0.4655148378520462	685.8819404928672	6.32201938035911	1341.7680301471703	419.9916563096914	89.97
ko:K01097	0.0	0.0	0.0	0.0288746548321435	0.0	0.0	0.0	0.0	0.0
ko:K01101	70.67818544769874	123.0148688117709	323.47732363452155	166.24116053661578	482.31307861095655	939.6145340135034	222.46534377543324	122.3316059839753	0.2086504233899326
ko:K01104	245.3220315309312	479.42826193445785	1285.4760620579425	1969.8450240116945	2066.918509298508	4351.391900603266	858.1814031666343	866.253559348666	764.7663988989283
ko:K01113	140.50936580204348	166.76825358339804	98.02898879939796	731.028732943433	193.96984345950509	201.76608444797887	99.16539494815066	305.21172182627845	49.81677808105791
ko:K01114	0.0	21.4523714455082	14.622488580553856	683.4707458080377	49.2946184925207	7.879401762752495	30.87978954899572	0.0	6.637286463951717
ko:K01117	0.0	0.0	0.0	1.6827395706382615	0.0	2.3971044503751964	0.0	0.0	0.0
ko:K01118	204.4334633360924	187.5472318573497	245.7670446968326	31.60822092785454	739.9139758536829	99.768558843302	1327.9473324639175	265.76122456488656	181.9611856141116
ko:K01119	610.7802094373801	669.7395185578528	565.8995631897631	459.6549887022568	2591.002671559915	1397.9825502532524	3925.291024165205	1655.5104828499836	658.1359796894124
ko:K01120	0.0	0.0	0.8653862675249689	2.9957894732149604	1.0021641700971635	0.0	0.0	0.0	2.16123754855996
ko:K01121	2.96235481887297	8.598337561640834	5.18146649322584	86.43078151529224	4.380254318955921	0.0	19.09723420829521	7.097073438902265	0.0
ko:K01126	216.85762513397367	197.0097657757083	1141.3224611774317	1031.5445344346963	1163.1804845735958	1166.3387519031692	660.8491619341576	47.73023210214038	947.5452714498877
ko:K01127	0.0	0.0	0.0	0.0578835863904123	0.0193634622311899	0.0	0.0	0.0	0.0417586687818952
ko:K01128	0.0	0.0	0.0	0.3019617547734211	2.146972777351149	0.0	0.0	0.0	4.63009786280574
ko:K01129	309.98214954469006	325.1863371095285	517.801030974703	1346.9170969359152	769.9464453800465	398.4149208959129	614.476866670454	713.4347578313875	304.3900887967712
ko:K01130	95.4831103917033	63.45701513491975	47.00027114392845	2270.2079119351924	188.0478477400912	66.94302501672466	137.82356634913805	104.5938654498926	123.8083877385438
ko:K01133	0.0	0.0	0.0	326.0	29.38010314454318	0.0	0.0	0.0	0.8197191765824043
ko:K01134	0.0	0.0	0.0	505.5243224913118	0.0	0.0	0.0	0.0	0.0
ko:K01135	0.0	0.0	0.0	494.508107497104	0.0	0.0	0.0	0.0	0.0
ko:K01136	0.0	0.0	0.0	842.5405374855166	0.0	0.0	0.0	0.0	0.0
ko:K01137	0.0	0.0	0.0	326.0	0.0	0.0	0.0	0.0	0.0
ko:K01138	31.358714457688908	52.62320185614847	0.0	1337.0486449826203	373.23612056968256	0.0	577.7479814385149	126.33943613241972	4.826680903526925
ko:K01139	416.5175456435786	436.90768669834745	813.2641743278052	517.2596146434793	1594.5813919327038	358.36904561077483	2247.4750442990635	1364.7730963131778	721.5154228855095
ko:K01141	234.76	166.12497593481112	61.55883027744008	0.0	579.0	5.96	1307.9200000000003	419.1906338432382	89.97
ko:K01142	511.1671805303407	513.5882506335686	1372.1177564880545	1238.6631398997372	1918.0074611013024	1750.3250982881395	1998.7307347238311	1330.052168620644	622.0602402663947
ko:K01144	146.35872246604498	226.90463224145	320.51282328936304	771.7972064746864	566.2704242560109	238.30807369238383	248.65308568408688	559.2579010747016	445.65350007108526
ko:K01147	234.76	173.61387782404657	400.35608412632143	93.66348417321583	620.3008313417779	77.5174110324185	1368.3683650936484	562.279952551255	112.43361950128065
ko:K01151	145.55	145.66212187886055	83.1123344184243	609.482716653597	979.7264544418226	137.50064370237948	1259.4804559904346	419.0	110.80978088114628
ko:K01152	0.0	0.0	84.92933662828462	0.3632852396477611	0.576100024646201	19.070527384693005	53.64270043286675	14.395140709045863	0.0
ko:K01153	529.3187679414731	697.5780655254788	1304.234454401132	2217.1034220511583	3513.810923560566	2199.214544483469	4558.505337413788	1553.4542287117636	1070.976192840426
ko:K01154	727.0051230813126	964.2824429257334	1946.401697434364	2696.290082732741	4122.561885178437	2253.7667566375026	4273.68130715633	2470.379305762162	1581.5500835323255
ko:K01155	46.52987756122438	139.42169808175024	693.2055065800162	329.7530716523743	257.41797342739136	160.47904734026514	224.0662693613581	332.275859616726	597.4951979667175
ko:K01156	41.67628928320831	68.01793364765129	544.9482330911152	587.9948398578234	619.1022265426355	634.4633491228958	291.28522055990544	131.80102509328214	184.07011316356807
ko:K01159	390.00555759816086	433.7968457944785	836.22522317201	1425.8527667169742	1291.9804912873542	410.9842517785038	1760.5191420648905	1148.9892514827543	639.3186920939249
ko:K01160	68.84839064113598	64.94636967054215	52.02346192801602	36.19118415959082	300.6835781264784	15.836377511729353	630.9178394976199	138.5890350600069	29.416478570598684
ko:K01161	73.97994092788	98.5025126711462	75.17563688774477	0.0	295.813921113689	6.013126535961513	594.6943722666844	298.053800469055	32.5
ko:K01163	171.6341124406676	181.61513655718795	345.831157874543	379.6990486786708	732.6181919501437	261.2965006329128	335.57654376863564	227.38488727139853	112.25976344773584
ko:K01166	163.29523109619075	164.53	50.39	0.0	579.0	5.96	1254.3599318965216	419.0	70.919529618035
ko:K01173	308.46965735588446	339.28989965520725	639.9240156512909	1270.3100339328755	569.9490475388698	416.1699694526444	446.1244271828756	1454.2293950626702	875.728999161151
ko:K01174	44.32650488089011	34.87845598964787	224.2320162578288	131.4310454053422	251.8077114780308	102.57457439411236	100.21671376877416	0.9980059885019282	77.3379201151836
ko:K01175	234.76	164.53	50.39	0.0	579.0	5.96	1307.9200000000003	419.0	113.97
ko:K01176	35.44294550911083	174.54220907723322	692.0988614398317	558.9860019254357	1134.517862004691	534.4578371938699	387.2359094391479	286.0342365788035	567.6836511180367
ko:K01178	0.0864007251272346	0.0740968243970904	0.0	674.1806236372067	0.1358897480640367	0.115246536839017	0.1358897480640367	0.1440923485507994	0.0
ko:K01179	216.24255973012765	510.8967381255351	791.1810906137857	1998.4959945174105	1258.545018205471	816.2631015432073	1481.4423710957012	891.3920474481336	548.8526911951917
ko:K01181	1.1973042396329123	13.66708556470858	251.69710516972856	338.3375306048315	122.84621131990106	19.13990573039704	136.00151779125824	27.71307552442574	460.4878423112121
ko:K01182	11.15474623503214	0.3184931202364764	71.60371910917843	16.767270902606036	537.5565179151506	1039.90564004433	50.3478079622448	0.6552959137165892	75.95940209126002
ko:K01183	79.40554228083617	157.7573895525258	200.84626604857232	981.9769979576998	240.7087508776432	242.00136289005783	85.96856395109023	289.46770028603	28.377670914273736
ko:K01185	216.30982654904037	258.47900342520336	298.6042989744316	271.3558517827465	1045.9139750070196	742.4737084021702	1585.1704646635717	767.4809119488589	319.90179413668056
ko:K01186	177.5021609500735	359.59873977073096	480.5058860977812	1284.5700452500078	872.1444388739253	422.3355335728854	973.0337977064604	463.3543564229264	66.91773464996963
ko:K01187	192.33736405581675	297.7838707751821	936.8062831735416	1510.8934448904072	893.1993600383129	1782.150301451191	580.1067726727238	571.7499750004162	1001.2320201731452
ko:K01190	511.263978098996	735.4835817615783	1330.3495144951037	3233.954925388018	2382.8786121933654	1744.2254687316731	1516.224734749342	1196.9220431439949	1086.2387240669182
ko:K01191	0.0	0.0	194.6679062941489	326.0	53.6792889055619	229.94895843033024	101.07219597602572	19.44087556034331	31.949104114096865
ko:K01192	140.02738775703526	166.35491165239415	85.53	190.06938016179228	316.89039557471835	201.12319284680493	78.40734720014726	302.48899793657466	75.50178573883456
ko:K01193	178.5368345794243	324.3748753448982	513.8415613911118	295.8486825246046	1800.5189538129653	1632.6712520946012	1546.5080124472263	447.7419508634683	86.28954831103903
ko:K01194	0.0696855474104206	0.059761972620962	188.86748176259687	168.62763144234552	0.1096003704524654	0.0929508171945959	0.3050762451392556	0.1162160869787711	2.4785729938279317
ko:K01195	79.95958335988392	105.58736090705251	156.222222367873	500.1330975768832	388.116632523661	128.94970573097714	597.3686075559257	298.31302794776394	100.8437465305072
ko:K01197	75.04900006494893	140.90177768963798	248.66256022946797	294.5770485059296	318.91332620986987	431.9475717310013	260.9300443077583	216.4008489489364	33.16479324761611
ko:K01198	2.437091590850032	2.644932875592799	37.01830671195648	19.335539189604376	80.0098613198561	357.96916071159484	22.60636945852923	0.6497636797261627	54.649278927674814
ko:K01200	63.49050615029485	221.9093548732841	761.759212350863	148.8106359390378	961.639782810214	662.2337962872589	480.9261018061226	291.56474700585386	57.5688889146596
ko:K01201	36.1398169728465	62.505276379119	66.93234389149276	608.9460238545423	315.95158197317306	24.15273690936836	587.3502791820617	127.48373086127752	126.59798980140312
ko:K01202	0.015213421407638	0.0130469531692085	0.0	0.0260939063384171	0.0239274380999877	0.0202925858332893	0.0239274380999877	0.0253717502589406	0.0
ko:K01205	1.2198266309894783	1.0461171423992044	174.47272753743707	34.17014886144887	188.42817075308363	1.6270788764622313	28.607886989844754	2.034331121934984	349.4496920475401
ko:K01206	292.6386100259938	410.0644635030113	691.5379506516338	3319.2620320095048	1164.394950454071	887.1483303851605	640.7887742719315	895.3493676495883	268.9024297196872
ko:K01207	259.8267837677816	203.8848060431769	695.9121189172827	571.1844448347961	1219.1167333527148	884.9051300412559	1457.2170157356593	587.0259432225864	405.29175751976186
ko:K01208	14.617473481820396	40.83532986266057	326.8628402885065	828.3792491123503	706.0665194843855	944.6079119628048	151.07937243096015	19.02993436248252	172.7975976957173
ko:K01209	1.2925043128057996	1.1084451543366192	34.81535163226994	516.8660890520081	158.83600426372288	331.9720670516171	62.2819490018196	2.155537255850178	352.03062813677525
ko:K01212	0.0	37.12223105157601	31.38133707345396	170.15243077916367	34.22789994147944	0.0	17.01733473370135	3.2732234986273494	1.186255993931978
ko:K01213	0.0	0.0	11.4777610226471	0.0	0.0	18.12	0.0	0.0	0.0
ko:K01214	3.6937530637768528	8.973203422460324	161.33678840197598	359.6997311295156	319.524666410438	32.96854157324402	27.1668080152908	9.842969263757483	20.85930084319355
ko:K01215	24.72162602266266	5.062225464897994	139.8049172440543	23.596907120639845	188.58663111618785	753.0573551746978	116.61598317137056	16.779242231224806	4.711667213897151
ko:K01216	0.3312900662974335	0.2841126834386218	0.0	358.3016680863977	16.48775547893543	0.4418948194442033	23.56791129288109	0.552499572590973	6.217754722064704
ko:K01218	100.2201839499044	100.67213017747368	143.41828410182364	493.1948583349566	282.0567078745281	142.62661190555843	161.1864074873713	121.1297284299758	253.04803373024717
ko:K01219	0.0206800548688826	0.0177351103464151	48.72069820266505	0.0354702206928303	12.203911980395016	0.0275843136937785	0.0325252761703628	0.0344885725186744	0.0
ko:K01220	0.0	92.55776894842369	232.72210645728896	15.405402217735029	137.32653081001354	901.8831004249064	84.7229662250135	16.296159666644087	0.0
ko:K01222	0.0	0.0	11.070367525248756	5.111864706250061	100.1619560130581	0.0	9.665224560650003	1.85907139081989	4.826680903526925
ko:K01223	30.64350669479356	265.63484372516405	945.1258539407144	73.14930314452761	1265.9706622461622	4646.068502203754	275.5952375251917	44.25838661074629	14.164542634268818
ko:K01224	10.791622156033364	2.264410577915576	160.91089354288192	32.99274809927418	117.20736659701666	60.450130444628414	43.348391698212026	2.349029973172068	306.2882121016739
ko:K01226	0.0	82.39258165804227	223.2341563923904	35.47364025677387	265.63728901365783	659.1672697658654	47.77995307783143	5.183935294861582	20.398682881153807
ko:K01227	55.25714787669378	18.069610390876026	381.4797686447858	150.04350032872725	391.9195068866273	1447.460438450571	288.254843289864	35.329413116581975	11.613397546195465
ko:K01232	22.19649330520642	4.545156274835985	4.729987029080701	29.24454930185149	28.75498367762636	373.2564997163871	26.380389469473183	0.0	0.0
ko:K01233	3.523559605564357	0.0	0.0	0.5510937909803678	39.63451845092281	2.1801540696357917	9.744020073956676	0.0	4.356081176263424
ko:K01235	0.1457040219909017	0.1249550315175138	14.917477475885963	5.766837964571211	19.375608353883383	0.1943488774340667	9.49916107256164	0.2429937328772317	195.746319104573
ko:K01236	0.0	0.0	10.32748131291774	0.0700260815744005	48.48753746110295	0.0	0.3111204822098313	0.0598429124895043	4.920317637287087
ko:K01239	120.31980614379788	6.412416341648003	91.1621292990624	410.2933347489908	150.6490812052107	1177.0764599693043	97.58177379774106	27.105637577430524	64.2126557104987
ko:K01241	0.0	23.62	28.57	366.24	178.04	10.54	47.9454555970534	0.0	21.76145791057088
ko:K01243	289.0550573192293	316.1786409288327	928.34786467438	781.1422610289447	1562.8088110258009	1039.6532866489072	1835.982291922381	846.236740240385	609.7966220371342
ko:K01246	286.75377284354454	285.2784163221325	680.4137718164396	859.1701110081171	1186.0960398545897	1056.08516421754	1576.3848791048986	829.4733766710519	158.76335523176908
ko:K01247	0.0	1.037011623580449	1.494049704456275	194.3266199366334	9.0423856081268	35.438724471045695	6.933230115383965	19.11592831322524	11.42006471378085
ko:K01250	19.2	0.0	25.675505807304383	34.80149737248004	7.0429338846425225	931.6886445045386	2.7757602212349664	0.0	4.721514211422938
ko:K01251	6.01	30.97	87.6008743738663	557.7108822738277	216.76	79.49000000000001	34.571953507321034	20.581463363442417	71.99848578857706
ko:K01252	0.0	0.0	0.0	2.5467688177774086	0.0	0.0	0.0	0.0	0.0
ko:K01253	0.0	1.194571000813749	0.0	0.0	0.0	0.0	0.0	0.0	0.0
ko:K01255	246.67	191.00052362871205	384.5532278106044	423.2162725962047	931.856740754572	195.63	1477.6689773212222	587.4000000000001	227.2460699507652
ko:K01256	244.75759988242072	268.033981445842	575.8700964083176	1278.1108172751397	924.6086030200833	920.6114430002988	1561.2064350300416	602.7711150694536	234.64934660563327
ko:K01258	357.4792835408066	431.1198016131368	945.026779122378	2058.8401646130333	1277.9270993049115	1790.7348332279882	748.9818591146422	586.7300204480089	564.6133381782604
ko:K01259	49.24573699902962	26.34352000961406	341.3584742197258	169.7710816068563	298.5995342882217	817.2628575884738	174.09690376862747	148.7190574423358	38.17598181425531
ko:K01261	35.54	82.56	296.73	62.784745443622384	393.66	334.09	170.25	21.01	0.0
ko:K01262	616.0095280243266	754.8685551396645	1602.6536555103346	1832.1109613202536	2634.3497002339286	1976.6325727927767	2333.033337925194	1900.3649271912084	1023.0721753234642
ko:K01263	0.0	0.0	0.0	34.328190233972016	0.0	524.16	0.0	0.0	0.0
ko:K01265	441.2003910230485	542.3616960988801	1184.1755508324911	1568.3182464019703	2047.0627973926264	1380.5820276708257	2066.7399129171886	1192.260013396878	764.370454623155
ko:K01266	0.0	1.0120464369940243	25.10550474210243	9.087135702751134	6.750881156921484	0.3369136309243398	4.074697924687947	0.0	0.0
ko:K01267	8.8	39.48	199.9706440874148	198.07449704456133	449.7803219775316	82.98658822885344	87.92	6.45	25.863800827158396
ko:K01269	38.33	91.07	301.61	85.53474544362238	406.0034491275012	334.09	188.8291115350163	27.46	0.0
ko:K01270	574.0829938514155	700.5092059909324	1083.362580522933	1242.8953150136454	2000.4153147949733	1387.010565992122	2175.8882884115624	1590.8831879470465	946.4642096290708
ko:K01271	285.30172373660673	404.8104264531604	1269.4007855332438	644.4066659575388	1379.2002234855029	2825.6080259420924	585.543722586153	543.7348686360191	52.43207186723559
ko:K01273	79.88962922187318	53.09373006145271	192.05111539033908	622.2241844141943	435.5906534650603	57.94523708547829	207.9169650847649	337.0269378770926	187.94432698135523
ko:K01274	109.89962922187316	111.13186314911	384.866141239375	124.90310258276564	341.0094530757968	852.5273109915028	329.4594770737129	358.1355177259235	158.07140743298652
ko:K01277	146.33068035045815	207.2221985385405	275.96737280684766	266.6468514005797	402.4374478730993	231.4749264884696	245.9643103051775	639.487590091963	198.51539673186124
ko:K01278	292.8109472775507	456.80106669436987	638.4080359295589	1662.692270610582	907.057407585262	460.3453616459681	551.5735324180538	1198.9481934798675	992.5542173092956
ko:K01281	9.6	129.68	273.97794642082164	178.1081074971036	216.5651421298684	880.3909839075665	110.77292391766218	21.096214667329388	0.0
ko:K01283	0.0	37.12223105157601	0.0	0.0	21.192247481719527	0.0	0.0	0.0	0.0
ko:K01284	264.69180006797046	396.6300882703524	588.5705105165827	1402.1995513142715	725.9192553494612	404.0724018828472	418.4405954291947	1095.13729177075	913.9101435273247
ko:K01286	59.399860108523725	139.635156274836	594.4640021356796	454.3962697833489	1145.838558901375	404.9203508556484	238.25530520936223	30.909363307020048	35.7584983925114
ko:K01295	3.174689806283366	18.04635127162353	35.70498580281225	244.56629153664224	12.11328216729686	25.361608609321337	11.998259667135589	0.0	0.0
ko:K01297	28.206493305206426	73.9610824934479	375.8483462871544	869.0981396962989	371.9912247778482	115.92516019661498	115.25038946947318	142.95000000000002	312.9031673022451
ko:K01299	6.109753631016723	8.911640302703717	4.199254923883072	345.0950320895147	19.274420482491468	1.4195586468496215	27.847500439923945	3.057030736242514	6.25
ko:K01303	3.8661078826498514	9.06154098410116	6.762224540262105	40.92538430339768	16.120971729752473	0.0	27.684930688569796	10.490042702659752	0.0
ko:K01304	38.33	32.51930104105092	307.4274889126438	477.2063931593317	516.5223624835495	621.58904072957	169.516418231455	18.3089127554796	12.421908606282985
ko:K01305	0.0155628739079053	0.013346641864058	1.5222389773528988	148.62375984059375	43.5906808994904	12.270758706810703	1.119174976372213	0.0259545397135003	4.711667213897151
ko:K01308	0.0	0.0	15.06	0.0	227.3992762025796	7.345886300566434	0.0	0.0	0.0
ko:K01317	0.0	0.0	0.0	343.0105173555686	5.690430239169056	0.0	0.0	0.0	12.271813209167936
ko:K01318	0.0	0.0	0.0	13.380824031858962	12.627242815621248	10.293538805630693	0.0	0.0	8.33281762878106
ko:K01322	0.1765290408347072	31.850053494085262	420.0476050688858	933.581574932879	166.11421488631524	84.15527286780065	101.2454980864932	408.6450351233644	85.56471357278713
ko:K01337	178.72098470697304	166.33999999999995	158.09447326468216	195.06	323.77438166222225	201.1	167.91344196075954	302.46	281.4913483778769
ko:K01338	485.6887137841841	463.88813307958105	961.0609490190534	1608.6794347936714	2067.6075687234134	591.1972510947501	1828.254722681216	1577.4940350821005	1007.6564039692662
ko:K01342	0.0009399631032232	14.949191034165615	39.68580099004424	33.08476515757013	4.743549745208335	14.397234784207985	22.45998015431652	412.14511213983087	8.069574575798352
ko:K01347	283.1851006100479	206.6631198396356	180.62368423356813	60.01486385625149	850.4572578782883	80.2978668608738	1836.8065805998824	748.3457657409166	119.45345180797167
ko:K01354	23.162415354695945	90.84840574570836	170.51362789043975	772.0208076480648	201.84718698919116	77.57797217759804	46.30913299051714	115.70063552392575	31.96137080205807
ko:K01355	0.0	0.0	58.92322781060439	0.0	16.162968739714398	0.0	0.0	0.0	0.0
ko:K01356	294.4143648306981	262.1533791525682	352.3146291758656	717.2708555321445	1311.1968284124607	803.9705809873319	1518.5373519770474	1076.8488689539834	305.0526564168679
ko:K01358	440.533972617497	515.6942456085181	1300.595678716535	2102.486494865161	2137.505704523733	1509.1708051698556	1952.9374844171448	1169.3565647221155	380.3764622758384
ko:K01361	54.60350812377348	206.73433309715665	438.3238744921095	334.60010589954163	492.2357106937386	880.8618928190256	257.4285292790447	1276.2502647910803	88.83492486375697
ko:K01364	0.4507054444072667	21.57623679105065	67.81285370668542	275.2780430281365	48.052878112809545	0.6011783063850092	67.23192269417387	0.7516511683627517	375.8981078791915
ko:K01371	0.4440919471863412	1.05317871964889	0.7767629757237795	8.123694877682844	2.0427216045991248	0.0	6.177165902354873	1.6672588868340503	3.248227091598733
ko:K01372	316.0672772771875	531.9537656721573	871.7116003337426	1419.5193732362743	1104.0186694418103	3196.284223412441	803.9088526355301	1396.7074875335193	1011.4736896115836
ko:K01387	0.0	0.0	0.0	4.874311786004485	0.0899879896228549	0.0	0.0	0.0	0.1940654314886171
ko:K01390	0.0	0.0	61.08710374461444	9.776494247946392	53.31527705965808	181.6928793439641	44.61365174613878	8.581276418441599	0.0
ko:K01392	0.0	0.0	0.0	0.0	0.0	0.0	0.0	0.0	24.0
ko:K01399	0.0	0.0	0.0	0.0	0.0	0.0	25.76149170426051	0.0	0.0
ko:K01400	0.4440919471863412	1.05317871964889	9.446743549004202	29.415191993850627	70.56212947487633	0.0	6.177165902354873	1.6672588868340503	8.878913350437061
ko:K01401	0.0	0.0	0.0	25.794012137761285	0.0	0.0	0.0	0.0	0.0
ko:K01402	0.0	0.0	0.0	157.49189250289638	0.0	0.0	0.0	0.0	0.0
ko:K01406	0.3260265093827741	1.1580737185697054	35.289749988545374	1024.4802366782	26.736276333641083	64.7553664173327	25.484613630919547	72.66841586415373	46.4850874392782
ko:K01407	104.0	103.0	0.0	0.0	579.0	0.0	1125.0	419.072506301761	0.0
ko:K01409	489.085430019636	574.6248580407049	1395.5531974795654	1806.3384243359735	2393.286167060101	2247.907732288102	2141.058451292897	1199.0372502188836	685.9212330174655
ko:K01414	381.2779510142808	396.950604537039	590.4142229076498	870.089923172343	955.4893424002166	347.163727041852	1676.4565087456065	1243.0560114720556	621.0727101189935
ko:K01415	146.51156845161043	251.8632998249804	323.68312888318803	1819.649950768884	308.8580872718965	218.3721870327652	315.4982945575024	559.51280561392	629.6175148638687
ko:K01419	267.19	190.14398879120327	326.3670889881232	508.22567263604816	717.2554065184763	597.3057245108457	1365.6699999999998	419.0	120.54
ko:K01420	305.1093399528174	177.63236674024176	272.779017100787	360.5153951637156	638.3526159036949	140.9438326988873	1435.6676099728093	587.4000000000001	136.6552010473569
ko:K01421	55.52632665088454	101.41522738068004	289.02458697111456	96.70727754741104	543.4025866777467	556.8539688346517	244.67609004013696	18.250284009278257	19.30095518175001
ko:K01424	364.9974447910952	540.6726494817806	993.398692939854	1857.18067414424	2039.3781577511293	1850.9138782585464	1895.6103039849736	1414.5234947441452	705.5486249527121
ko:K01425	22.13169373666856	31.201515831130312	51.98521715894103	928.5337892314304	80.43699508581007	387.5238774369657	66.50946269643019	6.686305693747876	46.81196838765725
ko:K01426	77.70613194090888	74.55530407320208	307.4121047970692	169.08318212881468	801.1137167675619	275.47051921708703	176.8155267024723	90.40861390524913	63.88307730842524
ko:K01428	146.6641040340072	110.8814700719313	23.315804585350904	15.417115376238565	754.0541694331378	33.27861557339223	1163.367377137023	420.4412009731533	51.43966474742904
ko:K01429	146.6641040340072	110.0029950370411	23.315804585350904	15.04152063653988	754.0541694331378	33.27861557339223	1163.367377137023	419.0	51.43966474742904
ko:K01430	146.6641040340072	110.0029950370411	23.315804585350904	15.04152063653988	754.0541694331378	33.27861557339223	1163.367377137023	420.3389838446658	51.43966474742904
ko:K01431	0.0	0.0	7.819313167770416	168.5081074971036	14.656942305940186	11.693464543560165	0.0	0.0	6.25
ko:K01432	0.0	0.0	0.0	169.1955468186447	0.0	0.956254697785256	0.0	0.0	0.5978341961263606
ko:K01433	131.37298824998825	61.17722058456175	68.15053512857472	381.0925755112685	48.18670598754306	31.45355173808417	184.66731200735305	20.708917501417	302.07901610123554
ko:K01434	3.6301666543219	4.899928894155986	25.51815845488398	168.71960705345384	121.6833033352174	31.564935930671783	11.790080734760382	0.0	0.0
ko:K01436	46.6969362252395	79.15272796408313	187.00628421270036	142.93579369700635	719.3424974330544	134.91586157509187	138.83733294635755	14.518823155745451	95.03126171219822
ko:K01438	104.903646425614	127.69496259918164	276.9469721016527	817.7646349955515	817.8507429281369	5.941845792162243	1179.175117397843	423.65420928515385	471.8376768415002
ko:K01439	295.64359751548903	320.44	1046.333538554074	579.2770101081687	1764.9395296794469	1339.2613217791186	1698.450401726892	640.5961177449053	165.81217445694273
ko:K01442	10.002302282888373	0.3450124008314835	170.05273376898666	513.9514902231608	54.799566063468376	575.8429628558382	27.94557112083673	23.93011655680009	534.0279095573499
ko:K01443	414.9075061275537	446.4864068449205	610.4006589769432	809.4592121335634	1502.016933943435	1121.3873127939996	1672.7143333834674	755.7667107428991	293.7719484480033
ko:K01444	0.0	2.702874628764344	0.0	278.8436824017858	2.8840823432002693	0.0	0.0	0.0	0.0
ko:K01447	273.81727780973085	370.1665428778287	438.7881284681197	379.0120330876001	1480.972001497054	730.4226789397617	1464.9338890123684	596.3519001083616	365.1282865595705
ko:K01448	461.4969415322377	615.0549924550885	1620.2323403208095	1351.1299625239672	2666.874601214587	1086.4025492836354	2120.7282050704125	1295.9557312040793	668.2326778399561
ko:K01449	0.0	5.258521705512255	36.70163302398693	41.08710924155831	269.9562176059917	13.03340073193429	1.094697924687944	0.1575780318972226	12.5
ko:K01451	0.2328667694885407	7.155405901747531	2.606252640664403	26.487118470881555	14.32110593128772	0.5144949221422319	3.248832835407336	0.6725103153327883	0.0
ko:K01452	0.0	0.0	0.0	0.0	0.0	0.0	0.0	0.6866238060252468	24.0
ko:K01455	42.62122647019099	0.0	0.0	176.0710182866955	0.0	0.0	0.0	171.71436433663484	0.0
ko:K01457	0.0	0.0	29.68414633540008	5.731910265612481	8.142526251724327	5.520223620162385	0.0	8.803680981595093	27.451150052429483
ko:K01460	192.138773529809	151.12426622896993	72.72	0.0	579.0	6.215773971710497	1333.158918596598	247.36632031894857	89.97
ko:K01462	471.0501830840424	586.6117720853802	1380.1845249344967	1679.2811804960104	2145.06073593954	2204.041320625514	2059.966659772586	1269.2411422849602	815.6335655090749
ko:K01463	0.0	22.57	30.53	1157.0807886408977	23.35	0.0	21.47	0.0	23.14
ko:K01464	6.112728292444899	14.992005560934777	132.05852309383997	1081.3456949194049	396.3299540456808	41.2414385974996	74.114967100271	0.3856738668494207	11.520464238556716
ko:K01465	170.57850686911513	373.6454773451162	954.1775475939422	2322.9752229602573	1347.1347977444884	1009.2216572635512	600.1488716354986	847.5358059773196	448.0013869368053
ko:K01466	0.0	0.0	25.37447795470581	679.3624343670548	0.0	27.32	0.0	19.48770064563473	41.08
ko:K01467	9.12	77.15	266.56134480487947	14.871809766027985	370.7	325.21	139.98365112159507	21.087474657105894	11.163854476147776
ko:K01468	72.77895191048046	68.39263109592534	256.2975358397403	228.9195960616813	258.0723588132074	51.88199029853755	227.388474904356	271.60121864635454	144.94289363442948
ko:K01469	0.0	0.0	0.0	0.1402560534572093	0.0469190484414121	0.0	0.0	0.0	0.101184229350818
ko:K01470	0.4268871785310814	0.3660962828541869	1.6630552183861562	233.92322193430093	42.879873654441546	1.3966294186077437	30.581107566056883	0.8716653248019398	3.109048636675792
ko:K01473	0.0	0.0	0.0	5.327633476272676	0.0469190484414121	0.0	0.0	0.0	0.101184229350818
ko:K01474	0.0	0.0	0.0	4.025747122489401	0.0469190484414121	0.0	0.0	0.0	0.101184229350818
ko:K01476	1.0456923834778336	57.18463351053279	95.23911599250388	219.7306025436308	30.850238674145032	10.89887167220577	3.463820085504932	0.1488560450082247	0.4173008467798653
ko:K01477	0.0	0.0	0.0	0.0	0.0	0.0	0.0	0.6866238060252468	24.0
ko:K01478	31.79649330520642	69.38515627483599	314.5149703802857	35.32639004616404	210.4258138112949	86.38961013824613	92.80986685981978	10.080748262876092	40.901727586062535
ko:K01479	29.21	73.612231051576	102.81462828244938	578.6002931122238	179.90439864727844	48.152804470781454	95.528072693573	18.64275338348381	84.56984072013044
ko:K01480	0.2107438193081731	65.2682307143779	131.78055289304956	622.9102528679158	218.7740406163794	83.74856024233472	53.55113758683143	183.33649581268523	188.39426260332525
ko:K01481	0.0	0.0	12.22480498335279	0.1013216073181192	58.293965672843775	0.0	0.0	0.0	0.0
ko:K01482	22.19649330520642	4.545156274835985	4.729987029080701	19.46603898113674	23.525441480766407	7.460441353150379	29.360389469473184	0.0	2.5419689784483688
ko:K01483	0.0	0.0	0.0	0.0	0.0	0.0	0.0	0.6866238060252468	24.0
ko:K01484	0.0	0.0	0.0	0.0	0.0	0.0	0.0	0.0	24.0
ko:K01485	46.01770154949629	29.911135551931324	44.06016510022344	361.8752176750904	2.045959253510693	44.11382857870098	33.84932707803014	0.0806846555834117	14.503863107396072
ko:K01486	6.01	6.09915922055218	112.6593864682563	448.0871092415583	337.5457646446308	179.4618640964621	48.620000000000005	0.0	111.64131391295923
ko:K01487	11.365980951811864	22.091733204835663	186.4647482676256	76.57281873137458	578.3935177411086	51.78395259002379	146.6144152469519	249.4821968027447	164.63875746259652
ko:K01488	59.73923008437652	4.545156274835985	221.16863758116648	52.4011527369523	516.7820089504763	415.7672790167718	79.47384100607042	19.0	219.3144198798661
ko:K01489	413.63532383462257	460.78457384480487	825.7899799015614	1382.2284895987043	1971.8712206581888	599.7556287088114	1860.169576287624	1000.6862808012398	600.1275155952798
ko:K01490	0.0	0.0	0.1302425545959068	0.0	0.0	0.0	0.0	0.0	0.0
ko:K01491	435.227544083556	513.6194128058344	1092.4638862239467	1510.7346506381746	1917.88770346706	1418.8834797219874	1939.2208456741191	1167.9700250910823	530.7064558350185
ko:K01493	173.85	329.49	777.5846580694948	1042.650186644007	1239.304929619185	1209.309844626482	471.21806338546793	586.7591664245103	495.5630793187722
ko:K01494	234.76	179.26650089992097	308.27000000000004	443.4043300542054	655.2758318559542	123.5833382936355	1407.6954795862005	580.95	163.33582345459604
ko:K01495	411.63386413621527	482.21353764639946	610.8595843292139	1596.339263550702	1643.105027704245	712.5445006672645	1786.666976472545	1025.260446786017	514.9100194877032
ko:K01496	6.01	49.33409796391872	179.57348471537384	658.9823709539473	301.1227996849126	169.77914164587517	106.17747223157184	147.59109633247564	99.00624955605907
ko:K01497	130.76	61.53	252.24173648191464	112.9	64.59335098866342	116.44858625734398	265.7274722315718	161.95000000000002	160.79385447614766
ko:K01498	0.0	0.0	22.33	19.64	0.0	27.32	0.0	19.0	41.08
ko:K01499	0.0	0.0	0.0	326.0	0.0	0.0	0.0	0.0	0.0
ko:K01501	0.0	4.575926218611907	226.7457786635709	219.95614226830287	60.94290159360595	146.02099728787937	60.0	174.3380200730715	85.86228518471691
ko:K01505	0.0	22.57	30.53	482.8	49.071168748301616	12.25	21.47	0.0	24.0
ko:K01507	237.55	210.00498577265296	477.0889176522164	1171.260501729858	815.0985571590084	139.7224636676871	1409.4321671010796	588.7413101229045	198.4400739029604
ko:K01512	140.01999999999998	231.36062447131465	440.9922125938833	409.19731152820935	865.7037695282448	860.3426060035323	1370.15	440.01	59.60305162861323
ko:K01515	302.15041458261675	373.5510517464846	1067.4598339310555	938.8429078105668	1707.8348879267871	2312.47108459427	1965.881957453198	636.0774394536918	177.44475217169338
ko:K01518	0.0	27.71776894842393	0.0	176.83634964747233	99.30276477696384	0.0	0.0	0.0	0.0
ko:K01520	428.4495672524266	514.087394781826	1150.5473342060411	1159.1937784576608	1738.700515311498	1243.2583462788375	1894.736508825176	1167.7086008043077	663.4173595474297
ko:K01523	6.01	44.75817174530682	168.91235513187158	476.9202641002594	241.49113376512503	77.1877756024357	76.62	128.59109633247564	29.298948709279237
ko:K01524	424.8001961233285	452.3957679202917	604.869355529806	1734.749379537108	1460.206036787947	521.899083021171	1605.451345559616	914.731148938632	301.49774218074737
ko:K01525	234.76	164.53	262.84598799828547	112.9	581.122130939581	104.08	1367.9200000000003	580.95	161.54467253770974
ko:K01531	4.430274090516256	38.16439744838826	311.0949795009744	331.93461406895165	270.6126252109391	1310.0639845630308	115.1051089658054	20.115056413332788	14.10426825552971
ko:K01533	153.85808701788298	248.74316135151932	604.4651295018868	2059.638044576986	956.3069455774156	513.3094104930948	383.1469886269863	721.2178390273656	213.50024914027512
ko:K01534	209.08298206367735	281.8670754044006	560.0965462980922	1255.7734392859657	1238.6789241501926	1151.4022443450217	549.680455101652	480.0728246545906	412.2540316050392
ko:K01535	0.0	0.0	16.681958616877225	0.2955603474233261	25.03496699978436	3.4607219156386733	0.0	0.0	6.945556998982167
ko:K01537	78.25779049626999	223.62213052224516	511.1522494520701	992.081069964914	1078.9843888051787	2133.0409727868514	496.3345626843425	571.8982932971184	300.89000011363544
ko:K01541	35.54	17.72	144.38236368193566	29.512629049938063	208.45921536104223	157.88549239815325	115.282005478974	10.437102765844957	0.0
ko:K01546	0.0273160910785433	0.0234261413996368	0.0063525531318538	179.01728031645945	5.8940846900412005	2.4335403123676205	4.02579000972334	0.0466224312541607	25.45450259180638
ko:K01547	0.0273160910785433	0.0234261413996368	0.0063525531318538	179.10793070972187	5.924409443147197	0.0364358619924241	4.02579000972334	0.0466224312541607	25.519900055634224
ko:K01548	0.0273160910785433	0.0234261413996368	0.0063525531318538	179.01728031645945	5.8940846900412005	0.0364358619924241	4.02579000972334	0.0466224312541607	25.45450259180638
ko:K01551	28.288119967266688	38.5829699628313	66.87285695220639	459.9862212675655	252.2360344751794	40.780658374424426	78.13012716388184	108.05082848685942	155.16204056522295
ko:K01555	0.0	0.0	0.0	64.36648282093948	1.6824875998348303	0.0	1.8449706096400933	0.0	24.0
ko:K01556	0.0	0.0	0.0	14.296024963598288	0.0	0.0	1.885302075312056	0.0780776027295232	0.0
ko:K01560	62.254492045281374	182.8107397008312	451.7429617464851	137.55605499662346	674.50886419029	975.4741201724196	263.4469944813528	129.8572098487547	248.80777712135145
ko:K01561	0.0	8.443512540963136	10.456007565475884	76.1769915201609	0.0	2.810873457922049	0.0	0.0	0.0
ko:K01563	4.094959945292207	0.0	0.0	7.230012045204509	0.0	18.16285359068148	0.0	0.0	0.0
ko:K01565	0.0	0.0	0.0	326.0	0.0	0.0	0.0	0.0	0.0
ko:K01567	0.0	0.0	0.0	8.313328443058447	0.0	10.240598237247507	0.0	0.0	0.0
ko:K01568	0.0	0.0	0.0	0.0	0.0	0.0	0.0	0.0829740534849315	24.0
ko:K01571	121.24751065600292	198.1618331237744	231.12289476694048	229.23057257084807	1117.495015256144	87.22375647796103	1283.7421290907214	425.4762432534541	119.47750454582012
ko:K01572	251.19770506875727	369.1507362685791	594.4808966465292	403.0196889845525	1381.633127180503	234.42580131903617	1393.6734551485404	728.2005143768317	685.9215259727719
ko:K01573	104.0	163.65152496510984	233.6379899560823	16.59349508921232	628.9434749802983	5.96	1229.1317971117849	419.0	207.76957596606007
ko:K01574	0.0	0.0	0.0	4.548664007819113	1.0021641700971635	0.0	0.0	0.0	2.16123754855996
ko:K01575	14.521077488135164	81.72592621861192	270.56488433804515	66.34071113530491	240.8534099335858	607.6138777296941	138.85	21.01	0.101184229350818
ko:K01576	0.0	4.270601923670515	0.0	0.0906503932624104	0.0303247531060022	0.0	0.0	0.1610516562144548	0.0653974638278557
ko:K01577	14.158472492338753	0.0	0.0	14.158472492338753	0.0	586.9587248670608	0.0	0.0	0.0
ko:K01579	151.92013431336406	243.5319823398652	420.95394895996094	1047.7375433404573	591.7458885993367	349.62526444063235	386.5667569534855	701.4907941328883	220.25956716186187
ko:K01580	7.888589762859984	2.3252808749931173	2.37174573062706	186.11716682664613	1.21576306395557	28.889681274461488	35.386182404612384	1.1120345025127711	4.826680903526925
ko:K01581	6.01	41.169227219990745	314.8484641064787	346.5254276780241	233.91989826798988	756.5774985663923	104.54651555313336	16.052666776889662	20.457348140064163
ko:K01582	0.0	0.0	133.6726585109622	168.03162378242544	130.66606294201588	738.4318419655523	109.33603353382428	14.890996365720694	9.010781875843804
ko:K01583	0.0	0.0	0.0	0.0	1.2210256841855782	0.0	10.03602360695946	0.0	0.7327508542921772
ko:K01584	0.003332491845478	0.0028579281333055	45.0	0.005715856266611	0.0052412925544385	0.0044450801040157	1.887662784023263	0.9358926027960484	0.0
ko:K01585	15.120106185013396	101.98433482145091	313.26211541542136	1106.768880513966	818.1280176960647	897.1333011380333	370.0331067615144	285.86750842190963	155.70550648397784
ko:K01586	261.1936197599834	323.10875986363646	779.7828059313542	1567.368229022483	1539.4654769143458	1045.5329427118654	1759.7416098001954	607.2433079805295	419.75968986366456
ko:K01587	0.0001314548166891	0.0001127349851985	0.0	0.0002254699703971	0.0002067501389066	0.000175342421628	0.0002067501389066	0.0002192300265669	0.0
ko:K01588	405.43541637873005	512.0911239441277	955.5152727193253	1478.2779179659435	1813.8063331654932	775.8657991520192	1811.7764545384823	1168.1364530835526	483.8312269807693
ko:K01589	286.3253774142676	270.5385326828943	647.9667393038112	1002.674344885943	991.7938570700652	548.276135019971	1498.0690031491372	604.2264584179992	149.83865042338994
ko:K01590	1.0451954824979617	0.0	0.0	1.09051963333627	0.0	4.635877462996167	0.0	0.0	0.0
ko:K01591	405.6821276046559	508.1966535672749	1059.9033671815937	1479.513893360784	1927.086529138814	1305.6854805206335	1891.6944830562177	1168.3643032313269	505.7703002872424
ko:K01593	0.0	0.0	0.0	0.0	2.187775405755245	0.0	0.0	0.0	0.0
ko:K01595	268.8181134826264	224.32172731248187	499.46780222325646	542.259094722431	966.646845907707	610.8795792706438	1462.8036789443538	410.4425936871331	156.044393291332
ko:K01596	0.0	0.0	91.02718387205309	367.93101825963095	35.69926224268123	28.87937977867197	0.0	19.0	65.19489775328394
ko:K01597	45.14	105.13	350.8049528567641	538.046842114465	489.3626887501542	900.7238999978488	191.69569735786703	21.005325473668293	8.878913350437061
ko:K01598	45.14	82.56	356.4604506887366	411.62	707.6023737189744	931.6079999962224	237.2299356837893	21.01	15.89
ko:K01599	189.09784993995103	287.0450400730456	487.5168777646108	1100.6384246392342	1120.8544743107454	526.1432963311668	1428.3887079573256	766.256477379045	182.5848713150267
ko:K01601	6.01	31.795566866291388	41.08	619.7864097506914	110.99589150141092	11.128588232630968	21.46216344427209	0.0	30.815419164170272
ko:K01602	0.0	1.6511337325827793	0.0	0.0	0.8411376747506215	0.0	9.684326888544174	0.0	0.0
ko:K01607	22.233312664604195	43.20557665669808	239.0082980857113	202.3743638506448	292.23920128286073	627.9529860909391	78.23188333778312	193.03110763143016	176.57235745045423
ko:K01609	6.6414348880289324	100.15686305477293	453.5153735486919	914.5580094261212	603.0948012808296	427.1223612153578	249.0310157926245	426.92658557261495	317.1577317766114
ko:K01610	254.37491386962975	244.50071365340324	411.7056055241215	711.0393605269019	1298.1739596551056	680.1769992360356	1575.379634186043	682.652631585882	570.4429185345458
ko:K01611	12.02	47.92	239.8001035536484	382.7898465522535	206.2590135859784	147.51914668288194	108.86017751088824	113.8394299130655	35.731233828506305
ko:K01612	0.0	0.0	0.0	0.0378679952745925	0.0	396.4439748009969	0.0	0.1613693111668234	0.0
ko:K01613	399.0104854156068	445.5112202145048	741.9810091430742	1270.3258555252455	1584.2584690156762	976.2903828745964	1708.9469728659087	1146.6108095380532	489.7543059018883
ko:K01615	26.91617740943649	145.5743569577782	268.2524560915061	1057.6763430830265	433.7157691019818	130.58626215614424	124.6890613366395	6.773536719451133	35.61968236271291
ko:K01616	0.0	0.0	0.0	16.886175410236437	5.879130822140143	0.0	0.0	0.0	12.67875929397231
ko:K01617	0.0	2.732393113370616	0.0	17.306238395654137	0.0	0.0	6.681847163456326	2.339677636716889	0.0
ko:K01619	434.4972643222343	496.5443972681665	849.9502856123736	1247.089831987519	1828.181896805084	956.2382447159392	1834.851714283297	1001.5062998373584	563.7646729193355
ko:K01620	7.071661155681117	56.99708468699754	428.51538161707583	797.2933312103753	713.9157489549777	109.34196072804312	138.08574161869237	33.110812495730194	160.88572973521383
ko:K01621	36.02	5.41	8.017713848072788	53.23626518137265	248.65959120364488	593.74	31.4	23.25918838248942	20.18553543180936
ko:K01622	0.0	0.0	0.0	0.1325295557176126	0.0443343477258944	0.0	0.0	0.0	0.0956101403893007
ko:K01623	2.8101239226527404	31.09725817417371	153.83166832272195	469.9721880126236	102.60406703857876	8.11478994643086	64.61728370781002	6.483561098854412	32.736671755930395
ko:K01624	430.94794067083626	512.7997929388179	1054.7146277527695	1281.0660818004917	2291.7222232001905	1353.9036623097031	1913.2189833566813	1161.975506847279	654.4602255916618
ko:K01625	151.05176702497874	212.6280712518337	493.8771264817291	1063.628794876914	1035.9859601716144	483.53233149476034	1411.3518087892753	395.1651405917804	410.4063787233463
ko:K01626	277.3812264701912	281.0077689484237	810.3556131593834	222.3691741242676	1342.3746516908557	647.0656289921716	1560.059353940669	786.1382884078017	512.3355478928501
ko:K01627	389.89	430.17349910007897	534.2277610226471	1405.377783548225	1169.7042243718045	399.8140892346057	1664.2900000000002	1146.6919001255742	318.29902149679793
ko:K01628	107.04621898830054	140.02558206230785	189.82324728441276	531.2167516230539	947.701833688679	47.8057126340709	1171.252537259235	424.3832918767317	18.12794263164005
ko:K01629	28.95867552160812	14.760673825519962	195.63799268350695	94.49534429162036	109.0473398408311	358.8641834522808	44.59788186262344	1.4013889678187577	63.10668090352693
ko:K01630	0.0	2.732393113370616	0.0	16.598672732358697	5.552658233252643	0.0	6.681847163456326	0.2318105599649393	11.974698184293212
ko:K01631	0.0	1.2056179896037402	0.0	0.0	0.0	0.0	0.0	0.0	0.0
ko:K01633	402.6196297449951	434.667976577204	653.8025559155599	1202.083155851021	1483.8506020678146	515.1046737788781	1704.1761651330226	1140.5042225534005	513.2689307004819
ko:K01634	6.532612183259677	0.0235514800047829	0.0	6.552252900902042	0.0431921976471481	28.889681274461488	0.0431921976471481	0.0457993725554267	0.0
ko:K01635	26.42	143.96250191105048	452.276109155461	42.40135863496966	321.6859380092687	734.7061821467303	315.5424075595486	40.58270511309167	0.0
ko:K01637	0.0	0.0	28.0	19.64	0.0	27.32	0.0	23.24367918915323	52.86
ko:K01638	0.0	0.0	28.0	514.148107497104	0.0	27.32	0.0	23.24367918915323	65.69614552385232
ko:K01639	364.31431306005953	370.6817342648156	438.5515923031237	517.1636582353754	1272.7343687114112	481.4179350277791	1673.13042831608	646.8259614061869	121.42104803831636
ko:K01640	0.0	8.25	17.65	159.020187573036	6.85592878457458	0.0	20.0	0.0	25.66889181577576
ko:K01641	45.14	82.56	319.1849730585475	54.24664893496139	394.0448516293376	901.1641702338004	170.35911044029368	21.03098700311792	0.0
ko:K01643	125.7771997397761	157.43220137968726	256.90809236796275	191.5265461368994	881.4807073921086	370.2898904750584	1259.6421134515383	438.7989342224283	57.4867071544049
ko:K01644	124.87344667599923	158.39636571401658	291.1628767935309	243.0825587256493	876.4551273175127	394.470940480619	1256.9253054362475	455.0876802548355	88.58771454921396
ko:K01646	123.76414457386628	150.21894234152973	238.629415557637	125.29353355986976	865.6995412669743	364.71355696976616	1253.478135988696	430.9753827059104	57.4867071544049
ko:K01647	0.8083488700688762	52.08457759170079	384.247345628888	984.4558820815926	695.8811064104418	194.40606058863705	159.27659076514436	163.29810080546298	197.64851059416364
ko:K01649	242.0360010693776	254.96544840946416	619.5062620599131	1039.6967731382615	1277.2752020789314	460.1053766902735	1478.1490488025172	606.6770451190995	383.6473251705048
ko:K01652	545.2352611116431	525.6603912082088	799.9377470205366	1616.53241773663	2698.6580683075235	1413.2945317068747	3449.6294862830155	1159.5956564991975	493.7634529545676
ko:K01653	284.6468222414846	245.6128177091086	597.0260951078577	782.5707371858431	1313.0328121191374	491.7244538612906	1543.7120279509932	605.6234123320937	350.9974642691547
ko:K01654	8.252751094343811	20.048618380426163	228.38968077540915	68.982437031449	166.8975560472934	82.93727809336089	66.9236380028016	10.350317638318364	80.29439844138369
ko:K01656	0.0	0.0	0.0	0.0	0.0	0.2474513080475192	0.8598224891117834	0.0	0.0
ko:K01657	244.18136772901877	250.57188413945232	490.63677698170414	896.4228603701282	1169.8226597706312	428.95734909611775	1534.3265508165528	607.4554542545166	380.2262246391472
ko:K01658	384.9562173266062	399.7047258893196	628.7002055985038	1324.633881788631	1329.2328213323772	644.2598045985624	1686.363535645734	909.9086009669468	421.62106543660144
ko:K01659	0.8083488700688762	0.693235898065397	190.33667426483635	258.69900598370606	25.64751393665816	78.32156318164263	93.65367316337736	144.26146326883477	149.35192003741713
ko:K01661	295.428788902366	242.04384473718807	183.80141123179243	755.8855252873485	818.4824297744534	87.23708692518375	1522.1165464728515	675.7963696549747	206.4114579105709
ko:K01662	416.2585662952678	439.7172160382024	832.6206860074606	1517.4170697157308	1618.0718341080023	1199.2049346820374	1890.994481490656	1239.358078498158	848.6517945104168
ko:K01663	0.0	0.0	0.0	19.64	0.0	27.32	0.0	19.0	41.08
ko:K01664	378.9462173266061	342.7364415149673	209.2099253532401	259.9018289509262	839.8783138887652	246.76902089609013	1512.226279363632	749.2218244655742	363.0378840112813
ko:K01665	378.7216084045843	445.636955947666	451.5943765226073	978.2901259515174	1038.434439214139	505.7581536243556	1703.0943706928665	1015.5438926226492	239.5346488733898
ko:K01666	0.0	0.0	0.0	20.7658518653846	5.318680915431959	57.65527062147126	9.73	8.54845539388936	44.904332514607255
ko:K01667	164.83522395056767	18.57133276139043	243.0486535287128	56.52058065046346	433.3354764482313	23.551280295556914	213.19156801115545	253.1138123898889	121.2430203466366
ko:K01668	2.79	27.72429302506833	90.52779683138118	22.75	35.40151080127959	4.426171421299018	114.81353728644804	6.45	35.85771338426454
ko:K01669	0.0	0.0	270.3456644821582	443.5659942323573	18.84172038352673	70.8	60.0	142.95000000000002	70.45206370394773
ko:K01673	383.6000809636878	365.432124689148	683.291727641509	1558.7335892647511	1294.159436699998	618.6955794992066	1660.1315055367877	822.9932124273267	256.0399305476202
ko:K01674	42.62122647019099	2.59663772194143	157.8962742146347	88.59136252791046	74.51714610228684	64.93815052712883	70.01382929239122	304.57307495610723	17.178794659736635
ko:K01676	73.87933995281739	37.97	479.8220664512289	219.49051887576695	200.55278602591383	124.8735751149022	269.6100310743021	397.2121939072409	534.3406153665359
ko:K01677	6.125337939259305	26.804480099010604	145.9438521608892	228.2252349562696	203.9175910899089	99.42069782205886	74.72487050217772	246.4023515632584	26.09058056433421
ko:K01678	6.211515348695797	28.711650033535925	212.1051227662385	253.1459720025252	299.6883032135676	96.01329590183867	79.82609528308929	246.72588828270952	40.57126680433664
ko:K01679	322.8206600471826	388.9123714455082	448.2598333493279	1188.908799255076	1209.5742909308217	935.4921031689192	1506.3011202167736	880.976688897681	189.2033969098643
ko:K01681	1.8856328480717208	40.43081196510823	235.61712036612045	1039.8235448471812	491.4437089302947	77.79573767815558	109.33728775089168	11.553274331195228	193.5558159227341
ko:K01682	0.0	28.82134169363539	207.0992304724745	144.38695014295706	49.265733420055085	123.23717191898996	86.13860224328802	205.631276872223	83.43755789714126
ko:K01683	0.0	0.0	7.819313167770416	0.0	14.656942305940186	326.1827072853443	0.0	0.0	0.0
ko:K01684	0.8142723022723715	6.037449645123592	9.243560062067612	340.71673468734144	17.118424112839595	1051.9734519314584	10.359800283892636	3.057030736242514	0.0
ko:K01685	6.879133740218503	25.876437499672843	67.23111775292631	95.6070057954812	204.0906722575667	53.43849087266601	12.109338423222091	0.8907356261074759	165.73727081430067
ko:K01686	65.36091398259097	23.210204629509885	108.863438658514	77.77434595781423	339.4998255934561	48.80473667853937	201.03167400287592	1.2836645969755622	354.4035350503711
ko:K01687	284.71578174310747	266.7367290271508	641.1559170020346	801.9195513653544	1287.3755399274764	467.83816025321136	1514.2655163921577	776.8871662312664	376.1253302222464
ko:K01689	433.7451343169256	513.2444600495055	1014.1882366511104	1502.9237246165133	1925.4354584478176	1946.6003630782268	1933.0080152617415	1167.2287314341552	505.91987215486114
ko:K01690	0.0	9.204624652461488	145.51073940215136	93.99208004909272	0.0	71.79465107418473	65.6401282306608	143.68093830837233	18.675531459102487
ko:K01692	0.0	0.0	0.0	173.21699204002454	7.392152986286901	0.0	10.3245444029466	0.0	81.03854208942911
ko:K01693	6.913646425614014	50.10906056310037	203.23155890294376	666.8848546262535	345.37936986773605	182.7365344365136	106.92557725042948	149.10323834832704	250.92562674228665
ko:K01695	241.39136772901875	247.68826746168887	510.20915928771694	888.6614297449754	1212.4503980805932	428.2785860612472	1513.4202322433337	599.725698102175	381.7580942641106
ko:K01696	284.5896202021092	380.5595778299736	796.2896713973904	1281.099172117146	1446.1556554201338	926.8340460473866	1800.958637513349	979.8958522220472	392.6651928205693
ko:K01697	0.0	22.57	30.53	504.2730935131453	23.451392124439582	0.0	21.47	0.0	23.358659250655364
ko:K01698	271.4627328927613	358.8657371453685	435.4748657499841	1324.6931123308916	1176.7400390279763	344.09759582091493	1501.088610556805	796.9727686679088	150.48629924504434
ko:K01699	10.310386277445389	14.338290906849306	17.824703414392854	127.48910993294722	30.11154601999586	28.681740413564825	20.760440119126336	1.7754457162578818	4.356081176263424
ko:K01703	242.04602262289228	259.5524960222361	601.8038631319553	758.6564699343251	1237.718356192281	448.4758114335197	1484.2423859698515	603.4149611163265	332.8186910122598
ko:K01704	242.0459987154404	257.40860686261584	590.7723724415896	736.0147611362402	1214.189189918682	444.5234509430628	1474.5431042733785	602.3315408299002	364.4386152646518
ko:K01706	0.0	0.0	1.1117096742830972	0.2141688084284814	121.68896100598116	322.91090830709464	0.0	0.2318105599649393	0.0
ko:K01707	118.88496680503724	131.05092275725946	94.61711536549532	313.57897308532864	218.92238857391916	132.03398909258772	172.01282859511838	200.5805974228746	39.15767529285391
ko:K01708	0.5341033355786763	0.4580443162715863	17.106194893009388	8.751965549375878	12.638647152952965	0.7124194808430762	10.11002961323608	1.324099485946838	178.22493054957584
ko:K01709	0.9066626293361586	5.16713135776418	57.2484793655054	42.0803984150912	282.2696986019014	66.56810763799777	40.603297477944366	3.397821608851635	36.65798415763902
ko:K01710	346.7142662633072	436.123311305849	929.2526116474052	1931.29664633832	1419.8340479127946	839.1798806454706	1337.1802834709597	1032.6085892291194	474.18526221586274
ko:K01711	146.34818596016098	199.512350093306	248.81188495880343	699.3813022381926	347.4350508172007	265.2696798250544	232.3943958023594	559.2403291171039	156.38173766828942
ko:K01712	71.76602801477634	67.80606679159695	279.00898596336066	224.45658540840495	296.3529172482064	51.62142294494636	203.52478319359332	268.2059996362296	144.94289363442948
ko:K01713	0.3114651880167378	0.9946792762518694	0.4967506719604803	79.56539355910623	10.947674673817966	4.394315713163396	5.739108187866198	1.4936761231001996	101.32536077972348
ko:K01714	524.8202906396598	649.7510756376588	1060.095277228095	2862.984180794503	2098.0876543833174	1713.1776476657103	2069.7367598231185	1385.7467654419424	688.3142738964077
ko:K01715	2.79	10.161133732582751	205.59865926389543	42.215749930390565	495.09117157129737	60.93188597811995	100.72337914862126	10.935620855630573	90.67653063617492
ko:K01716	234.76	165.24650089992096	145.72	3.3915826342225497	579.0	5.96	1307.9200000000003	444.3229507495506	113.66467253770976
ko:K01719	286.9596641618672	441.8795470115648	545.3281880678962	1374.9914766161323	1118.8123696948714	301.8561306201918	1534.1360155409775	1074.018085781542	598.6666736394501
ko:K01720	0.0	0.0	0.0	159.64363107549443	29.17504065876416	0.0	0.0	0.0	0.0
ko:K01724	0.0	0.0	0.0	373.3536153485147	17.79577211193476	31.0148517094792	0.0	19.94805018772046	47.960104747331854
ko:K01725	0.0	0.0	0.0	0.0	0.0	0.0	0.0	0.5040963049902423	0.0
ko:K01727	23.89486728254376	16.294404497440595	46.652768052206966	41.33028189630336	69.65942578232028	19.50652423001524	29.18034757019605	0.1503094132564123	12.090164093398233
ko:K01728	0.1329186598867386	0.1139903697129942	0.8653862675249689	809.719873242322	2.4262222311584773	48.3063628908746	1.0688749383640277	0.502434524677826	49.953515893104566
ko:K01729	0.3794167613988648	0.3253858934781404	55.89394249087998	1497.4752006873125	12.256082632985096	26.322193106753872	36.41901089298586	25.657448732211964	55.188739984224384
ko:K01730	0.0	9.476831941556412	0.0	157.49189250289638	0.0	0.0	0.0	0.0	0.0
ko:K01732	0.7802584332921756	0.6691456817157582	20.301445172613903	1.3382913634315163	1.227178611855099	1.0407561064324429	89.25203518982498	1.3012537795727104	0.0
ko:K01733	280.246763582935	302.7681929580313	1044.3206255402029	1104.647164648962	1590.0490197805336	665.4935344442047	1719.2353859955924	606.0510669556572	359.2871610175536
ko:K01734	234.82623608661427	165.78137473332148	191.9513281402263	129.94267339610158	1129.8401944213024	65.80130739507653	1314.385972222694	419.11046334698017	329.40512720205754
ko:K01735	389.97737988436216	489.7770584252597	1017.692405898197	1478.3416880460336	1729.887709965005	688.2460848842857	1842.2867292720448	1174.4392006689366	671.4725334158363
ko:K01736	432.6265503048138	481.8089011366542	1002.9761885652674	1458.6818080605171	1728.9535819671112	677.3169580063527	1874.6392204869408	1351.617142868926	659.6629355733662
ko:K01737	291.92454898701817	390.2876140775704	532.7094901386218	1916.875994152968	1280.7785635870914	515.5345759718371	1556.5482253631692	905.1294971269532	521.0692477933201
ko:K01738	304.05650088304463	358.5744468154643	805.8265900192732	1956.115480783089	1676.071029880928	656.6691065770699	1832.868501560708	619.0063079821556	413.7097420933974
ko:K01739	251.5052970736043	274.71203998881134	690.6944443933792	1278.594122317029	1392.111117705682	463.8036093643547	1585.4668531285963	589.0827223395014	156.60548962571332
ko:K01740	96.56150318630638	257.6442670689456	632.385192085128	894.0725935575699	1125.0130299349737	651.5454655742637	500.2803002278335	277.1851157479216	531.0695214816759
ko:K01744	409.4973680356966	450.0954298445805	646.9893997432312	1038.3924017256704	1209.2898324732992	434.6879388601159	1617.8575986309556	1213.8578629198964	470.3099325961564
ko:K01745	72.57214287442963	97.77404252426724	388.12812455801736	742.2284633221277	413.6869122846906	57.37665823199429	332.1566245375662	269.3705579351655	147.5731164806004
ko:K01746	3.23409194718633	45.85984290493349	68.77665570091935	26.371179856089253	207.08456715783728	32.34631653511631	77.78233719178402	11.390482385461386	2.5419689784483688
ko:K01749	271.3072295851997	358.04561392541206	443.8419633526058	1330.915010991064	1168.6319447708383	325.01370606813515	1495.1419307878466	793.1637912474652	150.49343735186216
ko:K01750	5.529513408724461	11.9869097397663	48.62061777167743	40.61356397320995	145.485499152197	56.54695715727271	68.21770608497644	1.3423205654970896	18.39413064922929
ko:K01751	6.418954199333124	22.02114095380757	141.8375176655022	260.73787470332485	333.32842171420225	157.4009039718418	64.40672007268296	1.454435823833206	15.708031021551632
ko:K01752	442.5144155460798	526.9898405594839	1459.9687283982648	1511.0070253129927	2435.4018661562213	1885.0360598762088	2093.06952015358	982.102622949991	473.5294405373819
ko:K01753	1.413338288692212	8.97696100612187	4.507863546710436	26.72439699812842	33.427663710596406	2.773608240327251	15.03198411909399	2.287930514476648	28.920317637287088
ko:K01754	249.80658006696927	293.8985047314302	633.1204552646212	855.9229762913543	1259.0771922201668	467.2138526962932	1667.6246707392902	633.0757874988329	178.865925688509
ko:K01755	251.273646425614	242.29048895804152	549.2761729388176	753.739327464918	1264.7255737626133	477.2770116372299	1474.4596495935496	600.6229561691813	356.8522501702202
ko:K01756	501.7007358384933	567.4754905235158	977.2450307570064	1506.7708079622955	2443.710096759772	1686.7141774925556	2523.1903935399564	1289.5494810143382	501.817611368845
ko:K01758	0.0	22.57	232.99	819.7288256145796	14.228539882863954	73.9610791477754	81.47	142.95000000000002	26.972994140763085
ko:K01759	360.52860415933225	351.78036283470254	1145.3075128074163	975.6639175862604	1878.0094446395549	620.917083285261	1802.599245326568	870.120779207942	177.28141513324763
ko:K01760	261.10529707360433	260.4077659436593	494.9900729610391	630.6933981837284	1105.541164785917	262.15332302096937	1481.109153792187	568.0344309103916	216.12299414076307
ko:K01761	42.28017235167773	14.49733216898625	350.3004468782209	194.5259428642698	87.8209271804356	77.8647615781096	126.819105165425	152.32531205164975	104.93975860761417
ko:K01766	234.76	165.07568473588563	72.72635255313185	0.0	579.0	5.96	1307.9255462343428	419.00106679834784	89.97
ko:K01768	196.12818075489744	330.94737201628016	1027.3841956134456	1769.5488754391313	733.3217618022779	359.0868073155895	312.9855650163955	766.5365080992268	479.8471237829378
ko:K01770	390.9619746339508	408.869422557044	743.6949950586666	971.7108004919036	1393.3670891635547	426.5123075639356	1728.1432054930333	1146.61	655.6665976850227
ko:K01771	0.6740621231126177	22.703980362309355	21.73908161421921	181.87282022713205	20.61081053642017	6.472664961955735	39.51905208375451	81.40060336471318	47.29385036200948
ko:K01772	421.6964933052065	424.367387326412	617.5813408769316	1346.866265803157	1134.606982494528	725.4214891010722	1648.934740329832	904.2239874523278	268.6191076803681
ko:K01775	447.9663769462996	535.5548659431523	1185.7888119304012	1255.8904882334143	2281.9307836250805	1430.7932170273575	2039.296438435572	1191.6130849095323	732.999097909805
ko:K01776	440.8772493719929	522.0224051240759	1241.168627186748	1623.126276264387	1879.6820942448476	1373.3773457671482	1999.2441057975968	1205.4481816592884	757.5441564349991
ko:K01777	9.12	12.31	31.94042241628753	25.47654456448914	157.33815581421436	88.17817648024122	51.824016010809686	0.0	4.920317637287087
ko:K01778	250.96269314501853	219.2947915401109	469.2883120771076	1168.8795923762536	1096.7550721550774	667.1525462516081	1417.2714934507535	581.9384471121037	571.4563405972945
ko:K01779	49.61278194891412	1.6176273027102828	129.01558915781908	274.36402153292727	249.98357616527736	932.1278856893508	88.7760380548822	76.44723890959979	68.64275580711072
ko:K01781	0.0	0.0	0.0	0.0	0.0	0.0	0.0	0.1395165322909803	0.0
ko:K01782	104.0	103.0	85.08802054357483	345.64	602.3401167463278	27.32	1125.0	438.0	77.91614552385232
ko:K01783	441.7400154359087	514.3149023389302	1103.1030726411	1508.0930966186877	1942.1250019825588	1978.2294408623568	1938.7215154662624	1167.2494975950135	704.7853073787336
ko:K01784	595.6738995559579	899.921376102938	1576.0104258899205	3270.590807128576	2805.572171309939	1937.298951396133	2278.2992142557414	1683.796938919189	858.1390732279597
ko:K01785	408.5390949834252	477.5644779853512	983.1049989753895	1398.9952497007632	1501.2043887119153	1704.413489944919	1727.207532539729	1094.1760055624522	505.1489548052362
ko:K01787	119.29895646220962	131.4059581911003	109.81196160682164	311.6071584479805	232.94950082754127	132.5861936511262	195.58987709300632	201.2710168827792	190.35444161053516
ko:K01788	281.13802536604925	256.5189962659674	395.50467892469953	64.65769266413086	1167.5405186094722	952.2125362104612	1558.1550760536504	446.9328770484945	99.9261991728416
ko:K01790	203.41515845683517	389.6027575072317	908.9041389168268	1126.664704319344	1625.349729041612	807.3833924058115	1139.9484322080525	855.791862527573	551.0587877163914
ko:K01791	89.76168849326528	194.33680826096457	547.0085286288977	1139.2902849665925	935.2283839823524	1020.9006592415128	865.8499947914718	732.0027364050616	415.3180131904234
ko:K01792	192.138773529809	164.53	50.39	19.64	579.0	33.28	1317.579643218484	266.2856356633652	131.05
ko:K01795	2.5251327174562497	0.5170691900620102	38.18449899946658	170.72261639428228	12.328594463358272	0.8487198535583459	5.76739028103372	1.7036738961952071	18.671883334772527
ko:K01799	0.0	0.0	0.0	0.0	0.0	0.0	0.0	0.0	11.163854476147776
ko:K01800	0.0	4.270601923670515	0.0	7.181457130068336	0.0	9.989684765451472	1.8449706096400933	19.574393425073204	37.62015927149747
ko:K01801	0.0	4.270601923670515	0.0	7.181457130068336	0.0	9.989684765451472	1.8449706096400933	17.946474220827383	30.245381251607288
ko:K01802	408.58506679902825	656.9689349361108	1523.3302261335707	2982.54887636441	1582.2998850575682	765.7174052748704	942.8295305037636	1629.4899522124945	1298.334287216207
ko:K01803	519.357149778341	582.3824406304548	1481.118445379231	1692.3838298309513	2524.946597507625	1505.2059289391875	2069.211906499	1262.8601985359917	697.187804724021
ko:K01804	10.313297597481744	17.8128857080544	110.25071046101569	510.7170036305919	174.58884609966097	53.33153061337495	34.20830117029431	1.189581752762273	183.02014515109585
ko:K01805	37.58420789095361	23.956219819471382	38.70459987383888	340.1159834081384	311.1151179661432	17.038434642020633	119.117393701326	0.8166174595731756	168.40718983594093
ko:K01807	279.90000000000003	247.09	730.0554869257581	174.36625797184942	1018.7821406909702	1237.349271933221	1538.17	601.96	149.63
ko:K01808	155.13014896082785	272.01916988454155	610.4912318639977	1440.7917226222544	1039.5850622641217	712.1152464078029	440.11610690636985	677.9356303130036	629.222461810114
ko:K01809	406.3661526446714	465.84161840972274	933.7735531456624	1416.4785731648644	1046.0349326575918	1323.903721550401	729.3102322805056	797.1611522998107	912.6379513908938
ko:K01810	435.0397616526318	508.1469943226524	1267.5572623092476	1580.0700739474744	1945.5928017625763	1437.5433349710052	1988.2792489785963	1272.415836251363	673.1121111419526
ko:K01811	30.58643472844625	9.740568163877136	217.95086389735764	119.4212796042961	34.335883382293645	39.944397797063296	50.205236215618974	2.898632554845941	592.4887640785558
ko:K01812	15.12652142639178	27.58244801854025	145.8776317665442	448.7797949947892	347.91582820388874	64.0335470316349	108.54573644613473	2.6941033088633564	630.3953681185609
ko:K01813	0.8209612495834406	13.360447311298785	155.37533246831595	331.856667321392	62.00476038393808	323.46369250042085	11.14895719707051	1.3691347421850415	50.30200168168163
ko:K01814	79.46375347138802	147.72679830876774	274.3109898873866	680.4111847586123	650.6397086485033	187.15400075950836	757.6402011106483	441.60663044886434	283.2867733523567
ko:K01815	32.515208888773685	15.532840913001872	39.92145144325718	77.70857575432233	241.35219700360636	64.79355017990702	87.24408471992524	2.256204505353096	88.39421498237628
ko:K01816	0.0	0.0	6.184403275805531	326.0	0.0	1.2496204510014104	0.0	0.0	24.0
ko:K01817	33.57609771161422	240.3189297902048	767.725266144205	1189.4410216310157	805.3364447729429	820.3458569317047	464.7052440944603	569.9436869115416	484.9221355812097
ko:K01818	128.10398656229802	139.68512853713233	63.82829225018477	79.0109107359026	860.0388017034395	44.02527051421295	1181.1197675282792	419.6718164490215	33.720908999147056
ko:K01819	0.0	129.68	508.4933746074094	30.82989569032844	342.4776967758726	1193.152293804778	227.33567183455483	43.727203746626365	0.0
ko:K01820	0.0	0.0	0.0	0.0101423183249685	0.0	0.0	0.0	0.0	0.0
ko:K01821	42.18990276313277	119.20425321647348	523.3255976031402	528.1169466892864	432.6102452833098	623.9082528767892	235.0874113452417	149.28101160111294	60.74028105974109
ko:K01822	0.0	0.0	28.0	15.457458607021731	0.0	0.0	0.0	0.4779146497955379	0.0
ko:K01823	45.14113790685845	105.13097586316026	374.7149152923409	660.9213142232576	509.75592565346994	900.8315178093064	218.51648199721797	21.016324483145212	31.209574575798356
ko:K01825	0.0	0.0	0.0	345.64	0.0	27.32	0.0	19.0	53.91614552385232
ko:K01826	0.0	2.732393113370616	0.9824533679241586	21.294545203139812	0.0	27.32	6.681847163456326	19.71168817028135	41.08
ko:K01829	9.621459677896372	30.89208775323581	25.86343234560844	545.4707560652264	23.33822015439889	689.3476206249538	0.5839560948456844	0.1416186620153305	97.39352428379344
ko:K01834	460.3560016750223	551.7726996157414	1087.334347523904	1094.3253670262652	1634.3436303639432	2009.553363490857	1912.9034888749215	909.8261349575356	270.30021191106766
ko:K01835	201.31337545662296	345.53692930491445	1227.9006099786543	1424.204306794603	1427.9231199653395	1265.5437370829018	657.4170865355475	979.3796302338992	518.7622361517479
ko:K01838	9.6	8.25	153.74637345918228	253.93940374949403	229.54695729994367	953.603789666808	96.3838803035344	130.1757824735004	29.082567459720103
ko:K01839	54.70171267822752	111.12	234.7006868322296	276.8299068435689	584.9843844321423	426.03703032556245	188.1585364246094	21.01	13.68
ko:K01840	385.5247073289573	462.49891035650114	835.5659996449741	1563.4924130872428	1588.004108016617	349.1145378454761	1752.7514827178122	1243.8529084980023	1005.9399561527556
ko:K01841	29.303802886252704	24.010589590350392	155.80454939017727	73.65345580455693	107.054281372018	67.3733132800426	64.94929788929755	0.7595598306813899	38.4258627141583
ko:K01843	2.911514753496863	8.584473908163378	182.43132503162747	427.35021526049945	389.03589838764816	30.35669481378764	44.43098088933911	25.832469568564484	127.89215971994102
ko:K01844	2.79	8.51	11.517408651477975	43.526981477666254	326.19034617683326	3.237559713423189	37.7545444029466	6.45	66.95885972671621
ko:K01845	271.37655548332486	363.1957025242272	431.3615996802553	1854.0597436641008	1142.1025473457648	347.843906323094	1452.646859322786	793.2794075395916	152.75980203461168
ko:K01846	3.0206758785186114	26.56782646543843	192.81999855646828	89.98188904980056	85.63757747558998	17.507689502517703	72.92894541721658	499.2547031265168	0.0
ko:K01847	292.25536268675074	400.3861327697306	388.681862615554	1450.2208933182642	858.7260160701644	503.1337561047778	269.04359484592635	605.2791649870812	330.1652610420307
ko:K01848	6.01	39.79417620568654	52.00740168480003	382.8688382917654	107.2290135859784	55.107597660246086	23.37	0.0	12.350317637287088
ko:K01849	6.01	31.188456795677908	41.350525554057775	348.2821485563536	107.35307545794754	52.24272499515986	23.37	0.0	12.617865793611978
ko:K01851	0.0	0.0	0.0	0.0	2.187775405755245	0.0	0.0	0.0	0.0
ko:K01854	122.0761784731226	133.22838310216338	313.4796232678714	613.8025432403257	725.7197402809556	1296.5067405952102	262.2947721156761	201.1174069760863	130.09107306709592
ko:K01856	0.0	0.0	0.0	2.688784798533156	0.0	0.0	0.0	0.5040963049902423	36.83614552385232
ko:K01857	0.0	5.043197037908785	0.0	0.0	6.750881156921484	322.36864450453663	0.0	0.0	24.0
ko:K01858	0.5596353484981789	33.029940441275336	80.6083853729319	371.71289296819407	109.92018597532784	19.886475630987288	97.9011984536086	247.1433159134764	40.55246592115074
ko:K01866	436.1198773075399	513.3265852024182	1100.7214412709648	1513.710324515543	1923.6741410441116	1354.2341870847747	1930.072525479402	1171.5455657754414	660.1315857661964
ko:K01867	471.4480201045361	517.7208751148601	1130.7636212481907	1516.257712391866	1943.038987527707	1342.681423167517	1954.92679812425	1181.2445050800025	673.7960540589896
ko:K01868	471.6515828843445	513.5951110712846	1119.9176561990937	1511.0060495945015	1949.6019345925188	1334.7984301277415	1954.2458736067656	1177.8667368249428	710.295582918963
ko:K01869	435.2282284680505	517.9646166037859	1128.579807684729	1710.4179168591268	1961.7001778055408	1719.2075869156677	1948.3998576176964	1255.355536003633	700.0312708334646
ko:K01870	435.41499132181656	535.1644116915852	1131.315215269182	1536.051486374361	1949.4824958093027	1350.6081484975612	1993.496536048282	1661.080292359221	674.7911101103987
ko:K01872	438.2534344355653	568.1480691417847	1282.1187865602838	1690.5608949508187	2190.4556025399847	1347.7976668566305	2049.0566238005304	1262.630064216108	698.5799403219951
ko:K01873	435.49281073091936	551.6129167982118	1115.106433676282	1506.5307670192117	1957.507514972286	1340.7993321617814	1945.703186641717	1168.8881383549294	683.8336093870444
ko:K01874	435.0400509216876	517.0867355929018	1110.0191948303172	1531.7351562735244	1955.564950545062	1344.8016418736145	1929.023448488634	1250.3401809305335	673.5378785307743
ko:K01875	437.0774799726461	513.4499999999999	1129.975648611174	1541.168433358119	1969.6964094449745	1342.9926757500627	1920.882502323824	1167.628456382438	673.3298359831603
ko:K01876	435.0335795890606	550.5753008890301	1204.3781508072964	1505.8012332965	1976.8389315413065	1377.2163397019476	1928.7788831938517	1167.7034444148114	712.3534206128849
ko:K01878	279.58	274.26000000000005	600.7646420871969	362.867504029408	1018.0541681440458	990.7514292750684	1609.203248424636	608.4474755400174	165.3380310215516
ko:K01879	281.3875061275537	275.1864068449206	602.9594460146155	377.6061292630448	1018.60852372112	994.7985135774592	1614.7538748217482	615.2133336269031	165.3380310215516
ko:K01880	155.57316485904502	248.22562555949744	523.0346894195116	1179.4184015700405	931.4326985438686	347.2642847724287	335.84355959768817	805.6254046858124	503.6558423325855
ko:K01881	436.021132948139	514.533824704745	1128.1839632521885	1511.8991857096169	1932.411011708236	1333.736836769689	1931.5549290719875	1171.2201887926535	668.4682249991884
ko:K01883	435.0345554045191	514.1704075917712	1105.5351204832696	1527.388623966562	1946.161457971196	1331.2642702433204	1923.4156185988304	1167.7262445802276	661.6585975566775
ko:K01884	3.0877075036399275	6.506095808570841	5.40072136837378	340.1613282702405	3.314402820397643	30.827775209572074	24.379487851316878	11.59221149584984	0.0
ko:K01885	395.9691225379879	461.9192791385909	878.2629332636456	2060.7224760608115	1711.8457390184506	478.185795178655	1783.228288362148	1179.7381895492929	686.6513907590451
ko:K01886	387.16192277369936	422.4331046571915	650.6574920909216	1300.9877919486055	1434.1238091109549	416.5107768798528	1716.9491411892477	1163.5224583247038	635.2423297998904
ko:K01887	435.2787168063871	514.4147407863582	1142.8643614820608	1513.5864699544406	1935.900074245616	1330.2040428122957	1938.3123558790876	1169.3997959031242	662.487578575999
ko:K01889	435.2105160661277	516.5424778679347	1130.0623685021542	1505.0976695678946	1945.569507477593	1329.0573715259193	1941.737746801631	1169.7215239168563	692.8109288008018
ko:K01890	435.03010618501344	516.2578352471273	1140.7997660040064	1510.202325408772	1998.502393535589	1331.958488441457	1933.696992087492	1167.638021070057	679.4721899040892
ko:K01892	436.1729404709209	514.2503265070811	1115.9875661405813	1506.4032712955786	1939.2587332731364	1334.5004141601855	1928.1645730633245	1167.7778999942673	675.3375100878973
ko:K01893	429.02006834667947	482.4800586137661	838.1436435210035	1177.7437419192054	1801.974846160902	1157.874684269786	1838.0925720580456	1005.684983863388	579.4528936722714
ko:K01894	0.0	0.0	224.79	112.9	16.33	110.37	60.0	161.95000000000002	59.66
ko:K01895	30.08709166647109	39.53719260599872	139.49996095101466	530.1224856332552	218.008970494471	16.290845266142195	162.58728065605686	10.326905855473743	164.2917312187057
ko:K01897	739.414569560837	841.484863360607	2152.217110261792	2837.7013397253213	2695.9856225911453	722.4794392124688	3572.88764776502	2095.775369864092	2593.3116329647028
ko:K01902	236.13590249810957	197.20996701578383	281.88	992.970590516922	639.6218750173588	128.52271365916522	1519.394192035869	806.568757936092	167.60576614053957
ko:K01903	235.8110713638495	196.931393479757	283.5946492034498	993.2014951901514	639.1297094321704	129.08408522989862	1487.692900271266	806.9911891813761	155.63983023744123
ko:K01905	0.0	0.0	0.0	0.0	4.235831855954167	0.0	0.0	0.0	2.5419689784483688
ko:K01906	12.02	61.94	82.16	284.25937454243245	186.5795773806545	29.29674364237512	40.84982248911177	0.0	14.86
ko:K01908	0.0	0.0	0.0	20.866906486854727	10.628607875560403	0.0	0.0	0.0	22.921340749344616
ko:K01909	3.6301666543219	4.899928894155986	22.062998235602908	10.246745605022191	105.20737660336162	31.564935930671783	11.790080734760382	0.0	0.0
ko:K01910	115.48314848408089	137.4898113898556	230.8251107901358	46.40467818694821	765.5030038340934	357.31377673428244	1228.7469742920312	426.4628558011526	55.59115457097592
ko:K01911	295.392758947415	228.695871433651	179.1537456502167	737.8984223948268	758.8869910423572	81.50829569200519	1482.005516511235	675.7362817237748	208.415331264708
ko:K01912	0.9033416579207496	44.34797828421233	121.76130400862394	1151.6757813761783	273.4967901754971	74.3335673862	137.19545348626784	1.5065223219121362	382.3764324993205
ko:K01914	253.0303939482561	251.9907650243018	375.0612009196684	454.7828114376191	1254.479382357105	827.0580146701416	1604.781212784229	456.282060049983	307.5545821104565
ko:K01915	407.2732251613039	533.7634858604217	1017.4313919411488	1995.4915062688444	2231.4210764823147	1369.7276303504111	2011.3593672428688	1171.1887024777427	552.8909643981785
ko:K01916	54.026177409436485	134.11504949691798	550.9043281806238	763.9059935124012	694.4097756400995	1020.3768379115562	353.1724272850518	189.7380310760944	105.76166721389716
ko:K01918	152.05581399333028	245.66847841352364	436.66428797319736	1384.7836790239976	595.6275331740178	360.0427219677588	420.2865200381634	720.5524228968193	235.037539237544
ko:K01919	164.6988985738841	214.50791578746168	461.03339517145866	138.30957727823892	852.1816348012383	322.43873318590374	1358.5254285457809	585.502541768967	127.64284545996722
ko:K01920	0.0	0.8255668662913888	228.27329466400408	283.40417163281774	0.4205688373753115	100.83198120914528	80.22034195903929	164.5788428960745	59.92047277149983
ko:K01921	581.4972642310588	738.6211990953223	1472.629762124457	2097.3422854843934	2417.43738283658	1543.6134161011094	2217.9796114539736	1808.87019505284	1078.7804495255136
ko:K01923	405.5702471620342	503.4175881731466	990.3330793381446	1476.6226427426689	1882.1253767816672	783.4507286204156	1824.4546018527597	1167.8540419824124	628.1335567827117
ko:K01924	435.1201009344584	541.5519040927625	1145.9983251853953	1661.4234097482797	2037.2855930815656	1330.474973700836	1950.0916755365888	1167.7702632672772	689.9242987783387
ko:K01925	435.03010618501344	513.4500910637298	1110.9869289791266	1179.1122621765523	2025.0133014442915	1330.5522192505584	1925.669710492621	1168.5978011475704	698.0894048132396
ko:K01926	176.03	236.59	515.6767713169028	436.2412515187194	819.9998597919647	1082.7413209592412	291.3727108090113	323.47244487867187	60.624405746036
ko:K01928	471.5340322676275	584.115103621921	1376.488335997455	1561.0281783640326	2172.927724418046	2161.193681193412	2116.6307631308555	1190.5129477386397	678.2417150950324
ko:K01929	575.1775782398994	702.477986401939	1286.6723606493929	1871.1202589792636	2250.9056919002883	1530.289459979033	2038.979776033534	1470.309442191225	754.8715895174184
ko:K01932	0.4440919471863412	1.05317871964889	0.7767629757237795	334.5314961772118	4.728329371764614	0.0	6.177165902354873	1.6672588868340503	0.0
ko:K01933	405.43663960451175	508.0411400959666	963.9546814459892	1470.616509781868	1818.941711136224	780.7947765619006	1885.9818490500056	1167.6222170869908	496.8913869368053
ko:K01934	435.03010618501344	519.7154885666453	959.7610353094974	1134.2355297026515	1691.7012725017114	1340.377207889572	1840.6712579542743	1167.661486594556	395.901095156088
ko:K01935	471.8993990249373	327.8874159314988	336.8094513399578	1183.5564456918355	1070.6933024336793	145.39035519522864	2164.9094617107926	689.0953195514451	325.9449853713976
ko:K01937	405.9095757265544	499.606819689545	996.211407868684	1454.6224387103275	1566.51001818048	1279.591796526327	1809.4879275071787	1157.6500593586188	667.5300439731409
ko:K01938	218.00153229674623	379.4742275437219	943.6705153691692	1199.2382490260486	1256.6622088737292	1390.5064327109926	617.7802100564757	935.8115942575248	180.90947319857744
ko:K01939	435.0362834749822	514.3338637112198	883.5000350480957	1508.1882813820675	1893.5206590338628	1337.536140498904	1897.389640726908	1167.630479086442	495.81838547761936
ko:K01940	251.273646425614	233.39719365075769	509.4617936153389	700.8785028969722	1270.3396188716483	487.25787865139375	1473.9300178902597	587.6717373453656	355.5791026630107
ko:K01941	0.0	0.0	0.0	3.9684184443627104	34.43484544193256	5.520223620162385	36.20006431621066	8.803680981595093	39.74011757169187
ko:K01942	0.0	0.0	0.0	0.0	13.179271993970628	0.0	0.0	0.0	0.0
ko:K01945	405.4699932589899	509.1071783085814	978.7064702600557	1477.432167926263	1837.4318219460567	785.0091487702217	1820.8489026935924	1167.684550300118	498.729623153229
ko:K01947	0.0	0.0	211.2704487089148	95.59585521747042	0.0	73.97364324308013	60.0	146.08335210860446	18.8848131928382
ko:K01950	286.40810006366814	397.10247605117945	791.4415058975924	1022.465290697036	942.2331569749192	604.4536576942795	417.3308321166186	1023.7335719416236	597.2251767555844
ko:K01951	435.240062838795	525.3673255628082	1277.4151594747227	1579.863261963868	2143.362033125647	1466.9791069423848	2016.8177201291903	1256.6058765724665	806.7684183284672
ko:K01952	523.5775064079387	564.100270066169	1173.1130743014446	1905.4507546750883	2299.855000870748	876.2136138447061	2517.5075153401244	1323.241446399421	897.7890806085439
ko:K01953	10.161787054247604	17.583832501002785	99.28900869972064	533.032537250461	47.240559567284606	628.1158823466149	59.22327100084677	1.0486945089099706	231.43997566664945
ko:K01955	178.59589531057273	446.4928338803751	950.0989651000484	1711.7181059767709	1435.656103594225	1907.1123327485957	669.9445918753386	930.1644660928172	557.493299424591
ko:K01956	177.29317324204342	378.607597914498	784.3013258016122	1462.2390744862696	1052.1770774975614	1518.0313852914317	572.502942804792	748.7805710236072	389.0433393302257
ko:K01958	29.331528534880224	35.51515627483598	45.8099870290807	411.0563554708063	164.75438880818854	23.54044136143273	97.98038946947318	0.0	44.89850249527135
ko:K01959	0.0	0.0	0.0	0.0	47.852224594244746	12.25	0.0	0.0	0.0
ko:K01960	146.65568008858395	206.73317025166705	434.63745508396977	306.90459689956475	528.855384129457	271.26325285200915	258.44040318203537	559.7531436920373	441.1561166646928
ko:K01961	249.7085419244674	253.52134462508496	771.3208080121863	1044.2116354962714	1399.4497517425443	792.8334286630072	1549.5464714467844	611.1670264550983	200.50972278312807
ko:K01962	252.27725975857044	262.4945480475453	706.0641840408769	1027.8108376492833	1261.915487344584	759.3862031476087	1643.6197835427529	611.8824538011413	213.9560602478277
ko:K01963	252.6032862679532	262.0576458313039	705.6172312991637	1182.471221601823	1222.4753997097675	759.8210771150291	1588.3427413742445	612.3511174606062	193.7542290598519
ko:K01965	0.0004972664157398	0.0004264531603338	62.95582725419881	346.3976820411091	86.76547090575008	0.0006632841589694	0.0007820930652616	0.000829301902199	18.901668138446084
ko:K01966	0.0	0.0	62.95582725419881	168.5081074971036	8.19901358597839	0.0	2.98	0.0	4.920317637287087
ko:K01968	0.0	0.0	0.0	16.150145522609858	83.40261501327912	0.0	0.0	0.0	35.65111942285917
ko:K01969	0.0	0.0	0.0	0.0	78.0	0.0	0.0	0.0	24.0
ko:K01971	0.0	0.0	23.088706874521723	166.754433690134	0.0	12.584684629752871	9.060860695736396	12.19888938636692	1.2086985237615753
ko:K01972	436.9653803159116	519.0124955296544	1129.9815448062886	1541.5045498092522	1959.144130080983	1335.9377510415227	1950.6264520236289	1177.4090396416393	665.9884069585112
ko:K01974	0.0	0.0	0.0	168.5081074971036	0.0	0.0	0.0	0.0	0.0
ko:K01975	0.0396800630463618	0.0340294211568483	13.0	360.9428250465346	87.11314524108698	2.0135081343586627	0.062408200424183	0.0661752950171921	19.518551269425625
ko:K01989	129.48236028490325	235.30680712068173	485.4309116692074	407.0492469608165	1957.6214210878063	1135.8499355805477	1426.4954456392722	340.31602295458896	101.97889740540536
ko:K01990	795.6413590178698	1635.36335220419	5171.042105615681	7540.220099251364	8369.541180154747	8037.433993748315	4012.5077147525217	2365.343056116297	1704.69289520325
ko:K01991	252.6784331128455	261.8497081019348	454.8953297527854	1068.3552060784314	575.9463685927255	410.65449445601104	418.78213325191024	1001.4800391682588	659.4604030683089
ko:K01992	835.5836888667876	1798.8262816085548	5179.4638929271405	7509.656569705422	6564.97795806841	7374.41614553713	3840.058958112091	2916.2458650195817	1896.4728781371225
ko:K01993	177.18513781224337	380.5749703427737	623.4234802143268	1383.6658392826423	695.3993589755659	409.9453145375811	571.7415449776399	980.8629522783356	666.6679193926168
ko:K01994	0.0	0.0	0.0	157.49189250289638	0.0	0.0	0.0	0.0	0.0
ko:K01995	35.22	94.2465629009034	373.3670609904765	324.9642272171802	711.44936410222	321.41848134272146	214.41	27.46	43.468644112207976
ko:K01996	35.22	94.2465629009034	376.66192561250784	324.9642272171802	694.9259154231269	320.44030082082526	233.32706425630025	27.73096485101144	44.20139496650015
ko:K01997	61.64	164.49656290090343	638.5241887762573	348.1342272171802	810.037947963387	579.8000512274643	354.72511487695124	48.40943297230382	43.468644112207976
ko:K01998	35.306177409436486	94.29073168172386	387.598197975502	327.1665963765273	697.0350538165619	321.4179326545465	215.58702713075468	27.79472037630476	44.55054220703806
ko:K01999	96.59877352980902	250.9089875466959	407.8783910293879	434.0877814408998	1311.1641111606573	324.3074853169128	1353.7666063487775	274.9479960174978	96.02866070860986
ko:K02000	0.0	46.20784947710688	0.0	73.3801553408767	70.73291760091291	0.0	18.67066009595164	0.910899922642729	0.0
ko:K02001	3.523559605564357	46.20784947710688	0.0	22.15741636500421	86.17607312102061	0.8494731277452264	19.090264445643484	1.8545277628053296	4.356081176263424
ko:K02002	3.527946753138834	46.21161187265335	11.633602531872942	101.47107741089432	88.08922138334461	5.246677920912591	30.814252800469525	21.00537913617275	7.474687946390915
ko:K02003	690.4955787424434	964.236474556794	3284.928904451764	5182.268477455707	5275.55672340264	5880.28388136135	2907.034322663332	686.3450598125181	900.0215029007095
ko:K02004	936.9722855230192	1032.2134947691522	4265.478704825228	5181.31140800422	6013.726598282288	5701.311696248999	3913.526679428561	604.446081396008	1900.038819490737
ko:K02005	136.93256479179956	212.4951175192387	664.7581445698816	2120.076241371179	1250.9641373586871	440.1165763497251	527.8228190955697	179.07224572950818	643.1336929826991
ko:K02006	371.7277089500405	328.7304008111232	304.7833447911213	447.2356383194654	1308.895445860119	227.90166908876728	1405.929921308776	634.6067605112225	160.41367667388238
ko:K02007	367.3346506364155	290.311806617233	203.080080924642	268.6394216012729	1192.5553211657025	215.23083433667	1375.6118561768767	624.7891629977239	164.7379830758334
ko:K02008	250.47185256970383	186.5509146870756	168.14270122096443	117.8164839144856	1028.2419088162562	89.27053165316238	1313.4986419148563	419.0	143.41691063983012
ko:K02009	12.177920969999638	46.25831930171498	149.71858296604222	78.57379751466166	380.5102274538518	39.66216826461584	71.7927197667829	13.966235129957344	21.60087615493539
ko:K02010	528.7671933558119	502.144010866041	1113.2622874413878	803.0846138379549	2041.998577589218	1198.9957606683115	3148.4590817617773	927.2561470834312	591.1795894307013
ko:K02011	479.8331212450706	382.3528675561473	663.6196812584071	535.3429966207073	1694.8687902825482	257.74341730172216	2868.595917034671	907.4148135070088	271.75414421812013
ko:K02012	746.3107509003241	517.7834722987086	884.1385151032061	753.4476734042985	1619.90974496961	345.02843882230025	3204.515473698141	908.9494443514008	452.5309561337539
ko:K02013	924.9169378408474	1010.9859775967888	1947.4458315076608	1677.1763863643637	3633.9719415103577	1254.705843794629	3725.498266709411	2288.114464002536	633.247687546622
ko:K02014	1232.0167993123891	2038.957557967552	2539.6269862652234	6731.406419274645	3478.4391810429534	2449.171637434795	3475.499414197565	4564.095915844866	2098.2247644282807
ko:K02015	1179.931554776113	1219.5415802844068	2603.7731539693063	1799.3510070486698	4820.203133483323	1513.2356781879996	5818.800274687465	3127.119696274595	1044.8806228177527
ko:K02016	910.9758081361718	945.8392510537864	2097.076464272637	2003.2890458233496	3553.883554786896	1284.3607905126728	3888.198061382173	2217.398505349513	715.6218937995362
ko:K02017	240.7731856425666	207.6304630108431	347.8676435740092	213.7961890533836	1092.8188786175238	95.02042215753188	1450.4067032804908	473.9814052661935	502.61129032730526
ko:K02018	240.77	206.8021641536164	244.737306228931	310.3027605257099	1038.3994364094324	105.22274523926512	1439.3055092390364	472.7731540614668	220.83678942301765
ko:K02019	234.76	184.24137022862703	191.1143917436194	500.9429614625472	933.7875512531042	49.239167712878825	1337.4900000000002	467.639492626266	149.3809890931442
ko:K02020	246.78	235.100335002731	248.10926457606692	308.2817350611104	1106.5527198637014	117.5722856566435	1435.8228301062168	472.7731540614668	291.60439828710594
ko:K02021	9.9473838417753	65.13791462380097	313.9615595788622	379.5220394290308	176.2013842376981	1161.3713066891096	123.90235999849672	33.85395516843742	1.5321861411776327
ko:K02022	0.7559428052348715	37.77052377378693	22.277638200081565	72.66840505851798	119.34423568601508	36.3999538116646	38.95774241504595	3.015626800946781	225.2971667640868
ko:K02024	30.02005907212	104.9722578370858	17.782169318200864	0.0	283.186078886311	4.426171421299018	630.8401686809741	120.946199530945	32.5
ko:K02025	35.54	84.85961992322005	823.1264449187282	131.51852673773794	1571.0399467559794	908.4844324187616	185.83793372664795	23.286051644698432	38.22995728941925
ko:K02026	57.73649330520645	89.40477619805604	657.421577800411	85.15341776092522	1299.035072806563	1244.043911281487	220.3890534353258	23.276855994747272	37.44302353526189
ko:K02027	35.54	187.64741784108776	1163.8902541838988	306.4926580762249	1746.812929489633	1754.5294922480202	320.7725927065534	48.358702021371634	61.901081346379314
ko:K02028	284.92337380874386	568.2598124406733	1914.064424372743	902.823984090782	3527.070979240456	3767.764706105257	2245.8389571823946	758.907440183202	342.7192727929803
ko:K02029	430.2985596370282	667.6862045759892	2091.272634074592	959.3862448780678	4385.899034051343	3484.4241581905267	3382.060700737878	1253.468051287986	828.5877707834936
ko:K02030	273.737128122234	673.0832944327013	2596.306287512256	1731.8615430570585	4885.905747232471	4219.048179839095	1922.5366910946952	961.0472050584464	850.5498404292689
ko:K02031	261.969000912556	395.54471649153663	1156.918847103059	1131.0442330831663	2094.9530066723664	1325.2697173180904	1660.1892795050535	887.1827823732132	190.08015493172508
ko:K02032	262.6937924533239	392.79706480489386	1052.046183179228	985.036326412953	1801.703825117545	997.501289969088	1634.0225747624263	889.9038745819407	183.5679380581097
ko:K02033	193.85157684821047	249.60398500133695	783.4709509021504	1141.1859930610324	1931.6305796566676	798.6392030380312	1558.6122395743212	475.6678733641375	162.83833508062563
ko:K02034	201.9293990802037	287.0667604591598	739.0642479698037	933.6055741220986	2018.8363493854613	1365.2990034831244	1510.018753400977	470.1633007033296	171.510474005409
ko:K02035	516.436538737847	707.3862081309953	1710.546628305029	1406.2068264649752	3894.6944717396623	2444.1693428526182	3256.0286808470023	954.3362484627974	303.3868139552942
ko:K02036	6.472896358736574	158.95818828100428	544.1752028077063	617.8690919592382	615.840868084093	1698.6120538986115	259.6025969642603	62.706200790572986	108.0851992531418
ko:K02037	6.496209902157452	94.13818185779876	300.7817825461074	617.4583326803408	399.9958277770569	929.6739144956632	160.17329817976298	41.978116524763855	108.0851992531418
ko:K02038	6.520762578965353	94.15923810911188	329.9268053383508	616.6252906324845	405.4125587209441	975.53913319701	158.0212690990437	41.59770078772414	107.68346089444393
ko:K02039	6.4454341163693725	78.87725817417372	304.8470350029171	677.676340596301	367.117210825818	927.918415037927	141.33813684076205	42.02263113494932	113.55012892783432
ko:K02040	12.93931280634595	134.55139501269284	529.209471027692	705.41179210005	608.3397250668082	984.1324832762588	301.8020142183519	307.3274520919252	291.4620890438917
ko:K02041	37.42624693622314	30.037398501210216	236.93505661108523	94.44101780287907	234.50027787810785	612.3399999999999	90.85319198470918	3.057030736242514	0.0
ko:K02042	65.65375306377685	41.46997413609269	441.1623873632805	159.515516673124	301.7850221257808	1146.1101805256735	140.6289714595628	9.842969263757483	0.0
ko:K02044	51.08016665432188	47.71053081782648	371.25652835358176	454.2745044272513	493.72410930830296	1276.3800906261563	141.31862333929683	26.397807735769234	17.08
ko:K02045	2.4864403944356424	41.75811051190466	262.3867635851633	484.6240528059553	17.957876074221645	121.17546535635324	67.97067785073126	159.61804247080445	58.15769202764992
ko:K02046	2.4864403944356424	27.73811051190466	229.96275158344864	481.87722058347725	17.2931588496928	116.436642316291	67.97067785073126	159.73844664292022	55.78233602802766
ko:K02047	2.4864403944356424	27.73811051190466	235.95560756644312	484.43590739440594	17.2931588496928	119.91303890454178	67.97067785073126	162.98786687966947	56.11622722576926
ko:K02048	2.4864403944356424	27.73811051190466	218.63617435728156	642.8754558511852	17.41339427259052	112.11368740633708	67.97067785073126	197.4579056023989	81.58151889127677
ko:K02049	137.7144681416404	237.6594113068174	446.4073936890372	579.0823035518054	1210.3814293239077	389.26569362950033	805.4388819908775	583.4352843012073	174.20108032419887
ko:K02050	146.9371964340853	306.7345457842502	648.7308361014134	547.8755697669365	1277.292705154923	744.9511729263696	938.8012207549496	605.5045213877663	206.45144852618083
ko:K02051	143.6643939715678	256.91652275937963	565.5331873351469	537.0872860174594	1133.148980225364	435.5064552309383	911.3720416927232	852.6338026010272	373.91147840088
ko:K02052	6.218885781233102	24.00711163250596	51.25312021172146	103.29675198472196	160.82533171715835	83.60868975475157	38.271321748221496	10.103354440339476	22.34063527457416
ko:K02053	5.315132717456249	39.07366212531314	33.314288061533475	25.38106082136735	118.64508318174344	75.7004816137985	113.66760640048328	6.710385176581991	43.67031763728709
ko:K02054	5.315132717456249	39.07366212531314	31.79204908418057	25.38106082136735	118.64508318174344	57.5804816137985	110.68760640048323	6.710385176581991	45.09363673376015
ko:K02055	5.315132717456249	37.19635436284023	356.3020490841806	208.5094781871448	123.25746016194776	199.1804816137985	235.52976984475535	268.14518490501706	82.25363673376015
ko:K02056	16.13350669479358	93.74696671942864	1041.5573702291492	72.61169243589998	1418.9011259434396	798.8083535969057	225.5690922584549	27.62105165621445	105.28074509049335
ko:K02057	36.00250528649924	187.90777267815503	1700.2913880874464	145.95562796883704	2481.402288512668	1611.8330640720485	422.0157329700693	65.49493663389255	163.39546013913576
ko:K02058	4.223506694793581	72.87405855082984	569.9223619151973	10.42076494369966	623.5308571044632	1222.1042742251357	129.05782976720272	21.01511142629896	130.82670570911353
ko:K02062	234.76	164.53	198.5287883694128	0.0	619.6352926429986	5.96	1307.9200000000003	419.0	89.97
ko:K02063	234.76	164.53	379.4865507786445	94.8526132305903	627.68131703444	76.75999999999999	1367.9200000000003	570.8957188893409	108.68467253770976
ko:K02064	234.76	164.8509333874926	347.73006952742696	93.99208004909272	618.5	77.75465107418472	1373.5601282306611	561.7903477122276	96.86553145910248
ko:K02065	387.1	422.38	599.3746101817981	1361.7271635297948	1115.2115407408794	370.09745130804754	1672.5814760804174	1121.16	299.7346310713049
ko:K02066	517.9775621620793	422.4808207149477	620.4618215330606	1361.8689879897024	1086.9236910877987	370.8585344049535	1754.4059027509004	1121.3560609475182	356.8991240218108
ko:K02067	387.1001061850134	437.1165919636508	618.2218215330606	1364.6633181604818	1087.2235538883378	369.8501416360226	1657.419820486895	1121.160177087032	309.93511090269715
ko:K02068	5.762729903735596	21.892087987064382	20.996352553131853	202.58950085034428	223.87900652773504	606.5192088351059	69.71504463985163	37.41537644851469	89.74342480931412
ko:K02069	16.854103457700322	62.50175452522963	53.92191693763851	440.30810027361656	369.706425976427	683.5945683790144	108.75121310223535	29.309627065595883	104.11105901123187
ko:K02071	303.2731060507315	313.3177664362484	852.8857198793366	554.8825129516725	2003.7078826094285	1228.568747368768	1731.1573403416046	612.4039093609922	209.4090491394942
ko:K02072	314.0914800280688	319.74712947951355	829.1235319266074	634.8110093685508	2203.095204107898	1335.3775527575483	1727.8979567077502	629.1098838837307	224.9916672138972
ko:K02073	443.2822990193697	446.5055845587318	1005.3895032773356	1206.3335498638394	2644.9921082890373	1442.793605684098	2362.419308046406	901.149172632236	250.1293805981616
ko:K02074	80.68	165.12	823.7425255429831	410.5157722520284	727.8804389610779	1335.7681939679892	406.8553221035405	204.0766989212062	36.38575607822533
ko:K02075	164.91403130185347	207.57339393291863	354.12015904771664	347.7595701894218	504.90656090318674	949.8303595391776	307.14391231092566	455.80841600882496	42.88899792560422
ko:K02076	45.14	17.72	63.2	101.43116531269554	220.4689473274221	135.3718164018494	130.85	0.0	22.090387992970754
ko:K02077	12.505323834622612	8.608901136654204	358.82523857157526	126.02509186453165	97.6258715631708	851.7351814330987	97.64163818907272	149.72008893960125	18.7367581526211
ko:K02078	456.1263424170047	746.2128206748885	2332.3525167234457	2529.115261429148	2640.271986083856	2163.1933745340857	2692.907741195284	1426.5558559659105	1047.816074643338
ko:K02080	0.0	0.0	0.0	157.49189250289638	0.0	0.0	0.0	0.0	3.256484106895451
ko:K02081	0.4867050424809691	8.66739578010235	87.04917641925302	168.88353407481375	85.63329579853705	4.437345507065892	34.39287834517657	0.8116884727451604	28.04939442250072
ko:K02082	26.42	77.52819888643332	274.6263604649548	28.90239890342968	120.67671345300307	456.5813554954633	140.65301457586932	21.01442677139078	0.3484857885770644
ko:K02083	0.0	0.0	0.0	342.9135632589784	0.0	0.0	0.0	0.0	0.0
ko:K02086	36.02	70.25	296.7350625073107	224.5900827368684	239.23711937311236	834.7812769949594	142.36756401336888	21.344214226136412	0.0
ko:K02096	0.0630178527916391	0.054043791476374	0.0	2.2098942418251277	0.099113521637483	0.084057040986316	0.0991135216374829	0.105096229180993	532.1
ko:K02099	0.0	18.23677704837788	12.607868819512037	161.32982160107574	155.35195217861067	8.59952801263811	7.290395643757053	0.0	0.0
ko:K02100	0.3850532032238988	0.3302196774483436	0.0	473.1361168635849	0.6056058291211319	0.5136073580977004	0.6056058291211319	0.642161512971502	30.357534078849262
ko:K02103	9.6	0.0	5.196431907635873	14.76563778182276	164.27827653256827	44.37217818806133	0.0	0.0	4.826680903526925
ko:K02106	2.79	8.51	11.517408651477975	27.140146662924973	281.27687879071004	6.050635094348412	59.80267416892829	25.26417800390169	15.641078723328658
ko:K02107	2.79	8.51	101.91468053291482	22.75	4.335252481899694	0.0	46.72509153100337	6.93144815690772	0.0
ko:K02108	295.0210404803698	347.11089231069684	774.0897930940075	1329.4380664567975	1656.3303967333384	1145.5513878559364	1791.1995478775027	865.1617352315029	618.0733776343533
ko:K02109	295.02000000000004	347.11	723.2552134179847	1312.4105406494878	1700.8890024448108	1149.9205982372475	1791.14	860.7963447739319	603.7497906211311
ko:K02110	295.02000000000004	347.11	745.7455972075959	1313.2861363127938	1648.22065284676	1120.3188804124268	1766.3934847999944	860.4000962706938	600.4490342226351
ko:K02111	295.0902719984085	347.1702649100275	776.3889809037212	1317.9362502113495	1665.8980116856633	1146.8863841315754	1805.1154712367731	866.2541340782269	604.1938078688105
ko:K02112	295.1621701464427	350.1435394711728	780.9702397070514	1316.8752449798778	1669.3910258222218	1150.2006647757407	1815.5273496566388	946.0876980826248	605.6879594331551
ko:K02113	268.6	341.7	716.0375898971637	1213.5850664480806	1624.8219284151114	1141.5700167606733	1746.865674840266	865.4383160610283	590.7052104669253
ko:K02114	295.02000000000004	347.11	774.1704566584144	1313.1267303079612	1629.12122166905	1121.8024149422165	1772.1628997925532	865.1735460114156	604.1496408528429
ko:K02115	295.1592879500811	347.94595354065507	775.0453537840796	1313.525041594262	1655.4080443240066	1149.0446970392363	1807.6649330857329	865.4074367026196	604.8325751880468
ko:K02116	240.77	146.03304256987184	163.36570468074007	102.7042905001692	643.9743074413796	91.62229396920212	1343.0982950002654	547.7058683037351	133.25653703202187
ko:K02117	169.56136365474146	180.4349601960064	534.0461482237429	277.899739244122	768.740093217867	222.8859999924448	243.03825919058164	311.83166751113725	381.5628373657877
ko:K02118	169.22000000000003	180.26	533.2172634285172	256.15799892603104	768.2546743874315	222.8859999924448	231.65085175223837	309.3914481569077	378.7161991728416
ko:K02119	29.21	13.92	124.46244442687944	64.89550295543869	351.4292821971865	21.29	129.29378906053904	6.987793600901107	20.776199172841643
ko:K02120	169.22000000000003	180.26	528.3597713375957	256.15799892603104	753.3161878782553	222.63799999622245	231.65085175223837	309.3914481569077	378.7161991728416
ko:K02121	169.22000000000003	180.26	513.6567261115893	231.74550295543867	462.6044155738165	209.98	183.2321378167407	309.3914481569077	377.2559577804558
ko:K02122	29.21	13.92	173.84672611158948	64.89550295543869	365.0677013690768	21.29	129.00085175223836	6.93144815690772	20.776199172841643
ko:K02123	170.12375306377686	180.7232034224603	529.940529384632	267.32481557225714	756.3581456250516	223.36818052189625	236.5213733096456	312.7844174206652	388.4547207005602
ko:K02124	169.22000000000003	180.26	527.8513398440643	259.9555029554387	738.3777013690767	222.39	231.65085175223837	309.3914481569077	380.1395182693147
ko:K02160	249.7085419244674	257.9539206837248	704.7963092910534	1054.1420403043371	1211.0980330380255	779.0497062949676	1539.9983748478148	625.3073893866235	192.81972871348185
ko:K02167	0.0	0.0	0.0	2.5467688177774086	0.0	0.0	0.0	0.0	24.0
ko:K02168	209.58838752122	132.7988519520471	286.0766257705752	204.2497601827594	401.87142698269776	132.54515196715556	718.9847887956403	443.2533987521418	185.8747936253319
ko:K02169	231.16817286918445	128.34846030914915	347.6063909345286	218.3927234193109	402.7453565255638	117.244333713562	862.6589095810656	295.1675048180609	289.8751596811827
ko:K02170	0.0	0.0	194.39880026057088	90.9249586125587	4.15595791906214	67.62635675691995	60.0	139.86356601570822	42.2751868071618
ko:K02171	20.418373977337342	12.657774535102009	47.06031009039648	30.44904219077626	335.72559985519985	693.5989330586752	41.143432279950574	0.3585074692403094	0.0
ko:K02172	0.0	0.0	0.0	2.312119630747824	2.433285795260313	18.12	21.094697924687942	0.0	1.4602413923858335
ko:K02173	0.0	0.0	0.0	0.0	0.0	28.92187579204032	0.0	0.0	0.0
ko:K02182	0.0	0.0	0.0	0.2172895912232448	0.0726886334323428	0.0	0.0	0.0	24.1567581526211
ko:K02183	0.0	0.0	1.3943458708305092	0.0	0.0	0.0	0.0	0.0	0.0
ko:K02188	130.91098771359975	170.96401763651943	240.9229358245121	382.1263643825775	611.0546362744292	234.1625303602503	185.3774051714044	212.24958001408336	132.14271663415906
ko:K02189	14.945696454176186	67.66097237088425	122.78558466056344	229.6612560072178	450.9907883367657	106.56557900003176	105.5168080152908	9.842969263757483	20.778031021551637
ko:K02190	20.093526990948448	84.18343083370497	215.5785975499713	427.0472279192346	540.1487930524829	114.82025749931452	152.5799464582406	6.519349865472733	130.51994762482198
ko:K02191	14.041943390399332	67.19776894842393	120.45165930413584	222.29194339039933	431.4316112470389	106.92838360139662	102.8	6.45	20.778031021551637
ko:K02192	0.0	0.0	202.46	112.9	0.0	98.12	60.0	161.95000000000002	65.91
ko:K02193	234.76	164.53	72.72	19.64841180845703	579.0	66.36862246446292	1314.6700000000003	438.09305578794806	107.05
ko:K02194	234.76	164.53	72.72	19.64	579.0	66.13260600353244	1314.6700000000003	438.09305578794806	107.05
ko:K02195	234.76	164.53	72.72	19.64	579.0	66.13260600353244	1314.6700000000003	438.09305578794806	107.05
ko:K02196	234.76	164.53	72.72	19.64	579.0	33.28	1307.9200000000003	438.09305578794806	107.05
ko:K02197	234.76	164.53	72.72	19.64	579.0	37.025263011312106	1314.6700000000003	438.09305578794806	107.05
ko:K02198	234.76	164.53	72.72	19.64	579.0	66.38005731157995	1315.529822489112	438.09305578794806	107.05
ko:K02199	469.841206126638	329.33546474784464	123.11	178.52750754853173	1158.787755901022	39.66844424803139	2626.076004866704	857.6287381573728	197.629377308917
ko:K02200	642.9012264701912	407.94830201348776	195.83	177.1318925028964	1158.0	45.2	2793.181416287201	1028.900475912532	286.99
ko:K02203	0.0	0.0	7.819313167770416	3.65	14.656942305940186	3.814062780807669	0.0	0.2976557706962355	35.32
ko:K02204	2.79	10.666489161931906	229.34800681369552	627.5670078763189	21.13038922290595	111.83636092002266	86.2945740462698	179.4148410729228	60.74716022589834
ko:K02205	15.089833345678098	109.37230215742036	14.155541098570884	79.74416682437408	204.9127872485192	458.8947915035045	28.83571852680135	0.0348341947058333	0.0
ko:K02217	615.3835714810737	565.0576218183239	612.794377676662	896.2339919997498	1596.9971753211723	291.33563033942653	2894.6751703317823	1442.8180439671492	381.7711877178988
ko:K02221	278.4664933052064	254.735156274836	631.0419902526976	192.8373745727223	1109.4028256567933	987.1016111839746	1594.2318544577065	576.8536245558519	157.69937789335603
ko:K02224	130.91098771359975	170.96401763651943	187.4563226620883	393.4328952807739	589.6535556387424	231.6240249049216	185.3774051714044	212.24958001408336	129.0153256157592
ko:K02226	210.52145477560663	306.2678883365205	305.4051949468537	495.4574536384416	538.9971360174474	396.5886353491372	371.41137714372815	421.6231266014894	163.51349118308426
ko:K02227	130.9486663222209	170.99633062049514	240.4145043309807	389.620444236478	589.0828861896721	231.4268316143861	184.5768430255987	212.31241744048637	135.82956282856128
ko:K02230	173.53650901304843	219.7282973119461	236.52542601214	873.7056908437173	348.25107559191275	227.14224185279176	214.04221403674316	635.5965577419038	179.56697591352105
ko:K02231	183.47678710307483	203.74011779828317	246.8048118700893	482.7946528822258	572.1470991424468	280.335725731044	305.3901776164394	308.71966679992465	167.1169947158171
ko:K02232	133.7112040798537	179.48277914049038	226.2546579612896	416.33896077283214	642.5281763866599	233.2306598692249	219.97329580617503	218.7166180679309	169.96712065652622
ko:K02233	131.79022934890332	171.71805081109937	244.3340836847354	406.6807864710107	591.4513213738721	242.8428983179492	262.1904405707289	213.71591020966872	166.19951100163576
ko:K02236	51.15	136.63223105157633	296.4528069193931	246.8126353866384	442.13893369556536	912.146533667525	171.52563654321713	17.338827886699466	7.43
ko:K02237	392.7	430.7152765753368	974.7460183153476	991.8608614843192	2091.2159709834277	1287.443969744679	2969.417295890737	1359.8844431502755	269.9935561892464
ko:K02238	441.38123993079046	545.9440990569511	1233.1379025090932	1777.6531494638396	2217.297352656872	1421.5378092462793	2050.0950386351647	1171.869328659223	686.2697994186976
ko:K02240	45.14	82.56	296.7872003571585	82.14117100983589	393.7424157916817	903.558193967989	170.29994001288807	21.01960578294222	0.0
ko:K02241	0.0	0.0	118.42166832272194	0.0	32.48372151907998	43.74921039831699	12.71	0.0	0.0
ko:K02242	38.849049921254405	86.78561089360721	326.16766102437066	112.74081919501408	591.6813272667475	864.3620871576225	228.2479911874613	27.530235820289683	22.14
ko:K02243	45.14	119.68223105157634	310.3945315715122	82.19882265186672	409.9363625185247	903.2271044503752	170.27301457586933	21.01442677139078	0.0
ko:K02244	48.37084677596336	82.56	289.8952489265389	87.54980717645951	381.97292134993694	910.4604474785094	170.2363228777114	21.00736925442385	0.0
ko:K02245	45.14	82.56	296.73	82.06259730946955	379.10664901133663	900.83	170.25	21.01	0.0
ko:K02246	45.14	119.68223105157634	296.73	81.65625242220517	417.825178802382	933.7627757506328	180.89993568378932	21.01	0.0
ko:K02247	0.0	0.0	0.0	0.5522880213080361	0.0	0.0	0.0	0.0	0.0
ko:K02248	33.49486728254376	69.732930809938	275.5119039667192	61.250636100055	357.34303657620194	820.6812801464416	137.62889601331847	21.01	0.0
ko:K02250	0.0	0.0	0.0	34.50428144208617	0.0	0.0	0.0	0.0	0.0
ko:K02251	0.0	0.0	0.0	1.5744226674411022	0.0	0.0	0.0	0.0	0.0
ko:K02256	0.0	0.0	0.4435970845570486	0.0	0.0	0.0	0.3872920593570971	0.0744942430384748	0.0
ko:K02257	0.0	0.0	1.2427886487374475	397.6840825515349	2.144705972518302	0.0	0.0	0.0	26.92952250940367
ko:K02259	0.0	0.0	0.0	390.4090275428132	0.7862886637066603	0.0	0.0	0.0	0.0
ko:K02274	0.0	0.0	0.0	421.2535529972875	2.144705972518302	0.0	0.0	0.0	2.929522509403671
ko:K02275	0.0	0.0	0.0	421.7783029979302	33.5389146634808	0.0	0.0	0.0	4.518024541068667
ko:K02276	0.0	0.0	0.0	584.4483627043817	1.5725773274133206	0.0	0.0	0.0	0.0
ko:K02277	0.0	0.0	0.0	375.614808339243	0.0656429370734724	27.32	0.0	19.0	17.221563612663573
ko:K02278	6.01	50.18219357790584	38.1316831975639	501.57537931838897	82.59659979892592	43.06942383659158	95.79376199829268	0.0	45.0
ko:K02279	0.0	33.23219357790583	10.187756297318458	328.38998785043594	14.447654564057803	49.25557114389717	86.43363183849466	0.0	57.7301668232619
ko:K02280	0.1716855951227006	33.379430274988906	9.32237002979349	508.9044874782955	7.476183822834185	16.28407036309535	98.05672164205345	0.286323761486276	49.033416769564056
ko:K02282	0.0	33.23219357790583	61.594705216662085	498.6713169233881	26.586754376573676	23.928875905758897	82.35893391380671	0.0	53.03438342072537
ko:K02283	0.0	38.91844430060241	49.28697901736492	894.8997403601621	508.7381573147423	72.2918771609296	200.39879053860705	0.0	73.35720790353517
ko:K02286	0.0630178527916391	0.054043791476374	0.0	2.2098942418251277	0.099113521637483	0.084057040986316	0.0991135216374829	0.105096229180993	532.1
ko:K02290	0.0630178527916391	0.054043791476374	0.0	2.2098942418251277	0.099113521637483	0.084057040986316	0.0991135216374829	0.105096229180993	532.1
ko:K02291	0.0	0.0	266.6506849158528	126.68100630459908	54.24624961045444	76.8377963696786	61.17170138710678	143.3660064161862	41.76860387200855
ko:K02293	0.0	0.0	0.0	21.17	10.73	0.0	0.0	0.0	23.14
ko:K02297	0.0	0.0	0.5135489963044917	0.0	1.3584173088116418	0.0	0.4483650936483065	0.0862414228467538	26.92952250940367
ko:K02298	0.0	0.0	0.0	0.0	1.3584173088116418	0.0	0.0	0.0	26.92952250940367
ko:K02299	0.0	0.0	0.0	0.0	1.3584173088116418	0.0	0.0	0.0	26.92952250940367
ko:K02300	0.0	0.0	0.0	0.0	1.3584173088116418	0.0	0.0	0.0	26.92952250940367
ko:K02302	0.0478662202287784	16.52087680670511	154.216128223918	79.32257151645415	303.63685481033644	85.38912142596075	115.055283264094	127.95037752867046	57.30151510816991
ko:K02303	122.13739425593216	135.3825295938405	69.63599463424	221.5691826736031	446.94210600087615	195.33252925481875	117.1445700880144	224.84361877297317	92.83053549578096
ko:K02304	14.993562674404965	67.70202219899184	69.84144487926585	266.4805759027422	621.2774304443697	111.9070699466226	105.5920912793848	9.922796789265606	38.78263355772376
ko:K02313	439.5911953355254	528.2114919055712	1177.5894685847747	1935.7819781381124	2025.3472398305576	1399.823987030244	1966.6736513059475	1183.050267982666	670.4949298954245
ko:K02314	438.0673733789798	541.796197204183	1252.3555902688	2895.252945949587	1991.9766917146967	1350.558011545965	2045.6959521904787	1182.7641993137506	746.8298374369092
ko:K02315	23.783673218004367	51.87754600615818	539.598456567353	300.5725397450548	704.544912920831	169.45128083774688	216.0305434599968	185.9560595463907	107.6983847753736
ko:K02316	437.708630279911	536.35624337028	1135.081425819239	1714.656924736075	1960.664545578407	1370.6923459755271	1997.2352294225957	1251.0545095314883	664.6595050870104
ko:K02327	0.0	0.0	0.0	157.49189250289638	0.0	0.0	0.0	0.0	0.0
ko:K02334	23.438331532994862	81.99526344315791	52.86026233738039	56.28563335125087	217.81216358965392	208.3230223210971	82.84406122979709	10.650094240379214	35.940741504145336
ko:K02335	436.2279782333693	517.0095850189184	1137.1363774858642	2004.103929811963	1969.180645976659	1341.1922701699882	1951.439424239982	1195.1785199442188	685.0884777756123
ko:K02336	0.2840029456495369	0.6546141329997001	0.4967506719604803	2.3157946285042885	9.30504342599248	0.0	6.131611161348827	1.0662351299573445	0.0
ko:K02337	436.725632615774	513.9393414292188	1179.820311188728	1565.0393286548783	2060.211763155992	1342.3488988642575	1983.531582717412	1169.2106045420717	667.4954078664775
ko:K02338	439.9852487599296	534.5770010807088	1213.6803090064454	1553.1452010989135	1948.4686003088657	1345.2939812783593	1986.502803329989	1509.5596253134734	629.5870467569805
ko:K02339	234.76	164.53	261.9354203239772	93.26	579.0	76.75999999999999	1367.9200000000003	561.9939480078588	132.55
ko:K02340	436.8376123125671	517.2368674652819	1110.744314086119	1538.8340303672103	1944.0281616937175	1340.5841637386468	1918.1199981235957	1174.407712794065	660.9242987783388
ko:K02341	435.0958199742395	513.506446876642	960.5497534127358	1445.2302162320632	1881.8587180959587	1326.821818274223	1920.6233967972264	1167.731366566937	663.0977373009282
ko:K02342	577.4676677386922	803.2355646679349	1774.7026201310237	2547.6704711123366	2227.481156278699	2139.383222554564	2251.9688775832883	1940.0463347984555	1125.6240692709416
ko:K02343	503.73720032432016	633.9504568630657	1425.2594348072296	1900.410499132622	2393.848436323396	1363.9965322099538	2655.413079469025	1360.175517270197	743.5381754008488
ko:K02344	234.76	165.07568473588563	50.39	0.0	579.0	5.96	1307.9200000000003	419.0	89.97
ko:K02346	387.2608395625675	469.2818825251438	1192.3593416841031	1083.3570382902362	2101.941463625072	1529.633207097639	1983.4680581290404	1186.877202098725	223.15532816058268
ko:K02347	0.0	0.0	0.0	360.328190233972	0.0	0.0	0.0	0.0	0.0
ko:K02348	45.66405928084728	66.79020146402199	140.35265182511193	111.75637250414825	220.13445709886923	127.02797293565938	46.84221506477482	1.0060921422222942	35.897261868392896
ko:K02351	0.0	0.0	0.0	11.739028090181147	0.0	0.0	0.0	0.0	0.0
ko:K02352	0.0	0.0	0.0	6.747900279875369	0.0	0.0	0.0	0.0	0.0
ko:K02355	453.2494023816329	579.6101776603448	1658.7621044030816	2597.524260406385	2742.3327414608857	1402.828333744994	2244.6301541973617	1441.8661514669693	1197.215684948962
ko:K02356	435.03	513.4499999999999	1118.728556944117	1843.3643306037884	1928.1	1852.9374513080477	1913.479822489112	1167.62	660.19
ko:K02357	435.93375306377686	514.6297043223813	1110.978492692554	1511.7493126168183	1946.080444255975	1329.744196982827	1915.336808015291	1171.0129692637574	660.19
ko:K02358	740.7106304002527	785.270927636451	1675.895770851481	1921.936705851794	2674.3842994122406	1569.6407903072995	3601.637816130192	2424.3930027953347	882.974855529406
ko:K02361	44.97140901800391	60.48890819078895	112.42141123179243	592.3317441486848	128.98420264793532	27.49053432626399	187.58135490399312	256.6506443414973	85.87145791057088
ko:K02362	0.0	0.0	0.0	0.0	12.601471449964183	0.0	0.0	0.0	0.0
ko:K02363	0.0	0.0	0.2687093475556469	0.4826359261714508	16.866650277284066	0.131069609232614	4.763608866237312	0.0	0.0
ko:K02364	0.0	0.0	0.0	157.49189250289638	0.0	0.0	0.0	0.0	0.0
ko:K02371	97.09426311639974	193.6701456389773	591.0975470092102	895.0854597671596	1119.2309538984578	871.5877835654811	386.4699546133959	46.95222715420829	139.12048436776445
ko:K02372	271.534246377787	318.9775284398408	1046.5342787766751	2114.455124757132	1610.8031808275605	1220.5764706686914	1731.854254463943	609.9593595893003	478.0269814903389
ko:K02377	147.55786038018198	201.03374045903277	250.5433762524526	1024.1651417432954	350.2743323546322	239.51556244278652	284.302678298125	563.3233068090708	154.92604807350435
ko:K02379	234.76	176.74186691234272	76.65826295087253	152.58765665067756	650.9014987732902	55.144624911731306	1307.9200000000003	443.8068140561726	94.68166721389716
ko:K02380	234.76	164.53	52.19416882993366	3.3915826342225497	579.0	5.96	1307.9200000000003	443.8068140561726	89.97
ko:K02381	0.0	1.2056179896037402	0.0	8.243759763728484	0.6953728528133986	0.0	0.0	0.0	0.4173008467798653
ko:K02383	0.0	0.0	168.14147492404368	0.0	46.12214069097031	0.0	0.0	0.0	0.0
ko:K02384	0.0	0.0	144.39262427654114	0.0	39.60769902030121	0.0	0.0	0.0	0.0
ko:K02385	0.0	0.0	157.0	168.5081074971036	53.29416814404584	59.2	29.73	0.0	14.528031021551632
ko:K02386	0.0	0.0	13.0	326.0	26.00399753400032	53.33	6.75	0.0	0.0
ko:K02387	0.0	0.0	157.0	329.39911772617234	79.29816567804616	68.84689848363121	29.73	0.0	19.24954523297457
ko:K02388	0.0	0.0	157.0	329.39911772617234	79.29816567804616	72.77867904075887	29.73	0.0	19.24954523297457
ko:K02389	0.0	0.0	157.0	329.39911772617234	76.136296915239	71.44999999999999	29.73	0.0	17.352073241095848
ko:K02390	0.0	0.0	157.0559327754577	332.79823545234467	119.09633135609234	104.871807744506	53.61865581229335	0.0093929151336159	38.49909046594916
ko:K02391	0.0	0.0	0.0	326.0	0.0	1.3286790407588027	0.0	0.0	0.0
ko:K02392	0.0	0.0	314.0	658.7982354523447	158.59633135609232	141.57132095924112	59.46	0.0	38.49909046594916
ko:K02393	0.0	0.0	13.0	326.0	26.00399753400032	53.33	6.75	0.0	0.0
ko:K02394	0.0	0.0	13.0	326.0	26.00399753400032	53.33	6.75	0.0	0.0
ko:K02395	43.39143771418477	33.927214978224214	361.9348078531106	970.2889613641732	636.557039188262	162.56823151223085	104.76278294643058	4.382471002617218	18.062170095576786
ko:K02396	0.0	0.0	165.73326514064624	347.5915392857998	116.14585537453088	157.67721334667485	39.07441159410387	1.4665965998319674	34.765064621034554
ko:K02397	0.0	0.0	157.0	329.39911772617234	92.47743767201678	71.44999999999999	29.73	0.0	19.24954523297457
ko:K02398	0.0	0.0	157.0	329.39911772617234	53.29416814404584	57.488306143369854	29.73	0.0	19.24954523297457
ko:K02400	0.0	0.0	188.12313012332416	329.39911772617234	87.83541317715243	71.44999999999999	29.73	0.0	20.67286432944763
ko:K02401	0.0	0.0	162.1908671612109	329.39911772617234	80.7220493785172	71.44999999999999	29.73	0.0	19.24954523297457
ko:K02404	0.0	0.0	157.0	329.39911772617234	81.22557333987012	75.11669047917853	28.469644978223545	0.0	20.67286432944763
ko:K02405	0.0	0.0	162.20334484576767	502.06900915509937	89.69703518016898	71.44999999999999	52.03656258049997	0.0	22.44466921449776
ko:K02406	1.1250352296738046	0.0	508.0498324600012	337.3223884081908	241.15827450238737	253.2913542316153	73.2660236069594	0.0	66.67215684961616
ko:K02407	3.3967479546746806	0.6955490702040129	174.91887319252362	335.7771396957138	90.8929785263033	151.08826277502044	49.639337731888645	2.8876011194576887	25.394378540870587
ko:K02408	0.0	0.0	157.0	326.0	79.29816567804616	71.44999999999999	29.73	0.0	14.528031021551632
ko:K02409	0.0	55.435537896847926	232.14281342860104	330.4693369872503	250.90635987651817	100.63567990262348	52.16885991589947	3.985266921546932	22.09618342592069
ko:K02410	0.0	55.435537896847926	383.9819721361101	656.4693369872504	292.0391162678992	98.81507646935268	50.449214937675926	3.985266921546932	20.67286432944763
ko:K02411	0.0	0.0	157.0	329.39911772617234	92.47743767201678	71.44999999999999	28.63530207531205	0.0	20.67286432944763
ko:K02412	0.0	0.0	157.0	330.8037355005698	79.29816567804616	71.94490261609499	31.449644978223542	0.0	20.67286432944763
ko:K02413	0.0	0.0	149.1908671612109	329.39911772617234	54.71805184451687	59.2	26.75	0.0	19.24954523297457
ko:K02414	0.0	0.0	149.95041168265777	329.39911772617234	54.92639912644154	59.2	26.75	0.0	19.24954523297457
ko:K02415	0.0	0.0	301.0	655.3991177261723	119.31573407101658	72.30172285015487	26.75	0.0	20.67286432944763
ko:K02416	0.0	0.0	157.0	329.39911772617234	80.26186950895814	73.28334523958931	30.58982248911177	0.0	19.24954523297457
ko:K02417	0.0	0.0	157.0	655.3991177261723	105.30216321204652	109.62385489840818	32.71	0.0	20.67286432944763
ko:K02418	0.0	0.0	144.0	171.90722522327593	47.69901358597839	59.2	6.75	0.0	15.891831848710025
ko:K02419	0.0	0.0	157.0	497.9072252232763	79.29816567804616	71.44999999999999	29.73	0.0	19.24954523297457
ko:K02420	0.0	0.0	157.0	171.90722522327593	79.29816567804616	71.44999999999999	29.73	0.0	19.24954523297457
ko:K02421	0.0	0.0	157.0	329.39911772617234	79.29816567804616	71.44999999999999	29.73	0.0	19.24954523297457
ko:K02422	0.0	0.0	161.1387883694128	332.79823545234467	94.22762646509064	79.32940176275244	49.73	0.0	38.49909046594916
ko:K02424	363.637760621616	233.71892002271215	255.1486077843905	167.67140904325112	1135.139362449875	161.1336663382077	1999.1459978471864	682.4170694111589	118.6416080164139
ko:K02426	381.0934781776496	391.4129828675413	364.87	745.2959657350825	1032.415470424974	234.63463940468125	1571.4754704249744	978.215800631713	547.82
ko:K02427	234.76	165.24650089992096	419.18	112.9	618.5	104.08	1367.9200000000003	580.95	161.54467253770974
ko:K02428	749.3301700362274	813.3523040230282	1790.7554112478254	2491.729486386628	2947.792726231572	2576.2201118996986	2478.1675237743207	1759.1302176862275	1217.9010650756118
ko:K02429	266.93834749670754	414.3497394459703	602.344170451732	1632.9854262292538	1269.4796593528326	373.3999163186547	1610.348989689798	1227.368134136459	850.9371710949874
ko:K02430	104.0	134.61285809170886	2.9925351300169227	0.0	579.0	3.207140184459488	1140.8546169849308	419.0	0.0
ko:K02431	127.89486728254376	139.50578890164684	43.68678249742258	180.67656831498883	815.3138839311791	69.6614381606976	1173.048302692001	419.5645304492309	6.598485788577064
ko:K02433	53.94	122.04	769.3372033458462	767.4139436571328	630.1943851240784	1092.0363043627674	287.0298224891118	211.38416572739328	154.6281912024918
ko:K02434	54.84375306377685	123.01225662550434	810.2518762105152	772.4535887401263	651.2885991323378	1087.8927879901978	296.6046405654847	207.641278980698	97.69228661573544
ko:K02435	53.94	122.04	729.1551032002285	757.4360641357142	613.0358318559541	1084.2019812091453	301.5481785147672	192.0388428960745	93.0324417499482
ko:K02436	0.0	2.310803924538169	0.0	0.0	0.0	1.5418191396349843	73.15483595064791	0.0	0.0
ko:K02437	210.5587708861013	223.91887542950607	631.4869099153881	1253.6935333496594	598.0420529813604	466.631834906692	372.7723892419708	713.1447696173256	550.1473765179951
ko:K02438	234.76	164.53	140.46340290363707	69.58418889954231	580.6021627738729	44.59251917266542	1366.0750293903602	527.3686912021294	97.13564469872176
ko:K02439	266.11871445768884	220.62154174994163	68.84625498661033	0.0	875.161607540095	6.3089307812665245	1882.6879814385136	545.3394361324193	90.17865042338994
ko:K02440	182.5123373080445	218.80048630829577	587.4834771291451	166.4561767204898	641.316379567073	1452.8216874598747	398.2208213559817	38.93917760543563	207.09817960282504
ko:K02441	130.76	62.24650089992096	108.8772283707486	0.2508822738276696	249.14478944556504	18.476598991268894	199.16528924076243	0.1808099507019933	99.9261991728416
ko:K02442	0.0	0.0	0.0	0.0	0.0	0.0	0.0	0.0	12.836145523852224
ko:K02443	2.79	8.51	4.88	63.65530401970346	24.039013585978388	1.3286790407588027	24.450000000000003	6.45	11.413636733760164
ko:K02444	130.76	66.10592621861191	270.11778285784834	136.34317337727242	0.0	122.07532229390176	270.6267622275664	145.8235367363156	108.81047277149985
ko:K02445	156.25776458930085	111.56402519176676	192.3580020851362	72.11486245412928	292.4528517949527	129.48623560589073	295.8046749138563	0.4168352467486127	407.4977427923478
ko:K02446	243.6461774094365	200.44330063255967	109.50073324661292	218.5768610627808	714.5263599464391	17.05	1360.286326096037	425.7735367194512	109.78260425302258
ko:K02450	0.0034781776495385	0.0029828675412181	1.0945567478287703	652.1384952908	0.653292343918916	0.7951212990323747	0.0054704249741159	0.0058006317129962	1.397073551200622
ko:K02451	0.0	0.0	0.0	3.3915826342225497	0.0	0.0	0.0	23.361405510976965	0.0
ko:K02452	0.0	0.0	0.0	0.0	0.0	0.0	0.0	0.0	24.0
ko:K02453	9.141363654741454	25.634960196006435	121.94968244268094	1113.6997544273795	233.23838376381704	25.737104450375195	42.09618685402266	7.731585019984621	53.48912920075607
ko:K02454	8.8	39.48	75.64414633540008	1083.3084050848065	205.23119909215265	91.97601646093048	107.92	28.107693981968364	83.02355476621267
ko:K02455	2.876177409436485	8.55416878082046	30.12928807399901	1169.9608085955556	65.9025009185281	49.921469544177086	30.599238847527715	6.773536719451133	24.0
ko:K02456	15.509947089229213	26.324843725164012	178.05816198688825	1858.1201760130712	321.25774035262674	392.1521652581384	73.05349657307002	7.085105296397006	63.94833689192589
ko:K02457	4.223506694793581	0.864843725164015	23.230012970919297	3.703961018863258	9.613231359661908	1.4195586468496215	25.019610530526812	0.0	27.56636380765448
ko:K02458	0.0	0.0	0.0	0.0	0.0	0.0	0.0	0.0	24.0
ko:K02459	46.844733164984575	0.864843725164015	0.9000129709192983	329.70396101886325	3.67039037518776	1.4195586468496215	5.019610530526815	171.71436433663484	24.0
ko:K02460	0.0	0.0	6.891176647119459	0.0	25.20590317139922	0.1927671288810008	0.0629406936314242	0.0121064174054401	24.0
ko:K02461	0.0	0.0	22.33	0.0	0.0	0.0	0.0	0.0	24.0
ko:K02462	0.0	0.0	0.0	0.0	0.0	0.0	0.0	0.0	24.0
ko:K02463	0.0	0.0	0.0	0.0	0.0	0.0	0.0	0.0	24.0
ko:K02464	0.0	0.0	22.33	19.78576804028671	0.0487629415974444	27.32	0.0	19.0	41.185160714684514
ko:K02466	0.0	8.421263409283826	29.580745931772245	2.308914360224535	6.432269838490218	27.23375451547516	12.897880449699354	1.2176338584168724	2.5419689784483688
ko:K02468	0.0	9.137764309204831	0.0	0.0	0.0	2.4497291520410185	12.146043108006616	0.0	0.0
ko:K02469	435.29715621855655	519.4593592036036	1161.5925582060925	1519.053763635824	2185.743100024123	1377.1418804308648	1937.5279158759995	1329.032379387435	656.2426171882067
ko:K02470	435.0920289587128	517.2476743554955	1126.0642441960722	1510.6950782527715	2192.488030272576	1364.3782572608998	1924.9895870243508	1171.108881866356	706.3622280013033
ko:K02471	439.49994092788	285.70049746870006	534.6943360148923	296.2343918919734	891.4411356968507	237.7330060950096	2167.08082144382	1010.5142163909572	273.8818458467992
ko:K02472	22.868420061900306	71.7363713822883	132.01211578212917	95.17184208929248	169.77289135909731	53.933239588571226	35.00006075719513	96.66676747535465	88.5697439616015
ko:K02473	0.6520530187655482	24.70227818590412	33.4671328979437	547.6823176887691	64.01194446703178	2.42912771351278	27.00777533312095	2.673290568181631	29.94901353496664
ko:K02474	1.3654539020330976	78.29410563956998	302.5210519365302	599.0022646394347	156.7221207834274	92.82240488090792	126.88461265525125	211.9347244544068	211.12737950882803
ko:K02475	9.12	12.31	24.11982892515644	1.6066861915737338	121.7263171979702	79.3	29.643652288159124	0.0045494330698814	0.2086504233899326
ko:K02476	9.12	12.31	30.938914478435127	0.1996853893271417	201.35609848106287	79.3	29.643652288159124	0.0045494330698814	0.2086504233899326
ko:K02477	3.556595196108931	65.27842725397713	77.6340621908153	407.08772420430125	164.13761085861302	32.62997100464008	77.6310769110519	168.28137821863112	347.73398218623686
ko:K02478	2.9145654190723747	8.573843909080011	5.09787786561763	23.76572160713137	47.34864991264517	5.064113699433566	24.824461058587968	6.917657212107669	4.920317637287087
ko:K02479	9.12	114.27223105157634	336.1826721407227	56.06152930667711	431.3997653173248	346.76856005643253	144.40897700714157	22.079249353840925	0.0
ko:K02480	0.0	0.0	78.9437720817658	34.323199610327855	21.654715258539923	0.0	0.0	0.0	0.0
ko:K02481	32.03328144685456	8.848686710360212	174.22410789739973	1378.7849202155478	129.0382203741993	40.09677656242373	50.81911361467627	26.10862692383702	84.24511333484425
ko:K02482	0.0	0.0	0.0	168.90300741573466	33.001828409815126	19.246594416344976	0.0	0.0	6.669589955638921
ko:K02483	134.01258902747833	13.516466027758035	503.6833173577178	466.6547456810882	334.797153010495	284.46974393441417	270.1813511352475	281.5613139063132	147.6522178586976
ko:K02484	0.8298398882406818	1.7553086156278177	384.7388993526199	171.14609538577582	616.0483393419061	192.69618117007985	70.36547778782945	144.33394183893304	347.95724999479955
ko:K02485	0.0	0.0	0.0	0.4433495666024746	0.148311172881014	0.0	0.0	0.0	0.3198434800062128
ko:K02486	0.0	0.0	0.0	168.5081074971036	0.0	0.0	0.0	0.0	0.0
ko:K02487	0.7802584332921756	14.7856229590678	63.561855710387015	178.4701838663279	24.893906233535255	28.616530078142965	152.00932139777586	21.05280431672285	41.08
ko:K02488	4.377830221070525	0.0	0.0	4.377830221070525	0.0	19.41750112637322	0.0	0.0	0.0
ko:K02489	0.003332491845478	0.0028579281333055	0.0	0.005715856266611	0.0052412925544385	2.673655478420992	0.0052412925544384	0.0055576683625534	0.0
ko:K02491	0.0	0.0	0.0	0.0	0.0	7.879401762752495	0.0	0.0	0.0
ko:K02492	271.5820822451628	358.28132617493736	417.3532570102122	1334.1368833353336	1157.2088640774284	335.38763731905124	1464.0225799701077	793.7469544350149	164.19764894006244
ko:K02493	435.1453238346227	513.5489011366542	1142.1194656694302	1690.2916527214973	1929.952964499941	1348.01113646282	1933.88189702414	1194.8588721941114	661.9811043451132
ko:K02494	234.76	164.53	275.18	112.9	579.0	104.08	1367.9200000000003	580.95	149.63
ko:K02495	140.4177015494963	164.53	50.39	15.113765527311358	579.0	26.983832698887287	1249.5831183586167	438.0	55.73535115320007
ko:K02496	234.76	164.53	304.69719196197804	113.6091853626076	592.1363885419016	80.9292190979766	1391.561386356093	575.975066212576	111.111671021247
ko:K02497	0.0	0.0	0.0	32.54195097439844	0.0	0.0	0.0	0.0	0.0
ko:K02498	234.76	164.53	275.18	93.26	579.0	76.75999999999999	1367.9200000000003	561.95	108.55
ko:K02499	15.13	37.25212187886056	239.9716764186328	242.6568615137627	333.1684780114849	154.03265298983484	114.72	10.098662342495365	19.25060242196983
ko:K02500	79.55493196792501	147.8049925257346	251.21059862493	671.2861901593765	653.723385869993	187.71614505997215	737.6721332286666	441.758690789608	381.25477019441615
ko:K02501	79.52091957463186	147.77582366946106	250.94233563686717	666.5806165122189	630.4407258011829	187.46256221218272	737.6452131176145	441.70707901569966	314.9742426378144
ko:K02502	6.01	86.45632901549473	224.95696289487384	307.7484993557204	394.36359643502703	194.4649774389532	91.10279310717442	128.60131918507346	76.86583982573163
ko:K02503	435.03010618501344	513.4500910637298	1044.1938089869711	1505.1814359926132	1911.7068269939257	1328.6486224845255	1912.7167637971968	1167.6276180787347	660.9242987783388
ko:K02504	234.76	165.56743428741356	50.39	0.0	579.0	5.96	1307.9200000000003	419.0	89.97
ko:K02505	234.76	160.31247817113004	50.39	494.508107497104	579.0	5.96	1307.9200000000003	419.0	89.97
ko:K02506	234.76	164.53	50.39	0.0	628.8324866544468	5.96	1307.6919089770445	419.0	89.97
ko:K02507	234.76	179.74457100081366	92.81	100.64	579.0	75.85707175904892	1318.0474094839212	438.0	131.05
ko:K02508	6.722055093217318e-05	6.001890337015505	7.157259378031935	3.7067583773340784	0.0001057234614344	4.1519451644090815	36.84898586432018	8.487868683592298	0.3987657826351262
ko:K02509	10.74480884114371	2.732393113370616	0.0	44.81616904735832	35.924646466557576	47.65770421415617	6.681847163456326	4.159005619602572	11.78
ko:K02510	0.0	2.732393113370616	0.0	17.33547377707247	5.402615013279124	0.0	6.681847163456326	0.3959229787498424	46.81497389900685
ko:K02517	427.7316231052197	520.9800488143463	910.6622695801392	1728.4653123912713	1606.305004413222	550.1719812091453	2349.253063206434	1439.2357288764854	683.7444444088737
ko:K02518	435.03	513.4499999999999	1026.4891632016318	1462.4765665599948	1921.1482858611455	1325.053603411749	1912.62	1119.902949569747	643.7749599383301
ko:K02519	461.7709834073212	525.9377729944666	1183.4274207367368	1724.957476092984	2057.093468363887	1380.1269869164807	2107.5812464380465	1194.482329824762	714.0039188210555
ko:K02520	435.0301830840424	514.1430007558988	1097.4702952764924	1485.303102189022	1931.435950507279	1332.2524792062254	1925.456292293296	1244.9256375130203	663.2172792739229
ko:K02521	234.76	164.53	50.39	0.0	579.0	5.70422602828948	1258.7274722315722	419.0	89.97
ko:K02523	387.2190679184602	408.462112043996	803.7755237509693	1316.1456006617643	1253.9716229709777	399.4927216580747	1697.3548094897678	1141.9070805045371	640.3660784685878
ko:K02525	9.6	51.3395775935155	65.73762083859862	83.10719953888494	98.61259924047977	46.35667594554666	0.608338156969747	0.117011669668904	5.035331326916857
ko:K02526	26.42	20.968790348378683	148.08769330422024	57.2413841145945	128.53768528760924	13.428351183715527	37.101985933383865	0.7644814815722343	0.0
ko:K02527	389.8901830840424	433.8017720853801	551.3211344671492	1428.1058628657051	1169.7045123236053	401.5080537890293	1661.4235282121122	1230.2565851989268	297.3838911977416
ko:K02528	435.0350681509406	514.4979885497787	1110.1904105194772	1529.5221256034376	1948.5949387660044	1337.0199553328112	1918.323988664552	1167.7846710119595	681.4687035722416
ko:K02529	532.4370468032602	440.5887988456192	1365.8623141313594	3855.9662118049937	3040.2108100820715	5480.694490591111	1848.9687745472395	1004.4554622946068	795.8687795765527
ko:K02530	9.12	77.15	299.2096437827962	22.56949185140429	317.05019859280884	525.8162718098254	145.85227533575713	21.058524258942207	0.0
ko:K02531	0.0	64.84	196.0260893035527	1.474386930607731	87.26112130560404	501.104812223948	83.0143468180057	15.967512832063536	0.0
ko:K02532	3.071712678227568	53.06065570309698	113.1334547147661	18.928767234436684	14.553350988663412	50.619623977016126	8.512471405052999	28.42445802707372	32.9876539888345
ko:K02533	0.0	0.0	340.9022125938833	114.02101825963096	37.9754680379055	99.67937977867196	60.0	161.95000000000002	60.63489775328394
ko:K02535	243.56	204.01	334.14	652.6286704624617	743.91	168.994902616095	1417.4596449782234	587.4000000000001	157.06
ko:K02536	392.3419228882432	462.8966065096048	683.2304058252834	1920.786607802172	1316.668750618805	397.57627133219626	1731.7819271553649	1147.5177827161378	660.4444539184714
ko:K02538	12.51674795467468	13.005549070204014	141.8926787860649	18.133192036176787	214.8392191510266	126.90421893601246	82.8268480046951	7.394159882334817	0.0
ko:K02545	0.0	0.0	0.0	8.573850205017187	0.0	0.0	0.0	0.0	0.0
ko:K02546	0.0	0.0	0.0	1.267705891685854	0.0	0.0	0.0	0.0	0.0
ko:K02547	0.0	0.0	0.0	1.6421509806651304	0.0	0.0	0.0	0.0	0.0
ko:K02548	433.0902037338874	427.5608648834195	569.1721476505152	1030.8908236864752	1498.016969785831	1105.6153640535013	1683.1093156537268	1047.1276454627568	613.6718086984237
ko:K02549	243.8417126782276	181.48	81.26351843635948	193.30139764912715	692.9041644473477	30.674325608221856	1324.5400000000002	419.0	120.54
ko:K02551	285.896572131088	242.8184761908548	188.1504718291828	746.4024243908466	823.4870122015257	44.74750031412775	1541.574182399682	675.9094132041407	281.86789153988184
ko:K02552	285.74140901800394	243.8910270803137	183.80141123179243	723.1517441486848	817.7442026479353	44.540534326264	1512.1213549039933	675.6506443414974	206.4114579105709
ko:K02553	234.76	164.53	79.37245336792415	17.7391979294415	579.0	353.0045552699308	1307.9200000000003	442.43303699502974	141.17696031745726
ko:K02554	0.0	0.0	0.0	175.03002862725725	0.0	0.0	0.0	0.0	24.0
ko:K02556	0.0	0.0	162.95041168265777	486.89101022906834	80.93039666044186	71.44999999999999	29.73	0.0	19.24954523297457
ko:K02557	70.57102851854629	71.3446690638668	282.7673472244886	1240.1045477984867	310.84482368021867	117.77366994357934	262.83478922618133	290.9079650794868	115.43827614375604
ko:K02558	234.76	187.1	283.38	616.87	697.35	104.08	1389.3900000000003	580.95	201.77
ko:K02560	234.76	164.53	72.72	0.0	579.0	5.96	1308.6241492145025	419.0	89.97
ko:K02562	0.0	10.66431568630106	0.0	0.0	0.0	2.824089381095496	85.96243393617624	0.0	0.0
ko:K02563	435.2304302938253	516.53350307858	1114.346054977828	1859.7680354539648	1934.0775187170832	1334.0218640119338	1942.7547072559412	1248.302925555421	660.627068445966
ko:K02564	502.5528160908509	441.61129792541846	924.8872003431388	1212.8329771809324	1790.5785216683369	1171.6513975937428	1849.3962477159257	769.4365990399875	955.2564528236308
ko:K02565	0.0	66.57319703790871	50.39	0.0	0.0	5.96	91.9549706096401	0.0	32.5
ko:K02566	3.7672492884414273	9.03623341259988	98.10604916408022	353.85518163959216	39.6493677782816	0.7574788972518732	27.28240176104489	9.965540499194924	163.50726348658463
ko:K02567	234.76	164.53	50.39	168.5081074971036	629.04	18.21	1307.9200000000003	419.0	89.97
ko:K02568	234.76	165.72457100081365	50.39	168.5081074971036	629.04	18.21	1307.9200000000003	419.0	89.97
ko:K02569	234.76	166.44107190073487	50.39	0.0	606.2725324426442	5.96	1307.9200000000003	419.0	89.97
ko:K02570	234.76	164.53	50.39	0.0	629.04	18.21	1307.9200000000003	419.0	89.97
ko:K02571	0.0	0.0	0.0	0.0	0.0	0.0	3.3485499931504163	0.0829740534849315	12.52137582748804
ko:K02572	234.76	123.98425742875688	41.06762997020651	4.716760964244891	646.960613823687	15.84030603243128	1240.3552455795923	419.0	60.872789479918985
ko:K02573	198.3422984505037	164.53	50.39	168.5081074971036	652.6827286645942	30.46	1295.9958832531534	419.0	79.87839198358597
ko:K02574	198.5403007452527	167.088947767061	114.50409497181556	62.61499084925588	670.5809961063311	30.72410749125534	1295.6394392138652	419.3302126877617	79.87839198358597
ko:K02575	8.198041779502368	30.103360012201502	156.14970432947382	329.724181856973	96.98657768447592	97.7352373503872	36.74279133575767	107.2858025350434	105.27748627357212
ko:K02584	0.0	0.0	166.44221259388334	368.26598422148487	56.16692427885511	0.0	0.0	0.7382998263775283	39.23115539753719
ko:K02585	6.037462242367201	0.0235514800047829	0.0	99.12504485859117	74.53826486423245	9.37582743622256	17.757890122335095	0.0457993725554267	31.575575836726685
ko:K02586	0.0274622423672008	0.0235514800047829	0.0	36.44618136698647	11.104501698115705	28.809988184650205	8.747712611446861	0.0457993725554267	23.85449224984552
ko:K02587	39.24125406359609	21.922602026449677	29.676710933618704	162.94123689823627	17.28427460143227	62.47183888493773	37.28340115983419	1.9907956062851704	25.30123754856005
ko:K02588	0.5577315989900353	21.946153506454458	27.32915330624727	146.705948044168	25.202575029462125	60.79677583576901	26.782466912821004	2.036594978840597	25.014223016578317
ko:K02589	0.0	0.0	0.0	21.77392350954681	11.572594980182902	10.240598237247507	0.0	0.0	24.95711536266844
ko:K02590	0.0	0.0	0.0	21.77392350954681	11.572594980182902	0.0	0.0	0.0	24.95711536266844
ko:K02591	0.0274622423672008	0.0235514800047829	0.0	114.62738455298178	19.44009962243256	0.0366308074613137	4.117890122335095	0.0457993725554267	24.560556144484103
ko:K02592	0.0	0.0	0.0	21.17	10.73	0.0	0.0	0.0	23.14
ko:K02594	0.0	0.0	0.0	21.17	10.73	18.12	20.31871393549763	0.0	23.14
ko:K02596	0.0	0.0	0.0	0.0	0.0	0.0	1.094697924687944	0.0	0.0
ko:K02597	0.0	0.0	0.0	0.0	3.1618687628071305	0.0	0.0	0.0	1.8974719918787104
ko:K02598	9.12	69.96430922632922	233.5075914757324	131.88003511825397	220.97360621474093	158.6550094210167	121.62	101.71955755033144	13.25483610274122
ko:K02600	435.2331981674352	517.2226411637232	1119.4872112989476	1515.7928819471354	1954.939589727632	1360.627170640968	1931.7341650853384	1248.4151502125972	721.0675930945557
ko:K02601	435.0657765537401	519.4990667179079	1262.0998926728623	1515.169872281475	1975.1317368581863	1334.373701945453	1926.1181914683084	1333.9576732957182	687.806829473903
ko:K02609	0.0	0.0	0.0	1.0484949797743557	0.0	0.0	0.0	0.0	24.0
ko:K02610	0.0	0.0	0.0	1.0484949797743557	0.0	0.0	0.0	0.0	24.0
ko:K02611	0.0	0.0	0.0	1.0484949797743557	0.0	0.0	0.0	0.0	24.0
ko:K02612	0.0	0.0	0.0	1.0484949797743557	0.0	0.0	0.0	0.0	24.0
ko:K02613	0.0	22.57	30.53	482.8	12.62	0.0	21.47	0.0	24.0
ko:K02614	0.0464385229509097	41.77759439057487	200.90639132704337	190.1034095023777	485.4042383098473	261.6191075910101	115.18387344313176	21.085649648496105	126.18026395461632
ko:K02615	0.0	0.0	0.0	2.688784798533156	0.0	0.0	0.0	0.0	24.0
ko:K02616	0.0	0.0	0.0	1.6545452031398162	0.0	0.0	0.0	0.0	24.0
ko:K02617	0.5881458656311582	9.43439091641153	11.58	29.94289302520798	8.317179869890337	19.67804349665453	44.03726947751578	247.19086351641653	35.15685984832528
ko:K02618	0.0	0.0	0.0	0.0	0.0	0.0	0.0	0.0	24.0
ko:K02619	379.4511607296656	431.3985346470741	359.05414328761634	1048.3728691841893	1225.3679047896435	314.255030103986	1667.7053680624254	1022.5392940927396	258.4685784252577
ko:K02621	417.21146067366016	461.747012160006	993.5748943721414	926.2726391527444	1309.3918469880896	1155.6371950761732	1784.8874298915548	1161.3758383693146	616.2838733541371
ko:K02622	417.1123843047672	462.3785456676168	1023.775509379962	929.2390535713917	1321.262044392217	1197.4648101473165	1781.5024496693045	1166.498191765211	620.2330009020116
ko:K02623	0.0	0.0	0.0	157.49189250289638	0.0	0.0	0.0	0.0	0.0
ko:K02624	0.0	0.0	0.0	160.22333120711735	0.0	0.0	0.0	0.0	48.0
ko:K02626	140.01	166.33999999999995	98.0	220.61390892144505	215.0065237612064	201.1	93.38	302.46	91.24266168073764
ko:K02630	0.0630178527916391	0.054043791476374	0.0	2.2098942418251277	0.099113521637483	0.084057040986316	0.0991135216374829	0.105096229180993	532.1
ko:K02635	0.0	0.8255668662913888	0.0	21.17	11.150568837375312	0.0	4.842163444272086	0.0	23.14
ko:K02636	0.0	0.0	0.0	21.722018152868564	11.144959424775772	0.0	0.0	0.0	24.034889197512708
ko:K02637	0.0	0.8255668662913888	0.0	0.0	0.4205688373753115	0.0	4.842163444272086	0.0	0.0
ko:K02639	0.0	8.344280589991484	25.9371401481297	74.92305421113076	14.294640096676522	5.068344269917832	9.96397639304054	0.2603851765819914	0.7274905380936533
ko:K02641	0.0	0.0	0.0	168.5081074971036	0.0	0.0	0.0	0.0	0.0
ko:K02647	6.387941396989652	77.17324328819714	41.23541971903626	56.64181016364733	313.7268110472542	409.6987061833627	36.27657507315336	0.8911109030671464	66.98646806402913
ko:K02650	2.4864403944356424	74.24446210315202	423.0534963957454	959.561516385732	51.60757514353527	167.83745568689545	145.27521137432834	317.9639326620784	137.70879197649649
ko:K02651	0.0	42.38314266543468	12.337000691704748	810.5034207773397	80.52956801659374	17.39911316367701	94.39455245182064	0.0	63.65247925088072
ko:K02652	18.05570358741812	126.15084081261504	348.11193687183186	1848.2767985163832	378.7846316331235	244.6541306014852	233.062833003578	169.27955788079902	94.67355476621258
ko:K02653	8.886177409436485	76.64639983239647	338.68343440939907	2128.909926321728	190.9260135842741	152.43965314232773	216.54265354974075	168.72353671945115	111.85119657413588
ko:K02654	51.529208157179134	80.1272708555696	419.8765048435124	1048.8234928194138	665.5593943788165	283.00477287971404	195.8652738793405	167.1184149800154	92.33867399924252
ko:K02655	0.0	0.0	372.62035588331673	365.8155857466887	0.0	209.62566643509305	60.0	379.04342263346655	173.01898993795652
ko:K02656	234.76	164.53	311.01421092575504	115.61566939621152	628.470278122517	104.08	1377.9698872559018	582.9871746420122	149.63
ko:K02657	0.0	0.0	22.33	19.64	0.0	27.32	0.0	19.0	41.08
ko:K02658	0.0	0.0	22.33	19.64	0.0	27.32	0.0	19.0	41.08
ko:K02659	0.0	0.0	22.33	19.64	0.0	27.32	0.0	19.0	41.08
ko:K02660	0.0	0.0	22.33	204.04493842115576	9.003065992656241	27.32	0.0	19.0	60.49574530009929
ko:K02661	0.0	0.0	0.0	14.896287900131153	0.0	20.72131290384843	0.0	19.0	12.95461289889206
ko:K02662	0.0	38.746716766245065	239.8016787699648	640.7189384520541	40.03	98.66079670705574	94.8664579800164	161.95000000000002	76.72999999999999
ko:K02663	0.0	42.05625378036699	226.31223897735288	607.408107497104	18.03	98.12	83.18517191551402	161.95000000000002	70.48
ko:K02664	0.0	0.0	224.79	112.9	0.0	108.632254261478	66.75	161.95000000000002	59.66
ko:K02665	0.0	0.0	224.79	112.9	0.0	98.12	60.0	161.95000000000002	59.66
ko:K02666	0.0	14.02	315.6413374273433	388.8517387336412	1.6130947562384974	179.49746539577882	67.60982248911176	192.31786469890076	79.69207104163941
ko:K02667	0.0	0.0	224.86936580754264	112.9338857208607	0.0	98.41349062942416	65.84445428166897	161.9127278174719	59.66442185572544
ko:K02668	0.0	0.0	225.39826351808532	114.64581555323696	0.0	108.4278987543224	60.0	170.6717808560211	61.17825507379261
ko:K02669	8.8	76.60223105157601	283.75	1143.9947457296382	268.4264817176391	187.42770268762268	182.8	168.4	107.92240902100755
ko:K02670	0.0	0.0	451.8157746821141	233.76290959679392	0.0	206.9771569076268	125.6401282306608	328.586223431181	94.49228196326058
ko:K02671	0.0	0.0	224.79	439.524797293606	0.0	98.98911721289794	60.0	170.75368098159515	60.20335732050867
ko:K02672	46.844733164984575	0.864843725164015	239.94723787720736	126.12713673575098	3.67039037518776	112.589595218778	65.01961053052682	341.61887603949333	63.442439910876736
ko:K02673	0.0	0.0	224.79	93.26	0.0	70.8	60.0	142.95000000000002	18.58
ko:K02674	59.29523109619075	0.0	319.390662087133	319.468330603549	0.0	155.68858213720202	112.99505921773604	269.5276148535282	93.93835656940406
ko:K02676	0.0	0.0	224.79	112.9	0.0	98.12	60.0	161.86809987442595	59.66
ko:K02679	234.76	164.53	50.39	0.0	579.0	5.96	1307.9200000000003	419.0	89.97
ko:K02680	234.76	164.53	50.39	0.0	579.0	5.841413742656044	1285.1125277684284	419.0	89.97
ko:K02681	234.76	164.53	72.72	0.0	579.0	5.96	1307.9200000000003	419.0	89.97
ko:K02682	234.76	164.53	50.39	0.0	579.0	5.96	1307.9200000000003	419.0	89.97
ko:K02686	234.76	164.53	118.5276917668954	32.005820305080015	579.0	24.58760739861471	1349.361704999735	464.39780693374746	103.6737647737349
ko:K02687	435.03010618501344	506.0312253050921	868.4073732569459	1342.0695253654742	1901.751708342274	1333.3808335209724	1935.218714387384	1170.79264916673	410.3380923803473
ko:K02688	0.0	0.0	1.3008844530770445	0.0	38.221953398893945	0.6345384649720143	4.865302075312053	0.0	0.0
ko:K02703	0.0	1.6511337325827793	0.0	0.0	0.8411376747506215	0.0	9.684326888544174	0.0	0.0
ko:K02704	0.0	0.8255668662913888	0.0	0.0	0.4205688373753115	0.0	4.842163444272086	0.0	0.0
ko:K02706	0.0	1.6511337325827793	0.0	0.0	0.8411376747506215	0.0	9.684326888544174	0.0	0.0
ko:K02742	234.76	164.53	50.39	0.0	579.0	5.96	1307.9200000000003	419.0	89.97
ko:K02744	48.61649330520645	57.49790867067226	203.6326928490966	42.63603898113677	184.0229554717202	80.20142039643629	88.6534861313599	5.938329770816068	0.0
ko:K02745	50.31486728254374	20.72345215419824	64.27344926653046	44.125491102821286	78.03517403355212	21.64971475876886	60.35474246154351	0.1069150771510454	0.0
ko:K02746	85.85486728254374	96.72175416768594	395.1805098371309	78.25182026829691	508.50404585151415	1205.5467487882286	230.56725326105325	21.109704163461583	0.0
ko:K02747	50.31486728254374	14.161754167685933	64.27344926653046	44.125491102821286	67.3765618674597	18.8761065184416	60.35474246154351	0.1069150771510454	0.0
ko:K02749	44.39298661041289	9.09031254967198	9.459974058161414	50.07187399359941	48.04459330243864	412.2408680323112	59.51077893894643	0.0	0.0
ko:K02750	44.39298661041289	9.09031254967198	9.459974058161414	50.07187399359941	48.04459330243864	412.2408680323112	59.51077893894643	0.0	0.0
ko:K02752	0.0	0.0	0.9431831690919764	1.9855962100864424	0.2484015719129761	0.8385955364670833	0.0704250750548599	0.0135460114153859	0.0
ko:K02753	0.0	0.0	0.9431831690919764	1.9855962100864424	0.2484015719129761	0.8385955364670833	0.0704250750548599	0.0135460114153859	0.0
ko:K02755	26.42	108.19779791786772	325.46004451438563	40.94030873614983	770.581818332356	3817.714977487117	95.54006321327545	3.345502439437004	12.43175560380877
ko:K02756	0.0	102.78779791786772	262.2683943299476	16.919715290911476	747.6218183323559	3765.40756362842	64.14006321327545	3.345502439437004	13.855074700281833
ko:K02757	0.0	102.78779791786772	294.83004451438563	16.919715290911476	747.6218183323559	3765.40756362842	64.14006321327545	3.345502439437004	13.855074700281833
ko:K02759	72.51136058775018	119.51319276511468	499.7433191951549	92.49114974175154	451.37794385544953	2681.128063467855	184.96120127484213	19.000348354765	0.0
ko:K02760	101.45649330520644	125.44026195517668	359.7853028572156	111.5386038530829	424.0764582185912	2274.395282719178	150.84245876478923	4.239994440398556	0.0
ko:K02761	113.75353036667968	127.65558587848528	450.8896799849277	112.15976451563355	448.9705443532881	5043.138163994881	150.56243094546795	4.7633837132745045	0.0
ko:K02763	0.0	0.0	0.0	33.95801496941772	0.0	0.0	0.0	0.0	0.0
ko:K02764	0.0	0.0	0.0	33.95801496941772	0.0	0.0	0.0	0.0	0.0
ko:K02765	0.0	0.0	0.0	33.95801496941772	0.0	0.0	0.0	0.0	0.0
ko:K02768	258.8667479546747	272.91896948217817	507.7207917839101	699.4936582262097	1516.5687653258778	1012.327763634506	1559.7462474570475	494.00536584253547	173.80791777732426
ko:K02769	293.31512193201206	350.8221189426323	809.504782602047	344.648966850231	2003.0043607470468	1520.959621479897	1703.8546619997132	489.2061928682757	135.24095745986693
ko:K02770	256.07674795467466	264.4089694821782	500.2985122763615	311.9832279780733	1506.5449645388794	1159.3388498185411	1532.3608811144527	468.3452085790408	135.24095745986693
ko:K02771	0.0	37.12223105157601	114.72116052020438	0.0	110.26972184789554	59.85272495663258	30.317250213661545	5.831414693665011	0.0
ko:K02773	10.81837397733734	14.968578459640176	66.07726468138235	15.637098765922708	150.60077534353863	955.4175043807658	90.26683327977848	0.0120072307453415	0.0
ko:K02774	33.014867282543754	19.51373473447616	70.80725171046305	34.274827015315424	144.2348557210766	438.3756914724362	108.4286847592538	0.0120072307453415	0.0
ko:K02775	43.51223933683496	66.27804942720681	45.86737473235306	59.036476690566616	264.4849188648204	742.5421434899986	287.9058722034567	1.518670508742513	53.21
ko:K02777	383.08526683501526	405.6773873264123	413.13723329276	142.7932906047323	1643.617490426455	1647.4901786764303	2677.924026348264	690.5140659156447	89.97
ko:K02778	160.44005907212	222.52548479486788	74.91419674124579	33.44636386430277	899.8784778711498	536.1212401003454	1791.6783247867618	539.9801111099777	15.47836524386672
ko:K02779	160.44005907212	222.52548479486788	74.91419674124579	33.44636386430277	899.8784778711498	536.1212401003454	1791.6783247867618	539.9801111099777	15.47836524386672
ko:K02781	9.12	19.852788374393636	61.84599166369531	19.65232191237573	184.09593928715597	666.5963561131578	61.225676295463984	1.9368667390326344	0.0
ko:K02782	9.12	19.852788374393636	61.84599166369531	21.96123627260024	184.09593928715597	140.49375010962532	54.475676295463984	1.9368667390326344	0.0
ko:K02783	18.24	39.70557674878729	123.69198332739066	43.922472545200485	368.1918785743117	280.9875002192505	108.95135259092798	3.8737334780652777	0.0
ko:K02784	237.55	173.04	97.62054427116142	22.994078168383005	622.4133965804348	9.12107914777539	1372.1179253927492	425.45	90.1460841030418
ko:K02786	0.0	64.84	183.35184398782675	19.948359203912982	133.36400040085115	1113.5089273384615	82.53631607110646	15.87556532686942	0.0
ko:K02787	0.0	92.55776894842369	211.07063869136888	15.944483695239828	139.85644313300313	1345.9481992716828	84.910018776469	16.332138556198974	0.0
ko:K02788	0.0	92.55776894842369	211.07063869136888	15.944483695239828	139.85644313300313	1345.9481992716828	84.910018776469	16.332138556198974	0.0
ko:K02790	35.54	54.84223105157601	80.0160377146988	72.10616944544319	152.82698859616258	612.5556893852973	61.27607164777636	0.0492544659871949	0.0
ko:K02791	35.54	54.84223105157601	80.0160377146988	72.10616944544319	152.82698859616258	612.5556893852973	61.27607164777636	0.0492544659871949	0.0
ko:K02793	119.2035606595194	233.25223563013145	641.1082484156143	80.11903983852932	623.0942877820496	1638.7866122023174	548.6327725455494	42.09679243682685	55.44166181971981
ko:K02794	119.2035606595194	274.23329003945565	747.4625758018818	79.00677650022787	706.2770459996591	1675.6891542633691	578.8522876520336	47.90940813203176	53.54418982784111
ko:K02795	92.7835606595194	262.3788759485564	738.4233701896225	55.741225524574375	697.598085915437	2001.5444353073603	530.3911037791114	47.905208315098506	53.54418982784111
ko:K02796	119.2035606595194	224.10494691046785	610.492921809669	78.3850423521834	625.1994439512657	1903.999301507152	540.1374618557405	42.0916810105281	53.54418982784111
ko:K02798	9.12	22.97431568630106	86.85628640363181	28.99247638184303	215.1508729394418	443.4641063526965	131.82967429347366	0.0611422088942286	0.9056220005440636
ko:K02799	9.12	22.97431568630106	66.83574213247039	25.54704006562112	200.6875633171589	441.0670019023213	127.06606542723635	0.0611422088942286	0.5571362119669971
ko:K02800	9.12	22.97431568630106	66.83574213247039	25.54704006562112	200.6875633171589	441.0670019023213	127.06606542723635	0.0611422088942286	0.5571362119669971
ko:K02802	0.0	0.0	25.0	29.20211293861744	0.0	0.0	0.0	0.0	0.0
ko:K02803	195.83252659358587	156.43681655976394	100.47435921469278	70.87545615144596	800.8397564780958	12.114770107962578	1340.749862301746	257.12860492712264	108.74137582748796
ko:K02804	195.83252659358587	156.43681655976394	100.47435921469278	70.87545615144596	800.8397564780958	12.114770107962578	1340.749862301746	257.12860492712264	108.74137582748796
ko:K02805	28.931877535735516	0.07162829291318	115.7315812644956	0.9121229198753742	38.01217135525626	4.634099828826932	22.428310156311746	0.2173695228964822	74.75670111966849
ko:K02806	240.34	181.55	536.3852883573709	507.1025085371088	775.5496593122695	77.30226380255799	1416.8200000000002	574.85	149.0339971424097
ko:K02808	42.28863941224982	111.6596818636497	381.00933132962217	74.24245326650916	694.2054472462057	1238.552325914585	198.37721634968736	21.03048524673061	8.496528442467344
ko:K02809	183.2359588434093	274.55364163137943	432.0443130709424	97.28564269644896	1279.6231722630598	1573.088044277278	1386.7791187837863	442.01883501398873	51.088136458881365
ko:K02810	183.2359588434093	274.55364163137943	432.0443130709424	97.28564269644896	1279.6231722630598	1573.088044277278	1386.7791187837863	442.01883501398873	51.088136458881365
ko:K02812	0.0	0.0	0.0	0.0	0.0	322.36864450453663	0.0	0.0	0.0
ko:K02813	0.0	0.0	0.0	0.0	0.0	322.36864450453663	0.0	0.0	0.0
ko:K02814	0.0	0.0	22.33	2.950042415002373	0.0	322.36864450453663	0.0	0.0	0.0
ko:K02815	0.0	0.0	0.0	3.9912006687622377	0.0	322.36864450453663	8.218537989997856	0.0	0.0
ko:K02817	0.0	64.84	158.5919817972404	2.5467688177774086	209.33507846445136	125.85774556302684	22.05017822934176	4.2412729524715775	0.0
ko:K02818	0.0	82.39258165804227	197.03963215238645	32.94264102864238	250.1991013896168	131.6561696467072	43.58977014483406	4.327514375318343	15.687015667256654
ko:K02819	0.0	82.39258165804227	197.03963215238645	32.94264102864238	250.1991013896168	131.6561696467072	43.58977014483406	4.327514375318343	15.687015667256654
ko:K02821	158.62649330520645	200.1457684816004	423.14503412242345	148.8236342852463	927.9814751721124	118.30077850558835	1370.1729548672754	566.7680954352829	58.51
ko:K02822	160.32486728254375	246.5088464762772	235.8476387690492	58.40613297634569	945.1120651038246	79.56815314243445	1427.7458061728378	424.2952576389608	56.868606636252686
ko:K02823	164.5015246884565	284.0334752477015	644.3936203464385	1032.801693348947	1217.9843871014252	641.3995136857236	503.51045547273554	583.8128906759996	464.250893034854
ko:K02824	411.4406672574015	427.5142372613527	1003.9427840043904	602.728542861659	1452.496195499388	1240.4197386847006	1832.0430682443807	1072.4530965429656	623.9380559193884
ko:K02825	184.7	217.17231285390235	438.6462063403859	1260.97	568.2048454419325	1205.0051395740732	475.93	27.46	104.86228661573546
ko:K02826	0.0	0.0	0.0	12.57843613599451	1.3584173088116418	0.0	0.0	0.0	2.929522509403671
ko:K02827	0.0	0.0	0.0	12.57843613599451	1.3584173088116418	0.0	0.0	0.0	2.929522509403671
ko:K02828	0.0	0.0	0.0	12.57843613599451	0.0	0.0	0.0	0.0	0.0
ko:K02829	0.0	0.0	0.0	12.57843613599451	0.0	0.0	0.0	0.0	0.0
ko:K02834	435.0303584199161	513.4503073791052	1102.876396622424	1504.3806147582104	1929.2358563603984	1328.5304780822617	1912.8160395920863	1167.620597744607	674.5832455315377
ko:K02835	435.030023907452	514.1665214028307	1104.490663564407	1511.5183460329256	1933.5533194131017	1328.7457212745094	1912.6904626763328	1199.323402207326	669.068913350437
ko:K02836	435.09184049613793	513.5030340963714	1114.9691751369471	1505.567031786327	1928.352331697015	1335.697876074572	1933.6394372945133	1169.7567153057098	661.7532797976603
ko:K02837	432.2434781776496	504.9429828675412	874.7900094287359	1157.971820952553	1693.590356226956	1323.282589297975	1848.9893288157136	1167.550092564887	332.5951308301253
ko:K02838	435.091816588686	513.5030135934617	1104.4404374366618	1504.4860271869234	1928.1972241916992	1328.612454721934	1919.7176368217647	1167.728204281481	660.19
ko:K02839	0.0	22.57	184.2120280334417	485.52781019571904	224.57891956556335	38.687946104173264	81.47	82.73363408951596	15.459317300466829
ko:K02840	4.217710684817875	0.0	0.0	7.815008178590075	0.0	18.70730426661928	0.491440556279889	0.0	4.721514211422938
ko:K02841	240.77	157.89	251.33658833265204	637.9627934107132	700.5521304912988	138.64061115213534	1334.7354113020913	564.5917748823573	95.6551453092096
ko:K02843	401.9533164554781	424.8032622127948	518.1102696126063	1281.014604110529	1265.1889194275468	416.05239713836266	1722.1850762725298	1135.6155297067855	292.7245634897956
ko:K02844	0.0	0.0	45.54862615308827	168.3302965440209	20.334355085543557	26.975753331637257	15.37817851476732	15.17070556587317	4.368081442433594
ko:K02846	0.0	0.0	0.0	5.947415151711251	0.0	0.0	0.0	0.0	0.0
ko:K02847	252.6832546388553	226.69295110414544	46.14854873235906	79.81423645783934	912.7846819672862	54.4419876078022	1886.6145333390373	547.5431357897047	69.78043141000475
ko:K02848	0.0	0.0	0.0	0.0	0.0	2.7295355395632703	22.80747223157184	0.0	0.0
ko:K02849	2.4864403944356424	0.0	97.13654914319665	575.2079112533606	39.59207755811987	63.630010621432845	103.40265578731652	118.8868643016859	74.30238938543336
ko:K02850	5.704565419072375	17.08384390908001	9.97787786561763	46.51572160713137	31.71252402647398	0.0	49.27446105858796	13.367657212107668	0.0
ko:K02851	241.1161255406592	260.63683551113496	513.7263343883703	568.3155619845566	952.750360690729	610.8016832765437	1391.81581290577	422.8504645110558	327.66159646840686
ko:K02852	22.702996187325503	31.906114730881185	1.739755333998362	57.59147828833191	49.939778979348304	38.50856844704369	18.12130558559324	94.77827009921748	15.77079668520959
ko:K02853	0.0	0.0	24.141622116936528	0.0	6.622181066798562	0.0	0.0	0.0	0.0
ko:K02854	0.0	3.3482382119516902	0.0	0.0	0.0	0.0	0.0	0.0	0.0
ko:K02855	0.0	9.319695228156188	0.0	5.051881940538099	4.742071385517506	0.0	0.0	0.0	0.0
ko:K02856	0.7358089183261515	13.28742110316358	144.69388941243292	486.9941291191095	1.2703040998711037	0.9814666426407368	11.01503090392218	1.227124366955322	30.357534078849262
ko:K02858	139.88528543660016	73.84453276366662	62.25793305311381	17.29036685409082	86.82703276395803	85.26705003647777	232.38907287823744	0.008814636355365	175.30723550385383
ko:K02859	13.82350669479358	0.864843725164015	25.9000129709193	13.30396101886326	3.67039037518776	568.1595586468496	5.019610530526815	0.0	0.0
ko:K02860	435.03010618501344	514.1665919636508	1094.6732486457574	1179.1122621765523	1928.100167006176	1329.5247927102073	1918.3412212384883	1168.5887629763497	661.0198302374412
ko:K02862	0.0	0.0	0.0	198.28668808669892	0.0	0.0	0.0	0.0	0.0
ko:K02863	435.1657035874181	513.5663787094629	1094.4140120017146	1503.7465879331785	1928.1996318654503	1328.7110096901797	1928.1428330035776	1164.0160880058963	659.9445808358298
ko:K02864	435.03	513.4499999999999	1098.642016578568	1504.4125290819788	1928.1	1328.5300000000002	1912.6781433050032	1167.449384538551	660.19
ko:K02865	0.0	0.0	5.070914446721313	0.0	3.518330799274957	0.0	0.0	0.0	0.0
ko:K02867	435.03	513.4499999999999	999.5244876550432	1504.0560778969823	1928.2346008963923	1328.7456893852975	1915.0339040934791	1167.1556313616202	659.9445808358298
ko:K02871	435.03	514.166500899921	1087.520511120089	1510.5133592468785	1928.1	1331.70364324308	1912.5934259355245	1170.69124082353	672.409485730548
ko:K02874	435.03010618501344	513.4500910637298	989.8875746585336	1504.3801821274596	1928.100167006176	1328.5301416360226	1912.6515043674824	1167.0549387177266	660.9242987783388
ko:K02876	435.03010618501344	513.4500910637298	979.049198746437	1494.73704266831	1929.2354596491748	1321.0470885293685	1912.678078431958	1131.5277973653497	660.2055874630104
ko:K02878	435.03010618501344	513.4500910637298	994.072227192597	1466.9773915184962	1928.6177353991463	1325.3752079677745	1912.6515043674824	1138.892038972083	625.7767226017929
ko:K02879	439.632097889326	517.3967358481244	1074.6863614347826	1512.273471696249	1939.167431857138	1336.2873090028825	1932.776599223496	1176.8168802483096	669.6828936722716
ko:K02881	433.990543348805	512.8704178680766	1007.5784936235862	1490.2145486295974	1927.6505975663329	1324.0395804462462	1894.3803589811312	1135.2909666466503	655.3708798974001
ko:K02884	435.03	513.4499999999999	1104.41	1504.38	1931.596550872499	1328.5300000000002	1918.490888464984	1167.62	660.19
ko:K02886	435.03010618501344	513.4500910637298	1105.300881606322	1504.112879503596	1928.0107478014545	1328.5301416360226	1915.2220797456016	1167.6345403103298	638.4435004684599
ko:K02887	435.03	511.2312286705187	1097.393991745435	1484.5136880663445	1928.367125460545	1328.0070530169637	1912.6904250750556	1167.6335460114158	660.2303793833128
ko:K02888	435.03	513.4499999999999	1126.2943362697351	1505.3113765737723	1928.7515109862077	1341.5134451700262	1933.359978577882	1172.1553874394529	660.3115382978632
ko:K02890	436.1019746339508	513.9994225570439	1032.2639502635866	1513.1210118001363	1931.876443411164	1328.5300000000002	1922.423662441202	1167.0547616306949	629.8324659211507
ko:K02892	435.03	513.4499999999999	1105.2449488308637	1504.0398133559931	1927.9861993244797	1328.5300000000002	1916.4933616193136	1167.6249703081644	629.5870467569805
ko:K02895	435.03	513.4499999999999	1029.06032393192	1504.38	1928.1	1328.5300000000002	1912.5934259355245	1167.3816677641469	660.19
ko:K02897	381.0921719347404	390.6953617403152	772.9027886487374	1241.6831267439948	1135.2833870063164	345.0028970585223	1635.6379507287566	1140.1034200962465	625.989009731212
ko:K02899	435.03	513.4499999999999	1108.772867427707	1506.2427531475446	1927.89393921856	1331.0608563202104	1916.646572837902	1170.073270559522	626.9501499319706
ko:K02902	434.1262469362232	509.21844220616	1073.295850044974	1463.1187707174188	1820.9901668041796	1336.0901357917758	1909.9932560969544	1164.2443542462515	660.1496206166872
ko:K02904	435.03	513.4499999999999	999.7491908577484	1504.38	1830.0309128997656	1326.901914503156	1912.5934259355245	1167.0547616306949	629.8324659211507
ko:K02906	435.1178771507779	514.2418638994804	1117.6488786089694	1505.0009639538723	1945.8688855356584	1329.625396404975	1922.5893995974484	1168.187681818524	629.5870467569805
ko:K02907	434.9513990107845	518.1324567238486	982.5743826121302	1282.0293587513995	1864.5535580225207	1308.144864203399	1867.4600979362024	1161.6916737447057	656.7486024593411
ko:K02909	538.1416039226824	672.5601116528713	1360.3202724030584	1591.0146645914836	2506.888183342337	1408.1145030773127	3192.9941104919835	1805.652016759125	735.27
ko:K02911	434.7726891029771	513.229331477553	1073.133321251306	1346.3046378799072	1931.8657378589944	1328.1867830914712	1882.708310155348	1167.1884322012932	655.7375476466368
ko:K02913	460.7005704625001	494.9062334423671	1100.193984621788	1504.665595047515	1947.590734113085	1844.6703282799872	1944.2906165541312	1167.7607679041232	655.12
ko:K02914	434.8936929611528	450.2800687975325	1018.575218652463	1102.1801306927755	1791.520911730473	1284.3550812989313	1870.8181325959408	1167.2887823787898	607.4982341940221
ko:K02916	435.03	511.2312286705187	1095.6828596988255	1484.5136880663445	1926.6834254385776	1327.7913636316662	1912.62	1167.62	642.7077774722311
ko:K02919	531.9640159258746	596.2990779192604	995.786151432088	1040.370161060418	2170.2793278723702	1269.858107136056	3024.0265601949086	1598.7994231749833	668.2874759170131
ko:K02926	435.03	513.4499999999999	1106.3235523685682	1504.0398133559931	1943.6262078221728	1328.8165882288536	1913.09122700966	1167.7106388306595	629.5870467569805
ko:K02931	435.03010618501344	513.4500910637298	1094.571061821927	1504.3801821274596	1929.535465456231	1328.5301416360226	1912.8214332001992	1167.6477508642065	678.4469006894195
ko:K02933	435.03	513.4499999999999	1073.1214880363432	1504.38	1943.0384865091787	1328.777999996223	1912.62	1167.62	660.19
ko:K02935	435.0433466690576	522.3914460358056	1122.355950798597	1515.394972120704	1929.2514259863328	1338.6164316393315	1934.6118901271957	1414.9054592962625	661.0198302374412
ko:K02939	435.03010618501344	513.4500910637298	1108.7286231607286	1504.3801821274596	1930.9061548602767	1329.2603221616966	1912.6515043674824	1167.615065660733	672.8389713160485
ko:K02945	438.78085946476335	518.4534344372877	1148.352998191206	1867.8641336524636	2509.554507551703	1449.1969555620703	2000.874833163093	1167.9150495219544	696.6389558714549
ko:K02946	435.03010618501344	513.4500910637298	1086.398623160729	1504.039995483453	1927.9863663306555	1328.5301416360226	1912.6515043674824	1167.615065660733	660.6788796141685
ko:K02948	434.1174534481332	510.6684514021396	976.2701495503464	1494.0466377744804	1921.2280591518372	1323.344155282314	1910.337726813861	1159.8546514004122	659.8051798824133
ko:K02950	435.03	513.4499999999999	1077.765448691011	1508.1775040294085	1928.1	1328.5300000000002	1911.0173581597053	1167.3117375715044	660.19
ko:K02952	435.02371652501785	513.4446113236703	1002.3090070618216	1503.4717397566235	1928.0901174459927	1328.5216187192882	1915.580224594578	1167.1356353933984	668.2595745757984
ko:K02954	469.0025200273539	555.9822310515763	825.2908784287047	1394.2071392874907	2036.462915614054	1895.8590550990104	1944.097535133212	1167.552051942312	660.19
ko:K02956	435.091816588686	512.7865126935407	1107.089560289823	1504.4860271869234	1934.537397074609	1328.1835859570415	1919.6910627572893	1167.723092855182	669.068913350437
ko:K02959	435.0334781776496	513.4529828675412	1104.5976717498995	1423.6300439034655	1928.858782657592	1350.7685419866832	1912.7893213181203	1167.6573167652389	630.0085500241926
ko:K02961	435.03	513.4499999999999	989.8875746585336	1504.38	1928.1	1328.5300000000002	1912.5934259355245	1167.1369739239058	629.8324659211507
ko:K02963	435.03	513.4499999999999	1104.3795625633386	1504.3221164136096	1928.080636537769	1328.5300000000002	1912.5934259355245	1167.6148885737014	672.0629138689278
ko:K02965	435.03	513.4499999999999	1000.2787729215	1504.290695629821	1925.180211470379	1327.5523681662787	1911.7336034464129	1167.0547616306949	629.9355325455576
ko:K02967	435.031093471947	526.2946809586635	1113.423355541462	1508.5498658259687	1943.4684873896483	1333.3411320198477	1922.8132774025908	1248.8624381814864	675.8292941667972
ko:K02968	435.03	513.4499999999999	1109.3027393290583	1504.38	1681.7548442253826	1325.1846836358804	1912.62	1167.62	642.6673980889183
ko:K02970	432.2403784395305	510.9587094743927	1107.1104156668498	1422.8195323304865	1885.6428771415483	1322.4967599454933	1896.0018391363608	1327.06656890833	614.0351432183134
ko:K02977	0.0	0.0	0.0	4.556983899774089	0.0	6.338940944084935	0.0	0.0	3.96299821833714
ko:K02982	435.03	513.4499999999999	1106.8754173130656	1504.38	1929.5352984500544	1328.5300000000002	1912.5934259355245	1167.6148885737014	647.3550678322315
ko:K02986	435.03	513.4499999999999	1115.2510505212165	1506.7113978735574	1951.672742870552	1328.5300000000002	1915.6557223062373	1168.2039103328214	665.3557368014574
ko:K02988	435.03	513.4499999999999	1092.776397468127	1504.38	1928.1	1328.2825486919526	1911.7601775108883	1167.62	660.19
ko:K02990	435.03	513.4499999999999	1104.3795625633386	1504.38	1928.1	1328.5300000000002	1912.5934259355245	1167.6148885737014	672.1046725377098
ko:K02992	435.03	513.4499999999999	1107.1469104098967	1504.38	1928.1	1328.5300000000002	1912.62	1167.62	660.19
ko:K02994	435.03	513.4499999999999	1016.9523089229366	1504.38	1944.2513368488333	1331.5061939642114	1913.0917310420605	1167.4775149699356	660.19
ko:K02996	435.03	513.4499999999999	1086.3701090501445	1504.4086370528964	1944.575926731855	1328.5300000000002	1912.5934259355245	1167.6148885737014	672.1046725377098
ko:K02999	0.0	0.0	2.842866829867809	0.0	0.7798141651373505	0.0	0.0	0.0	0.0
ko:K03006	0.0	0.0	0.0	0.0	0.0	2.669210398316976	0.0	0.0	0.0
ko:K03040	435.433200084528	510.69138417377735	1116.7710276454652	2176.5138224441957	1946.478621331666	1333.5461640417648	1935.208897014573	1248.9575284841574	695.2273372822178
ko:K03043	435.0471678855452	513.4647230917175	1135.197286857096	1509.082523699155	1964.8653652507544	1335.3708708997765	1917.4497946105016	1171.2476968557162	672.9740989869915
ko:K03046	435.6136989787883	523.6868601233139	1134.9065592809188	1535.072918131027	1984.1000772041027	1350.3179131203533	2009.9320763694056	1258.264542701575	664.6991921382679
ko:K03048	45.14	82.56	296.7395108581402	82.08941339261725	393.66	941.91	177.0083036610555	21.011597179518223	0.0
ko:K03060	318.72005907212	336.9467981438516	763.7293906269723	734.5208822738276	1522.9405275932547	1096.3281764802412	2176.3137149004306	729.3546023514268	168.57880342586412
ko:K03070	443.4339981904855	581.7752830806837	1237.0841328503343	1880.4296532321664	2098.224823613511	1927.9928520385272	2033.5189092687265	1270.2753243712864	676.3080825213481
ko:K03071	260.97320472713784	228.68685099008832	423.055805567166	197.39095185297788	683.9949552218909	188.33802108459503	1402.3954341155318	682.5997541264926	158.0192828389331
ko:K03072	399.1585869706894	443.3274274337241	863.6270766661323	1151.989288593113	1714.5374438689032	510.0201512090519	1759.2819096480775	1148.3327911581353	672.1339129719635
ko:K03073	386.6664991507504	506.615149641351	901.4967727733869	1448.2132833715168	1686.182306033871	1212.3008253749026	1834.625435847664	1257.900525019308	642.8926866902801
ko:K03074	243.56	204.01	478.17097946864766	347.47	802.4344141396947	168.830288492328	1416.6268697863734	587.4052024509335	185.1203176372871
ko:K03075	435.876607919016	513.8641960356558	1076.594667848335	1350.760287614141	1705.038624817293	1321.1078900332411	1908.8001013889889	1170.6729732358929	655.468485788577
ko:K03076	437.1206048821366	579.522717915843	1194.453301314211	1530.5473746827856	2020.978621865908	1469.8505510687935	1982.0491001683667	1182.5878393743224	660.19
ko:K03077	80.18997620491982	98.18936408053494	202.09134258746155	450.3813524615873	430.55726572459326	95.43482818186394	183.4783431952368	181.2597699391166	190.76383117311727
ko:K03078	69.04122647019099	73.04126753053293	119.581748470655	26.810403115081822	169.8113552392135	30.445159157807787	152.68295317053878	176.45796552887933	15.47836524386672
ko:K03079	69.04546503620661	88.55534411693313	151.14017678635358	30.53588781639868	190.1435592195629	31.110257981893405	154.25167248911214	176.47513086915106	15.697024494522111
ko:K03086	467.5490612958986	587.382869803313	1486.4206748986337	3322.4337558646266	2363.3816992346788	1496.4319325990227	2138.171886368363	1802.3271280041952	976.8350593173668
ko:K03087	0.1158211010383544	0.0993275898145381	225.169844477508	1.0090797783894174	129.87705962418826	1.2788991487134542	33.19242028213797	0.1931573425544707	4.716725499281285
ko:K03088	1159.42182207126	1417.998828590084	3240.9162830312657	6104.776980132362	4147.75546881276	1354.9635431925517	4562.464536713702	4692.802330389452	3341.4851497403256
ko:K03089	234.76	164.53	275.18	112.9	579.0	104.08	1370.857264759398	580.95	149.63
ko:K03090	0.0	0.0	7.779371356417669	49.26176709741806	40.77940893384665	9.785253661310325	73.77188463480445	1.3064070993392634	10.82
ko:K03091	55.06567089116793	191.366492181132	349.1093363392777	507.7406666049864	615.0794867813435	854.1417180099093	352.34789977226933	22.13890736968451	109.39027665425547
ko:K03092	148.86868543077676	235.29226544378923	720.2435563423688	1235.1071515287576	626.7494242923458	343.843537951381	434.1560442820856	729.9896936661264	555.8931744579297
ko:K03093	6.369153224036601	0.0	11.157095237795264	332.3691532240366	142.00423165359004	34.092344691985154	32.0	0.0	0.0
ko:K03095	13.82350669479358	37.98707477674002	222.5400129709193	34.521457173733936	177.0449584311907	814.0695586468496	114.2496105305268	21.01	0.0
ko:K03098	0.0201239226527402	0.0172581741737107	0.9824533679241586	96.066111764712	142.26539458549428	18.406585975035043	0.031650599868392	30.86910107972456	131.11814989808795
ko:K03100	579.2175627800266	759.1789169826679	1769.8434250928565	2091.2520729445378	2876.86244257005	2322.6500090693926	2125.242427076086	1498.007240094394	709.1155200685326
ko:K03101	435.0921950282164	521.7855791260788	1127.833287914562	1512.717016977064	2058.3601511357324	1357.7406632623392	1939.645857792302	1336.913516787399	666.6088575609481
ko:K03106	435.1174684657375	515.2789477006727	1109.6854139560355	1504.5300250266764	1957.5425349532857	1334.24360909416	1926.8255590693163	1168.5664029884886	660.8025647455038
ko:K03110	435.89784530914864	522.1843305603015	1130.6435055214056	1548.530246280331	1953.641951779168	1333.610325366601	2019.1726427073468	1249.382923201462	678.8518480553178
ko:K03111	595.0035330943653	791.2510275377309	2136.379900103986	2168.330145001676	3561.722532252932	1863.3593176061315	3484.8263354018823	1467.3503250041092	1192.8700998045315
ko:K03112	107.2719923264726	83.241106111382	85.67759433046996	191.2276160911061	375.1299466982294	13.983640414268915	742.1217833775257	127.64898324624087	16.89160801641402
ko:K03113	374.8175861650199	377.1008096541785	309.4122389773529	880.9415334643329	931.417208546132	217.66347331821487	1466.1148427975158	721.5393604714099	474.8310866495629
ko:K03116	250.64048030801015	308.78774227192844	674.8918571799198	1944.7387110642287	1075.9433276204095	308.7657365686181	1559.1834982872624	595.3341198096979	728.532105396909
ko:K03117	243.88	231.50190310810308	464.0504163120378	625.9637631879013	740.4530765662339	280.4155329500323	1487.9358985062522	593.8785554019895	154.2565190379999
ko:K03118	250.72786019237236	281.91854465864844	619.0501398732274	1140.8429475016476	1051.7817249757331	335.71891523669075	1543.6362630796134	595.9948667603225	567.6706441365387
ko:K03119	0.0	0.0	0.0	162.018126975585	0.0	6.296167301112713	0.0	0.4047627846227056	27.936256863213952
ko:K03125	0.0	0.0	0.0058348624896537	0.0	0.0	0.0	0.0050942532950593	0.0009798614092208	0.0
ko:K03146	0.1675894720936994	9.073723882713267	14.586228872307853	12.649254424298912	11.90996000427916	8.823541020530046	15.284582769733516	246.4894925689664	35.20411978497088
ko:K03147	125.76408574857686	159.7255747848905	254.5219575046022	872.5134855609729	403.145632024436	292.3769597118595	304.97856439850057	600.7893360372512	208.4528273952189
ko:K03148	2.687271707555101	51.50063157640378	32.95873259584454	208.55028052182143	169.86013601117918	93.09154407889454	67.83752222470831	25.22219256612335	47.5153456369024
ko:K03149	122.187149363052	156.85119351462933	245.2495993832596	867.138296465852	353.8473805551766	257.9708474494023	274.2865240020181	336.77887666356685	163.82583502294597
ko:K03150	194.05917198897976	166.44021073208705	145.2868238641923	586.481147155854	841.5226470789942	196.65282032109224	306.1117124630139	215.30651170921575	170.51906583072565
ko:K03151	279.90000000000003	247.09	507.04251960468537	108.03534608500291	1301.8559878541005	969.7445236222724	1541.2500000000002	497.01	143.4500072019822
ko:K03152	197.04471456339985	303.8854672363334	800.9306278040908	364.6703242928221	809.3103656339534	1219.9829051147574	570.5970692774888	603.0016063102764	466.59246176276207
ko:K03153	0.0	0.0	170.02797712719683	283.6686068342649	0.0	74.07280290485426	78.5582950002654	122.54175059532012	42.89433700216114
ko:K03154	119.6339212851622	149.0680366348247	237.95240386962803	846.6126339924966	337.7700638429929	300.4455524948308	242.1812409089771	350.11791477537554	180.905835022946
ko:K03166	0.0	0.0	0.0	326.0	0.0	0.0	0.0	0.0	0.0
ko:K03167	0.0	0.0	0.0	326.0	0.0	0.0	0.0	0.0	0.0
ko:K03168	435.0362834749822	519.1416393990262	1135.114163612649	1745.9004120363225	1963.8347648084848	1336.676957523783	1933.7435037292955	1168.200447070206	681.6629636738091
ko:K03169	586.1477176391519	629.7033473079341	918.4825866630454	1043.868687643071	2593.035541219371	705.790955897887	2261.214663838282	1723.159519510648	555.3742381772661
ko:K03177	435.03	513.4499999999999	1112.6875767388256	1690.850669528266	1931.0198067256488	1328.5300000000002	1914.963479018424	1167.62	684.0193450754196
ko:K03179	0.0	66.42079392498928	362.72058378441415	1266.8449002436662	344.7044041481281	191.8382417437857	126.33	167.36602988654545	96.4670235636724
ko:K03181	0.0	49.39279567509037	268.88786579732687	112.9	0.0	103.32258896758154	151.0042421075762	161.7227859150603	92.16
ko:K03182	0.0	44.56729482491025	273.30276218961376	442.5561492609431	47.852224594244746	536.1924937709364	85.71982248911178	154.20737301916498	52.16716022589834
ko:K03183	164.31943314905902	288.98652225137715	634.3462401156485	1378.709224850536	625.8013801223415	599.3463163918068	375.5652318272165	725.9385230394474	397.541819125902
ko:K03184	0.0	33.98334393753946	3.3152042378652973	0.0	0.0	3.288807777816564	18.11	0.0	41.02163475613325
ko:K03185	0.0	43.13429302506833	28.65983489977657	39.28	0.0	58.69181119224454	18.11	41.32566374660929	102.44
ko:K03186	0.0	43.13429302506833	200.03403234435245	429.8367114457327	48.36979298721515	519.7627697334135	85.71982248911178	137.35348787344697	50.50736024233606
ko:K03187	146.6641040340072	110.8814700719313	22.204094911067813	14.888544881973145	721.390457246371	32.73635177083424	1163.367377137023	420.3389838446658	51.43966474742904
ko:K03188	146.6641040340072	110.8814700719313	23.315804585350904	14.888544881973145	754.0541694331378	33.27861557339223	1163.367377137023	420.3389838446658	51.43966474742904
ko:K03189	146.6641040340072	110.8814700719313	19.130686832229586	14.888544881973145	893.2312651052639	36.30133490570021	1225.8108561554463	420.3389838446658	49.97069722816666
ko:K03190	146.6641040340072	110.8814700719313	23.315804585350904	16.207024836468463	754.0541694331378	33.27861557339223	1163.367377137023	420.4412009731533	51.43966474742904
ko:K03191	0.0	0.0	23.315804585350904	0.0	167.86368051010146	5.573217886884355	0.0	0.0	4.826680903526925
ko:K03192	0.0	0.0	0.0	0.0	0.0	0.0	0.0	1.3389838446657791	24.0
ko:K03194	0.0	0.0	38.70347620563415	16.553075323217165	45.104038958198736	21.147088473057966	100.62272094374212	43.13940010568429	7.434681484515058
ko:K03195	0.0	5.6862507226965775	17.44846097576006	76.84754830267495	15.56479518635018	13.375066724457607	86.59438904711857	19.0	3.4235412108052934
ko:K03196	42.62122647019099	5.6862507226965775	5.1144489740455255	76.84754830267495	15.56479518635018	13.000706495403133	14.594389047118565	190.71436433663484	3.4235412108052934
ko:K03197	0.0	0.0	26.36946420391962	16.0079864480594	2.2475450156869976	15.296665838898068	22.55373713519166	47.50080561666111	1.4691712952613962
ko:K03198	0.0	0.0	21.694361003691213	11.850782579337178	0.0	17.54062548254635	12.754142333223507	12.301106514854466	3.4595724024306564
ko:K03199	0.0	5.6862507226965775	26.83978944638439	86.36097176374021	15.660195740066523	29.08262327168403	162.44750268247566	31.286304130511237	4.980725523143933
ko:K03200	9.625765076547582	17.89651531691874	77.64234134541584	112.66839385183856	25.613938946432768	35.71128576785928	177.2712324548103	116.10548609994056	9.71919286427309
ko:K03201	1.566720408109186	9.42691510322581	80.63805068474377	108.80808186792956	17.987971633332673	36.33143224925019	186.88722258895308	58.44184518410632	5.53519634692955
ko:K03203	42.62122647019099	5.6862507226965775	37.63691392970728	104.2315366029827	15.56479518635018	21.814727581332445	156.35808340464968	233.45648612987264	7.176484017951833
ko:K03204	42.62122647019099	5.6862507226965775	59.358281831538505	98.09388405104949	15.56479518635018	32.59158571291034	179.1399115627974	243.98731265316263	5.819948298534298
ko:K03205	89.43943103281173	18.76039173825747	542.1478256274909	992.2455325152876	1046.7117052009137	268.20485344374856	378.1641742465793	331.58646305110864	61.357454857652456
ko:K03206	0.0	0.0	0.0	20.44292810041958	31.835339813693075	403.42210014157627	0.0	0.0	0.0
ko:K03207	0.0	0.0	19.70576171654847	0.6874393215410846	9.152741887080994	14.63879293246158	0.6634981074397484	0.1276214889435971	0.5978341961263606
ko:K03208	0.0340123932931534	1.234786845877299	0.0	0.0583377125471176	5.638477559982084	0.0453677967502031	7.933399264138162	0.0567232002072527	12.955116633914916
ko:K03210	460.5462469362231	518.3967965775396	1129.2593300405724	1524.161785874663	1979.9051898759249	1342.423938212252	1928.6172425594311	1161.907633100519	695.5298141778
ko:K03212	234.76	168.66587642860628	50.39	0.0	579.0	6.078586257343969	1337.4608918950191	419.0	115.01275165497596
ko:K03214	234.76	164.53	194.39	0.0	618.5	5.96	1309.2887810873444	419.0	89.97
ko:K03215	458.35306026213664	602.6621083875334	1425.878498240812	1246.5885674456672	2982.3707691883674	2335.329344705524	2156.8839517377014	1162.5139801180703	675.8415816607198
ko:K03216	288.7	286.57	632.9803559260736	737.888366367659	1424.6150699040384	1104.9932489584996	1651.45744335225	608.418456382438	179.2
ko:K03217	475.4611347240566	589.2696831564916	1411.1702064682463	1554.4541862314902	2273.88236825008	2186.462244796749	2157.5521576958527	1189.982111203983	663.4017601331569
ko:K03218	428.820280307106	484.6584536570393	1196.9303068339611	1097.1848428158748	1915.4634054519704	1303.8976425713704	1784.6108510975614	912.7395078444578	642.5855314591024
ko:K03223	0.0	0.0	0.0	0.0	2.433285795260313	0.0	20.0	0.0	1.4602413923858335
ko:K03224	0.0	0.0	0.0	3.3991177261723315	13.794168144045834	18.12	22.98	0.0	20.67286432944763
ko:K03231	0.0	0.0	0.0	0.4981606610488423	0.0	0.0	0.0	0.0	0.0
ko:K03268	0.0	0.0	0.0	0.0	0.0	0.0	0.0	0.0	24.0
ko:K03269	381.31308347178026	391.6013152558622	514.7981880678963	810.021500980589	1093.5308622958064	301.8709642981698	1596.9880245724364	1051.7972141224363	626.4490838087809
ko:K03270	389.89	430.89	610.4291657603882	1440.304865341079	1205.5294059307223	400.04108241739607	1679.2900000000002	1146.61	498.16182418149066
ko:K03271	481.1657543637402	376.8402677196249	383.5313305489232	346.3123688918105	1829.105587481313	152.15660642256773	2766.934082685525	987.999235638682	269.95507346790254
ko:K03272	240.77	198.7539887912033	98.57711537159282	191.1786878959149	838.2170349071458	71.62675364112202	1331.2900000000002	419.0	97.96267785863932
ko:K03273	240.8524413222492	205.5024035456194	331.3758088984331	325.9263140927351	861.7925813247407	159.8163263369897	1403.0499622913114	562.0874891671688	179.5001884692324
ko:K03274	244.46382141045623	198.44538391508704	289.6453019290288	335.19942984435085	805.8757762715846	142.03181401510855	1418.45691550991	571.7930832469855	140.54331909647306
ko:K03275	59.29523109619075	3.867586322351228	4.789418106557656	34.726945788869244	0.0	1.287532373165556	37.16851560932053	0.0	14.419529618035003
ko:K03277	0.0	0.0	0.0	1.5788389187271916	2.1303226492080385	0.0	0.0	0.0	4.594190689904381
ko:K03278	0.0	4.362639986191831	5.402466861956727	39.17201832607954	0.0	1.4523373873330203	0.0	0.0	0.0
ko:K03279	127.07164710337594	58.966463117779846	2.766000473535437	0.0	295.813921113689	1.167458910580507	664.277359818809	126.58513650914192	24.511137634449025
ko:K03281	203.9025614045024	274.98419628629244	978.4602175936318	1418.9996039105336	1247.7470048991795	1947.3022282828797	475.00217629793895	719.989166030505	532.140810387182
ko:K03282	434.1262469362232	505.545788861118	767.9401843097385	1481.7067026253446	1750.3920046933858	1295.357070210117	1890.454515801795	1143.487069684074	348.73618597242995
ko:K03284	412.10218785919903	508.7568602518304	826.8565221278104	1779.6874403471193	1814.0781864374576	1399.770519614695	1862.0449141666008	1142.4935665113626	660.2957586875997
ko:K03286	398.9325575411322	361.0991853855842	532.6221864516211	1044.8557035316885	1328.8071373805217	137.93813937114078	2142.4736764466666	1062.978561777507	699.0126116154398
ko:K03287	2.79	8.51	4.88	23.12597753328862	15.965773595238325	0.0	24.450000000000003	6.45	0.271239607997652
ko:K03288	0.0	0.0	0.0	0.0	0.0	0.0	0.0	0.0	24.0
ko:K03289	146.33358436266292	204.31307393127105	283.95	262.4961478625421	423.7956374311502	228.67478104070383	242.14354885693217	559.2159777187449	429.58429877833873
ko:K03291	0.0009103879044882	9.477612685613742	0.0	0.0015614881146602	0.0014318442675021	0.0012143307017145	6.707020710029578	0.0015182734989408	0.0
ko:K03292	12.8668846591734	54.15601142656102	247.7716530265403	162.50153584958622	428.7002995555813	267.38839258209634	155.93843316907405	18.49234545151515	520.0677201439719
ko:K03293	76.40875585754289	143.20822837603222	351.6417640458086	404.0805591306098	492.8224934492116	3171.37602389975	172.07743677185647	20.018034783633848	88.77240238706626
ko:K03294	84.47999999999999	126.29186691234273	433.1520687021391	228.69073929067972	773.0138205478814	2496.4116220174974	265.601344846222	17.297988519507996	24.871756493915264
ko:K03296	217.58821851949315	427.927094876539	566.9147355039275	2345.339591504919	1001.7539470229356	453.7482662134908	568.9035026397628	908.2056619376448	740.0991260606793
ko:K03297	104.15334932351404	185.03716856844335	229.26735891989813	483.7786416822286	661.8706368795339	142.77719272011072	1276.6000247996324	527.4337320558249	149.57122277328915
ko:K03298	0.0	0.0	0.0	34.00524024489768	0.0	37.04508020552509	0.0	18.87094916847504	47.15995497475726
ko:K03299	51.82812900530825	142.51141058595195	306.7785070122594	244.89493836177047	593.6964094417326	603.5972701476499	373.5104124312181	109.4241031089406	330.2460372462273
ko:K03300	4.326234987238481	15.658971062330776	52.65158008962722	131.82740228890992	174.65740299791904	335.3693331933687	16.898055098443166	0.3856738668494207	12.836145523852224
ko:K03301	0.0	1.037434287413516	20.16334092531528	162.36620428890086	1.6021627738729731	1.167458910580507	3.574541551491928	0.3410698321654031	3.4551767555843997
ko:K03303	223.4938153847336	226.72906383181373	569.6516245728133	1107.5946300504045	1056.4419109709102	771.7535103059165	1497.212117049966	986.3997777907948	202.84531714198724
ko:K03304	234.76	145.8949426801749	168.4753136228748	112.14630405591151	703.6606370527356	56.60791600057945	1271.3714687692802	531.1574305122911	116.5581088480729
ko:K03305	168.85889985640057	274.81331860536375	724.2908196316404	1805.958608325433	804.1536017820185	991.7379096791508	426.628909934986	782.0200192528264	507.83698642742377
ko:K03306	240.7954093592529	203.7717909378403	339.49540216085006	404.896209820158	744.2541526335114	172.01028913548242	1397.1925469718408	584.4889418475193	157.39389119774162
ko:K03307	172.70400752085607	186.75207000914057	240.66530938381504	1861.505263161937	1113.851542799176	499.1822342553284	1341.7239424397428	272.7255043673779	506.132295044504
ko:K03308	486.8512974772578	392.9175459771666	1266.1030293267208	590.3952617001646	2481.580899583211	689.3260390391767	3079.112695798534	1303.1543451143632	673.1773643873853
ko:K03309	9.6	0.0	50.67705998023687	357.82209168642595	9.723812477583586	42.58	44.24470675118914	8.51031116765068	0.0
ko:K03310	552.1733203248378	614.2588008511985	1449.8719089859	1548.7376751886582	2816.6169324714456	976.3376100462532	3188.7921075332893	1589.9669351362206	579.0990563783755
ko:K03311	338.69190510716413	396.3789042450094	936.4549781677885	1338.624897699974	1801.5492072689733	1809.6340317490385	1926.038036386892	611.608830283168	153.30142467843797
ko:K03312	302.1717107720625	264.1626106154005	740.0525837696116	761.0945551713772	1305.5227005253334	246.03014788462227	1528.4772044829183	780.7868463300839	327.2579742594986
ko:K03313	392.129241992659	399.7624762406328	351.0176332221381	1066.1332171785548	1202.8977359183716	291.5027787869493	1527.8873236300085	832.6958719303412	515.9017352122573
ko:K03314	234.76	164.53	50.39	0.2141688084284814	579.0	5.96	1307.9200000000003	419.0	89.97
ko:K03315	147.38279492299804	259.2660332267242	720.2721548491575	1188.3397512821125	718.2683215166691	945.629173892439	444.2251185716588	496.4496495171736	363.3926032028232
ko:K03316	135.22698610091498	290.68299436180484	391.1362701661185	1221.4073616125963	967.8973000546342	640.3937101026905	1445.7531245747186	463.92058867496297	37.828655739266935
ko:K03317	340.0729326456876	209.75451884118695	91.4828394495634	986.234413386126	609.2870896960551	54.09818359815058	1423.524778885665	422.8558421100747	138.17581017215895
ko:K03319	137.64	214.55745588611185	362.985675346594	715.619268519039	993.8913841852436	1296.860668327926	1428.819015577907	590.5802368614804	132.1538880666032
ko:K03320	12.740692512249906	29.094996834158344	71.18018589955952	1040.294234333624	314.3444129070965	101.59782313136728	31.342910610814425	36.98210525444991	348.1032493153297
ko:K03321	286.39929004541625	266.5964906283858	445.6614897834498	972.2867310428364	805.9827217760628	413.7156589262265	390.0983095880477	636.7733988578512	500.5745033644703
ko:K03322	34.85169593460513	18.43000513362808	175.78331157391858	181.1068085310964	324.5368856066929	632.6697652773879	165.54304965681416	15.458170395855864	21.04894905611
ko:K03324	46.640433272347245	73.07384730163577	820.785378477312	291.0997050381337	930.5380707215652	445.8464227648994	412.7272778849396	393.5831800099137	734.9500894896003
ko:K03325	23.93954684321057	55.93588946770663	32.70774237265401	664.8623995581817	211.111056306544	73.90878208158841	53.4019284965813	102.8271291230499	91.387999542335
ko:K03326	173.20326442340382	105.9547975062096	139.14099581426706	427.9071672928625	234.36825493043636	401.3494991676979	228.71360140850808	0.0259545397135003	124.51324277254704
ko:K03327	563.7843732595729	741.0532032849272	1066.2063747412917	2230.011988424423	1697.1344341798094	940.3074491021472	2056.7685428944887	1792.0588332651878	538.210689371068
ko:K03328	165.88244339464535	252.88678665527823	724.1623325447829	717.5726346123622	1240.8530191290392	2715.301182533044	1130.2146037368188	433.75606391749744	92.89451788353188
ko:K03332	97.70585008391085	284.8032658648017	309.1506361175716	704.9514725338643	537.5302279919608	308.059141088102	219.1281587603022	650.1458852541582	351.33237353235995
ko:K03333	0.0	0.0	0.0	0.0	0.0	0.0	0.0	0.5040963049902423	24.0
ko:K03335	0.0	50.05848942579849	34.62795590976388	10.129616564863449	15.614956116814833	33.52448822801793	61.65391054442246	0.0	32.5
ko:K03336	0.0	41.53999000045117	30.48916754035093	9.51808065754488	14.479663473816142	33.52448822801793	53.4353725544246	0.0	32.5
ko:K03337	0.0	40.82348910053017	32.01140651770383	9.51808065754488	14.479663473816142	34.22063998121947	53.4353725544246	0.0	32.5
ko:K03338	0.0	40.82348910053017	6.329834899776567	13.509281326307088	21.317224332184832	9.854801644609577	53.4353725544246	0.0	32.5
ko:K03339	41.96531019371663	82.56	296.69956256333865	40.59632543691826	393.66	886.7489279217141	170.22342593552457	21.004888573701106	0.0
ko:K03340	152.34226308672396	221.26194081171585	221.1801485793117	377.5474861167072	710.4712431752407	295.27795334207383	293.47704345829743	559.213774198429	262.994429039199
ko:K03342	0.0	46.27318013910489	440.5809183712371	254.32632046139864	116.14231051191308	345.3518168947706	211.13096659863447	187.8162571062536	64.58388112551542
ko:K03346	45.14	82.56	287.61462448800984	82.49618317239118	420.1267546104333	901.8245269427148	162.29162363380473	19.479234757358217	0.0
ko:K03353	0.0	0.0	15.604016278871809	0.0	4.280268354273864	0.0	0.0	0.0	0.0
ko:K03366	11.908402032991104	0.0	69.19185174027697	189.9290250353272	125.14108283213264	390.73621279512383	30.53293394285392	7.660849082871655	17.894847480008018
ko:K03367	56.11966669135624	97.38014221168808	262.2732548125807	48.52347968479047	372.4310052329501	1003.8225310073962	226.02405879612957	16.80317560357964	30.70601986742633
ko:K03379	0.0374921357925548	0.032153065822096	0.2604851091918136	0.0643061316441921	5.263847301585114	0.050009288723297	0.0589670616737334	0.0625264416540392	36.13539745733251
ko:K03381	0.0	0.0	0.0	2.688784798533156	0.0	0.0	0.0	1.2907907781338932	63.56907645625751
ko:K03385	328.27069536385864	333.6205391994919	193.6859827270449	1205.68239132887	852.7718495883952	208.05029544121072	1522.193912480481	1040.718292551186	180.39386545350288
ko:K03386	295.27220212521627	290.06348111618854	564.3863591729909	1362.9013946599794	907.9955552203484	384.9512016511546	499.6582334125818	585.4089663641801	305.715168528562
ko:K03387	122.63066850857416	155.2773884166913	234.6812765203763	207.25118806970323	288.60998036085306	173.27540762808064	229.3839947520425	480.618364652349	86.92754463249233
ko:K03388	0.0	0.0	22.955481418005924	189.72958967614392	91.74452109943492	0.0	0.0	0.0	161.96609124384355
ko:K03389	0.0	0.0	22.955481418005924	21.17	91.72729906307552	0.0	0.0	0.0	161.9289507106323
ko:K03390	0.0	0.0	22.955481418005924	65.71451835820643	82.1477744060537	0.0	0.0	0.0	141.2700317391985
ko:K03392	0.3736962572171591	65.85709859353136	1.6429197227887615	6.166901348031935	142.50341844402158	327.90694420004843	6.076222881854634	1.4242598196135448	0.0
ko:K03394	102.0411727898594	170.9456139254121	192.13063898817688	384.080768189913	565.2802866784973	213.47540068266423	150.95797534852218	212.21379124746505	78.93271663415905
ko:K03395	0.0	0.0	9.99598799828546	0.0	0.0	0.0	0.0	0.0	0.0
ko:K03396	0.0	0.0	0.0	2.9957894732149604	1.0021641700971635	0.0	0.0	0.0	2.16123754855996
ko:K03399	14.041943390399332	67.19776894842393	104.88322781060438	137.64194339039932	166.82713688376023	75.42020307950038	99.82	6.45	15.708031021551632
ko:K03402	266.29	430.13386865671055	944.3927202140568	357.3691498903751	1563.155482762998	939.1885981019308	1806.262867851412	733.4910249341588	255.6903176372871
ko:K03403	0.0	0.0	0.0	79.6948242196818	37.6042158777531	0.0	0.0	0.0	81.09613750337434
ko:K03404	51.55135143316951	77.13373024150219	88.10480110280946	337.3558552313186	118.74798748242526	87.02848450778168	41.17768613519827	94.77827009921748	35.846252498486585
ko:K03405	0.0	24.982874299139123	55.8130266367091	515.1390335753944	49.9126461214242	38.01055562553339	6.75	0.0	35.40186792416007
ko:K03406	0.0	0.0	1435.588354359987	637.5557526231004	805.3527016539657	567.0325023112011	205.93021332984608	1.6461326567392869	308.71983501749446
ko:K03407	60.07548952948292	0.6691456817157582	202.96447720611923	165.62841931867257	125.3199617416022	121.57619964819511	181.87567536356931	3.937957700392801	102.6679248593392
ko:K03408	0.0	0.0	323.33	3.55852373100516	136.28172534092582	108.28544354176266	47.60982248911177	0.0	34.942848843691124
ko:K03409	0.0	0.0	173.47103974100833	162.018126975585	48.046700012385074	60.51002219952079	9.73	2.63670392082009	27.09522492389096
ko:K03410	0.0	0.0	13.0	3.3991177261723315	21.99318173002417	69.44059823724756	29.73	0.0	24.169862870261625
ko:K03411	0.0	0.0	13.0	3.915351312918161	13.96686078772557	59.2	29.73	0.0	19.621969070323043
ko:K03412	0.0	0.0	161.51612711082308	196.79969779533792	90.3503115299423	136.41167816110976	29.73	38.0	50.08916959666808
ko:K03413	9.12	12.31	258.3095009908714	706.6819134401239	246.17586464345067	274.0525029733793	66.95982248911177	21.47428470627466	107.30111075021496
ko:K03415	0.0	0.0	26.0	6.798235452344677	47.6494928376179	71.68601646093047	31.61530207531205	0.0	28.682726658294712
ko:K03416	0.0	0.0	0.0	3.436259013418239	3.362073799405686	29.19513994269931	6.75	0.0	7.250548715586913
ko:K03417	0.0	0.0	91.1182470007888	90.06597815064441	2.433285795260313	62.98102480311455	80.0	119.82367697152657	51.51617962717255
ko:K03424	1091.2787833462507	993.1503172135184	1885.405582586784	2631.462323521224	3383.631730592832	1655.8311431854115	4148.005820715845	2528.888918179681	976.9601260118852
ko:K03425	42.62122647019099	0.0	0.0	19.64	0.0	27.32	0.0	190.71436433663484	41.08
ko:K03426	272.6190731495561	255.115902422116	225.60490405981125	93.13115606074588	1245.0632091388009	103.29961371925133	2056.1547654730102	822.316210794887	330.71629211037816
ko:K03427	720.4790105766483	1035.259770762353	2206.516974415837	2445.515233232811	4835.607101947173	1460.8027918282455	6052.605931538094	2180.5733800453418	981.9584539851732
ko:K03428	0.0	0.0	0.0	21.17	11.0776864264067	7.879401762752495	0.0	0.0	23.34865042338993
ko:K03429	9.6401666543219	35.86992889415599	342.5093571276392	218.54550983578864	322.0275169815943	102.10238723871932	162.4920347036104	0.0	26.528031021551637
ko:K03430	0.0396800630463618	0.0340294211568483	45.334814324726345	0.1098155713922818	12.260619368892618	43.14613191981172	6.812408200424184	0.0661752950171921	0.0
ko:K03431	288.7	286.57	647.6602931853312	411.92	1442.9059963517934	1101.1242200625748	1654.896531033546	608.6151899460053	192.53799163418284
ko:K03435	0.0	61.53	50.39	4.149016426324359	0.0	5.96	84.53141628720083	0.0	32.5
ko:K03436	15.3161973817078	103.1438208578492	346.21205940779777	393.07502495172525	551.0813115210485	883.746421799198	218.7296173472625	28.2359980586668	5.07
ko:K03437	368.6830038746865	620.8144124627636	1470.4058053519384	2750.836525906944	1863.3446078853956	1574.3677523311396	892.1054985724415	1155.3736884929567	1111.3858314390122
ko:K03438	435.0718519977868	513.485892061393	1150.3476132510325	1489.6404990643246	1952.1429256567767	1336.745207975384	1937.8945840128156	1146.124714059648	669.6231814253201
ko:K03439	441.2811711499847	513.8655676017751	1161.6030112221904	1506.232588802589	2035.49324085056	1337.8717650113845	1939.9334773716205	1248.688021300794	654.9717841203658
ko:K03442	252.81	362.5086370095893	541.0837998594342	1232.6871783010056	1408.2222769663497	347.4634263907062	1416.952917664741	886.675742377989	439.03652525448734
ko:K03444	0.3850532032238988	0.3302196774483436	0.0	484.1523318577927	0.6056058291211319	0.5136073580977004	0.6056058291211319	0.642161512971502	30.357534078849262
ko:K03445	0.0	0.0	0.0	20.363632823674664	19.13693006515836	37.45668454643524	0.0	29.196319018404868	17.709310011627455
ko:K03446	166.13063744386787	78.31463532765275	210.94470227288477	522.4455135410269	21.53307826133222	79.90357865454928	308.9773172342706	143.3621764182384	155.17185976568084
ko:K03449	18.72	77.15	314.9910932645092	73.34403899919755	259.2524637010027	395.11	146.5694388918139	43.3567052364965	40.023854476147775
ko:K03451	26.42	5.41	158.1322856351524	45.05371553254637	349.9030766026255	15.317704899396407	31.4	0.0	2.106122415268646
ko:K03453	220.5588495866745	431.5765794138049	806.8710000114532	1774.9089875036586	1286.9845001461117	378.5324952110338	1594.0402942470378	1021.8463239065806	1071.2896353140118
ko:K03455	15.41853254042814	39.40791698998575	323.0569791547198	553.5068293359292	272.97733011063684	670.3950613604807	170.3004454251532	502.32853559578814	465.5140403121212
ko:K03457	7.119693622991931	1.8356032651109269	137.20810788397125	184.1301867618307	25.964540038115693	116.15369512034424	59.400751402114416	25.5514868224916	15.05304033078902
ko:K03458	138.37016665432188	209.6630010568172	705.4717950898337	417.6103369943446	1416.12095366491	925.2724771323112	1355.4132168967303	576.1460046674117	98.35500732744003
ko:K03459	0.0	0.0	0.0	0.0	0.0	0.0	0.0	1.4905791329375797	0.0
ko:K03462	0.0	22.82516117332912	31.329834899776568	0.0	7.851327159571686	3.143901179838507	95.69130009903488	0.0100817344631229	37.21166721389715
ko:K03464	0.1413914201667141	0.1212565660290491	0.0	0.2425131320580983	0.2223782779204333	0.188596467089462	0.2223782779204333	0.23580151401221	36.83614552385232
ko:K03465	0.5368939844862871	1.5281505302501253	163.51306746740758	112.9070578593282	115.98478412155852	54.40158702235522	27.59441870344837	0.8953896513426369	31.20938059816169
ko:K03466	509.55717063566107	783.7980456465059	1833.5832434920496	2065.983360689465	2875.225213499265	1879.348288393124	2697.574179014641	1494.2467140859817	872.985288722359
ko:K03468	0.0	0.0	0.0	0.0207673749398589	0.0	0.0	0.0	0.0	0.0
ko:K03469	429.6431762180845	415.846738671987	803.8474646023997	1772.4996854400506	1511.7186172045924	1035.1580097782994	1776.7167346853205	1127.8487780599069	713.8598258040088
ko:K03470	434.9426201156379	513.3750634536008	1101.452753767016	1182.0276309366095	1929.5999070458772	1328.4134474010802	1904.895267326044	1167.9109893380096	662.0874719918787
ko:K03471	26.42	70.25	310.589482366357	134.54137576829007	238.35	254.79	140.68814330500336	21.021183656853623	0.0
ko:K03473	140.01	189.96	264.66238277725853	247.09000000000003	350.85	238.96	141.693484109874	321.46	714.9591491515968
ko:K03474	140.01	212.53	459.24660094401895	1170.32	377.2008259640314	310.1664044091308	218.2526957326908	464.4355235497925	476.54
ko:K03475	160.32486728254375	243.7764533629066	266.9023469783006	58.554900657650506	958.1640937634268	80.38289115298001	1430.9664607397435	424.2207633959224	55.40836524386685
ko:K03476	69.04122647019099	63.76877772626396	151.147246753049	27.33658628747281	188.8678317282888	31.14131091100934	141.84393763500952	176.46924939659718	15.47836524386672
ko:K03477	104.0	124.23654667468796	3.0146306619112693	0.0	579.0	3.587092795523472	1210.723514260441	419.0	15.47836524386672
ko:K03478	0.0	0.0	0.0	162.74995205199224	54.72100382427031	729.0532175427811	0.0	0.0	0.0
ko:K03480	0.0	0.0	0.0	31.70727595687185	22.3476864264067	0.0	14.457046285737343	0.0	4.93016463481287
ko:K03481	22.19649330520642	4.545156274835985	4.99455595420795	30.626061086131035	62.8779038206561	404.2021559567523	33.36137710988282	0.0444296468461634	0.0
ko:K03482	61.37877352980901	103.0	0.0	0.0	579.0	0.0	1125.0	247.2856356633652	0.0
ko:K03483	54.26	94.87	348.5890122817465	111.99438669488504	591.4386005012777	1345.079675903155	228.850786936093	25.668087624715444	0.3484857885770644
ko:K03484	178.3226877355413	237.3183581309844	344.7152291005299	70.3363611454646	1486.7955131263022	1239.266466495934	1889.858370907987	566.3494361324193	16.375831741641466
ko:K03485	0.0	8.401632570513383	0.0	0.0	0.0	2.4497291520410185	20.828917749048443	0.0	0.0
ko:K03486	51.74122647019099	114.76	228.554095157452	34.373168463341	438.1140456814526	648.7521801073633	57.46557564717956	175.95186114937658	32.70865042338993
ko:K03487	0.0	0.0	5.93980237915254	0.0	174.5203804977455	21.017285054786758	0.0	0.0	0.0
ko:K03488	0.0396800630463618	27.75179836958078	176.31532336568102	32.546490642350534	378.3934998274853	1667.6146212266533	31.851440224635816	3.3999207895273527	6.4586504233899324
ko:K03489	0.0	0.0	20.020544271161423	9.260481476681598	5.538665567266942	524.16	0.0	0.0	0.101184229350818
ko:K03490	0.0	0.0	24.14147492404368	0.0	6.622140690970315	0.0	0.0	0.0	0.0
ko:K03491	55.21136058775018	86.58808708477399	156.8793317606911	71.31320420381081	416.5108152741701	1089.7316759707874	140.32132313913797	5.318597509515192	0.0
ko:K03492	4.223506694793581	0.864843725164015	60.18624971413569	3.703961018863258	18.446795228703763	853.5728993291781	13.30275387553442	0.0124266090703548	0.0
ko:K03493	0.0	37.12223105157601	97.06760835588253	3.6213733194934856	146.8513552392135	17.978066362284316	34.37947534739868	6.612769175582225	0.0
ko:K03495	470.2038135596797	575.1504710265706	1126.79141423135	1565.2096504623037	2248.7591661462343	1332.6631579230398	2542.473210220379	1338.9612169804093	775.5251621898104
ko:K03496	325.66480509516896	320.0736115181732	1220.289925427337	2387.543689140144	1559.926659676713	1289.533327737763	821.8833907933822	1340.0469212008784	818.6290811969786
ko:K03497	297.503476086373	357.7627568860734	1289.5071529218658	2135.106474864886	1720.7789291466315	2042.3878402133955	751.5210052510712	952.4977278949876	648.5265931871035
ko:K03498	471.53353607771936	558.1808604329308	1542.2652714335068	1746.206285376978	2585.209753038793	1118.910299860801	2196.810991099895	1259.851319562748	758.2796196449877
ko:K03499	480.8873203647396	554.1796169758186	1718.6116256579871	1567.084551198243	2606.0678510522603	1667.0240716144383	2236.6189936332157	1196.13635074764	657.8135751776372
ko:K03500	289.6037530637769	327.9989103973919	924.7789297535022	1174.0112051197148	1403.7999408093983	1160.1912798867486	1734.3069659020514	754.8497816830994	236.28984929329425
ko:K03501	435.03	513.4499999999999	1080.3446222130478	1504.38	1921.4778593090296	1302.8535964096395	1921.76479873572	1167.632779161141	660.19
ko:K03502	89.97772982751601	51.17911654410712	453.4093562894637	545.9227927523124	907.9138441132264	529.164797153606	326.3885114540749	217.08461290929185	551.8924715550978
ko:K03503	43.871732386876985	22.524798987982585	112.45728409386392	140.09888139701593	95.08400156220756	28.328280825572897	79.24401153954791	212.26812669986896	181.7551148790605
ko:K03517	4.439740528145087	20.89348938749589	221.1627833197373	536.7282377141709	159.9171790572111	125.8419298028094	212.6481528705085	375.6780382204963	216.01874206369808
ko:K03518	6.01	16.95	285.9040998176876	499.0286229112127	400.54260342699934	26.315288063318928	46.6560236069594	0.0	13.417936230435435
ko:K03519	0.0	0.0	30.311181350864928	1.1032435928237143	8.314525439994199	0.0	0.0	0.0	0.0
ko:K03520	0.0	0.0	0.0	1.1032435928237143	0.0	0.0	0.0	0.0	0.0
ko:K03521	86.05962189564049	101.93791682561962	493.5298617609765	960.6658651943598	938.3347460591478	158.45403215194904	455.04080592506944	433.8161014653493	362.7634892705629
ko:K03522	86.1479121679071	102.0136341160761	508.94703267160537	967.924672415496	1262.4764939748666	165.4799497547216	513.7393836313644	433.9633450523255	388.7364837089035
ko:K03523	48.85427230227237	150.48724008275389	540.8589115310187	452.9779014130693	776.1667223219364	749.7200788162855	265.23262259869534	24.32837042922392	34.82045476702543
ko:K03524	427.069208403128	501.1693067405256	878.4184157780535	1400.7646992289629	1778.5703126346734	987.6496527637406	1819.5032159386544	1024.7830590017677	648.4891320862347
ko:K03525	157.94923933603988	264.33649955717345	663.7271657591248	1376.4006640978453	1022.5032536765304	488.18693767218383	365.9517595633185	474.0254379633293	537.3368536897874
ko:K03526	390.1192067994667	411.4281816641143	762.6231053938575	977.9120726566848	1446.9864808266796	433.8762199625145	1765.4341910805429	1229.5333778905824	669.2182628357984
ko:K03527	389.8958624824167	408.32502763523706	770.3884314935315	1000.2276123872474	1756.8058186769356	500.296000257145	1804.9122969285968	1146.6197769880812	680.3952357496237
ko:K03528	234.76	166.6048685748271	72.72	19.64	579.0	33.28	1307.9200000000003	438.0	131.05
ko:K03529	55.07132189338005	122.66862876930976	739.222063058916	771.77803526253	863.9749612804645	1088.2443112280391	379.595639350833	196.67069968550987	112.642632693501
ko:K03530	649.7027108147618	1383.9524372412463	1752.3031609411692	3087.581948484124	2717.505825789941	2623.8497023208947	1371.547064576919	2847.0376893646417	1007.0887025355928
ko:K03531	504.7245706018257	612.1257387984253	1149.065494078856	1309.8815267714765	2346.806120079149	1386.9820419656396	2756.894735066942	1297.3504397721665	732.1921745668659
ko:K03532	61.37877352980901	115.76181723578966	3.0146306619112693	0.0	689.7487125189236	33.68983834500608	1133.0432831662472	247.29571739782827	27.99974107135476
ko:K03533	61.37877352980901	115.76181723578966	3.0146306619112693	0.0	579.0	0.7630034144279764	1133.0432831662472	247.3786914513132	27.99974107135476
ko:K03534	1.2313714430285825	32.95827885549186	37.6325412744168	434.0813291343373	175.68655960134615	12.182478048216922	64.25634137755884	2.0535846534052618	88.03763261325462
ko:K03535	0.0	2.2320052882272647	0.0	75.76362974520909	0.0	0.0	0.0	0.3242662599610705	12.836145523852224
ko:K03536	435.0298938149866	513.4499089362702	1018.2366671574304	1485.4915773473012	1771.2513970158338	1313.7190519333622	1914.520098074307	1166.5595309159417	655.669099875773
ko:K03543	131.8524556214043	67.50029596811801	225.76841789133596	141.7004823137821	29.895227683732266	107.35176400180616	269.59457333151136	418.05247510828	211.92480238808827
ko:K03544	435.9346634516813	513.9139841665176	1100.1656305371496	1626.9457781782266	2169.7190446475597	1431.21438869323	1924.0998119225767	1171.123949050606	398.1370179921501
ko:K03545	435.1426855112575	513.5466385238948	1118.9135549782395	1512.186862433186	2149.422527758888	1355.2475543220494	1916.712459937196	1167.8224323934346	685.9685850924881
ko:K03546	28.63813301970741	99.36961278017966	376.7781737699431	745.0906875330045	871.092463105417	280.11549371126193	230.25089537139112	28.28016880471706	145.11658852067194
ko:K03547	69.67791270741913	133.42605516102978	418.1681970334652	925.2299354998304	1245.4894539971554	839.6179067865203	235.54603035649797	25.67819265487477	133.43451824862822
ko:K03548	234.76	165.24650089992096	72.72	0.0	579.0	5.96	1307.9200000000003	419.0	89.97
ko:K03549	10.52519413886916	12.500237999792905	11.867933053113807	214.72768907863028	73.06299887686444	773.1699253376123	36.546420501593374	1.3065376937601996	52.57183423802121
ko:K03550	435.03	513.4499999999999	1104.41	1504.38	1929.1494278858129	1330.504414782008	1913.479822489112	1167.62	661.6133190964731
ko:K03551	435.15535139344246	513.5575007203256	1132.3638375178616	1522.0173116629055	1935.3926462694208	1330.154439193692	1951.576272944584	1172.5249213517473	674.269492926514
ko:K03553	435.2309983537537	538.4281755352574	1121.092305364376	1534.1422910318724	1983.4923804969355	1331.1221544751188	1970.2015540878408	1168.2040318345432	666.3659579097991
ko:K03554	440.2448279759294	329.69355059666253	309.1973935183956	97.41367613032313	1445.568973333304	83.16086276964504	3114.3808338699214	1107.7946241860095	142.85804712846456
ko:K03555	435.3331869469831	517.1589056039004	1133.499385149188	1556.176314405144	1894.6533541693543	1300.9266235460464	1967.282075094475	1155.9697644354396	661.7370747657069
ko:K03556	30.02005907212	91.57438670069666	12.557448773974867	0.0	291.0374060458827	8.9237143968722	640.4516656171929	120.946199530945	72.37552169004482
ko:K03557	234.76	164.53	277.3614337138536	113.83137657377227	579.0	105.34542816010512	1375.0955586204243	582.1766352797608	149.7515382978632
ko:K03558	377.56	385.57	706.45	1157.197346559807	1296.89899811782	327.97	1550.4900000000002	889.86	543.37
ko:K03559	543.986640821228	652.3982123710266	983.8334573842676	3171.5657673305896	1806.435987624228	732.068331723564	1862.1120713409075	1471.4278775001587	1119.487920828647
ko:K03560	234.76	165.56743428741356	72.72	381.9237655273114	589.73	54.30383269888731	1307.9200000000003	457.0	204.1698886606384
ko:K03561	581.8657895669958	717.5849637565439	1033.764551173707	3384.5674877170195	2112.210067964552	712.1328624879371	2593.643312536103	1853.5897030271915	1218.812826391938
ko:K03562	234.871857858158	166.41480553272726	72.87073324661293	41.55674794404372	590.1908470694902	33.31425414283587	1308.8876402718563	438.3663645564013	170.28262963074778
ko:K03563	234.76	164.53	229.72	1653.0391177261724	658.2981656780461	104.48254869195247	1336.7901775108885	438.0	150.29954523297457
ko:K03564	381.0685431801758	393.9294792270055	616.4110050223253	955.3717980694552	1315.597392804634	370.39395165377664	1670.013701043948	1140.1242159998503	509.48727295018176
ko:K03565	435.02371652501785	513.9902960595559	1104.4861071127325	1178.3692226473406	1880.8561053000935	1306.1691878770905	1916.314191023047	1167.6223017499303	658.766680903527
ko:K03566	234.7601734055643	164.53014871173394	107.82220018556576	4.601199043159777	579.0002727296376	7.242501540338226	1308.1325223557656	452.9033035401629	188.99273534989544
ko:K03568	234.76	165.7356179896038	493.508256110101	250.76227619036632	678.13236168207	76.75999999999999	1388.184298211233	561.95	409.0122866157354
ko:K03569	470.8691817650677	481.3093615770042	857.4264611355538	1376.9463864795823	1728.0288653664147	1624.261981301744	1918.958076637436	1127.581298697347	696.0182089563137
ko:K03570	426.3160898089867	501.37046901815984	1025.3256088375188	1146.5996210859666	1737.4002912299102	1227.3236339347377	1892.0286271306356	1142.3474365288553	689.8159222619473
ko:K03571	276.79	265.75000000000006	632.5383048646202	334.4994244672619	1176.0108901095427	953.6165979909294	1549.8234555432723	552.0155971817196	158.0306747988334
ko:K03572	435.17566992323873	513.5749257886002	1134.7581497849983	1691.3451622222703	1937.7270622590688	1297.5417606477663	1940.7887173737408	1149.8425804348765	654.163502896629
ko:K03573	235.08602650938275	164.80959868367952	50.39	0.5591973673590619	579.5127695416559	14.274275730172873	1308.432769541656	419.543721425458	89.97
ko:K03574	457.7002341606898	838.6977649972433	2338.1752512979983	1489.3932947854264	3025.1676762988127	2468.2275193325054	2349.003851231061	1711.177060327229	932.6619037009302
ko:K03575	413.15190455276297	495.22593828165634	846.8739287033304	1405.815107978388	1373.6461391872476	657.1734611124855	1854.4149976659724	1241.334280031936	450.0554932622418
ko:K03576	234.76	164.53	275.18	112.9	579.0	104.08	1365.4024130051905	580.95	149.63
ko:K03577	0.0	0.0	226.96614558876496	93.26	2.2318743596464605	109.70174957200751	61.89993112189909	143.31544495899573	18.58
ko:K03578	234.7801239226527	161.12788264548837	425.9789096479552	204.6301648977809	579.0316505998684	172.83542974142645	1443.3904170616186	706.2077523563605	168.0110507509686
ko:K03579	0.1213171497366665	0.1040409733501159	25.045077063057228	0.2080819467002319	8.168432332808704	0.1618201854873574	0.1908057703136812	0.2023232212380483	97.39352428379344
ko:K03580	234.76	165.24650089992096	50.39	19.89005639809524	579.0836499243071	32.90563977094553	1235.9200000000003	438.0	134.4868810545625
ko:K03581	286.10460829000647	283.04986121902897	675.618398121473	626.5028308347021	1611.8776294780537	1111.0985175807948	1637.9693348163785	604.8297375537061	275.86853212976223
ko:K03582	234.76	166.6795026997631	480.6306319238155	139.03839908789018	708.6132178058433	122.48852124634676	1402.841642817414	586.9197260343072	382.9718759209056
ko:K03583	234.76	166.28695006978035	279.85510320022854	136.01009243952373	591.3134388852409	106.79198120914528	1383.2981785147674	583.5889246305376	176.44527014377152
ko:K03584	425.91	487.12	1054.5899956675626	1163.8234205508425	1737.860890290483	1239.2714770581272	1880.317187233917	1168.011544746994	668.453640007287
ko:K03585	301.6691752521949	389.8132931797109	648.5268876771149	1250.612405027689	1229.2511030955102	339.711126982647	1704.9394823663629	1132.5741271886848	807.6107190418002
ko:K03586	234.76	164.53	264.901958467223	108.51172679825474	579.0	98.11780958196958	1367.9200000000003	575.1705860893761	149.05736024233607
ko:K03587	390.9732622426916	431.7892636852892	816.9122081706565	1097.7196597251664	1312.8752426744693	428.7544514538286	1744.3860581508366	1148.5963965521266	698.8452996447145
ko:K03588	435.0310165729179	513.450871807787	1104.470800454062	1209.7439177623055	1907.4039182106408	1346.6899441993553	1891.8125934318264	1167.6319057157368	665.9942987783387
ko:K03589	435.0306698441453	513.4505744549474	1107.047161733568	1336.4325837377237	1909.2687443449136	1321.5959735583967	1880.7554255448583	1167.6288592853707	818.083550074767
ko:K03590	430.2370943409193	483.2119233151995	1051.99210225957	993.2585447606634	1543.063126988813	1246.24795363391	1867.2982153406624	1172.0404621778305	630.9528422556629
ko:K03591	234.76	164.53	50.39	19.64	579.0	33.28	1307.9200000000003	438.0	131.05
ko:K03592	234.76	165.24650089992096	493.508256110101	93.26	683.7275162401374	76.75999999999999	1410.04088350902	561.9600817344632	412.37
ko:K03593	383.88	399.92	593.674613732475	1262.964373406363	1109.02	345.0	1655.9200000000003	1146.61	630.62
ko:K03594	2.493173460756993	0.0057742435857157	461.0577610226471	419.7491439263483	36.54781693308081	196.941358439436	127.13176874467445	324.3704863183659	171.83695538035994
ko:K03595	435.03	535.6188723454292	1134.4880526718466	1208.1127710078113	2003.1615141691125	1332.1693008688424	1951.1183809725285	1167.9673075466133	658.7121219956028
ko:K03596	435.09192277369937	513.5031046571914	1110.5873498398585	1677.60689751269	1957.2601298092384	1360.0531405940196	1924.1424625508791	1167.7524939671264	659.4425654480622
ko:K03597	234.76	164.53	102.4006864534394	46.8186929243706	579.0	36.13088570998368	1367.9200000000003	506.9059118683916	116.5624412217195
ko:K03598	192.138773529809	164.53	50.39	0.0	579.0	5.96	1307.9200000000003	247.2856356633652	101.88467253770976
ko:K03599	234.76	165.7356179896038	280.3927995769693	115.6196969593888	579.0	107.79858246896156	1383.2981785147674	593.7751619144793	162.43445532083706
ko:K03600	234.76	165.24650089992096	275.18	112.9	579.0	104.08	1367.9200000000003	580.95	161.54467253770974
ko:K03601	435.28144644493136	491.8121400979476	1079.4411074416648	1024.5037077650757	1819.9078320090505	1313.8489150790715	1927.8910022824616	1172.4678667844391	634.4659979702511
ko:K03602	425.9098938149866	455.99355106546375	955.116434606348	975.6828924327932	1576.201146048129	1243.0343425076287	1806.2083713883133	1163.2408970390134	470.89992546890016
ko:K03603	234.76	164.53	50.39	0.2141688084284814	579.0	5.96	1307.9200000000003	419.0	89.97
ko:K03604	244.36	167.5461208231411	50.39	184.16097636612065	579.0	391.4257489549118	1307.9200000000003	419.0	94.69151421142294
ko:K03605	136.77	72.05187341559159	72.63326576474958	139.53667015629165	156.9020208911877	57.80589173380331	160.01931869234906	0.0	120.27273687733604
ko:K03606	0.9828536030748428	3.010518828014839	87.34990316643496	516.3516467893146	11.907070771068575	15.545841562947643	5.015844667475973	1.6391261038621583	39.52595430182828
ko:K03607	234.76	165.24650089992096	50.39	0.0	579.0	5.96	1307.9200000000003	419.0	89.97
ko:K03608	2.79	8.51	242.67	135.65	33.870000000000005	157.32	111.2	168.4	76.72999999999999
ko:K03609	8.8	34.741866912342715	277.8825419758155	245.3	140.75132715957173	166.83265970807938	130.8	168.4	88.87166721389718
ko:K03610	2.79	63.478302013487685	293.06	139.3	37.03186876280719	163.39858625734396	238.85760245427028	168.4	116.19747199187874
ko:K03611	234.76	164.53	259.9223366079805	136.67024115427446	699.8646311195289	124.78512291759232	1367.9200000000003	572.3705102430998	148.77992125304604
ko:K03612	378.4051091598131	349.034761336422	499.5834663490814	256.1640792534309	1282.1597372175645	247.3172579457633	1527.401001165707	975.5294067317136	560.0795252718652
ko:K03613	379.1414903808517	340.42442751400233	490.4496106636425	248.68706254798727	1273.132467218359	238.4940072124907	1514.0308139225522	732.433246371664	555.438993924417
ko:K03614	378.2377373170749	340.677724991463	648.8515157458698	241.31774993116883	1315.55017160617	239.22418773816457	1511.3140059072614	729.0402771079065	555.647644347807
ko:K03615	379.1414903808517	341.14092841392335	670.4643009190636	248.68706254798727	1333.2740709003938	242.30657056966888	1515.9161159978644	732.433246371664	555.647644347807
ko:K03616	378.2377373170749	339.961224091542	707.3115157458699	354.21774993116884	1277.908135524855	337.3441877381646	1574.2940059072614	890.9902771079065	619.8556340908127
ko:K03617	378.2377373170749	340.677724991463	513.01032754065	241.31774993116883	1279.518638016633	238.4940072124907	1513.8357479621984	729.0402771079065	563.5085685002155
ko:K03618	6.01	17.962046436994065	22.24326576474958	118.73713570275076	99.03	11.426913630924302	16.62	0.0	7.43
ko:K03619	0.0	0.0	0.0	0.0	0.0	25.92385489840808	0.0	0.0	0.0
ko:K03620	6.01	17.962046436994065	22.24326576474958	139.53667015629165	156.9020208911877	51.96447799114726	23.37	0.0	30.30273687733604
ko:K03621	252.2822984505037	286.57	648.391404273085	422.1945906652651	1448.3692719939704	1072.7874513080476	1633.1913701265985	589.8014771617413	152.59171108005904
ko:K03623	0.1027282924448989	0.0526516573510921	48.07112681077255	79.3838061470419	141.030265339738	26.7375444332852	57.021049340327686	25.80990860263912	14.460207073176894
ko:K03624	442.10951802830687	505.1711372964277	1079.000197423498	1513.1191539825932	2132.595404401415	1924.738111275726	1889.7784286037645	1170.4231619971574	997.5216814166306
ko:K03625	435.1453238346227	513.5489011366542	1082.08	1504.5778022733084	1928.28137957534	1328.6838259376375	1925.8116381890725	1167.8123280406523	660.19
ko:K03628	419.5121699843184	423.3755587053936	812.190592212766	1705.835717918314	1630.586568332379	463.9659932567057	1790.1721606260896	1146.943530665536	655.028293798844
ko:K03629	435.0574861498191	513.4735719829145	917.695872575682	1090.6156725807805	1885.5769714131748	1262.8408191533692	1852.7870805166972	1024.7396614863217	642.7878999323028
ko:K03630	299.7797596542396	356.8104716822685	1106.6941092161956	745.8363238476949	1742.8557296153906	1121.806792742171	1824.88322679418	846.219272752069	704.548599624559
ko:K03631	435.2104885986308	529.778725137852	1148.0378664737752	1196.6515955235377	1934.7191684248387	1350.7205866343731	1966.5125877380945	1580.0816843500136	669.185038952992
ko:K03632	234.76	166.6795026997631	50.39	21.568809838773525	579.0	5.96	1307.9200000000003	453.91053384244873	89.97
ko:K03633	234.76	164.53	50.39	0.0	579.0	5.96	1307.9200000000003	419.0	89.97
ko:K03634	381.9559874983036	440.28820784345817	669.6960898893955	1498.1352460107305	1190.0118959634374	346.1551067421993	1752.5396505418862	1141.847937114503	439.6268670542136
ko:K03635	266.92932700737526	218.78266398417244	117.96985216473692	424.08074649567607	913.4829365138096	48.76673152005079	1858.1520185614863	593.7193535924118	138.89374313678604
ko:K03636	236.9092679352553	164.53	113.50356554440468	228.9348795424448	629.6892214396512	48.76673152005079	1307.9200000000003	445.8262239752083	127.11374313678604
ko:K03637	241.8950352296738	185.35586584032083	320.1327227999493	678.9218702614111	989.2030082610188	153.9339147771243	1425.633414702213	572.1077013952668	170.62838556244742
ko:K03638	8.159267935255274	16.95	98.4396557431062	518.6475013320861	99.03	41.64673152005079	16.62	67.79404942789336	32.35374313678605
ko:K03639	242.10814251516004	187.652131967656	236.6365273882307	632.2088738122578	1033.2476469867293	97.9934639298319	1416.4154071619578	474.1608838307736	180.86926351759791
ko:K03640	352.78768910136154	371.50821631212216	252.7224318957045	348.3509297529404	1040.9601225896986	278.248640858904	1550.9255223372943	998.9500638722568	402.6449534433499
ko:K03641	234.84058019588045	165.63653945539966	77.66161462706808	40.6639953881557	639.8016585211893	45.63748276127727	1308.046735308078	438.1343853266741	173.5809420333979
ko:K03642	241.0323592398325	280.4646814221473	548.6733470710121	713.9930678607305	905.5495701221272	175.32567295743672	1561.4873923738037	862.3828021264102	328.4547876158306
ko:K03643	234.76	164.53	275.18	112.9	579.0	104.08	1367.9200000000003	580.95	149.63
ko:K03644	375.6871131467083	364.9104467783407	521.4155481834966	1183.3432766454837	902.7653965623168	324.70141923227146	1595.8394517507113	1134.2258415799406	261.33515812729866
ko:K03645	234.76	164.53	50.39	0.0	579.0	5.96	1307.9200000000003	419.0	89.97
ko:K03646	303.073868134795	302.28622755600395	178.23936119957455	140.77680514867964	1358.6512302408855	120.05508504927457	2640.890692963861	730.9243763486253	227.2016239822462
ko:K03647	62.19435347075692	120.54707477674036	336.8671342531636	104.82513174624953	462.0632420232763	638.3096463124438	175.61632588229358	21.076689458396235	0.0
ko:K03648	429.11534567578906	491.4917679687937	937.0263075169352	983.4978893940248	1790.7959460846928	1337.7087587312792	1922.6129662231288	1423.2164904648805	638.6787827528888
ko:K03649	8.751706692745649e-05	7.505419347259719e-05	1.3757603901057291	0.2510323822146148	13.62060089909196	18.12011673558136	11.257585703480522	0.0001459540957935	28.80674091767085
ko:K03650	435.0224489446848	517.0716402265482	1122.755006665233	1836.6783405095453	1941.578068845045	1346.6667027652911	1942.41239990076	1251.0563344791212	663.8069665936096
ko:K03651	261.3667454015511	238.47124229221296	140.37237653487807	99.78681966796898	826.4604720075265	125.27251638394318	1328.1541674889345	549.0213719849484	140.40322482976535
ko:K03652	9.6	51.142231051576005	160.98906691744352	241.20724954324868	48.9200425154726	605.4822937650677	12.862223582747443	1.9008103769433655	23.062480083476064
ko:K03653	2.79	8.51	4.88	22.75	15.84	0.0	24.450000000000003	6.45	0.0
ko:K03654	605.428804317361	717.6718296070193	1627.0466715228863	2380.356231120231	2614.9292376135954	1216.8156284053932	2633.3035812809435	1920.0099847705249	1241.3576041599167
ko:K03655	510.91870695954754	794.8343026910911	1866.9657773613465	2752.5680525965377	2666.335197628453	1684.589396798193	2257.5098972699725	2082.488101359722	1157.5889050551996
ko:K03656	234.76	164.53	447.8789909573612	113.63208004909274	625.9019548561076	105.31066753511514	1373.5601282306611	581.9141591179267	149.72553145910248
ko:K03657	850.0638400594911	748.7684432004085	1708.2764138933455	2382.544549315491	3303.7843593593634	2109.752734167496	3652.139780119953	2032.0688604806185	937.2866427786324
ko:K03658	0.0029976315534579	3.591493978737198	3.698825978330638	168.75732717277134	81.85049696614522	0.549124286129602	3.5222963128731326	0.0049992146476972	9.054997453478853
ko:K03660	0.0	14.02	35.76867484127732	21.17	323.0482463079771	30.53	63.62014749350748	0.1038954393352762	41.63331909647306
ko:K03664	435.03	513.4499999999999	1106.7148012535342	1525.4195887648584	1929.9683118211365	1329.4203110827857	1914.632256741456	1168.0070503903503	660.19
ko:K03665	420.166117506188	461.3143432018298	966.098192585443	1381.6365390498822	1641.8165733584497	1195.2999592166857	1865.9985689670373	1168.123604465728	652.76
ko:K03666	234.76	179.26650089992097	295.27000000000004	224.6342914304448	587.1990135859784	145.16	1374.6700000000003	580.95	154.5503176372871
ko:K03667	267.19	190.14398879120327	326.3670889881232	508.2919300779546	717.2554065184763	597.8006271269408	1368.190119372914	419.0	120.54
ko:K03668	0.0	0.0	58.27127382694929	46.282126045106935	24.741585164905416	0.0	15.0	0.564978182535552	120.04105025324054
ko:K03669	0.0	0.0	23.852238977352897	168.5081074971036	0.0	0.0	0.0	0.0	0.0
ko:K03670	0.0	0.0	23.852238977352897	168.5081074971036	0.0	0.0	0.0	0.0	0.0
ko:K03671	494.3684895649303	612.55044966588	1581.2072966052972	2632.982395135684	2191.605879148847	2146.663084609549	2090.9659506443377	1261.4792004778462	826.3773142033729
ko:K03672	0.0	0.0	95.50352276029984	94.30812080093	205.53725668957725	30.170885709983683	60.0	76.429542325991	48.9345415152127
ko:K03673	427.0820632822469	327.3927887697673	490.0052641654143	240.4582566667873	1269.1899704667255	213.323167894784	2762.407200934392	973.0988809151928	422.9234882080372
ko:K03674	234.76	164.53	50.39	0.0	579.0	5.96	1307.9200000000003	419.0	89.97
ko:K03675	42.62122647019099	43.13429302506833	231.11983489977652	93.26	0.0	75.22617142129901	155.95360917183038	314.6643643366349	51.08
ko:K03676	0.0	0.0	176.5967262832591	115.43261951841733	77.60556523609615	100.73704114314216	60.0	161.8504131749082	59.66
ko:K03683	234.76	164.53	72.72	19.64	579.0	33.28	1307.9200000000003	438.0	131.05
ko:K03684	234.76	164.53	77.66161462706808	345.64	579.0	33.28	1307.9200000000003	438.0	131.05
ko:K03685	435.14945899986265	513.5524474334264	997.5171746031544	1521.1005258326202	1908.838842681701	1333.1039708637334	1933.730701725898	1167.8237187013508	375.9228062357527
ko:K03686	436.57445915010015	547.0571044497653	1321.3560536823811	1986.2337527286136	2149.5473159932803	1423.6159759507734	2030.582880910868	1435.6656445420178	772.669194518547
ko:K03687	435.29026900649046	513.630222618543	1112.374715030298	1506.739267666955	1971.0692168423711	1330.035015553701	1930.565913138689	1168.7080175605531	665.0169945012823
ko:K03688	53.40459327350827	43.13429302506833	357.08864661937935	500.8810339033608	73.81639473396201	190.0327321569836	124.42409925989256	408.0735964427682	108.94474641776108
ko:K03690	0.0	43.13429302506833	184.97387500495043	100.65989392908445	0.0	85.14534999787523	78.11	142.95000000000002	81.51534563690234
ko:K03693	35.54	82.56	299.46048919039583	77.28667092355727	394.6419067114862	890.7538674353682	172.63391283084437	21.468537110464524	0.0
ko:K03694	5.236514550056746	4.490808364130943	309.2915594878826	121.88161672826187	141.4952309203969	130.45650412499322	94.20041870226324	170.68304799961996	121.74891335043704
ko:K03695	419.67704370251545	423.6836695246549	842.5347741030726	1376.9906290100416	1629.8153307730822	538.7257899549029	1855.5479358884693	1309.6028805170706	640.485811480359
ko:K03696	197.49025891904748	341.24436486332263	891.9113326320689	1538.1051190928647	1693.924308611566	1259.7451903966514	592.9010658882437	582.5709330259675	542.9258180396771
ko:K03697	19.2	64.84	236.12689779659152	29.412014300135414	232.34603690685296	1379.39	131.49727796596346	21.44610281117727	10.175503013430342
ko:K03698	35.54	82.56	325.29843149353144	809.0016878720073	658.2644743632786	889.7581805218962	173.23000000000002	21.01	11.32
ko:K03699	181.6882945450491	336.72860070160857	650.8683218273356	956.3971392689295	1389.8196849953963	1133.1566595505003	557.4377738565545	589.0290700254479	263.71970654176505
ko:K03700	45.14	82.56	311.79	85.62	640.52	934.0045557584228	172.9664077868987	21.01	11.32
ko:K03701	595.7518783872245	764.4638052863031	1489.9681364251664	3142.687847707316	2455.6968981540385	2284.359914919552	2279.558165686878	1752.3700709914683	1191.4793451232413
ko:K03702	435.0924864328313	513.503588048409	1143.4042504719075	1522.615313398664	1929.0929639868489	1375.6522849805967	1926.224893313965	1179.2224360719565	684.9008025953113
ko:K03703	435.0449919629585	517.8074739047988	1152.426719698153	1518.2843801612134	1947.180565264518	1331.6014674948365	1935.704334209092	1264.9695292771337	702.3250564442084
ko:K03704	355.0513905076711	326.7470074309287	537.5473087610995	911.456239256736	1622.0214692249383	905.1645867556656	2282.1804728535217	753.6792185475521	311.2368704587988
ko:K03705	53.94	122.04	371.2584314935315	320.19	871.1284865091784	997.9885804515494	285.04993568378933	27.46	52.71
ko:K03706	35.54	82.56	299.79	157.02	674.9548454419325	405.69999999999993	211.98	21.01	18.782286615735455
ko:K03707	196.65920437404327	160.0598397397109	135.19444097414245	115.49577233767388	776.8007501920689	313.9391209568756	1287.4814298231404	426.9803082464746	115.49127158653678
ko:K03708	51.15	113.53	350.81	272.6362645409894	492.69	428.84	201.72	21.01	7.43
ko:K03709	161.44727537658463	304.4435167265554	698.0248215855341	1400.6559110569954	736.3604630184497	587.4651855607159	372.4055012731617	333.0090686947128	49.3714519761452
ko:K03710	106.54245122540594	199.99116054220423	407.9567392851405	81.6465773454949	1172.708856153496	1913.0196410324595	1341.5076032335528	272.0789683937603	185.8106409025997
ko:K03711	339.07502255277785	430.3746642247918	1076.920233379589	1573.1288460260334	2124.175881211156	578.4541178783568	2133.6433508804203	1336.4880796812377	743.4493467923228
ko:K03713	35.54	82.56	296.8444023696413	67.34004839999844	393.66	334.09	170.3498814709928	21.0292118438667	0.0
ko:K03715	0.0	0.0	153.48307559568912	0.0	42.101260319650834	0.0	0.0	0.0	0.0
ko:K03716	2.876177409436485	8.55416878082046	5.03073324661292	26.699372845494253	31.10026703254533	18.12	25.803759261327446	6.773536719451133	8.759723337137025
ko:K03717	0.0	0.0	0.0	472.4756775086882	0.0	0.0	0.0	0.0	0.0
ko:K03718	353.7703802617924	406.585058559707	399.73887940455296	746.635004587074	956.0764433706296	245.26912030528104	1641.4275242753924	1226.9695051029255	537.6110080105798
ko:K03719	404.1687229744102	237.4298621694985	540.2988542399995	777.7819997297383	745.3027732309267	275.5204007446274	1618.6289850788846	747.4749445302716	574.6604659667995
ko:K03720	234.76	164.53	50.39	0.0	579.0	5.96	1307.9200000000003	419.0	89.97
ko:K03721	234.76	164.53	50.39	0.0	638.5119045854358	7.242270241460505	1323.9838400653102	419.0	125.68374418271851
ko:K03722	276.2812591913306	244.6796102673809	668.3746940905097	545.9058386959327	902.4979723893284	905.0458970804632	1559.1924576554063	601.7145460735479	108.75813524029716
ko:K03723	471.6133101375256	518.7705037474726	1097.40480389106	1540.5416269726402	2027.4544606915165	1338.569551202408	1989.836129194519	1254.0066527309582	676.1550205739819
ko:K03724	0.0256804487215559	0.0220234227960179	74.65509242091525	1006.5820374774528	195.86858009021051	190.87680179362715	28.79907530317184	0.146723276285466	12.584784927978582
ko:K03732	234.76041902289057	164.53035935190934	152.23898478327897	19.6407187038187	600.8131583310286	33.28055891819111	1307.9206590328376	438.0006988134916	131.05
ko:K03733	472.34784263446016	518.4458101563571	981.2232987436888	1835.6397893845703	1890.4703815187715	1713.789429530873	1871.8348931603132	1345.9452648020522	737.6340151345821
ko:K03734	462.0351565515996	505.1391468894846	1311.62147268505	1921.4798869342976	1989.8455291598536	1818.6174885826688	2040.9023352380696	1388.7271022292143	950.6002804236568
ko:K03735	1.9063708588758812	38.69040343356317	12.530664750140664	230.906384096891	18.32862845764833	4.7685016946792045	21.907787576944354	3.090591835096926	28.920317637287088
ko:K03736	1.9063708588758812	38.69040343356317	12.530664750140664	230.906384096891	18.32862845764833	4.7685016946792045	21.907787576944354	3.090591835096926	28.920317637287088
ko:K03737	86.18396784808279	103.64761157894915	511.2584049802092	501.5246835490335	862.8093396825177	147.5841191899107	348.5151379993063	352.2829100080115	558.0510947829528
ko:K03738	0.0	0.0	0.0	0.0	8.19901358597839	0.0	0.0	0.0	4.920317637287087
ko:K03739	53.18242830550158	90.51069177591084	334.25406637121944	52.936580599597605	380.5643928909332	1066.2505717196682	263.60404293509885	26.92131231651485	0.3484857885770644
ko:K03740	58.6447994088125	97.8972114017501	323.94899831596433	51.988323912918105	390.80065684416064	1129.353615230114	276.8402429766961	24.79933684115199	0.3484857885770644
ko:K03741	5.551863659573408	12.39632498353933	20.59497273726753	578.6626087886839	114.86197334123092	50.11462305760301	13.881819108338872	0.2864294170346397	84.86310667358086
ko:K03742	200.2762834749822	326.35538867632965	783.8432165493703	874.3625871186873	1297.2740564469154	691.8624440615197	515.1398825540068	586.6804790864419	515.6439379568967
ko:K03743	198.39003653875903	318.30859209879	983.0039745964066	605.0718997355058	1320.9800263396116	774.9124440615196	553.4066905692977	726.5835300846625	535.0839379568968
ko:K03744	331.7985945052752	588.3378054408572	1081.9093403780446	2077.0550987690635	1554.0168474358268	1408.2825204870164	1868.9779887973405	1389.915207951378	486.5929859034241
ko:K03745	234.76	164.53	275.18	281.40810749710363	579.0	104.08	1373.4985837127997	580.95	149.63
ko:K03746	277.3812264701912	164.53	128.79036752524877	53.893635739336304	590.458671158452	33.28	1318.0336243480897	611.9996743568988	155.76143062503075
ko:K03747	0.0	0.0	224.70286196057896	103.01642891186562	0.0	84.0557122809458	60.0	155.7993460591346	19.853147507209485
ko:K03748	234.9096570349173	187.228345115388	136.6716770597975	412.6367009133536	629.1420731125353	8.450127105364707	1335.4784430519087	444.12730172343913	210.16772442703805
ko:K03749	38.95134421806865	23.826131099705226	55.28951194148215	35.90204221125578	120.93396051987592	27.27982521799811	106.4049927951774	6.077880132054181	7.200433472687045
ko:K03750	242.91926793525528	185.35586584032083	149.82364328721314	600.4982956638693	817.9059369225699	116.4817474542456	1352.557277900576	508.7416557648154	175.08776614525686
ko:K03752	138.95804177950237	83.21468495911526	282.6854163115747	665.833692006549	183.6774128314689	175.7260520158252	272.5431463575341	192.46223872116468	186.61440784948607
ko:K03753	132.90926793525526	66.10592621861191	63.41340811229396	228.9639423157581	57.89132715957169	30.594918946678792	191.02	0.0995868250918077	94.68166721389716
ko:K03756	21.62	49.78044171323114	94.42373570880716	129.76104118599903	168.92447667791922	58.69944272462458	44.19729221138563	0.3175768995822259	27.38137582748804
ko:K03757	134.02005907212	177.5318691472056	12.586239180964284	0.0	862.1860788863116	2.4497291520410185	1696.2850424872454	540.1059359219308	24.0
ko:K03758	187.2451146631417	219.1992564736176	64.2529405566418	79.30091088614896	899.1484245813534	246.46723235403817	1751.3962003577913	565.0065062797157	26.387407893796706
ko:K03759	0.0	0.0	0.0	0.0	0.0	0.0	0.3451046214154891	0.0	0.0
ko:K03760	166.84714989737245	263.03426050453777	200.44912725011872	400.8725413263768	332.896555881664	321.69488201712653	147.51909736014028	432.5077965323271	141.94826897675884
ko:K03761	1.1250352296738046	0.0	0.0	14.074714204787842	0.0	4.990000008282356	0.0	0.0	24.0
ko:K03762	1.1250352296738046	0.0	41.87354584372715	56.34749965685491	51.7668671519308	32.31000000828235	0.1037433703645286	42.7811647420358	36.93239042532126
ko:K03763	57.36888578123312	150.64788285817804	427.4374719068942	395.860556806012	1100.3409546409684	1053.541420935969	341.26051208486064	34.203119715736534	57.49649095253572
ko:K03764	234.76	164.53	50.39	0.0	579.0	5.96	1308.2720746072514	419.0	89.97
ko:K03767	15.13	139.24	782.7227776250919	1986.7907296943035	689.2022191414987	433.5240747687892	287.20580498782806	166.9524218286882	103.40190716777256
ko:K03768	433.1267492416206	559.1344620915694	1383.422284999399	1420.9704435316837	2132.377221218852	1372.820102862136	1995.1202844315428	1307.7491882420084	756.4536530848937
ko:K03769	0.0	0.0	256.0697524036784	111.10190971211824	111.52847865219287	95.5304649822173	179.1062670197194	165.54300201400133	77.71974736738836
ko:K03770	384.7906399901881	400.3891096156801	600.525751419884	929.4989667768835	1136.793797735402	345.0091862008935	1677.6060178742418	1150.0238476542668	647.1012682748478
ko:K03771	387.3844257362918	430.0745685408548	701.8890605973901	1272.7461352818675	1278.1847721562317	360.2858874931867	1799.0393220690312	1396.8673492500816	733.1617707702175
ko:K03772	673.8750854872544	845.6107717806041	1373.58529392608	2312.504391397818	1733.1933396824052	912.296689305309	2240.615574880853	2446.873697559143	1014.5723980249352
ko:K03773	680.4553171106586	830.4504460031281	963.2531760710332	1199.214135892485	1779.253060170361	751.2768153314707	2249.733355071226	2137.0089206554844	1051.7793175068798
ko:K03774	0.0	0.0	0.0	19.64	0.0	27.32	0.0	19.0	41.08
ko:K03775	383.8508413736289	377.3249937096628	730.1754203239773	398.0899874193256	1135.3290199952708	344.96110645248285	1674.6226777453574	1146.9396993560404	587.3589133504371
ko:K03776	0.0	0.0	54.53147581054039	184.5317864319809	8.19901358597839	37.613538805630775	0.0	19.86156631292248	28.435663274189487
ko:K03777	104.0	170.97557436003626	250.73067519843045	459.9118178388074	588.4483315943047	80.34812710228917	1222.497324417044	561.8024278634366	63.6223203998212
ko:K03778	266.8653264775377	306.98218570950564	331.9660500899022	470.2041095839125	1006.7772282071918	1599.777280867522	1491.7013802484814	480.7205212423005	130.33929376013478
ko:K03779	6.01	15.236672892918891	19.956908378654774	113.69838630323532	193.0929250104128	65.81162213919826	16.62	0.0	20.61463131242929
ko:K03780	6.01	15.024805471796766	21.479147356007672	114.27875138537634	194.05826759380344	65.81162213919826	21.46216344427209	0.0	46.28692236013379
ko:K03781	305.84289955838176	153.11229495932426	245.32068354614168	663.3766631542011	674.6343121124712	111.48416107633952	1462.1386183615475	583.50582246163	130.38503710712385
ko:K03782	0.0	0.0	0.9824533679241586	350.97373326091576	7.680878908070814	6.296167301112713	0.0	0.0	44.50061268173759
ko:K03783	181.8978041953928	309.46384473718814	769.9915475723524	1460.143527544214	1130.9624552404048	569.1025186852697	472.8405831576312	580.2707964263656	641.2904239148424
ko:K03784	282.79115469870675	255.6867497574352	547.0007974832165	106.02273159390138	1083.2474709735943	469.0946109906155	1548.528681484653	447.022757689733	115.06780976503951
ko:K03785	6.01	70.40369995394867	380.4394391711063	132.537882488092	470.06108298884186	1173.2071566738482	236.49968204847832	161.92546165785117	55.930559029672914
ko:K03786	383.9014596778964	390.69789917794185	434.37199055342165	972.074771983665	1313.822667015971	352.3511394726827	1581.1483776306948	1005.7595511336796	326.5415140820795
ko:K03787	392.0281243987088	427.322835431725	656.318331677278	1309.5762284133525	1209.9712910236904	376.67088306138857	1668.9524437407522	1129.3787391079732	660.1600271529207
ko:K03788	234.76	149.6421523959164	74.56679383990354	0.7887138537557244	585.0699407644279	5.96	1292.423316885896	419.0	91.2169165743932
ko:K03789	399.8699360544177	469.96830844483	972.2915400367918	915.411207271031	1903.903455242881	1331.153717275684	1724.1174827341465	921.0801465982718	208.12497328581688
ko:K03790	19.607898750452136	210.8791674264461	891.1854251177201	180.08413140741328	752.6804746225474	1548.469953605848	482.23758045756017	102.93777465681691	47.589236986013375
ko:K03791	36.50153478475651	2.774769586851427	48.69946420391962	47.58822467269003	16.887816651554513	37.13239447790516	54.90576095220841	60.93571667274681	67.76465329738227
ko:K03793	0.0	0.0	0.0	19.01520270639397	0.0	26.450882787102	0.0	10.196319018404909	16.536642679491294
ko:K03794	0.0	0.0	0.0	333.43550101308216	0.0	0.0	0.0	0.0	0.0
ko:K03795	0.5193220563536997	0.4453679660501664	0.0	8.605112007266372	0.8167818417967998	0.6927033125097607	37.620566687484335	0.8660845686658218	0.3999279127546924
ko:K03796	2.79	8.51	4.88	22.75	26.44906699580376	0.0	24.450000000000003	6.45	0.0
ko:K03797	600.086920985131	697.8068860827523	1444.269934320592	2936.418242216013	2335.306980489251	1258.531636757432	2250.5431936454934	2249.665096167222	1357.7409166537886
ko:K03798	435.2120801547969	515.9737856513327	1165.374702104884	1941.4076877386167	2551.263164598129	1390.635704836873	2015.5852940749212	1171.603722140778	738.3615596016716
ko:K03799	286.2604219516832	312.221084208836	652.7902405008934	955.3840017645632	990.7073214962808	1517.3532985277936	1652.044782128703	639.072991865908	238.1147002424911
ko:K03800	359.48497484173106	281.815588315505	676.5251364704602	992.8215154471204	934.3251188217462	768.9811105492032	501.7161443891367	322.5953817953693	479.140632772224
ko:K03801	374.8318165886859	354.5304478808752	425.5038094075172	815.7031199811892	828.2216556804482	305.2624547219339	1499.1110627572898	883.513092855182	232.09260191108163
ko:K03802	0.0002067933505638	2.7030519736947323	24.141622116936528	343.1094975593383	16.079609015747497	4.231446012203849	0.1131066725637102	0.0003448737207187	17.454592475330706
ko:K03803	377.333984253298	339.4980206690817	423.302899719461	311.2984373143504	1020.2014848673364	207.96400721249069	1505.6171978919706	725.647307844149	553.33906184583
ko:K03804	234.76	164.53	50.39	0.0	579.0	5.96	1307.9200000000003	419.0	89.97
ko:K03805	0.0	0.0	13.411474531184306	0.0	7.977626562495024	0.0	0.0	0.0	97.39352428379344
ko:K03806	234.76	164.53	275.18	112.9	579.0	104.08	1367.9200000000003	580.95	149.63
ko:K03808	234.76	167.23287462876436	319.84	93.26	579.0	76.75999999999999	1367.9200000000003	561.95	108.55
ko:K03809	0.0	0.0	116.16961369759606	119.8895729711314	16.81810537283866	72.13976862499713	60.0	131.42959914712807	108.63120794155436
ko:K03810	25.80640379144213	13.674626193169177	15.03542906738555	45.39590851412758	96.48243842361651	21.84232002098463	98.04698263266069	169.12145511335578	39.443508698353696
ko:K03811	400.5461651609712	437.64880780649503	803.171996350085	999.019470547118	1268.403849207402	1318.4252734023312	1704.1098983607071	1070.985697087566	1130.0742471499532
ko:K03813	98.60566093813192	39.32077912153186	52.45714733132041	44.56915776354776	63.49679587641512	15.002859815540512	179.95566036184312	6.835673866849417	80.01514811074696
ko:K03814	241.08	202.5	367.3213411812252	202.4313765737723	706.9124513555774	132.91542816010514	1518.6653400012735	839.0128767026076	262.23175955437534
ko:K03816	56.93945379666879	62.58500626233305	354.08399654169114	275.5808171013268	780.5855495400174	956.86929068662	346.4404707370353	276.8742168184783	74.14869406349874
ko:K03817	9.12	15.117744183397576	38.751383789022704	134.37256159416947	69.19064338835204	291.8216493887199	32.02163138340119	19.1581638349303	6.7083974998837
ko:K03818	0.3941229300716832	0.3379978292703359	0.0	169.23558533468457	0.6370925940986976	0.5257051108392863	0.6198705577393244	0.6572872916068893	3.2936246401066245
ko:K03819	0.000978734583883	0.0008393578235199	0.1302425545959068	7.769230052396663	11.145748700302772	0.0013054956554009	0.0015393388866767	0.0016322567269188	30.61014513206991
ko:K03820	234.76	188.6949759348111	729.1347787170981	942.87	839.6126273627216	116.33	1389.3900000000003	580.95	465.77
ko:K03821	0.0	0.0	0.0	0.6874393215410846	4.235831855954167	0.956254697785256	0.0	0.0	27.13980317457473
ko:K03823	186.06012086789036	216.1340401663272	496.6720842368919	826.8733835623108	1458.420874886344	323.3947155567973	1336.665505697005	538.7819369837665	125.9259272834649
ko:K03824	0.0	0.0	22.789949803934853	176.22249430765874	3.048123423607864	16.458756230699603	0.0	0.2437111284082508	19.40963816339425
ko:K03825	0.0	0.4567107871377386	12.48765100115396	11.552666749374472	39.99215281112916	16.97423478186493	20.06847728826553	19.013171361589844	11.507061559357115
ko:K03826	3.078179237252162	2.9171607617098374	6.882091775037784	348.0038649434876	111.70946413362825	33.62057588250192	10.701515808644892	80.3183781997612	5.374549209139591
ko:K03827	39.66604260753191	31.68746267004349	128.8304441258624	394.2216752034121	94.09647930054452	116.92981246207316	98.5477057066508	82.32728888084299	89.00175597929548
ko:K03828	0.0416834098063944	4.611673699806632	61.45095441695064	49.01670202704044	128.6638016465755	215.88297893602527	43.13279470421012	8.353345134274761	24.0
ko:K03829	0.0	0.0	5.555398044254344	0.0	163.2259995555655	2.709782363046587	0.0	0.0	0.0
ko:K03830	1.0242327055814593	0.0	55.336677485485296	1.0242327055814593	5.204880239911381	122.68288223354512	0.0	0.4262386294432548	8.878913350437061
ko:K03831	234.76	164.53	191.75462424751336	363.4987952334713	646.5722309439172	18.21	1307.9200000000003	467.79404942789336	101.75
ko:K03832	570.260726843153	771.6767576535091	1149.247041160732	2182.35063520047	2231.947410862014	1171.022261236629	2318.271397333462	2036.9459151903395	1209.64027998743
ko:K03833	243.88012294182693	177.55660633420928	281.511982208498	8.889608736292152	890.2118837173213	110.20240324832764	1385.9589072965357	419.0002050327304	105.92135011802468
ko:K03834	469.52	334.9388393825713	129.81402474961538	151.0038392894226	1161.7454834139662	27.0764653145556	2694.4117087474624	857.0	219.14839749988369
ko:K03835	329.1022984505041	178.85	256.386211077505	477.5535224346345	588.8434863163949	87.49029389325659	1478.078387132486	580.2263333887664	138.20074111827148
ko:K03837	130.76	52.91410237550967	30.7746550587633	87.81262545467523	10.320768226222	7.681902539518894	184.39294853847957	0.4456856032050846	89.97
ko:K03839	513.938582329959	580.4686520585107	495.5829884173265	557.8695887839549	1623.4878510425258	1144.3171812539847	1732.458426753244	1300.9679774565916	299.473707318324
ko:K03840	0.0	0.0	22.33	0.0	0.0	0.0	0.0	0.0	0.0
ko:K03841	234.76	187.1	313.238385372932	616.87	652.39	116.33	1389.3900000000003	580.95	172.76999999999998
ko:K03851	0.0	0.0	0.0	0.2508822738276696	0.3476864264066993	15.798781835398096	1.094697924687944	0.0	1.980455308440072
ko:K03855	6.01	12.211866912342714	15.12254197581555	109.65	101.80404940673	14.077701351388868	16.62	0.0	7.43
ko:K03856	8.861816588685949	25.51301359346169	69.4486901219525	1008.944657992178	399.6663707558811	99.88397937261188	96.40109558164512	84.62111227324657	46.40572291803469
ko:K03862	0.0	0.0	0.0	0.0	0.0	0.0	0.0	0.0	24.0
ko:K03863	0.0	0.0	0.0	0.0	0.0	0.0	0.0	0.0	96.0
ko:K03867	0.0	0.0	0.0	0.3030935131452653	0.1013921244396007	0.0	0.0	0.0	0.2186592506553925
ko:K03885	355.3726703126248	386.01036009999495	279.0199368279	1287.446350037259	1196.701517872683	718.0795053577173	1553.4359501294769	731.5988483546611	231.0351330739456
ko:K03886	0.0	0.0	0.0	198.8387062395676	0.4149594247757481	0.0	0.0	0.0	0.8948891975126572
ko:K03887	0.0	0.8255668662913888	0.0	29.77858058959536	0.4205688373753115	0.0	4.842163444272086	0.0	0.0
ko:K03888	0.0	0.0	0.0	32.92013810309703	1.0509271116946082	0.0	0.0	0.0	2.266398263244477
ko:K03892	7.237763522118704	50.24903025270295	86.52967194563753	743.6174589023569	297.76663513623737	72.57887087100366	38.57818786255427	1.3386711632128026	85.46523056309329
ko:K03893	0.0	0.0	0.0	45.4258147229868	5.49049417674334	0.0	0.0	0.0	0.0
ko:K03894	0.0	0.0	0.0	5.125630206127347	0.0	7.129949960865536	0.0	19.0	4.457523621214618
ko:K03895	0.0	0.0	0.0	7.781812035342935	0.0	10.824801670344652	0.0	19.0	6.767482157009028
ko:K03897	1.07197463395077	0.5494225570439876	1.87499505866658	11.397193629351811	0.279892538664704	3.6948517094791433	3.2225055653310277	0.3194727819717284	2.3099585357944274
ko:K03923	312.4602726341183	135.2755215246972	241.12428094275728	218.5430099202121	601.2954902075879	61.0195486309405	1241.5152948957984	659.0301145861545	114.43007190506782
ko:K03924	151.4786274574124	248.28857493807047	865.4673266146692	3785.770831067087	750.6674588502804	319.7506986955352	323.3834748256396	635.7102185988341	605.2710931166687
ko:K03925	183.1939069316251	134.5710720837671	690.9972429913616	1157.3586382782228	508.3603399109916	817.3466667743702	420.6015778755294	391.3011992182482	373.25138693680526
ko:K03926	0.0	0.0	95.33	387.8206787372071	28.697899642356525	11.728014334708432	0.0	74.23853990016553	34.559777136681035
ko:K03928	36.02	5.41	220.03	215.86099167772835	96.08518887060332	92.54	41.05820288821537	0.0	40.40698921574282
ko:K03929	0.3086861185757165	37.45931217978838	290.71416671436583	284.69192482368305	227.32574665333252	389.080414156105	136.511739114761	0.6583373155118912	1317.2264218888115
ko:K03930	0.0	64.84	235.0357472286635	0.2508822738276696	215.39	264.82048189435113	109.58899877085425	21.07905213014417	0.3484857885770644
ko:K03931	0.0536403996186225	0.0460017351159705	0.0	168.60011096733552	29.08436480572929	0.0715488241748398	15.71616191751392	0.0894572487310571	0.0
ko:K03932	0.0394838313714204	0.0338611338659966	13.36437506692288	36.49183057891337	77.29022037668722	0.0526659333008028	0.0620995702265694	0.0658480352301852	26.75741560130284
ko:K03933	6.665194426532795	0.0007807440573301	0.0	6.665845526742968	0.0014318442675021	29.560090827034355	0.0014318442675021	0.0015182734989408	0.0
ko:K03943	0.0	0.0	0.0	0.0	2.609911599043273	0.0	0.0	0.0	0.0
ko:K03969	0.0	9.083877824046526	111.50634063122696	63.35628325349223	0.0	51.49802589444317	60.0	100.79341741233078	14.677768684009733
ko:K03970	0.2510274220407384	0.2152798461172155	0.0	0.430559692234431	0.3948121163109082	0.3348356278169975	28.71447119265074	0.4186438335932567	0.0
ko:K03972	79.03892801968729	47.67334393753927	282.74274529553	115.30883840920842	35.151891815257315	105.3677921495343	125.48162800359374	335.13165180646973	93.70851428509089
ko:K03973	114.52480596305786	141.47573420414471	510.4271475598631	607.7965272042754	465.28759113094185	496.2275958059082	288.82770396529725	385.35240400621706	388.2972676816302
ko:K03975	57.168355245844126	26.630000000000003	332.5745763796018	690.4352019661962	206.839472213084	788.7648307939603	122.80009409172148	161.82325829655667	138.93789171105635
ko:K03976	288.7	288.1120677662124	598.5714400536973	327.8586503488043	1556.9537091904044	1024.0501126108234	1603.2518020518123	465.8889539049029	455.92555603060725
ko:K03977	435.3898095335181	500.61779064950696	1108.7854210623448	1663.299458769906	1928.665902968856	1329.0099358176517	1953.7433917097449	1168.224488873176	662.3476178748118
ko:K03978	435.03	513.4499999999999	1120.012081431774	1178.38	1928.09482086144	1328.5300000000002	1929.670566708112	1170.8996155501002	647.5363370029986
ko:K03979	435.1162013168884	514.3197561500215	1120.597649095173	1511.6335571866282	1943.4815938663592	1337.678390891976	1948.6395060870916	1176.6022251146965	662.4681558372143
ko:K03980	237.55	173.75650089992095	451.4729769783157	155.44925429736531	728.5844788544007	117.5806347550576	1486.9399829768774	589.77371734322	160.24134957661005
ko:K03981	234.791608667172	170.57549235949045	342.49183699060904	120.48206688374948	676.4845099663863	125.11674092976722	1376.1536758760394	747.8218130768229	273.0968098342008
ko:K03984	0.0	0.0	0.0	0.0	0.0	0.0	0.0	0.0	3.256484106895451
ko:K04013	234.76	164.53	50.39	0.0	579.0	5.96	1302.3414162872011	419.0	89.97
ko:K04014	234.76	164.53	50.39	16.201627701650168	605.4526541151895	18.21	1302.3414162872011	419.0	101.65825995607034
ko:K04015	234.76	164.53	50.39	0.0	618.3254848096091	25.353727967424984	1302.3414162872011	419.0	89.97
ko:K04016	234.76	166.6795026997631	50.39	0.0	579.0	5.96	1302.3414162872011	419.0	89.97
ko:K04017	104.0	126.92	0.0	0.0	579.0	0.0	1137.531416287201	419.0	0.0
ko:K04018	104.0	164.53	50.39	0.0	579.0	5.96	1209.531416287201	419.0	32.5
ko:K04019	1.886246936223141	38.67314525938946	12.530664750140664	71.27816858677481	18.29697785777994	4.741659183925629	21.87613697707596	3.057030736242514	4.920317637287087
ko:K04021	0.0	0.0	0.0	326.0	0.0	0.0	0.0	0.0	0.0
ko:K04023	1.886246936223141	38.67314525938946	12.530664750140664	73.7605557617319	18.29697785777994	2.0724487856086524	21.87613697707596	3.057030736242514	4.920317637287087
ko:K04024	11.680068415036066	13.402040419413224	16.07606935986785	97.5705557559724	65.11718340606035	29.201827043461712	65.110826142184	6.917657212107669	11.464130744029998
ko:K04026	1.886246936223141	38.67314525938946	12.530664750140664	71.27816858677481	18.29697785777994	2.0724487856086524	21.87613697707596	3.057030736242514	4.920317637287087
ko:K04027	7.128190326622476	66.39091420781345	37.510843230804845	728.5201119771742	101.00842915584322	40.85169563683874	54.0281835372209	3.057030736242514	6.792599560254251
ko:K04028	10.651749932186831	50.885012171732185	36.99475887107956	1164.420994251002	90.6071869780535	36.611679694634525	66.75352929344913	3.057030736242514	18.630406161772868
ko:K04029	7.128190326622476	41.671939220420384	15.613830443954562	76.52011197717414	53.09150135066862	28.89524257321164	60.42493284372449	3.057030736242514	7.316699991156497
ko:K04030	1.886246936223141	38.67314525938946	20.349977917911083	71.27816858677481	52.324232353841616	7.929939281069703	34.8201133701165	3.057030736242514	5.856458598770674
ko:K04031	10.651749932186831	53.8838061327631	30.736372419770102	186.42099425100204	67.97023291659322	34.326779907276084	70.16895291768117	3.057030736242514	12.021266955996984
ko:K04032	1.886246936223141	5.767010814678578	19.105662286007117	24.69198477462867	18.29697785777994	0.3452246247207498	21.87613697707596	3.057030736242514	4.920317637287087
ko:K04033	0.0	0.0	0.0	168.5081074971036	0.0	0.0	0.0	0.0	0.0
ko:K04034	0.0	0.0	0.0	38.70873700113793	30.391300654006653	10.240598237247507	43.29871393549763	0.0	44.07091511106639
ko:K04036	0.0	0.0	0.0	21.17	10.73	0.0	0.0	0.0	23.14
ko:K04037	0.0	0.0	0.0	21.17	10.73	0.0	0.0	0.0	23.14
ko:K04038	0.0	0.0	0.0	21.17	10.73	0.0	0.0	0.0	23.14
ko:K04039	0.0	0.0	0.0	21.17	10.73	0.0	0.0	0.0	23.14
ko:K04040	0.0	0.0	0.0	42.284028303809606	21.441276111367923	0.0	0.0	0.0	46.239620616687205
ko:K04041	158.57596437007044	203.65389926810892	338.3812599075928	298.4042441376475	740.2768956786148	359.3241689172041	290.17831263477854	570.6938831028792	134.11454004138122
ko:K04042	288.7000683466794	286.5700586137661	638.7387723207137	754.463727997601	1218.76920265898	1078.2082676451948	1649.113288881207	608.4184197685636	189.6853887216197
ko:K04043	474.5639060933527	520.6227449682779	1174.6011990432658	1860.738794171556	2052.6048012833826	1380.1899174472123	1972.1767094958293	1331.174983382548	647.7147513313829
ko:K04044	234.76	165.621369471771	264.3277610226471	112.9	579.0	104.08	1367.9200000000003	580.95	149.63
ko:K04045	42.62122647019099	0.0	104.28618944741372	183.15556091417432	27.267807331396625	201.12183478516323	27.355520385651367	196.7170227476184	14.840573098110273
ko:K04047	433.6012899508072	487.70512605292566	773.2420335656901	1007.8163701963608	1508.5973132910424	1222.6119643825282	1795.0299356097207	1021.00911669578	174.44443107369088
ko:K04061	0.0	0.0	157.0	3.3991177261723315	93.092333822092	71.44999999999999	49.73	0.0	27.527576254526203
ko:K04062	146.6212264701912	173.0327399433005	252.08901654017623	73.11271216535785	579.0	52.680998150755535	1263.2753577966726	707.3905046702653	80.95091619121922
ko:K04063	0.0	0.0	0.0	168.5081074971036	0.0	0.0	0.0	0.0	0.0
ko:K04065	0.0	0.0	11.81198171330512	0.0	42.83292099177895	12.25	0.0	0.0	0.0
ko:K04066	436.1653286976773	563.1596665355642	1165.1835161109657	1559.0786961359454	2037.673478177403	1343.527426134401	2028.7531616014496	1254.9778848416022	706.3735558001538
ko:K04067	234.76	164.53	50.39	0.0	579.0	5.96	1307.9200000000003	419.0	89.97
ko:K04068	412.525479809372	484.97587887074815	904.56287804231	1052.775064071142	1828.397973475373	909.6822660756228	1965.3151296685496	1026.5458009250474	636.6964088591797
ko:K04069	403.5009296398692	474.4525301820736	1114.5056688398809	506.0503405043716	2159.129479921324	744.4873120986662	1979.1391645452832	1192.1832216671578	351.29597761032096
ko:K04070	0.0	14.02	158.53221259388334	84.39911772617234	54.9754680379055	58.95254869195249	5.890177510888217	0.0	33.721514211422935
ko:K04072	149.2427282924449	229.5725115487108	497.6244419157816	147.17094139009856	1405.8764539891554	1010.7192939001806	1467.0991456038034	569.9170049623698	46.14156460272917
ko:K04073	0.0	0.0	0.0	1.938964323313653	0.0	0.0	0.0	0.0	0.0
ko:K04074	36.02018308404241	104.13177208538018	369.79314736429615	259.33108613825004	340.5231632109025	996.8770610648886	212.35217022721287	107.60700311119344	12.59363673376015
ko:K04075	436.189174517707	514.0444682066639	1135.7388016783348	1525.1978557291957	1938.8055084545524	1430.9568237950346	1919.311374982932	1178.6079202952387	662.1843042571774
ko:K04076	0.0	0.0	0.0	186.23260242129052	6.019261025964365	0.0	0.0	0.0	12.980959938566208
ko:K04077	435.0327643631953	513.4523707038795	1092.906640022723	2158.6452138602403	1931.3141033199936	1330.8579445755624	1918.968003439286	1167.6246101879872	668.748454189967
ko:K04078	434.1262469362232	513.3719140582446	1061.7864475035976	1795.2313098949353	1788.8577285987467	1328.9056582005514	1910.763014473821	1164.2270307362426	629.8324659211507
ko:K04079	280.8832654157412	297.468544711645	576.6237370437449	838.7086441806084	888.0241256618682	371.01072036425774	536.0248547528383	588.4259850542287	637.8628572053436
ko:K04080	0.0	0.0	11.070367525248756	0.0	0.0	0.0	9.665224560650003	1.85907139081989	0.0
ko:K04082	234.8845654190724	165.13952864496562	253.06787786561765	114.25913934672224	579.1474055817604	104.08	1368.294461058588	581.4176572121078	149.87775015743966
ko:K04083	288.7	289.8867973864415	755.5619306433948	411.92	1430.6558628622092	1088.10545130427	1652.8200256256955	608.4202228525978	180.62331909647307
ko:K04084	403.828070423898	423.34619421857474	611.6341651710788	1259.967869569034	1134.5500127062276	383.0333669295853	1647.5506676957666	1234.996764158312	681.2706173880986
ko:K04085	329.1022984505041	164.33411035886633	71.31745802418445	59.80013098848574	866.6669149273819	79.65145399135416	1417.4342464778372	457.0	225.8868435955864
ko:K04086	25.21	37.12223105157601	234.2662387334109	32.16782356852464	305.71546024112456	865.0519120676596	126.49278920030751	21.13363820469158	7.43
ko:K04087	238.9835066947936	229.518342825243	451.5162384358866	3.703961018863258	796.2648771100631	779.7844764680106	1406.607420358033	437.0166683555425	96.22
ko:K04088	234.76	164.53	228.19776102264703	0.0	618.5	8.294917821161015	1307.9200000000003	419.0	96.22
ko:K04090	0.0	0.0	0.0	314.9837850057931	0.0	0.0	0.0	0.0	24.0
ko:K04091	0.0	0.0	0.0	0.0	0.0	0.0	0.0	0.0	24.0
ko:K04092	0.7280948928358781	0.3731727833131988	45.166762830635626	9.376113524411071	82.00728179793117	21.74086563807776	22.18875500402976	2.733494016791395	8.652989634849156
ko:K04093	0.1437837751084841	0.1233082375139215	38.82233473622999	0.2466164750278431	37.65509927929067	19.64214771444053	0.2261409374332804	0.2397912958296555	60.2507582370559
ko:K04094	18.82375306377685	117.09320342246032	326.6553167700556	260.5833850045369	485.8059698926962	901.54	189.3995188243021	30.855414142429357	7.43
ko:K04095	174.38745576563244	252.43003579882983	457.6353647910156	446.25781592275	936.1643583311804	490.3545564996484	1199.0775192709534	296.77217482008786	171.0416777253427
ko:K04096	508.3788594290193	681.486187118858	1195.65611394484	1725.6665854979744	2160.5579737640696	1544.2468945772407	2052.2456988809527	1473.9539062077342	705.389829642585
ko:K04099	0.0	0.0	2.897166068753445	0.0	0.0	0.0	0.4483650936483065	0.3809619932496973	59.16385447614768
ko:K04100	0.0	0.0	0.0	0.0	0.0	0.0	0.0	0.2947205704029434	11.163854476147776
ko:K04101	0.0	0.0	8.026933895576928	0.0	1.130434547973024	0.0	0.0	0.2947205704029434	35.16385447614768
ko:K04103	0.0	0.0	0.0	2.353236196801024	0.3476864264066993	0.0	0.0	0.0829740534849315	24.208650423389933
ko:K04112	0.0	0.0	8.165874774894295	0.0	321.182444911172	6.273612208179156	102.6991392082672	0.0	9.257395746977458
ko:K04113	0.0	0.0	8.67430626842578	0.0	323.09249452380783	6.521612204401568	95.78146201000224	0.0	15.507395746977458
ko:K04114	0.0	0.0	0.0	0.1157671727808267	0.0387269244623809	0.0	0.0	0.0	0.0835173375637927
ko:K04226	0.0	0.0	5.070914446721313	0.0	3.518330799274957	0.0	0.0	0.0	0.0
ko:K04343	42.62122647019099	0.0	0.0	0.0	0.3476864264066993	0.0	0.0	171.71436433663484	0.2086504233899326
ko:K04477	0.0430125548918405	0.0368873492901543	11.946059517247482	0.3246569724079784	334.3691164176108	64.71328300113368	35.04764949297862	0.0717329633797466	24.837157746628293
ko:K04478	0.0	0.0	0.0	23.743262261472555	0.0	0.0	0.0	0.0	0.0
ko:K04485	435.3794548486259	535.2020621542982	1134.2932617256351	1209.22361124827	1981.1258533475573	1329.8478469599518	1944.151831325193	1168.2043905504863	685.0819826210294
ko:K04486	10.045211442637092	79.61545338410342	289.52906515049153	179.2013924091432	521.8023977457442	169.44095813489804	87.00027504307587	2.458452818392871	58.511104126812256
ko:K04487	328.81993047321333	362.3287416750517	1248.446714506281	1723.4586253545383	2095.331705131619	2032.2456995868656	1870.624599324063	633.5280507302024	210.8
ko:K04488	287.7962469362232	286.6524813134253	788.3492419529637	751.7206873831815	1430.517658339665	663.7805816579116	1664.6077535816662	605.0170307362425	210.44140073626744
ko:K04516	173.4782010778493	297.50326384704306	523.2705265662044	777.8362956518707	664.0222936834657	485.7506470951289	426.4002593715124	582.9485596775244	174.2372884131879
ko:K04517	6.01	105.67446374581556	628.3385024508776	884.8022591220613	687.1743958247889	429.2777202287573	245.59076281831483	176.3099356113904	170.96016115613446
ko:K04518	7.306326599470533	131.39759428419092	447.8886623802634	503.0115430570807	689.2618021741248	344.6677325928863	271.0307950021983	23.19391415942608	411.1265641898957
ko:K04525	0.0	0.0	0.0	0.0	0.0	0.0	0.0	0.0	3.256484106895451
ko:K04550	0.0	0.0	0.0	168.5081074971036	0.0	0.0	0.0	0.0	0.0
ko:K04561	221.56564268008583	236.02433704507456	364.9478497556133	596.2942983623775	261.03935515678626	300.00258753005494	230.40124575731565	623.9723847951892	124.88505437561577
ko:K04562	0.0	0.0	301.86538626752497	329.39911772617234	141.6757410353768	73.03589393154175	26.75	0.0	19.24954523297457
ko:K04564	558.4711419887658	672.7628076551644	948.3361292256174	2231.5762738983804	1887.7894979504956	890.2587487470365	1949.0804533230037	1196.2517058299045	393.3661639452411
ko:K04565	173.381226470191	41.88060192367051	82.49750300465237	55.82463905358062	47.12766112845498	21.38364324308007	175.0732353872077	194.6224506249638	126.0548131928382
ko:K04566	0.0	0.0	164.0205442711613	0.0	44.99174651882549	0.0	0.0	0.0	0.0
ko:K04567	435.1473128440098	521.5427287798943	981.8160294980732	1529.9444897687242	1993.6178501575528	1339.1203263953978	1932.136038270956	1168.724682726351	664.8895868532602
ko:K04568	234.76	164.53	216.72	345.64	618.5	33.28	1307.9200000000003	438.0	131.05
ko:K04575	0.0	0.0	0.0	0.0	64.82072800602937	0.0	0.0	0.0	0.0
ko:K04651	136.77	79.03194885745808	201.7905219291572	152.83453882262182	186.1758637959264	37.74045421678769	190.50152409701752	0.0	222.73626116112948
ko:K04652	136.77	79.03194885745808	263.96808751809914	156.48453882262183	477.1062579104704	78.12441743102295	253.85365892773453	0.0093929151336159	231.163974545394
ko:K04653	173.18770154949593	79.03194885745808	82.8323344184243	149.1741551351519	156.9020208911877	57.58756436022296	216.5141680609432	0.0	130.36434489374994
ko:K04654	136.77	87.0240707363186	94.28466883684855	171.69627984617054	160.10634643893366	57.58756436022296	193.4815240970175	0.0	127.18309038850484
ko:K04655	136.77	80.0693831448716	86.32000561708887	152.8241551351519	294.2321320803034	82.47287567447393	213.4815240970175	0.0	143.32594465447198
ko:K04656	136.77	80.0693831448716	82.8323344184243	149.1741551351519	176.23101446506882	94.68863263749412	191.3613465861293	0.0	120.45400604810312
ko:K04691	234.76	164.53	50.39	19.64	579.0	33.28	1307.9200000000003	438.0	131.05
ko:K04719	0.0	0.0	0.0	20.74165086715046	8.984544061813544	0.0	0.0	0.0	19.37580145296975
ko:K04720	130.9486663222209	170.99633062049514	291.96757198049715	429.2397938432156	681.9635990220636	206.53757525303217	232.54206409895937	212.31241744048637	207.7237399405318
ko:K04744	240.77	196.21650089992096	334.3309144467213	365.82537931838885	740.0599945111833	200.79525993019809	1399.7596449782236	580.95	162.14393795689674
ko:K04748	0.0	0.0	65.26062850773333	30.38469727263842	0.0	0.0	2.0122567414561248	0.3870503903505738	19.59598181425531
ko:K04749	133.54999999999998	8.51	333.83592139609965	783.1741942631872	190.60507198589855	2.669210398316976	169.7	6.45	316.1596262244394
ko:K04750	48.31098470697326	98.24401967112024	43.681387693930304	360.581330475405	170.06664018421066	70.82046720564249	47.4919901933379	6.665644714217123	35.988650423389934
ko:K04751	276.49619141045616	181.19577223423948	320.8223410385152	986.427201377081	758.0384094387405	108.28689048564934	1391.6555406513246	564.2940709588141	327.32735438020126
ko:K04752	38.71098470697326	18.440974723314262	34.776735301780064	1175.4165354470656	51.61077101324698	39.423938819569486	15.713522294036228	38.24575196143803	70.68036124132729
ko:K04753	234.76	172.14688058397093	52.497790536431744	0.0	579.0	7.242270241460505	1317.001559338726	419.1435348329505	101.88467253770976
ko:K04754	237.55	173.04	280.06	116.01	644.88	89.00999999999999	1392.3700000000003	568.4000000000001	132.55
ko:K04755	234.76	187.6456847358856	285.48779053643176	595.7	591.62	104.08	1389.3900000000003	580.95	149.63
ko:K04756	0.0	0.0	0.0	0.0	9.152741887080994	0.0	0.0	0.0	0.0
ko:K04757	2.79	8.51	6.440489945478862	611.7693165382462	91.15938873310438	0.0	95.63	6.45	151.22225947438022
ko:K04758	16.3867655891719	67.08313000593591	457.0393299922315	1614.0235227546316	911.3410152201116	138.97948430227433	273.0778310116428	109.22734536861036	132.1599588069025
ko:K04759	279.2984113728024	440.9107766619967	724.9662385091051	1954.585684764922	1261.0930076190502	573.980719197967	615.742993769188	979.7506266004988	618.6034761942476
ko:K04760	234.76	164.53	252.85	93.26	657.0	76.75999999999999	1364.734828084486	561.95	132.55
ko:K04761	381.1381556042068	393.8885261275011	487.4519369706901	862.9118611121961	970.3579922320048	336.0413400096017	1631.545738402819	1140.2403101373957	376.3334159152055
ko:K04762	381.09	391.41	590.9027886487374	858.19	1032.41	332.75	1631.4700000000005	1140.16	607.48
ko:K04763	470.9237633229584	518.4537453309181	1368.6796915986451	2047.3184418273283	1788.1680148152404	1926.097996520332	2050.2412302621506	1200.9130585793912	620.8194024438194
ko:K04764	243.87347817764956	211.0129828675412	452.4657332130119	206.8757964870736	741.4427700395336	136.58827388176366	1549.3386782663	850.0258016065079	221.0138518989288
ko:K04765	234.76	165.24650089992096	225.34934200020845	27.30785179541879	618.5	43.69803698168586	1307.9200000000003	448.09866234249535	143.2144568981175
ko:K04766	0.0	0.0	0.0	33.75087429448528	0.0	0.0	0.0	0.0	0.0
ko:K04767	26.42	70.25	284.1501068345001	148.7077762166798	272.3990558088684	293.200789601683	147.35342593552454	21.004888573701106	27.672764106331783
ko:K04768	0.0	0.0	0.0	44.3935830567207	0.0	11.694121510100713	0.0	29.196319018404868	7.310966156387998
ko:K04769	0.0	0.0	0.0	0.0	0.0	18.12	5.96	0.0	0.0
ko:K04770	234.76	165.24650089992096	50.39	37.36449492418697	584.9292730363416	33.28	1307.9200000000003	438.0	155.75156704478735
ko:K04771	290.7956498728298	300.00158123873564	992.2223147650255	3814.592931763238	2104.6707770298062	1155.7083528637313	1680.3302183748287	623.9274632603149	437.2303308756983
ko:K04772	234.76	165.56743428741356	50.39	19.64	579.0	33.28	1307.9200000000003	438.0	131.05
ko:K04773	397.2899720180678	440.7271542801864	804.0633524424219	2037.1912633885868	1321.947860713723	426.3023466139542	1773.7153051662156	1157.9579936243242	636.9758908257159
ko:K04774	234.76	164.53	119.90818806789628	39.78728783464216	579.0	60.65340200907051	1307.9200000000003	464.5342448429527	133.67908380878075
ko:K04775	0.0	0.0	0.0	2.5173944019412327	0.0	0.0	0.0	0.0	0.0
ko:K04780	0.0	0.0	0.0	157.49189250289638	0.0	0.0	0.0	0.0	0.0
ko:K04781	0.0	0.0	0.2687093475556469	0.4441491787839198	7.895087173826671	0.131069609232614	0.0	0.0	0.0
ko:K04782	0.0	0.0	11.89	0.0	53.64965743581631	0.0	0.0	0.0	24.0
ko:K04783	0.0	0.0	0.2687093475556469	0.4826359261714508	16.866650277284066	0.131069609232614	4.763608866237312	0.0	0.0
ko:K04784	0.0	0.0	0.3775531452544062	0.5492434479134054	31.04309362065284	0.131069609232614	17.72224617162922	0.0182783805423302	8.878913350437061
ko:K04786	0.0	0.0	0.0	0.0	7.215654188869288	4.565041643309481	0.0	0.0	0.0
ko:K04835	0.1153379392593054	9.028913232719214	128.37351699282777	33.615944524900335	44.33586477756204	8.753844751258852	24.23947270860829	246.4023515632584	0.0
ko:K04844	0.0	0.0	5.884953207566309	0.0	172.90882885272578	2.870531019052849	0.0	0.0	0.0
ko:K04940	0.0210108601096117	0.0180188072459012	6.464142786644285	37.213043863502335	78.96469141880412	0.028025561823422	14.064179403052526	0.0350402635372323	12.836145523852224
ko:K04958	0.0	0.0	0.0	0.0	0.0	7.879401762752495	0.0	0.0	0.0
ko:K04960	0.0	0.0	0.0	0.0	0.0	7.879401762752495	0.0	0.0	0.0
ko:K05020	26.42	5.41	101.36156354605453	118.77565681855538	102.00088001657345	26.091020696952345	52.6302397498182	14.528079377391276	9.192234743251198
ko:K05275	2.047663056688516	7.182374009050692	3.775644182569696	5.485878945217412	0.0306127049068769	12.121706460581828	3.883528212112194	80.27676079006127	0.0653974638278557
ko:K05286	0.0	0.0	1.2427886487374475	0.0	0.0	0.0	0.0	0.0	0.0
ko:K05297	0.0	0.0	16.43576039010573	39.28	229.29789752545724	72.22648453781395	0.0	38.26038517658199	128.6779933235085
ko:K05299	0.0	0.0	10.863791122476227	0.0	30.35959662508356	3.814062780807669	16.2	0.0	9.423334427794302
ko:K05303	0.0	0.0	8.747077055241514	0.0	2.3993718311252765	1.3286790407588027	0.0	0.0	0.0
ko:K05306	0.0	0.0	0.0	326.05649860647287	0.0	10.240598237247507	0.0	0.0	0.0
ko:K05311	41.55	29.93186691234272	78.32254197581555	242.66532468398944	308.2005355744934	621.8912479407103	120.0834790184237	0.0	12.350317637287088
ko:K05337	35.54	71.72598032887943	130.61975880401926	489.9766670216863	245.64425737315207	91.36758634472628	97.35262769126872	4.135973407063681	9.884076776677164
ko:K05338	8.630766848485004	0.133615073357721	89.78427602739815	121.27103558077638	92.91698038823036	65.11781827002122	0.2450431419143444	19.25983447844841	180.37861306319468
ko:K05339	12.698471465119766	0.864843725164015	0.9000129709192983	25.257839808530424	126.35676690364804	39.00955863856723	5.019610530526815	0.0	0.0
ko:K05340	14.933385852738487	50.37254741193264	112.84191528290144	58.52963695185543	116.71366363123818	595.5775099224405	32.88673936782151	0.7942813815414088	44.65379663841085
ko:K05341	0.0	0.0	114.40896701180358	253.6658342763069	14.656942305940186	58.98753276650314	60.0	123.47693652134208	10.020661046207248
ko:K05343	0.3713794317148581	0.3184931202364764	25.276603270009986	200.52845043258503	35.25766784456091	4.309431231655178	29.155263897926417	0.619357469980159	95.34545893695176
ko:K05346	10.725035229673823	0.0	0.0	251.074560968332	0.0	55.79739400475	0.0	0.0	0.0
ko:K05349	10.940019480451348	42.8987864537007	1069.512629704447	1085.424593272831	1206.6621720914482	815.3544365899704	272.28207114426266	9.535780989563376	2473.5503526431908
ko:K05350	4.223506694793581	93.4226126735877	490.6354696959363	27.30256592629104	318.7967050962127	1459.8976768703872	203.14814786748963	36.60919409694324	5.07
ko:K05352	39.17016665432188	26.89053081782648	184.27045400186057	32.49627318673004	272.483135780004	340.3331298986607	173.68870469079764	17.84563663202732	6.25
ko:K05358	0.0	0.0	0.0	0.0	0.0	0.0	0.0	0.0	24.0
ko:K05362	18.72	77.15	266.1	58.8	370.7	902.1905982372476	138.85	21.01	0.0
ko:K05363	23.89486728254376	69.732930809938	204.39830168971667	56.48205198359521	228.6603725901528	133.6734359688556	105.83798446469989	14.895131816932382	0.0
ko:K05364	0.0	0.0	0.0	3.65	0.0	59.43601646093048	17.83	0.0	12.743319096473062
ko:K05365	273.5203575858268	164.57234193091548	76.58979660472433	24.8770211453141	579.1593029755022	33.3458565456859	1329.543485698822	438.0823402125183	131.2260841030418
ko:K05366	590.910771405057	776.1991584226416	1352.7693722605786	1741.17733549868	2474.803507829456	1693.3809554280842	2234.521037939732	1890.7768760407728	814.3313003422138
ko:K05367	2.79	59.60612217595347	409.6124872276511	505.55	232.8551401752659	18.304311817736405	133.85052782221712	6.45	129.89352428379345
ko:K05368	0.0	0.0	9.062413933793945	0.0	7.977626562495024	0.0	0.0	0.0	116.98950609804874
ko:K05372	0.0	0.0	0.0	0.0	4.451303716690905	2.1155850893341097	0.0	0.0	0.0
ko:K05373	0.0	0.0	0.0	62.275379318388985	0.0	0.0	0.0	0.0	0.0
ko:K05378	0.0630178527916391	0.054043791476374	0.0	2.2098942418251277	0.099113521637483	0.084057040986316	0.0991135216374829	0.105096229180993	532.1
ko:K05379	0.0630178527916391	0.054043791476374	0.0	2.2098942418251277	0.099113521637483	0.084057040986316	0.0991135216374829	0.105096229180993	532.1
ko:K05380	0.0630178527916391	0.054043791476374	0.0	2.2098942418251277	0.099113521637483	0.084057040986316	0.0991135216374829	0.105096229180993	532.1
ko:K05384	0.0	0.0	0.0	168.5081074971036	0.0	0.0	0.0	0.0	0.0
ko:K05385	0.0	0.0	0.0	168.5081074971036	0.0	0.0	0.0	0.0	0.0
ko:K05386	0.1902501103158292	0.1631575313151574	31.970805049319303	203.12006807183232	11.633950613500648	0.2537671566396267	0.2992224836296429	0.4509181874260939	0.0
ko:K05396	0.0	0.0	0.0	22.372569297086432	28.159647527160764	5.064113699433566	2.3434790184237384	0.0	28.920317637287088
ko:K05412	0.0	0.0	5.070914446721313	0.0	3.518330799274957	0.0	0.0	0.0	0.0
ko:K05499	6.588520841782213	23.42681025659565	115.51670623572242	180.00707724284024	49.73148626536209	22.52919993026521	141.64268010930942	257.30473306328787	64.11
ko:K05501	234.76	164.53	50.39	0.0	579.0	5.96	1307.9200000000003	419.0	89.97
ko:K05515	390.2683568252943	446.6842079444273	786.4934008571689	1096.913214768237	1577.8533273830842	435.8750455130563	1795.7784987080288	1528.2930870058187	688.2765337732034
ko:K05516	1.1846313823376042	61.04205605131262	389.7285033722807	860.427196873652	279.1869258820401	54.53080508807618	274.19216959554933	346.7208269433379	176.5756878237741
ko:K05519	0.0	0.0	0.0	9.37713438689563	0.0	0.0	0.0	0.0	0.0
ko:K05520	0.3431946989482851	28.012090984547303	94.7412334003532	708.6494499735845	11.973435296252164	3.126984340110337	54.67233880433695	6.799211929724809	72.0245544008608
ko:K05521	0.0001830840424072	2.911772085380177	29.962134402850204	26.336436066782383	223.66730286958304	20.26607626679327	36.20285096136682	80.27676079006127	19.77253268100825
ko:K05522	0.0	0.0	0.0	483.491892502896	0.0	0.0	0.0	0.0	0.0
ko:K05523	3.6301666543219	26.388993961806577	89.63740814991871	18.77074396248014	52.5183341547264	35.51531151382496	17.517235310941874	3.710526226567452	0.0
ko:K05524	6.01	14.806131343289463	18.33514435962513	604.5483728008704	99.03	37.69629898100072	16.62	19.0	48.51
ko:K05526	0.0	0.0	0.0	0.0	0.0771428235277346	0.0	0.0	0.0	24.16636392697407
ko:K05527	234.76	164.53	252.85	132.2785718501692	579.0	131.4	1367.9200000000003	598.1571477415755	190.71
ko:K05535	0.1413914201667141	0.1212565660290491	0.0	0.2425131320580983	0.2223782779204333	0.188596467089462	0.2223782779204333	0.23580151401221	0.0
ko:K05539	234.76	164.53	277.3614337138536	113.83137657377227	579.0	105.34542816010512	1375.0955586204243	582.2368373658187	149.7515382978632
ko:K05540	279.90000000000003	248.8439351873345	595.1709729847983	211.78481572193547	1329.3103075955505	1054.466339714386	1615.5550795166666	604.1072133247392	196.92901028974197
ko:K05541	234.76	164.53	252.85	114.02101825963096	579.0	105.63937977867197	1367.9200000000003	580.95	150.60489775328392
ko:K05548	0.0	0.0	0.0	176.08550508615312	0.0	0.0	4.426783694642793	0.5040963049902423	72.0
ko:K05549	0.0	0.0	0.0	0.0	0.0	0.0	0.0	0.5040963049902423	24.0
ko:K05550	0.0	0.0	0.0	0.0	0.0	0.0	0.0	0.5040963049902423	24.0
ko:K05554	0.0	0.0	0.0	0.0133215043483869	0.0	0.0	0.0	0.0	0.0
ko:K05559	0.0	0.0	0.0	32.603384558364866	10.906622150997835	0.0	0.0	0.0	47.520898096373706
ko:K05560	0.0	0.0	0.0	0.0	0.0	0.0	0.0	0.0	24.0
ko:K05561	0.0	0.0	0.0	0.0	0.0	0.0	0.0	0.0	36.52137582748804
ko:K05562	0.0	0.0	0.0	0.0	0.0	0.0	0.0	0.0	24.0
ko:K05563	0.0	0.0	0.0	0.0	0.0	0.0	0.0	0.0	24.0
ko:K05564	0.0	7.635940693730807	9.455952516897325	68.5628907584417	0.0	2.542030099220592	0.0	0.0	24.0
ko:K05565	9.12	12.31	45.57	134.7900842505706	169.06027420303192	79.3	32.6	0.0	27.957747006522517
ko:K05566	9.12	12.31	35.61447795470581	255.04200541075423	177.080752841043	79.3	29.62	0.0	32.49304146618019
ko:K05567	9.12	12.31	47.092238977352864	176.61648056975568	171.67813782776386	79.3	29.62	0.0	44.84192204332102
ko:K05568	139.88041902289058	21.787191293465764	60.092238977352864	178.53355851589907	171.67879686060132	84.83015142303815	244.29070163070145	0.0006988134916133	102.31192204332102
ko:K05569	9.12	12.31	47.092238977352864	174.7001213274315	171.67813782776386	79.3	29.62	0.0	20.841922043321016
ko:K05570	9.12	12.31	47.092238977352864	176.61648056975568	171.67813782776386	79.3	29.62	0.0	20.841922043321016
ko:K05571	9.12	12.31	34.0922389773529	176.61648056975568	171.67813782776386	79.3	29.62	0.0	20.841922043321016
ko:K05576	0.0	0.0	0.0	0.0	0.0	25.92385489840808	0.0	0.0	0.0
ko:K05577	0.0	0.0	0.0	498.5697327917614	0.0	0.0	0.0	0.0	0.0
ko:K05589	374.9579301996433	353.9811679876688	426.71956740375833	340.9169566569486	1039.424813059602	322.54864134017873	1514.6779379033776	1130.472439961822	490.1764757162066
ko:K05590	234.76	164.53	50.39	0.0	579.0	5.96	1307.9200000000003	419.0	89.97
ko:K05591	6.262258552808424	40.83209630068266	76.85564418256968	70.6762223261037	118.88918512894236	30.29699994508556	152.49242538925367	336.93015880284463	17.7
ko:K05592	487.3044836649089	627.9443514974377	1277.0040659366662	1643.3412959877328	2209.974021091814	2129.268658695334	2212.833904436392	1029.3043734683638	298.78793551209884
ko:K05593	1.125103576353199	19.21435163883452	219.24963792620483	11.409325792309792	135.35627304517098	300.2721300024466	123.1190422717983	23.74402550162475	32.5
ko:K05594	0.0	0.0	89.19790213080528	73.11271216535785	0.0	43.42659799092949	60.0	112.41676980813531	4.1709161912192165
ko:K05595	235.72293264568705	254.83718368800243	422.09151467742254	1178.1717827427185	422.2898223518951	305.36616677596027	363.21506302027376	467.2322911535584	207.141745836297
ko:K05596	0.0	0.0	0.0	0.0	0.0	0.0	1.8824214914688244	0.4262386294432548	24.0
ko:K05597	0.0	0.0	0.0	4.35469775175164	0.0	3.161079147775391	0.0	0.0	24.0
ko:K05599	0.0	0.0	0.0	0.0	0.0	0.0	0.0	0.0	24.0
ko:K05600	0.0	0.0	0.0	0.0	0.0	0.0	0.0	0.0	24.0
ko:K05601	124.23631932927204	72.31361118700175	244.87806447011985	234.96051389454368	722.6408472569426	124.246020020239	296.308512769382	181.1567031939081	163.6209846751308
ko:K05606	146.2138587528119	197.4465157556772	207.7508415051877	749.1455789168136	434.2683898748254	253.6610832265056	134.7808587596027	302.9631192129917	137.15496172089289
ko:K05657	0.0	0.0	0.0	0.8974828907168368	0.0	0.0	0.0	0.0	0.0
ko:K05658	0.0	0.0	0.0	0.8974828907168368	0.0	0.0	0.0	0.0	0.0
ko:K05685	178.1937166378462	233.04767750348825	289.8954954953038	256.0666582334053	941.4825390459893	145.19611427846854	1907.2268436567392	749.5951670639739	170.05138300842577
ko:K05708	0.0	0.0	0.0	0.0	0.0	0.0	0.0	0.0	24.0
ko:K05709	0.0	0.0	0.0	0.0	0.0	0.0	0.0	0.0	24.0
ko:K05710	0.0	0.0	0.0	327.0484949797744	0.0	0.0	0.0	0.0	0.0
ko:K05711	0.0	0.0	0.0	0.0	0.0	0.0	0.0	0.0	24.0
ko:K05712	0.0	0.0	1.191808536224473	0.0	0.0	0.0	0.0	0.0	48.0
ko:K05713	0.0	0.0	6.156865819432466	0.0	1.130434547973024	0.0	0.4483650936483065	0.0862414228467538	24.0
ko:K05714	0.0	0.0	0.0	1.5465021792616669	0.0	0.0	0.0	0.0	0.0
ko:K05715	0.0	0.0	0.0	5.134330603788475	0.0	0.0	0.0	0.0	0.0
ko:K05770	0.0	0.0	30.77094657437492	536.5626606223523	26.40568266096251	7.879401762752495	1.094697924687944	0.0	42.38696242343983
ko:K05772	0.0	0.0	0.0	0.0	66.24541822981169	12.25	0.0	0.0	4.920317637287087
ko:K05773	0.0	0.0	0.0	0.0	57.59224289375671	12.25	0.0	0.0	4.920317637287087
ko:K05775	30.02005907212	88.8715120719323	6.329834899776567	0.0	283.186078886311	4.426171421299018	631.8192569341068	120.946199530945	32.5
ko:K05776	73.21985159997739	102.79840474756551	77.1853314875271	19.24430282469485	299.6640557749929	5.251024518356694	558.4603833979182	293.62545093210576	194.75464370665264
ko:K05780	0.0	0.0	0.0	5.831563114290099	0.0	0.0	0.0	0.0	0.0
ko:K05781	0.0	0.0	0.0	5.831563114290099	0.0	0.0	0.0	0.0	0.0
ko:K05782	0.0	0.0	0.0	3.0837919879714923	0.0	0.0	0.0	2.524276736096404	48.0
ko:K05783	0.0	0.0	0.0	5.885979735218728	0.1538547312727016	0.0	0.0	0.5040963049902423	24.0
ko:K05784	0.0	3.8758658403208175	5.988525597685156	3.831753124275141	0.1001589155516824	0.0	0.0	0.5040963049902423	24.0
ko:K05785	0.0353981142096199	0.030357243515212	0.0	157.5526069899268	15.251750810794428	0.0472161555042873	3.458579783218881	0.0590341967989547	36.76328912091792
ko:K05786	484.65	317.293337254156	386.7602256554824	394.200570393358	1629.3947448148338	199.07334563754216	2634.202277327105	1016.6955815331664	266.004297678732
ko:K05787	235.28253404566365	164.26162165189817	50.39	0.8962451036383072	579.8218336097938	6.656987659010233	1308.741833609794	419.8714412723568	120.32753407884928
ko:K05788	234.96055535325297	164.70199525547963	399.1594557288386	439.2439905109593	613.3236838943604	104.34751291581055	1383.5448308757932	581.2844704783682	149.63
ko:K05789	97.79647507930532	116.13158876664583	30.423564410698024	1.4845052507248342	600.314054150827	16.261224558791884	1157.2391555084632	247.2856356633652	11.343836451036774
ko:K05790	234.76	127.57993325371818	0.0	0.0	579.0	0.0	1228.145525198889	419.0	57.47
ko:K05791	31.398670892173907	69.54121756935517	32.46714134351311	135.4722704879313	337.2276698103512	37.44995863943589	608.0206182273669	126.40607233803236	215.8700111828809
ko:K05792	66.4452886551477	53.20276746068122	67.01285702811907	0.8054097409246128	357.2657421108473	14.480247522673473	609.4548902485562	127.25742696445408	203.70263257943736
ko:K05794	137.82110834251932	156.54327223504652	227.034662546329	446.5117792727881	899.78756774997	123.4172042394533	1795.620781130567	521.4239458761223	209.7658161752572
ko:K05795	66.49162300238564	87.01000211687509	103.08123629129555	280.72285939079774	982.3396596984506	104.2444102057076	678.4604955199695	145.48259533283823	262.9861139657766
ko:K05796	0.0	4.575926218611907	5.666589458918226	41.08710924155831	15.702654319143372	1.5233410847564934	0.0	0.0	9.423334427794302
ko:K05797	0.0	0.0	0.0	0.0	8.633157349009485	0.0	0.0	0.0	0.0
ko:K05799	4.223782771800886	9.304478141550517	257.58955698930305	169.66073175227325	119.82939605946144	86.1764321780219	68.75031742520248	144.19766240811165	71.73590270044795
ko:K05800	29.05220271690962	22.7511764298531	50.84595443924951	80.79616844704272	88.98053297621335	5.737239473250989	46.26948999936891	0.3399608140870689	164.15972104835063
ko:K05801	236.172223836586	221.8985502991693	112.94906059739036	574.0731484256872	813.3195738722557	39.23370995924367	1440.005449898149	667.5651960819014	202.49864148172756
ko:K05802	298.9403280283033	271.7405205998341	109.93898595063044	776.6507207429855	1213.4373883920557	45.10009152119051	2448.46447618936	686.4716583916991	317.37974342233565
ko:K05803	234.76	166.12497593481112	50.39	0.0	579.0	9.065734393365297	1307.9200000000003	419.0	89.97
ko:K05805	0.0	0.0	182.9657832728321	104.14985142439396	23.389231773778004	85.59565305789852	60.0	156.0557895335418	20.00105142363997
ko:K05807	381.09628347498216	391.41538867632966	589.6600000000001	882.762359986882	1106.3691545479778	345.008381280712	1631.479882554007	1163.429667468932	630.62
ko:K05808	202.7807376513752	416.6457891545877	1023.8582516836632	1471.5923273099345	1621.8428349711858	1303.2692144916757	1211.7961666040198	1013.082983614443	377.9505870842448
ko:K05809	280.62888971967084	259.03125262143425	87.92823625902615	273.43697058240025	694.9373708632048	120.17546155660864	1340.183775644531	610.4802794834654	97.85723099066294
ko:K05810	259.9007824903932	246.75853399490688	515.0440449628305	469.0216999215088	1298.473420387208	305.89603766873046	1599.800446655949	847.538015174602	359.10640666658423
ko:K05811	0.0618165886859498	0.0530135934616848	0.0	0.1060271869233696	0.0972241916991046	0.0824547219339489	7.071062757289468	0.103092855181948	0.0
ko:K05813	44.39298661041289	9.09031254967198	49.289369048619925	39.70507242803159	49.50464356992391	14.920882706300777	52.76077893894643	0.0	0.0
ko:K05814	22.19649330520642	4.545156274835985	44.559382019539214	22.809093960588957	30.21503394511162	7.460441353150379	34.59892745947104	0.0	4.826680903526925
ko:K05815	22.19649330520642	4.545156274835985	4.729987029080701	22.51724874790132	19.28960962481224	7.460441353150379	29.156149690708148	0.0	0.0
ko:K05816	0.0	0.0	0.0	162.86744895072712	0.0	18.12	0.0	0.0	0.0
ko:K05817	0.0	0.0	0.0	0.0	0.0	0.0	0.0	0.0	48.0
ko:K05819	0.0	0.0	0.0	0.0	0.0	0.0	0.0	0.1754918456877721	48.0
ko:K05820	243.88	181.41532425766903	218.17089334275897	13.664244010772764	989.0660917523657	94.11716210561104	1337.5400000000002	423.9216880402066	122.13097308530756
ko:K05822	18.72	77.15	257.89549012813626	39.64963217587778	352.34357224928254	838.700707639286	166.3245232652716	21.05580386416737	4.920317637287087
ko:K05823	18.72	77.15	257.87823806577967	42.19640099365517	352.2611564576008	835.9725136712968	168.19476305322684	21.05290668704234	4.920317637287087
ko:K05825	12.794463417753215	37.4316873876914	96.0389267580493	308.7240886792473	47.57787083489761	64.54260502118942	26.55722223123712	0.0	344.40278947991897
ko:K05826	0.0	0.0	1.5222389773528988	0.0	0.0	0.0	0.0	0.0	0.0
ko:K05827	0.0886349442659544	0.0760128794179545	1.5222389773528988	0.1520257588359091	0.1394036939879093	0.1182266740762651	7.113242259578273	0.1478184038865758	0.0
ko:K05828	0.0	0.0	1.5222389773528988	0.0	0.0	0.0	0.0	0.0	0.0
ko:K05829	0.0	0.0	1.5222389773528988	0.0	0.0	0.0	0.0	0.0	0.0
ko:K05830	0.0	0.0	1.5222389773528988	0.0	0.0	0.0	0.0	0.0	0.0
ko:K05831	0.0	0.0	1.5222389773528988	0.0	0.0	0.0	0.0	0.0	0.0
ko:K05832	113.7132261871674	218.1892256101324	496.17763149468016	269.6854875774921	1843.0518579044704	1069.422346034292	1440.3737644548676	307.806693029104	57.18136175036335
ko:K05833	113.7132261871674	218.1892256101324	460.5749055644754	270.88385822429404	1784.625619649627	1010.8753123427786	1409.290032112479	301.8278482381712	64.63695600432736
ko:K05834	0.0	0.0	0.0	0.0	0.0	0.0	0.0	0.0624245672978677	24.0
ko:K05836	0.0	0.0	0.0	7.713871598226925	0.0	10.730293893256595	0.0	19.0	30.7083974998837
ko:K05837	435.1556889386835	513.5577901974152	1068.9315215767087	1159.3249746008553	1931.103669507663	1302.5493326759106	1934.0936213760865	1141.167418138879	690.3647895453564
ko:K05838	234.76	184.32556737507085	168.15923781407398	20.377998416183008	614.6495375409451	7.537340291920613	1307.9200000000003	419.0	112.53863022359602
ko:K05839	42.62122647019099	0.0	0.0	0.0	0.0	0.0	0.0	171.71436433663484	0.0
ko:K05841	0.0	0.0	0.0	49.67418558852955	1.2984428793024914	0.0	0.0	0.0	0.0
ko:K05844	234.8488417376165	165.6436245117619	50.504189846703184	655.551498174869	584.4012432856472	6.078502507611906	1315.246044855373	419.1673394320253	96.1215475075261
ko:K05845	53.94	170.518207044875	415.9160534185035	548.4630571428128	793.5844771281419	1284.7173712603	380.5704258261169	78.01156398507132	77.51524579436693
ko:K05846	63.54	221.2156118540657	411.570834371672	577.0792499712169	943.417116075584	1326.4502114940535	432.2517118906193	101.27075236756072	82.68168635959441
ko:K05847	47.93	181.7661118767973	378.49295304149285	569.2070531108403	683.4353173809913	1245.3186744425766	357.63105329169866	56.51188537737415	58.34713852791408
ko:K05851	234.76	164.53	50.903548996304494	0.0	579.0	5.96	1308.3683650936484	419.08624142284674	89.97
ko:K05873	0.0	0.0	93.37644474872596	326.8110275969819	22.947791941189795	0.0	16.5850971020286	1.6320780931394392	0.0
ko:K05875	0.0	0.0	0.0	0.0	0.0	0.0	2.98	0.0	0.0
ko:K05876	0.0	0.0	0.0	0.0	0.0	0.0	2.98	0.0	0.0
ko:K05878	2.876177409436485	86.31998249380538	192.57444252880637	115.80021192481956	256.829748114491	94.26879264168662	48.61346865382838	8.604561754355464	97.39352428379344
ko:K05879	3.6937530637768528	84.42821321090707	190.5703377115448	59.86393925815184	132.29987976916934	122.76778159470445	40.29572415588213	11.550697267639624	97.39352428379344
ko:K05881	2.7567280032012023	80.61797420967726	149.58425109624952	50.43769337548258	99.11247572661144	122.22297412805536	31.90344713104063	7.938154541645925	15.391881564227974
ko:K05886	0.0	0.0	0.0	21.114028303809608	10.711276111367944	0.0	0.0	0.0	23.09962061668725
ko:K05889	0.0	0.0	0.0	0.0	0.6467706922216729	0.0	0.0	0.0	0.0
ko:K05895	14.041943390399332	67.19776894842393	112.12391464283397	234.7920889130092	390.5672403517463	89.44007614455421	123.65982248911178	6.45	30.71686382867538
ko:K05896	53.94	122.04	732.2010273467657	759.4230068115398	849.5740584607397	1082.380180525674	341.15	189.41	113.7561785632619
ko:K05898	0.0	0.0	0.0	0.392462144051982	0.0	0.0	0.0	0.0	0.0
ko:K05910	9.12	49.43223105157601	57.57	5.97912914475211	177.99259792661218	513.3700165793359	29.62	0.0	0.0
ko:K05913	0.0	0.0	0.0	0.0	0.0	0.0	0.0	0.0	24.0
ko:K05916	0.0	15.622479476424802	43.95252982753804	761.2681138942296	19.236361571236447	5.068344269917832	14.303984259202467	0.0	24.72749053809365
ko:K05919	6.7514122724534325	34.50795328973043	234.3097951192825	185.61033097804145	392.94270949573	76.24316209816942	96.83077988484412	247.4464692012119	67.74500318622306
ko:K05921	0.0	5.464786226741208	0.0	26.263224432237337	0.0	33.61616730111269	13.363694326912634	19.0	21.016256863213933
ko:K05922	0.0	0.0	0.0	0.0	47.265950593270006	7.684958356690518	0.0	0.0	0.0
ko:K05927	0.0	14.02	20.09	0.0	52.49834334513116	7.684958356690518	0.0	0.0	0.0
ko:K05929	0.0	0.0	0.0	157.49189250289638	0.0	0.0	0.0	0.0	0.0
ko:K05934	14.041943390399332	71.9359020360812	138.55004566035876	222.29194339039933	480.6863926845572	109.54189755947309	101.94017751088822	6.45	20.778031021551637
ko:K05936	130.91098771359975	170.96401763651943	241.67610313390352	365.9762188599676	610.9370216502145	230.43162458397293	184.51758268229264	212.24958001408336	146.43687619916716
ko:K05937	0.0	0.0	0.0	17.599369333380956	2.9729313206621018	0.0	0.0	0.0	0.0
ko:K05939	104.0	122.21429302506832	19.329834899776568	351.2872527323196	634.1056078723975	51.97030475842764	1223.5731223513749	438.0	78.49115461649788
ko:K05946	6.54879977172405	31.43207195613044	273.98365452860344	1212.9693601360875	223.04786149714351	588.1229691977737	59.20632712763164	1.8670461619335292	40.24795595805784
ko:K05952	234.76	164.53	218.5055154856643	282.5291257567346	579.0	105.63937977867197	1367.9200000000003	577.309918027463	114.82489775328392
ko:K05964	7.053186757839944	11.566741342234796	259.5039363614095	41.326682020200096	157.07667894178482	327.5465970494185	24.09655389019932	6.5161752950171925	0.0
ko:K05966	11.31323173075076	11.02365871803394	202.01454264374632	371.5583482138436	168.05069574757803	350.3788042377628	23.598722065543107	6.510202086057894	24.0
ko:K05967	0.0	0.4629479384196835	0.5732906918837261	14.600623818866312	61.44039174405583	1.3898946127711145	32.0	0.0	7.670937039125391
ko:K05970	79.71789488615057	203.3987016725796	315.82173241108865	1421.9088561084109	365.9972543798473	216.25881471239936	259.03019221241306	314.57972392448136	466.0447998369093
ko:K05973	0.3260265093827741	0.2795986836795309	0.0	0.5591973673590619	0.5127695416558188	0.4348739674203775	0.5127695416558188	0.5437214254579809	0.0
ko:K05979	140.01	166.33999999999995	98.53	521.06	232.98927199397065	201.1	93.38	302.46	93.94
ko:K05982	0.0	37.12223105157601	5.293298012498777	0.0	0.3171962357114192	3.0236065659953155	3.147335682264373	0.6053787666792502	0.0
ko:K05985	51.41486728254375	121.522930809938	342.1519039667192	293.1554911028213	546.3655621804392	952.1512801464416	278.14889601331845	27.46	18.25
ko:K05988	0.4190503301375641	45.73160649292816	63.85220327995677	201.0081102837692	221.63451043473071	0.5589547916233648	9.533572321691958	1.4635844406978398	209.7478987554247
ko:K05989	7.110453775906149	6.097889155919513	172.62562874161966	2310.8195716743207	182.17298037693067	1621.3275777965582	69.75514132404537	11.85825677184348	27.92246592115074
ko:K05994	0.0	0.0	0.0	0.0	234.0	0.0	0.0	0.0	0.0
ko:K05995	267.5443017117317	362.0923110016449	322.9977326816014	925.2169012293288	651.358622109663	438.805803237008	422.2102792342555	406.7047707084423	196.6643789536516
ko:K05996	0.0	0.0	1.4302473908829552	0.3740410588841001	76.016975616709	0.0	2.98	0.0	18.430221256512148
ko:K05997	0.0	0.0	0.0	19.64	0.0	27.32	0.0	19.0	41.08
ko:K06001	5.775830134243056	27.523322678417305	194.6198772075806	356.24705416490855	352.4467004332159	32.040936617001634	171.3583104202822	12.828232355297416	257.1551413442771
ko:K06006	0.0	0.0	2.3377684310506246	0.0	0.0	0.0	0.0	0.0	0.0
ko:K06012	0.0	0.0	0.0	0.0	0.0	18.12	2.98	0.0	0.0
ko:K06013	4.027706769887477	34.016830768256085	107.00095390321783	205.9844178005055	84.62197134380554	18.22039545066204	28.066044911191767	4.188218486360127	30.951257931847916
ko:K06015	0.4947457741584158	0.2535736198561092	3.909839738896875	172.54232483119102	3.973415402880247	0.0	14.108767556782142	1.857429061516159	0.2086504233899326
ko:K06016	44.58062695987733	28.227146340154626	51.0401151452965	641.4425220130632	281.3101584540684	29.170449465240928	76.80297328326684	0.0	56.22356771432632
ko:K06019	0.0	0.0	0.1302425545959068	87.15074022620898	0.0	0.0	2.98	0.0	0.0
ko:K06020	0.5225662803292488	0.3147040317550004	258.4247197082742	116.28643653285644	11.78854170794188	98.30118503260118	96.68560790372403	163.62844401977435	61.12024139238584
ko:K06021	0.0	0.0	0.0	0.1438381656351823	0.0	0.0	0.0	0.0	0.0
ko:K06023	47.93	91.07	668.9511796091527	222.82863705289648	769.4341141783171	1002.16	314.861451790007	170.42182003211616	65.28331909647306
ko:K06024	53.94	122.04	733.2835435752255	1084.9722603790533	849.8626495182122	1082.1327292176263	340.316751575364	189.41511142629895	112.33285946678885
ko:K06027	0.0	0.0	0.0	0.0	0.0	0.0	2.298046103505152	0.0	0.0
ko:K06038	0.3260265093827741	0.2795986836795309	0.0	0.5591973673590619	0.5127695416558188	0.4348739674203775	0.5127695416558188	0.5437214254579809	0.0
ko:K06039	234.76	164.53	50.39	3.0472716522552905	582.7344997178737	9.802548563294774	1302.3414162872011	419.0	92.98809725835352
ko:K06041	389.97737988436216	430.9649365463992	537.4502400297561	1407.4385094482082	1196.0667996054997	402.9522500700752	1674.2851915688589	1146.8376254390516	318.2586421134852
ko:K06042	130.91098771359975	198.68178658494344	244.84251517826684	365.9762188599676	595.8791127684874	231.6245735930965	184.51758268229264	212.24958001408336	116.07934212031782
ko:K06044	0.0	0.0	14.257224906287622	6.08721007674435	0.0	8.270475406515065	0.0	8.016936270156354	0.7943394458234808
ko:K06045	0.0	0.0	0.0	978.0	0.0	0.0	0.0	0.0	0.0
ko:K06048	0.0	0.0	18.945803388050923	0.0	6.750881156921484	13.682538234676322	0.0	0.0	0.0
ko:K06073	0.0	0.0	20.020544271161423	1.3484301172807551	5.491746518825529	1.8757184727143703	0.0	19.0	1.1726673321362169
ko:K06075	0.0	28.54333581471532	12.784065638838925	346.4015643072776	34.13011354948386	11.656498791414938	7.276355121017788	23.87958039531001	10.999453345801502
ko:K06076	316.39636899976006	384.1498134408825	438.9900414372117	640.5674266079934	945.83282786219	356.276554040252	1613.24038728405	1311.8914347517923	395.91975343116695
ko:K06077	234.76	161.82712537123564	96.91014974466496	0.0	579.0	5.96	1307.9200000000003	419.0	89.97
ko:K06079	73.27807883021946	16.00199006011193	64.93027246552182	33.45185321964666	32.544745215184086	26.768001382357514	139.37141157495617	255.9070002782988	0.624042090200855
ko:K06113	1.8689102142181968	1.6027679368769978	77.83551343283511	86.23445152782796	150.2089311870687	2.492865997762563	78.4546975130133	3.116821781306929	643.0144712477961
ko:K06118	0.0	0.0	0.0	11.536372621917623	0.0	0.0	0.0	0.0	0.0
ko:K06120	1.5448832814816964	2.1264239945065926	2.702161438577304	12.597166542547882	5.275073113423122	0.0	11.016420045169658	1.7754457162578818	0.0
ko:K06121	1.5448832814816964	2.1264239945065926	2.702161438577304	12.597166542547882	5.275073113423122	0.0	11.016420045169658	1.7754457162578818	0.0
ko:K06122	0.0	0.0	0.0	0.0	0.0	0.0	1.094697924687944	0.0	0.0
ko:K06131	284.62576287684465	362.5186791112135	1019.452801713314	704.9494401600149	1263.6461081852794	1888.4361309317785	840.7966903287993	1055.8182834425004	720.7688258464825
ko:K06132	0.0	61.53	229.4484469323078	125.75739908615373	16.550038154197743	140.09017780271648	146.51759486097154	174.82353492801622	134.4307080053537
ko:K06133	374.87319537649216	330.9584998323714	461.0546851388859	620.2179074946458	997.817059977536	337.73642002125973	1490.176036987803	854.351202900206	326.16443453051346
ko:K06134	0.0	0.0	0.0	0.0	0.0	0.0	0.0	0.930334934433495	24.0
ko:K06139	0.1613840361396807	0.13840213225903	24.736186440175825	1.3164003921014542	26.919125000565916	1.0314960615143007	23.000125814069087	0.3690148548447084	5.744164617708218
ko:K06140	0.0	0.0	0.0	337.01621499420787	0.0	0.0	0.0	0.0	24.0
ko:K06142	695.1496013077272	998.781472187266	1488.5397938440028	3322.7077635378428	2215.446297990011	863.3497395121342	2389.721644837008	2503.409436701728	1272.64546024939
ko:K06143	2.79	34.39679738644155	218.73177439936563	511.8829617771567	86.68915902202536	38.62935646570393	48.757055007633234	48.9964691890468	50.47216413962063
ko:K06145	0.0	47.31913381878273	24.786089886387032	0.0	0.0	4.775102202565535	97.77	0.0	32.5
ko:K06147	1084.7698906148053	1610.3027206053366	5009.858500258714	2680.2521106052045	7664.29407824812	7402.726751904575	4595.792192831499	3577.532571410984	1540.4510627701056
ko:K06148	475.024652710364	426.3541490430808	1703.227141323623	265.8825352755806	2227.582862812781	5737.299373561312	1171.4328201497096	471.9337298196765	219.8770091755187
ko:K06149	234.76	164.53	72.72	122.64856705024914	610.1123352253526	33.28	1327.9200000000003	438.0	153.21703671824463
ko:K06151	0.0	0.0	0.0	23.70091648058065	0.0	0.0	0.0	0.0	0.0
ko:K06152	0.0	0.0	0.0	21.4436168406694	0.0	0.0	0.0	0.0	0.0
ko:K06153	176.44425033019263	345.15098958868566	993.0112340988333	1492.1672786660224	1138.6179341163677	996.1622027283364	562.0374125974679	754.1144206181195	565.0618443376918
ko:K06155	9.12	29.26	41.335195016647205	113.14448373144953	97.01603432715622	96.2355584025745	30.714697924687947	0.0	0.0
ko:K06156	0.0	0.0	0.0	6.390486686277896	0.0	10.240598237247507	0.0	0.0	0.0
ko:K06157	0.0	0.0	0.0	0.0	0.0	10.240598237247507	1.094697924687944	0.0	0.0
ko:K06158	575.2477422196682	710.1278897225138	1249.5477078407007	1842.502889480122	2457.419625148344	1600.7700487605543	2249.804728468808	1635.832352300312	726.9389508856748
ko:K06159	0.0	4.270601923670515	0.0	1.1210182596309874	48.269456799934815	13.809379778672024	0.0	0.0	0.9748977532839748
ko:K06160	0.0	0.0	0.0	3.282317088243322	48.9924636287771	13.809379778672024	0.0	0.0	2.534112852949444
ko:K06162	0.0	0.8255668662913888	0.0	5.831563114290099	18.45056883737531	0.0	24.842163444272085	0.0	10.82
ko:K06163	0.0	0.0	0.0	5.831563114290099	0.0	0.0	0.0	0.0	0.0
ko:K06164	0.0	0.0	0.0	5.831563114290099	0.0	0.0	0.0	0.0	0.0
ko:K06165	0.0	0.0	0.0	5.831563114290099	0.0	0.0	0.0	0.0	0.0
ko:K06166	0.0	0.0	0.0	5.831563114290099	0.0	0.0	0.0	0.0	0.0
ko:K06167	6.381860966004199	60.59305165122512	240.84960486855152	919.248756742643	298.0375141884927	30.10224306713839	177.26533515673626	257.78350179862406	393.216881447386
ko:K06168	390.03198706240033	431.0117673857927	808.1884314935314	1451.0553099723134	1550.3033235926712	429.9828102864644	1758.762538046696	1146.846794879383	661.1648977532839
ko:K06169	0.0	0.0	0.0	345.64	0.0	27.32	0.0	19.0	41.08
ko:K06173	435.06745988843	513.4821254106472	1104.41	1508.253656826127	1936.411255100691	1364.8199662752318	1915.0223953619357	1167.6824726620337	670.2953171211261
ko:K06175	234.76	173.84182915088502	223.569539212116	99.43550590388648	579.0	93.8146776279759	1430.9543193225531	546.3177880498589	134.82522825219138
ko:K06176	234.76	165.24650089992096	72.72583486248965	177.1318925028964	629.04	45.53	1307.9250942532951	438.0009798614092	107.05
ko:K06177	667.3103172105441	721.5638994019178	1556.2071049093418	1265.6287421067216	2386.005962958742	1625.720472567603	3475.9996053472773	2110.416997388792	1098.5216884525516
ko:K06178	435.11839645728	513.5258083541863	1129.8904493182931	1690.1672517693623	2055.4830096213373	1300.8915087973885	1927.4508773467269	1167.7674206740082	667.2679355120989
ko:K06179	237.55	187.06	705.6414201200279	141.85868681092887	1002.599224793824	150.33639658825106	1408.2136088662376	590.890228580982	161.28389119774164
ko:K06180	816.987215449193	1155.720908681404	2904.5723600224146	3633.157586177082	4639.7942699045525	3769.291412845035	2943.854980063857	2344.75130097854	1306.4906558972311
ko:K06181	234.76	164.53	268.8813083193408	464.1610328930227	618.6592719939706	100.0733434815968	1366.8433205111908	577.0661712736439	149.24517988241325
ko:K06182	140.01	166.33999999999995	453.7513829289234	306.25539350199574	502.3226428353078	302.43	161.48	445.41	118.7062386448418
ko:K06183	305.5199999999999	351.82955616627413	1035.5068149363287	393.6191177261724	1779.7600793637876	1258.174120592554	1815.3089987708545	629.4890521301443	206.91183184871
ko:K06186	234.76	164.53	280.82188692849525	115.30883840920842	579.0	107.35280290485424	1386.4782950002657	584.1224720796981	149.94433700216115
ko:K06187	435.0200023539373	513.4414260693575	1168.699151395058	1178.3650268225251	1979.20129041223	1329.0512527573053	1915.1260179090723	1167.603326710522	668.2595745757984
ko:K06188	58.45343238848493	41.50867382134619	318.4937908230882	225.76353962530607	396.99032037831705	394.2375339841664	247.3956806576843	233.9521630322558	144.47591197777444
ko:K06189	234.76	164.53	283.0093301252757	112.9	579.0	104.08	1367.9200000000003	581.0836339844627	149.63
ko:K06190	234.76	164.53	294.6929272898372	121.23116461346513	579.0	115.39925646964744	1367.9200000000003	591.9222541066065	150.71716022589834
ko:K06191	43.893674641923646	71.63191291522602	279.9166659483172	40.63620279914061	254.92035940928236	309.3900109569773	148.65071451720834	21.01	0.101184229350818
ko:K06192	0.0	0.0	224.79	93.26	0.0	70.8	60.0	142.95000000000002	18.58
ko:K06193	360.5623361401428	305.46174650843415	626.1404700831279	620.4770732763866	1148.9632774125746	492.32154469688817	1612.3019430558566	674.4433541527527	177.68109547821027
ko:K06194	234.76044959133915	164.53038556725605	419.18	113.46941744086544	618.500707110429	106.46322209035864	1368.1659062646245	599.9507497931511	153.23357403955333
ko:K06195	0.0	0.0	76.0536204683282	73.11271216535785	0.0	43.42659799092949	60.0	115.3692049084963	15.950916191219216
ko:K06196	236.5495747111276	262.8255563483966	501.4374703666539	146.94695114835446	1033.8218770301808	625.0352153519659	1619.162914728675	295.020632895969	106.00916237040806
ko:K06198	45.14	82.56	320.4558371254388	82.2062203255606	458.5829434528654	900.83	175.63112971535517	22.045041063074365	30.551599510337883
ko:K06199	400.3167576884239	479.0341617548736	787.6882433629161	1346.8192716035535	1309.8402275547746	1928.3565032587812	1834.470857081437	1076.0151237570296	377.2023256612671
ko:K06200	6.998446873228568	38.61347919417936	411.33971142265545	750.7858901892961	312.2467412011636	135.93045126331253	122.51427330417084	164.1069684794787	424.68781873953753
ko:K06201	179.46699891285226	269.6278027491096	561.9444713075552	602.5718911961869	937.6974611852538	1039.2025020385197	408.8316744352429	331.799520338839	123.55397383006388
ko:K06202	234.76	164.53	252.85	93.26	579.0	76.75999999999999	1367.9200000000003	561.95	108.55
ko:K06203	234.76	164.53	72.72	0.0	579.0	5.96	1307.9200000000003	419.0	89.97
ko:K06204	234.76	167.23287462876436	279.5290605973904	438.9025270381072	629.04	116.33	1367.9200000000003	580.95	149.63
ko:K06205	234.76	164.53	50.39	0.0	579.0	5.96	1307.9200000000003	419.0	89.97
ko:K06206	136.77	87.18862277878152	82.8323344184243	128.37462068161102	99.3776864264067	25.277393996467563	212.6238400653099	0.0	97.60865042338992
ko:K06207	435.1281111565079	519.3573697779204	972.894600073959	1535.04415333342	1907.099579471621	1345.982585988355	1932.242302437768	1328.3492655574144	692.7051519536611
ko:K06208	0.0	0.0	138.44221259388334	326.0	38.3231544643122	41.08	6.75	0.0	0.2086504233899326
ko:K06209	44.34	57.2	99.22	273.9401344167488	558.03	142.58906004615358	128.84	6.45	29.57
ko:K06211	234.76	164.53	50.46472887458266	7.713871598226925	579.2301258325269	24.30810469586076	1313.859773184136	438.0125493857804	96.6783974998837
ko:K06212	266.1217120892423	217.15577260979077	134.02058936230486	15.848780495894696	874.818635743062	27.49018611056145	1882.6926960678877	566.4711028529397	92.03748695303295
ko:K06213	56.53375306377686	45.17094760585787	473.3136885284153	1101.6840633240136	574.4164009671726	139.8341831843467	305.42948838412383	155.169693284062	71.28445478967699
ko:K06214	0.0	0.0	0.0	0.0578835863904123	0.2254242436713689	0.0	0.0	0.0	0.4861432431086185
ko:K06215	9.376236888989665	41.71201904327071	253.65754556403556	177.49906879069215	136.45459914258834	249.0978632044151	273.2353553199813	279.89761080287224	76.8194491821072
ko:K06216	0.0	22.57635787080643	15.38862666045654	34.152036513109934	51.65225992118456	176.60877438837778	32.497720897858535	0.0	6.499544179571706
ko:K06217	423.1235843626629	483.5491961072245	1051.3933112157692	1466.9889180201224	1694.4368498571098	1237.0145690754996	1786.8101602352067	1161.213795214465	527.1570968793259
ko:K06218	34.5637563809976	145.04642828970677	443.5943776846996	206.98640755379944	486.6425665061322	76.78828671840628	357.42004425151447	66.31597079343037	59.59603725931361
ko:K06219	0.0	0.0	22.33	44.47709279426482	0.649221439651247	27.32	0.0	19.0	17.08
ko:K06221	22.536239259614494	7.919958153470549	198.52161028336025	100.46432764289536	516.4337848317011	633.7991120097743	31.45007948890173	1.123732148433941	3.341196757913854
ko:K06222	0.0	1.7539351873345186	0.0	3.3915826342225497	0.0	1.9605804553268855	0.1543382003459234	23.9707110465064	0.0
ko:K06223	356.02874223556427	428.156984121858	1005.4110500286428	658.7179500784439	1069.084960002724	514.2721456506994	1703.930495137723	1351.8233614837725	278.5892677785812
ko:K06233	0.0	0.0	0.0	157.49189250289638	0.0	0.0	0.0	0.0	0.0
ko:K06236	0.0	0.0	1.671846736933991	0.0	43.60685492694826	0.7540047232776552	1.459642067582926	0.2807569334424359	0.0
ko:K06281	136.77	72.05187341559159	72.63326576474958	139.62732054955407	109.66639505102373	50.36838468516029	160.87914118146082	0.0	132.25280687887366
ko:K06282	136.77	72.05187341559159	72.63326576474958	139.53667015629165	109.55892747438998	50.12093337711278	160.01931869234906	0.0	120.10637295036196
ko:K06283	0.0	0.0	0.0	0.0	0.0	18.12	2.98	0.0	0.0
ko:K06284	0.0	0.0	0.0	28.408364742426645	8.19901358597839	1.6951546954849162	8.870177510888217	0.0	11.170317637287088
ko:K06286	45.14	82.56	296.73	82.5334508113647	393.66	981.8834556370396	170.25	21.01	0.0
ko:K06287	156.04045556164965	264.1093482911108	976.3712671879916	1538.1569721368537	917.9028229086908	516.4238857385994	549.2238231171676	891.1522228184859	609.8547670208604
ko:K06298	0.0	4.738133087657286	20.92745802418445	3.65	300.2170541585352	35.618155406721854	0.0	0.0	11.32
ko:K06306	0.0	0.0	0.0	0.0	0.0	0.0	2.98	0.0	0.0
ko:K06317	0.0	0.0	0.0	81.0	0.0	30.28821999220997	13.070241827098872	0.0	0.0
ko:K06320	0.0394838313714204	9.117738957912524	11.266033608380509	17.976103670279237	0.2447165296199439	50.494342514722106	5.952277081114786	0.0658480352301852	10.866347519318971
ko:K06324	0.0	0.0	0.0	0.0	0.0	0.0	1.094697924687944	0.0	0.0
ko:K06330	0.0	37.12223105157601	42.64337129177515	0.2141688084284814	4.731256852598569	0.0	0.0	0.0	0.0
ko:K06331	0.0	0.0	0.0	0.0	0.0	18.12	0.0	0.0	1.423319096473075
ko:K06333	0.0	0.0	0.0	0.0	0.0	18.12	2.98	0.0	0.0
ko:K06334	0.0	0.0	0.0	0.0	0.0	25.99940176275244	4.865302075312053	0.0	0.0
ko:K06335	0.0	0.0	59.498440512117405	0.0	16.320752779365538	0.0	0.0	0.0	0.0
ko:K06337	0.0	0.0	0.0	0.0	0.0	18.12	0.0	0.0	1.423319096473075
ko:K06338	0.0	0.0	41.40917490778097	3.683217208200453	6.437005644498825	1.183972394972158	0.0	0.0	11.536078482045028
ko:K06346	53.94	149.75776894842366	514.7560920206835	288.3778727576995	888.1218687628071	497.7913062064557	282.0151412599474	27.461023046555507	31.467471991878742
ko:K06347	0.0	0.0	0.0	18.8350031463724	0.0	0.0	0.0	0.0	0.0
ko:K06349	0.0	0.0	0.0	29.77858058959536	0.0	0.0	0.0	0.0	0.0
ko:K06350	1.1250352296738046	13.000816398403757	16.09953605914424	125.73807286271553	161.98434012225613	20.56769472637292	10.03602360695946	0.0	0.9414012776821088
ko:K06351	1.1250352296738046	13.000816398403757	45.78368239454432	135.89977081988744	170.82838836249644	20.60628295900388	10.03602360695946	0.0	0.9414012776821088
ko:K06373	73.99960041789109	38.07313476593346	93.82590092488104	246.7155681111899	160.30336820453107	45.85041071528028	210.8188672814227	256.95056096548683	119.64429877833874
ko:K06374	0.0004972664157398	0.0004264531603338	1.5222389773528988	158.3031700079774	0.0007820930652616	18.12066328415897	4.0754800177532085	0.000829301902199	0.0
ko:K06377	0.0	0.0	0.0	36.78209308929249	0.0	16.589706106743403	0.0	0.0	34.371602500116296
ko:K06378	0.0	0.0	0.0	184.5350633561125	15.149357632845756	18.12	2.98	0.0	4.248628302289887
ko:K06379	0.0	0.0	0.0	21.17	9.371582691188358	18.12	2.98	0.0	20.21047749059633
ko:K06381	15.30826957480762	60.00984396065894	243.35953482993423	420.0619484277216	237.57846694018752	114.27251447755296	225.02018317432064	429.4475257644138	401.2707052503057
ko:K06382	0.0	0.0	0.0	0.0	0.0	18.12	2.98	0.0	0.0
ko:K06383	0.0	0.0	0.0	0.0	0.0	18.12	2.98	0.0	0.0
ko:K06384	0.0	0.0	0.0	0.0	6.750881156921484	0.0	2.98	0.0	0.0
ko:K06385	0.0007178245098031	3.8764814429858703	29.56484144771835	10.660797711954174	4.843359284554543	18.12095747794583	5.13484252560177	0.0011971313818552	6.891883334772528
ko:K06386	7.371437714184748	0.0	0.0	7.996235007790781	0.0	33.56451490768828	0.0	8.803680981595093	0.5433573205087088
ko:K06387	0.0	0.0	0.0	0.0	0.0	18.12	6.750604150624106	0.0	0.0
ko:K06390	0.0	0.0	0.0	0.0	0.0	18.12	2.98	0.0	0.0
ko:K06391	0.0	0.0	0.0	0.0	0.0	18.12	2.98	0.0	0.0
ko:K06392	0.0	0.0	0.0	0.0	0.0	18.12	2.98	0.0	0.0
ko:K06393	0.0	0.0	0.0	0.0	0.0	18.12	2.98	0.0	0.0
ko:K06394	0.0	0.0	0.0	0.0	0.0	18.12	2.98	0.0	0.0
ko:K06395	0.0	0.0	0.0	0.0	0.0	0.0	2.98	0.0	0.0
ko:K06396	0.0	0.0	0.0	0.0	0.0	18.12	0.0	0.0	0.0
ko:K06397	0.0	0.0	0.0	0.0	0.0	18.12	2.98	0.0	0.0
ko:K06398	0.0	0.0	75.1363075932781	0.0	20.610306596767256	18.12	2.98	0.0	0.0
ko:K06399	0.2379234668937302	0.2040419605322813	4.941903809291386	16.60971162271473	7.233685507731543	18.43735677625224	30.195538767182512	0.3967900856107463	11.8695291268374
ko:K06400	40.21536213681984	87.45992889415596	429.1375140288154	224.0867832708965	562.5911696024873	1051.5891546478629	222.18136944004573	25.87185063292323	10.528822727831354
ko:K06401	2.090840556335087	0.0003855672560551	0.0	2.091162099508033	4.766325605706746	9.272354618237454	0.2459062646243222	0.0007497931510741	3.109048636675792
ko:K06403	0.0	0.0	0.0	0.0	0.0	18.12	0.0	0.0	0.0
ko:K06404	0.0	0.0	0.0	0.0	0.0	18.12	0.0	0.0	0.0
ko:K06405	0.0	0.0	0.0	0.0	0.0	18.12	2.98	0.0	0.0
ko:K06406	0.0	0.0	0.0	0.0	0.0	18.12	2.98	0.0	0.0
ko:K06407	0.0	0.0	0.0	0.0	0.0	18.12	2.98	0.0	0.0
ko:K06408	0.0	0.0	0.0	0.0	0.0	18.12	2.98	0.0	0.0
ko:K06409	12.02	47.92	78.90003029645429	384.95	539.7621559235879	113.5035564424276	99.04469792468794	0.0	37.0
ko:K06410	0.0	0.0	4.941903809291386	0.0	66.17631967593915	10.240598237247507	0.0	0.0	0.0
ko:K06411	0.0	0.0	0.0	0.0	0.0	10.240598237247507	0.0	0.0	0.0
ko:K06412	2.79	8.51	158.38221259388334	380.3847903622205	307.4700706113173	20.3600927781412	30.410000000000004	6.45	20.331272819037103
ko:K06413	0.3600389026759276	0.3087675399530898	1.6304684822021038	1.4222280642311922	2.0015621672378114	1.188871707160672	0.5662637171833418	0.6004446256652336	131.44767006878038
ko:K06415	0.0	0.0	0.0	326.0	0.0	0.0	0.0	0.0	0.0
ko:K06416	0.0	0.0	0.0	0.0	7.851327159571686	1.9426060035324368	13.804697924687948	0.0	4.711667213897151
ko:K06417	42.62122647019099	0.0	0.0	0.0	0.0	0.0	0.0	171.71436433663484	0.0
ko:K06421	0.0	0.0	0.0	0.0	0.0	18.12	0.0	0.0	0.0
ko:K06438	0.0	0.0	0.0	157.49189250289638	0.0	18.12	2.98	0.0	0.0
ko:K06439	0.0	0.0	0.0	3.761802761616146	0.0	0.0	0.0	0.0	0.0
ko:K06440	0.0	0.0	0.0	3.761802761616146	0.0	0.0	0.0	0.0	0.0
ko:K06442	53.94	122.04	372.96012408340187	283.46961364259937	845.0747124761256	983.0259018214095	283.0795967838701	27.83115104302033	29.57
ko:K06445	0.0	0.0	0.0	0.0	0.0	0.0	0.0	1.1058267801212671	11.163854476147776
ko:K06447	0.0	0.0	0.0	168.5081074971036	0.0	0.0	0.0	0.0	48.0
ko:K06518	315.5118779225459	401.6297844224635	783.7242277685043	1085.5091169765974	1339.6980332786252	608.594413914805	1730.2222379926434	970.7624908184706	398.29362528715694
ko:K06595	0.0	0.0	0.0	0.0	0.0	7.165584699393191	0.0	0.0	0.0
ko:K06596	0.7802584332921756	0.6691456817157582	46.752523018388985	178.4701838663279	24.893906233535255	28.360756106432444	94.0156440560623	20.30125377957271	41.08
ko:K06597	0.0	0.0	0.0	19.64	0.0	27.32	0.0	19.0	17.08
ko:K06598	0.0	0.0	22.33	0.0	0.0	0.0	0.0	0.0	0.0
ko:K06600	0.0	0.0	0.0	16.150145522609858	5.402615013279124	0.0	0.0	0.0	11.651119422859171
ko:K06603	0.0	0.0	91.9437720817658	3.3991177261723315	55.85772637851864	59.56513994269931	13.111797111784629	0.0	15.891831848710025
ko:K06605	0.0	9.235000325268375	0.0	0.0263729102673104	0.0	0.0	0.0	0.0	0.0
ko:K06606	0.0	0.0	4.121077845775075	0.0263729102673104	1.130434547973024	27.17347534940949	0.0	0.0	0.0
ko:K06607	6.483641767360118	0.0	12.22480498335279	19.97433315200779	58.293965672843775	28.757652755645196	0.0	0.0	0.0
ko:K06608	0.0	0.0	24.15933264057437	9.81419783322917	18.85379234769802	37.44429706053043	9.96397639304054	0.0	2.6249625299723727
ko:K06609	0.0	0.0	0.0	0.0521078245278698	0.0	27.17347534940949	16.43707597999568	0.0	0.0
ko:K06610	0.0274622423672008	0.0235514800047829	0.0	2.0045989750891766	0.0431921976471481	0.0366308074613137	0.0431921976471481	0.0457993725554267	22.85246592115074
ko:K06643	0.0	0.0	0.0	157.49189250289638	0.0	0.0	0.0	0.0	0.0
ko:K06714	0.1889057018813909	10.25672291658448	1.6313001610272906	1.540360113907399	104.33656998115552	0.6345384649720143	36.44365127852	0.7092105863005371	34.02492261422975
ko:K06718	0.0	0.4567107871377386	1.6772766018359664	38.04576792203842	35.883286645733726	8.573706108068507	20.0	0.0	1.4602413923858335
ko:K06726	50.65706735431296	52.22308897102162	81.9158421245901	364.297624962612	149.82121048435644	557.6799520345093	208.4221207686724	5.778996434238292	64.7381111997098
ko:K06857	0.0	0.0	0.0	0.0	90.30904906670226	14.540505459106305	17.97635151599357	0.0	5.647808175380738
ko:K06860	0.0	0.0	0.0	0.0	7.851327159571686	0.0	0.0	0.0	4.711667213897151
ko:K06861	389.89	430.89	792.6199999999999	1418.76	1247.5500000000002	397.17	1679.2900000000002	1146.61	638.05
ko:K06864	32.43	25.613988791203276	69.34635131828352	543.4768929869408	151.45011037224518	52.83842696916519	78.60982248911178	0.0	23.013272880204838
ko:K06866	234.76	164.53	95.39	3.3915826342225497	579.0	5.96	1307.9200000000003	443.634190646813	89.97
ko:K06867	5.407475249884046	14.749881606159017	296.64224514591046	358.3387210257209	188.55408838310012	17.1402744227925	33.26931410550197	35.35549125210286	17.321427662785105
ko:K06871	261.28075223283537	314.6407785234372	437.5259142897971	563.8409818297696	1679.5420230753962	255.19812344410107	1668.5215442381973	455.4250301682497	304.815996254777
ko:K06872	244.63707729985063	430.6541435285322	829.7556828784627	721.5254068271181	1275.808919701125	1116.2556260785705	1418.2122048017318	1029.0057182511264	243.25260617070427
ko:K06876	0.0	0.0	0.0	326.0	0.0	0.0	0.0	0.0	24.0
ko:K06877	0.5041886994141518	0.8434443205636577	12.01287000312174	193.94522899028308	54.996554346366864	6.252240674359	23.62478611034792	7.657921994897043	50.8112862721696
ko:K06878	45.14	89.63834610706809	390.0315470594604	81.97	429.3757732777297	901.560180525674	186.10319289611868	21.397050390350536	0.4173008467798653
ko:K06879	284.16356852710936	268.3767461136424	312.56855876059143	224.20094033547525	690.3907288493026	233.61966644179608	1438.39163370941	790.7719547500167	159.06580630625072
ko:K06880	0.0	0.0	49.790245557646855	92.79097788522948	117.5656311653963	15.546306353530206	0.0	0.0	0.0
ko:K06881	204.49559469957197	352.69824946092217	840.3587576345775	1400.1536514126387	1303.8689670003853	1216.42636275018	555.6266951755496	667.338585237233	510.56
ko:K06882	0.0	0.0	0.0	0.0	50.04	12.25	0.0	0.0	0.0
ko:K06883	22.703932022106205	66.79727114689713	109.5765589459818	836.3720228689504	98.20584967831576	45.76602883591448	66.26939353575321	95.02452465126052	9.285006546474936
ko:K06884	0.0	0.0	0.0	2.1290617301570225	0.0	0.0	0.0	0.0	0.0
ko:K06885	53.14332402474814	124.74171189960192	395.866544580805	1096.099616460432	510.2875321121834	926.7529874911164	312.84837287286007	365.016989604307	104.630383733183
ko:K06886	0.0	0.0	43.35639987970046	155.85402817697832	1.6824875998348303	25.15061951235389	44.62182148523268	73.93442225875009	14.195596224350371
ko:K06887	0.0	0.0	13.620312948661676	2.9957894732149604	1.69200939613133	0.5989989983066423	11.891509738488647	2.287289385751593	2.16123754855996
ko:K06888	0.0	0.0	13.0	346.4765940353023	10.498038902811832	0.0	2.98	0.0	22.639759572326728
ko:K06889	242.01392467341824	464.2770332479601	1480.1528369359044	2922.447653954056	1984.6743697286472	2500.3966848523864	781.1229281510236	514.7322648095231	670.4952992872641
ko:K06890	179.55130155744516	307.6570818447459	530.4072350041165	915.9018037532207	670.123313977936	1301.2078163039826	430.3952281365984	756.1622704665958	153.8497787434879
ko:K06891	5.236514550056746	48.51317980963914	348.88626066231967	960.5425069858048	177.16379000845455	117.35478127483836	146.55020825125897	170.68304799961996	157.2447147402424
ko:K06893	26.93900421964692	149.42810649720633	208.68794822585923	306.1599148250155	206.702063689426	118.93223990462153	116.6561404839623	118.11281911136	51.18112224584571
ko:K06894	2.79	68.69	427.79187751716427	831.55	260.1199994707076	18.21	138.7459690878805	6.45	129.89352428379345
ko:K06895	112.8	142.5120540180419	43.508560569930125	113.35961325356696	769.9200288271466	48.5978007711234	1174.6158298975292	448.4131091639213	63.85273410341409
ko:K06896	135.31649330520642	222.305156274836	305.7970369635213	26.91406460401905	925.428042936806	343.8142647222465	1271.4264164832894	435.27462290642507	32.5
ko:K06897	0.3940166522642941	4.913832904572741	7.319070990867032	116.08125412403274	44.82173838651905	8.574526534435265	0.6197034056182094	0.6571100498205157	54.12482321000045
ko:K06898	32.43	25.613988791203276	69.34635131828352	543.4768929869408	149.99407208189797	53.44269851127254	79.63530207531205	0.0	20.262653478366527
ko:K06899	234.76	164.53	50.39	7.399893929084435	579.0	16.25353880563069	1308.1823090727958	419.0	108.92672146439033
ko:K06900	0.1368414942765715	0.1173545726232623	39.87593936176506	19.380644141071343	15.64641239991902	0.1825274994859965	15.52462268620034	0.9485371857920796	21.47406305842439
ko:K06901	460.0139793895613	616.3165786179784	1165.666662700627	733.2636782511393	2444.49046453066	2163.0225355216567	3085.469174619671	1353.4602669294982	689.085302122533
ko:K06902	35.881828679180664	13.66	48.28	225.82183380314316	69.21844649635229	79.20775085803012	70.87795332088143	0.0	38.19872730425417
ko:K06903	109.03700592825572	91.364007021524	84.77024463859304	25.866182801811057	403.2665643899583	20.871663088646866	614.4237220933933	333.30636320387566	40.869937100897744
ko:K06904	79.70612096481818	86.14677924633584	132.75655941054836	128.7649227264442	77.10081889298588	93.22567816410984	54.94815457715133	285.92689154621155	63.3184444701992
ko:K06905	111.25186681806537	95.51375564416254	92.78823097620048	44.43987089928882	415.84322396672906	31.84417039438263	622.046233673143	346.2915591119508	41.92586804917504
ko:K06906	37.02279505204059	20.487825391368148	31.041151095758472	33.15901051029978	40.35182525158247	9.232187975507532	36.35281938147232	24.092397590081905	26.008581616415626
ko:K06907	111.13729904505573	92.03911013703942	99.34597774525778	41.754319642784296	413.4247318659744	25.850159333069364	620.9566327304798	328.439949338042	44.66760732370629
ko:K06908	111.12730139899296	88.61116067771172	94.57243130757	42.11191267701024	411.3565413658198	26.95339238624448	621.8007310737271	337.0454122409568	40.784676532539976
ko:K06909	110.60710165080414	156.52877913101426	146.220141436505	279.14602945548563	729.4771496709814	507.2014373062536	1210.445756602841	262.56913063800874	31.22938053838499
ko:K06910	123.68599537400024	45.53361456824227	418.4302052455896	130.9650993640111	181.6767482466319	585.1732078114459	205.14811084006968	391.9685499964014	268.6084000655156
ko:K06911	181.3317484962308	107.80028664206614	219.22151517275512	816.484401856428	506.61223531512417	78.81822766903827	728.231793633526	201.46059608266364	200.7217425007251
ko:K06915	272.1035642325465	338.15705149745145	742.4457808388711	974.632346453911	1218.7137753125717	288.80837192589456	1460.400864991767	828.671206536895	309.08094293609565
ko:K06916	0.0	0.0	199.8697488173212	112.9	0.0	98.12	60.0	161.95000000000002	59.66
ko:K06917	28.84835524584413	0.0	2.883865342803823	7.85	11.360882348785522	0.0	22.03463849466809	0.0	39.85633171859492
ko:K06918	234.76	164.53	50.39	0.0	579.0	5.96	1307.9200000000003	419.0	89.97
ko:K06919	233.6577076020204	437.9289558765298	655.5286119797729	1443.6636238120511	1321.1286388487238	1218.1912474651715	1500.6655113152517	927.024909318083	271.2017087830715
ko:K06920	314.66747652886323	390.19924598765886	536.0162745206194	961.806558177706	1255.966044232569	572.6217357239967	1658.2814543638426	1147.3215084196431	332.45020048625804
ko:K06921	8.129790468577482	22.411283459482995	638.1851980868458	184.2903212360017	456.77613946077577	755.6221849092422	66.01740028209686	253.4251113246117	883.8005311680896
ko:K06922	0.0	0.0	0.0	3.40525187614304	1.1391392656054664	0.0	0.0	0.0	2.456633980066216
ko:K06923	0.0	0.0	251.3277610226471	197.55	277.4392762025796	176.91588630056646	69.72999999999999	161.95000000000002	70.97999999999999
ko:K06925	435.0304190228906	513.4503593519094	1110.460863590334	1506.376782839533	1929.311738411016	1331.2425401273365	1927.6467629403537	1170.249541709566	675.2357335134298
ko:K06926	109.41502143804978	53.29901769669098	346.27889793254246	660.1048799198525	392.35489017196505	423.4631039751217	279.07041594445286	179.38497905640338	146.64442754082876
ko:K06928	0.0	0.0	1.5222389773528988	3.3915826342225497	0.0	0.0	8.1	23.548827034726997	0.0
ko:K06929	6.01	81.79	292.405765414548	111.09295160423136	325.077242388571	283.9978032238334	152.93556726831042	22.372883532978143	24.6164442907789
ko:K06931	0.0	0.0	0.0	160.4341513209853	11.825778540410823	0.0378522547009214	0.0	0.0	0.0
ko:K06933	0.0	0.0	0.0	20.323402559853857	10.44679264227471	0.0	0.0	0.0	22.52924340561387
ko:K06934	3.174689806283366	0.0	46.59881232024354	22.468209876144705	46.71609569224093	20.668743099420933	0.0	0.0	291.15085565518814
ko:K06937	0.0	0.0	1.5222389773528988	326.0	0.0	0.0	0.0	0.0	0.0
ko:K06938	0.0	0.0	147.86181193210373	81.58196352224188	0.0	55.20765435905941	60.0	135.4157551570475	47.31623254435461
ko:K06940	61.37877352980901	130.71776894842392	475.58174936292176	449.89809930056407	957.6816090300968	324.87270555502965	1235.1801819850457	277.0976291767233	34.677423636149975
ko:K06941	425.437811324922	479.2074579629788	1084.398347447757	1820.1904460663216	1902.213588721445	789.2449640162486	1931.046256695851	1179.6261416357602	661.1847715498386
ko:K06942	435.0363073824341	513.4554091792393	1106.0719582524437	1527.375364400351	1943.6492040361452	1329.824346368545	1915.884706710463	1167.6404219222677	661.6133190964731
ko:K06945	0.0	0.0	226.22600664199445	125.75321796042252	0.0	115.9794744696925	60.0	181.5157758378167	94.38466128784616
ko:K06946	0.00217193474033	6.580603109321331	195.8733592655549	217.60704262399557	63.44743136531493	109.654939163469	111.9390649056694	58.06556903503726	11.838108165553214
ko:K06948	47.93	91.07	301.61	104.72	409.5	900.83	194.7	27.46	0.0
ko:K06949	435.03	513.4499999999999	1134.64889175519	1539.3094345648442	1936.4137856137293	1318.7148697225527	1922.4856536478744	1169.0325649023778	675.0969419199988
ko:K06950	177.14558751375776	322.6121685827385	636.4575638739971	387.7664279646809	1118.2650094906644	987.8844693662736	376.04188250976927	838.3409021624395	411.7929154027408
ko:K06951	0.0	0.0	0.0	0.0	34.701557093453395	5.794294225107436	0.0	0.0	7.462286615735456
ko:K06952	28.84835524584413	10.063343937539454	6.19906958066912	0.0	0.0	0.8390786257755457	19.61155316221288	0.0	17.02163475613325
ko:K06954	0.0	0.0	0.0	157.49189250289638	0.0	0.0	0.0	0.0	24.0
ko:K06955	0.0	0.0	0.0	326.0	0.0	0.0	0.0	0.0	0.0
ko:K06956	15.13	61.20329464376351	161.30719626983674	144.6028512839676	281.67736859334843	297.4827871387093	81.18790738306319	0.0	63.93
ko:K06957	234.76	165.24650089992096	72.72	3.610195302382829	579.0	5.96	1307.9200000000003	419.0	89.97
ko:K06958	288.7	288.59409287398813	649.6991770952382	430.0942714055026	1401.1536062692671	1088.5318272580712	1654.9556183607694	608.7919389640516	199.3210866495629
ko:K06959	334.12536189160727	356.73636524762577	1091.0286636181738	1257.0217808712634	1723.4069675017497	597.0810667908787	1860.4402342698509	885.6133014702351	576.8762122602111
ko:K06960	44.82	109.73	482.1495625633386	273.5060629916715	729.65	392.32	251.50342593552452	27.4548885737011	29.57
ko:K06962	35.54	85.812231051576	196.01631536928588	591.3350217699256	503.3110128776912	154.46704066875347	148.78727041749067	3.2732234986273494	33.85422315285939
ko:K06966	80.86953027905234	221.9119033002609	587.7887613088758	1098.978980036861	1000.072418864474	497.4018426258112	1023.3530915491924	547.0848422003353	450.660921947313
ko:K06967	51.15	114.54204643699408	356.622866645566	285.6723660196215	801.3323353225073	984.1149136271468	260.7819126542093	21.344381494899345	29.57
ko:K06968	234.76	165.24650089992096	194.78262427654116	326.0	618.6076990203012	5.96	1307.9200000000003	419.0	89.97
ko:K06969	175.67928795008106	285.8923272694984	1050.0281526490185	1033.7191771877597	1093.681361421613	607.8557234226622	535.2651720292131	729.952080945948	815.4442987783387
ko:K06971	0.0	0.0	3.748311373094653	0.0	65.40537491346755	1.0858216942860852	0.0	0.0	0.0
ko:K06972	41.55	48.69	256.1061743593391	250.5739032694059	357.53980679433084	194.66817648024124	96.38993568378932	19.0	57.95512398152319
ko:K06973	9.15968006304636	26.664029421156847	301.9283858142408	834.372599445856	598.669395437134	311.6742831744951	115.4024082004242	0.0661752950171921	354.6623028372125
ko:K06974	0.419121815465749	0.3594367468076518	0.0	0.7188734936153036	0.6591884249572065	0.5590501430975101	0.6591884249572064	0.6989784707292712	3.256484106895451
ko:K06975	186.5671234936977	303.3714940807328	489.8476993797162	695.2612746030635	1255.8250353313758	351.7442170408198	1522.274480941382	654.5289218853906	166.90164601529494
ko:K06976	0.0	0.0	159.60401627887154	5.773550539191097	43.78026835427379	0.0	0.0	0.0	0.0
ko:K06977	26.60550253921988	5.569086038381606	52.96	35.563757354897845	31.45076916190333	533.2874345578518	31.691755575924937	0.3093665764837874	4.920317637287087
ko:K06978	3.3417616751716364	4.632623171976022	53.59075286470571	496.8385161706745	1.6980665476414007	14.30392268821135	2.1077387072270244	0.3593140065458114	17.522601911081647
ko:K06979	0.0	0.0	0.0	7.085712998925172	0.0	0.0	0.0	0.0	0.0
ko:K06980	234.76	164.53	275.18	439.2298347661777	579.1103377215492	104.08	1367.9200000000003	580.95	149.86795106026543
ko:K06982	0.0	0.0	0.8653862675249689	0.0	0.0	0.0	0.0	0.0	0.0
ko:K06985	0.3273787892486525	0.2807583920455216	135.03488785158922	30.64235409293222	6.506065290505953	0.436677720469326	0.6307192384518049	0.5459766516899995	10.347510907114495
ko:K06986	0.0	0.0	0.5632806651177282	0.0	16.550038154197743	0.2747540319563263	0.0	0.0	0.0
ko:K06987	0.0001091902951672	9.364104427321744e-05	18.68261027577591	585.3833633501156	332.5303157428875	46.26513468890266	1.0948696575255965	0.000182099004915	93.51001214145616
ko:K06988	0.0	8.644736083349699	69.61245809376038	11.290145055887512	43.10234012243372	3.910541094776562	17.087759808756154	7.538751784836005	2.3099585357944274
ko:K06989	0.0	0.0	5.672391746988824	10.07297715494764	4.235831855954167	0.0	0.0	0.0	2.5419689784483688
ko:K06990	0.1237493878348033	12.317993760770662	115.10402874951144	126.01239921946576	52.77324208566822	5.559114677180095	0.194631157449042	0.2063795170536119	76.67648560410065
ko:K06991	0.0	0.0	0.0	168.5081074971036	0.0	0.0	0.0	0.0	0.0
ko:K06992	0.0	2.702874628764344	135.86833609498868	224.92491546329936	10.897055131876815	67.80765262361706	24.19842323092584	73.56511846850975	34.2204458147657
ko:K06993	15.155680448721554	42.24977418374476	67.19073352524308	115.8653282066376	418.6449553443372	156.4585813146019	108.66510481142237	0.1196534835169265	17.037713384264546
ko:K06994	0.0010333297314664	0.0008861783456563	0.0	351.0521217387111	0.0016252053055026	524.1613783179804	0.0016252053055026	0.001723306229376	0.0
ko:K06996	0.0029976315534579	37.124801805218375	145.79426311401485	100.94445060831488	6.655550035799061	371.7614313365972	66.68656179282996	69.1103389026564	64.53623898440591
ko:K06997	437.1171198670941	513.9132034224604	1132.49713493155	1552.5385985725643	1934.250249896251	812.6838231890484	1915.336808015291	1171.0129692637574	658.7263015202142
ko:K06998	0.0201239226527402	0.6296974518487424	2.280651982568174	45.00808637004967	190.5354292106788	22.00734557643105	9.344886514554192	10.310564772842731	43.68411559434779
ko:K06999	0.0	27.83688557265852	58.72063249116282	892.6097464518614	38.18255790038982	27.32	23.31497060964009	19.35267920425595	40.22
ko:K07000	17.077810963327032	99.21818147142226	301.53639451526	580.7949574756242	156.72272939737175	96.05400677934544	193.3360973640224	295.28826822165024	213.89207925508023
ko:K07001	232.0132306623873	392.4233193599144	1243.1572717815577	1434.0249155051429	801.4231418746559	497.2916773238613	500.1153393961533	1289.7414188231726	1027.960112236028
ko:K07002	108.37783022107052	135.9477810290853	254.8315297895445	467.0333956948148	606.4530325355647	99.38549705990792	1268.9559988110318	605.2870590624128	57.89223634655812
ko:K07003	93.60814544089035	144.29119762135264	652.7838717094744	1376.0719855583477	748.4599333322694	160.3378663796512	453.8860658208549	433.3769927764338	177.7156184008731
ko:K07004	9.30148588252062	51.7684003769345	141.11308540366846	2512.8206217074867	336.0137415887313	656.2232831986473	72.50882736066625	82.08584134835382	3.222401941641825
ko:K07005	46.75113521635763	120.4448626794444	289.29389650277324	239.92380366498253	658.4711301302937	169.58771658218242	266.601712659974	460.4547135246473	166.225649522649
ko:K07006	2.79	8.51	4.88	361.2623032844595	15.84	524.16	24.450000000000003	6.552217128487544	0.0
ko:K07007	282.6892148997285	342.0996764114764	734.2974766220049	1200.6785087201292	1847.189254899155	560.8793054373759	1781.5607097684158	738.8059089541404	916.967796045695
ko:K07009	45.14	82.56	297.10272741405055	66.58550554975254	399.2551545580674	900.83	190.5754177558688	21.07259294196469	3.357713384264545
ko:K07010	59.12576454241262	187.6889082416317	648.0378079337428	581.1421038220169	952.4405590880796	1712.6500266532094	401.85833607266807	139.31052702438376	125.41717634887485
ko:K07011	235.3912164966087	353.00308401153546	593.6926176816576	1837.10153798894	1265.6075077432315	390.18039564501487	1107.9323215945046	1069.681728306547	783.9202596427872
ko:K07012	218.2073158436621	179.8170798234559	516.1351575520762	591.7456724502777	473.44363112983785	657.9479559269803	642.4581250855688	670.3845527283659	276.0088489641164
ko:K07013	0.0	0.0	0.6186748412773159	2.9957894732149604	1.0021641700971635	0.0	2.425449568819539	0.1038954393352762	2.16123754855996
ko:K07014	330.7475299313764	203.71814685946129	59.80386859683276	62.8027098986308	621.7709025059372	50.98221345202558	1453.7963293343057	680.4608394839531	125.2921455694066
ko:K07015	45.14	110.27776894842368	311.79	181.2962343783755	640.52	931.36	170.25	21.01	10.97151421142294
ko:K07016	30.145173754266462	84.18622945630449	108.03458902047684	66.65821092361561	489.8773348375821	121.58150725053738	567.9579873501677	123.39846701109995	7.992155952823114
ko:K07017	135.98125305538878	291.4875895851624	591.0662602693645	819.2377535745633	1015.4860412162118	682.6671352611718	1440.4036902702123	683.9405679796176	96.97672136581458
ko:K07018	0.0	0.0	204.97208876174952	113.97255178512717	0.0	99.57723788883136	68.26320784132561	163.37264663684084	59.79996070118719
ko:K07019	0.0	0.0	196.6254203239772	526.2510288628107	10.291481617119096	98.12	60.0	160.04331171537018	47.88
ko:K07022	0.0	0.0	95.58691032898284	0.0	91.37599560927192	0.0	0.0	0.0	163.2986130631947
ko:K07023	9.600276077007305	37.12246781381962	316.7041352659445	198.15391411916852	227.3362839995869	671.0182284499188	109.10229369899484	13.851935442801244	116.78290488195512
ko:K07024	0.0	0.0	0.0	6.56952258247884	0.0	0.0	0.0	0.0	0.0
ko:K07025	324.31556081452254	558.4968558910853	1789.2302784670771	928.68499533915	2647.271949359802	2039.79987700646	2176.9438299135672	1396.6877355893844	833.827280956483
ko:K07026	0.0	0.0	0.0	0.0	0.0	0.0	0.0	0.0	24.0
ko:K07027	161.97814604495312	243.86271385500729	365.1870852186791	1467.0738283409785	665.8509798671312	847.6308815124928	340.86529759538075	559.2736169800327	681.0387119349048
ko:K07028	0.6093689624766183	6.540976663375062	7.804355817430304	31.110229419217475	13.52064367446809	6.608794351410139	76.03047629961917	166.94980227486127	23.49871756893616
ko:K07029	9.6	64.84	146.1147751485836	43.92819023397202	207.1527659731553	613.9180301219731	60.09030561970187	6.330167259785322	8.486681444941556
ko:K07030	47.93	105.09000000000002	337.47856035407574	170.645379318389	732.871603672491	947.2343879321986	265.5196821564833	27.473415484677293	28.48363673376012
ko:K07031	0.2602013679250671	8.215269254517816	30.682106501122476	0.8819178201773917	402.9358997744214	27.22817668577965	29.268381399949124	0.4339434205585771	32.87022443554157
ko:K07032	90.77270476449289	119.82080092532068	207.57532408612167	706.6547249086956	369.7250003942116	148.7863842323067	160.24821535030645	203.3972374374556	85.41322173338718
ko:K07033	90.28	202.24223105157637	670.3285410542059	189.96462068161105	1395.958271813669	1035.105555975468	477.7877598087559	45.306769510042685	38.404652800347215
ko:K07034	106.48644039443565	122.37719078723455	74.86181193210373	54.23155317286807	673.5093859776435	47.74354571988847	1218.2230008951587	461.1759997868913	29.050266538509984
ko:K07035	93.77336680331727	69.9630460406328	567.0566921898874	247.6687074771457	985.1975784056992	664.0338521152571	223.9360256712781	17.280225061327634	30.07810917530712
ko:K07037	176.14154204155926	241.19808786318248	507.58708051438646	1120.4397761749858	532.2083346527796	237.89704174064465	347.38214111026934	567.375490114456	464.1452784602044
ko:K07038	0.0	0.0	28.06	111.5428963308826	275.0566459038315	539.8795666052592	70.64913136770328	0.1610516562144548	9.18012597329408
ko:K07039	0.0	0.0	174.59838714300147	151.2985072263116	23.953864770209805	98.12	65.57858371279917	161.95000000000002	97.15619371687649
ko:K07040	285.91	264.04	602.3540939635577	479.08824804359097	1156.0464144336545	1079.9014529692954	1615.6547812648191	638.1282302265923	249.57123752587023
ko:K07041	0.0	0.8255668662913888	0.0	0.0	3.582437600182442	0.0	4.842163444272086	0.0	1.8974719918787104
ko:K07042	288.7	286.57	789.93	738.2352303168708	1463.96	1091.6326060035324	1649.07	608.4100000000001	179.2
ko:K07043	23.43026123099159	68.1092173552994	470.0977712038434	590.243443201918	628.6009532220503	306.21885609076185	188.93588502203016	177.5197199775118	259.8510731463739
ko:K07044	0.0	0.0	0.0	0.0	0.0	0.0	0.0	0.0	120.0
ko:K07045	5.267340076230676	150.82290870705913	112.71043355199006	177.4312338172268	217.27666087222963	541.9381695079735	42.85320860624555	6.736890710491263	165.38878502572362
ko:K07046	0.0	0.0	0.0	168.5081074971036	0.0	0.0	0.0	0.0	0.0
ko:K07048	1.6983739773373427	0.3477745351020069	20.382461208799924	2.537947101458921	6.967699074452531	0.5708387932912795	2.01850654384529	0.0	0.0
ko:K07050	0.1703809634468487	9.076117851563597	64.50838537293191	11.132600785268204	7.980508910737052	8.827264481306477	28.81412272052285	246.4941479991661	85.37077486353347
ko:K07051	0.0	0.0	0.0	326.0	0.0	0.0	0.0	0.0	0.0
ko:K07052	194.6307199339793	736.9046507614187	2163.081631922395	2290.6282473801207	2662.769578340888	3641.118159768064	1191.090480729955	791.4348338882402	725.237897184773
ko:K07053	240.9634499198703	181.59088587714928	445.2961886004547	451.0091464645664	1089.9000230638958	200.1618474527382	1410.180964177654	584.2341440141313	237.5869646229853
ko:K07054	81.47494671757724	68.59683734883632	290.18577245226345	672.3791153427368	305.06251730697755	105.95567223638602	191.2358798299961	320.2175086850877	276.3802429103676
ko:K07056	575.04	726.6965008999209	1559.6494954840246	1985.687504029408	2356.2246044199005	1610.9699999999998	2130.1527039138728	1613.4902280438566	1005.4740097950548
ko:K07057	0.0	0.0	0.8126422076101774	0.0	0.0	0.0	0.7094949111762423	0.1364688097025803	0.0
ko:K07058	406.2558532199442	493.0760895519194	812.359491636166	1445.6259757795156	1516.4625070646216	1265.0092685373709	1829.778026563599	1172.5009022469242	458.010841631987
ko:K07059	0.0	0.0	9.728323787459324	0.0	0.9578772370015998	0.8317336756292567	8.493524157175141	1.6336990070699418	0.0
ko:K07061	0.0887290694058221	3.206165469771688	14.790537434590604	37.477600910829565	19.96731576889692	6.385405605727302	23.12680257923369	96.26427783979496	16.257863943382098
ko:K07062	0.0	19.78150433778682	97.8522538139492	384.3793517755242	2.034612892513654	48.60315413080277	7.721730696241575	68.68540195709983	28.10658300867878
ko:K07063	0.0	0.0	0.0	3.403293213019072	1.13848404532992	0.0	0.0	0.0	2.4552209514384296
ko:K07064	0.0	0.0	0.0	511.56031897341774	0.0	8.396304678774621	0.0	10.196319018404909	5.249227083216344
ko:K07065	0.0	0.0	11.969847822506098	483.8881010398823	3.4159371130628635	0.0	0.0	0.0	0.2858347607035709
ko:K07066	0.0	0.0	3.90106273514258	3.7171235552615194	115.86259315369983	1.9028395288004043	0.0	0.0	2.6816260194834487
ko:K07067	2.79	8.51	4.88	22.75	38.1876864264067	0.0	47.12558427573517	6.45	0.2086504233899326
ko:K07068	0.0	0.0	0.0	0.0	0.0	0.0	1.094697924687944	0.0	0.0
ko:K07069	2.448636345258558	4.571804734073074	4.282919485613535	21.39325504738529	15.192181021994324	0.0	17.954188615197406	5.168414980015368	2.929522509403671
ko:K07070	0.0	0.0	0.0	18.518981740369007	0.0	25.76062022132797	0.0	19.0	40.105102246716015
ko:K07071	302.3797117207756	164.58177452252113	105.8424879258588	505.301921331473	604.2704763142565	25.05873063057416	1335.438568185363	468.9221303843813	148.99985757390897
ko:K07072	0.0	0.0	0.0	326.0	0.0	0.0	0.0	0.0	0.0
ko:K07074	0.0387738442470938	0.0332522525030456	133.99026198150986	709.0885290193623	502.4880127921161	161.66541783083255	75.44655470869361	68.87975999557797	19.02348873997293
ko:K07075	36.62660903320701	17.863910009618447	281.8209308164133	393.3810070163418	120.55167274247115	133.51195306586456	92.27837133343348	23.560526384955462	73.55882630781555
ko:K07076	136.2498333456781	7.410071105844015	3.040564380838364	1.7236905247428382	10.78925070038614	51.23973916656482	174.97991926523963	10.196319018404909	36.36407797481183
ko:K07077	0.0	0.0	0.0	7.123709001598246	0.0	0.0	0.0	0.0	0.0
ko:K07078	70.02561135287999	32.60251018684662	387.5081879884681	271.4193133019659	405.821567991783	328.7823914566636	194.2717304332928	244.296862640903	119.02151761865191
ko:K07079	0.3668004507610768	0.3145662093552273	171.98454647632	363.93086975252487	239.77706364121565	24.12746601609229	33.92159610199255	0.6117210049085047	557.9102747983382
ko:K07080	0.0	56.26012040827676	135.0199926572407	146.0368778099709	72.55311541340242	89.07642579912954	35.86348974437483	8.857916383277429	25.03682001111907
ko:K07082	429.68198551007856	514.3392670129559	1124.3730683795293	1164.9801955604382	1725.6949882176093	1285.1836432628684	1914.673263917881	1168.5285084699765	649.6887275588127
ko:K07084	237.99409194718632	190.2176118533575	392.4273446955052	281.93743853132685	678.605218614736	121.9727114758977	1413.7050024580828	589.0672588868341	154.88518537614326
ko:K07085	358.58819914364875	438.7868656410269	638.7334828695684	1076.7012152572097	1288.117128471442	336.102413209442	1824.1104897683117	1073.9319259204235	825.5980016760927
ko:K07086	0.0	0.0	0.0	157.49189250289638	0.0	0.0	0.0	0.0	0.0
ko:K07088	123.761665250004	173.7903656230056	712.2852189372138	642.6670558851365	897.3661312530235	1544.008611475209	365.5208648012013	527.1330512739373	299.1534140267154
ko:K07089	7.186981554687092	110.50254757757892	543.5098750318988	783.8474947007519	660.6417404842787	334.32879104725765	210.92395861498895	23.221533526421407	324.0328834999283
ko:K07090	726.4971111883249	612.2476310880079	976.6832790319738	1753.38903098732	2461.4708720104795	1831.0601639328504	4138.046172532581	1459.4654873430443	755.9905336836771
ko:K07091	383.9424969391441	424.3375835775105	656.4844978713619	1430.2985267755475	1190.284144960348	347.88738121040353	1700.2769046664	1226.990682947145	351.8655324855976
ko:K07092	0.0	0.0	0.0	0.0514821790403173	0.3973251809025536	0.0	0.0	0.0	0.856859709793578
ko:K07093	0.0	13.018870243028912	10.080914911800123	193.4221401934527	16.238669648693087	11.911223449791802	2.517586994809609	20.31919611875281	31.44669460184641
ko:K07094	0.0	0.0	0.0	34.328190233972016	64.82072800602937	0.0	0.0	0.0	0.0
ko:K07095	48.70479869789936	158.38224335619373	665.7575178472317	1201.7714837034048	1231.0147747942297	486.3265645796016	511.45841523880927	524.3852361026734	479.1384868419799
ko:K07096	0.0	0.0	78.9437720817658	0.0	21.654715258539923	0.0	0.0	0.0	0.0
ko:K07097	12.39	8.51	4.88	32.35	65.88	54.83	24.450000000000003	6.45	0.0
ko:K07098	302.78338687940936	445.91867249322695	725.9943111439909	1916.9056398916157	1321.342868917834	730.9007449115203	637.3360545705818	1183.3664998410648	463.0883332554095
ko:K07099	6.01	30.97	41.08	194.447504029408	139.06	11.09	79.7	0.0	18.25
ko:K07100	0.0	0.0	0.0	0.0	50.04	12.25	0.0	0.0	0.0
ko:K07101	0.0	0.0	346.46000000000004	93.26	39.5	70.8	60.0	142.95000000000002	18.58
ko:K07102	0.0004190228906068	0.0003593519093495	224.79	134.0707187038187	24.959064588186376	98.12055891819112	80.00065903283743	161.95069881349164	104.38132804194876
ko:K07104	59.434867282543735	87.452930809938	257.83419032475985	85.02942267312787	303.060069222865	338.4996759789687	182.0850754274313	17.82400832638021	0.0
ko:K07105	32.84158953248587	30.42057678193264	312.3170842641375	162.6662510427114	259.059609637065	431.27670110498	253.6829425948993	34.974436386213256	7.81077240431252
ko:K07106	271.0274263172812	201.304944334765	238.80551622620607	510.4779423694096	855.6020976854763	724.5087181135284	1456.2590992813623	421.33549877498353	311.51394439011153
ko:K07107	399.9663104330956	548.4785935729946	1061.482236771693	2444.3763083445574	1830.4460951231845	550.5809155212613	1976.7668382238865	1137.501256610322	871.685830844241
ko:K07108	0.0	0.0	0.0	21.17	10.73	0.0	0.0	0.0	23.14
ko:K07109	234.76	126.38950758741392	41.06762997020651	0.0	579.0	1.9438764568630205	1229.6876381138134	419.0	57.47
ko:K07110	0.0	8.42323255019272	4.235224070021098	0.0257349142605594	10.917667083693008	0.8922520295609333	10.902548415797096	0.71123057877982	9.551307906075058
ko:K07112	551.7716940110529	237.0929388216761	329.0246668025254	687.7699613669122	1118.1513819567626	92.85234220590998	1618.8256285638497	592.1323414550683	298.6441101520961
ko:K07113	104.0	157.9683020134877	275.18	118.99251759792384	629.3876864264066	116.33	1269.531416287201	580.95	92.36865042338994
ko:K07114	296.9313945427065	526.3361234094721	1194.0171401883206	3201.8966091836155	1452.9460321786514	521.1281145378414	733.5003336652906	1169.0467102447865	1038.2728702658176
ko:K07115	234.76	163.813499100079	354.1237720817658	112.9	600.6547152585399	104.08	1367.9200000000003	580.95	149.63
ko:K07116	0.0	0.0	0.0	168.5081074971036	0.0	0.0	0.0	0.0	0.0
ko:K07117	0.0	0.0	7.837614347743597	21.17	11.865292642998694	0.0	0.0	0.0	23.14
ko:K07118	17.68031945792298	128.41263873486398	351.05074637175227	212.23507556181528	268.4387362371592	698.8263634518487	144.9522777911059	203.05298222756943	28.230156306946512
ko:K07119	0.0	0.0	0.0	14.860352524026988	0.0	0.0	0.0	0.1610516562144548	35.16385447614768
ko:K07120	1.7616815171507532	7.982952668459716	24.62414733586044	137.1063714434549	116.8568767096404	10.293538805630693	15.487842461137603	5.296280126984963	37.81012365679253
ko:K07121	234.76	164.53	50.39	0.0	579.0	5.96	1307.9200000000003	419.0	89.97
ko:K07122	234.76	164.53	275.18	93.26	579.0	76.75999999999999	1367.9200000000003	561.95	132.55
ko:K07124	99.77387119938945	238.3378839511168	584.0342019483888	442.72459111461376	798.3466702613723	1216.0961727384065	396.0827051969404	244.78590045230908	104.5487770494634
ko:K07125	42.62122647019099	61.53	50.39	0.0	0.0	5.96	90.11	171.71436433663484	32.5
ko:K07126	1254.1467703727226	624.8702735894622	1516.8236491361636	1010.60910974719	1989.2936664608849	982.515160972404	3453.689988242133	2252.104149488199	919.6504314111957
ko:K07127	0.0	13.0268149278497	16.23243672409655	366.1814090754696	0.931997314596304	7.433530944595167	72.0	1.1573686157102336	78.57847658322837
ko:K07128	0.0	1.3910197323376778	0.0	24.048634766784836	0.6122800930230249	0.869117212898005	0.0	8.803680981595093	0.5433573205087088
ko:K07130	14.545307018865897	105.86691619278596	89.85770259750504	37.18974123123723	333.1369260574269	85.56432516276854	71.90879721459103	3.5354635612463445	4.175741116571466
ko:K07131	0.0	0.0	239.20851978388896	135.83328059091428	0.0	134.73890342722697	60.0	187.10956334347767	106.55351649110676
ko:K07132	23.595786142462263	111.63699395247392	224.0444784119641	112.9922147688527	163.0242240171098	85.3167833402173	160.43999656648649	177.94009983809835	80.45383110133245
ko:K07133	486.571289893543	391.05953690082015	2009.6572306308797	1791.02625268954	1605.322297713342	1860.8599020594097	1008.3314361699368	1668.7568070727264	1626.4663432663035
ko:K07137	155.39571214287685	240.90161034064624	364.5423880843476	541.1828885888478	969.3282081695638	344.21454596656304	388.11317022519086	646.3795893153954	413.46135953114
ko:K07138	0.2559524095715962	24.657044782531305	73.46177255260358	242.9141775676743	50.26967649276304	20.72892773981794	14.875620811312594	80.70331279814319	169.82088984449723
ko:K07139	155.08721384677855	302.5654286904966	535.0805085059715	409.550911663535	955.8462573557777	513.7480259280517	487.4593267655508	586.6003320797948	155.1471922613495
ko:K07140	0.0	11.495720715303287	0.6082635180853457	157.49189250289638	0.0	0.0	14.92482808448598	3.442944629400857	11.78
ko:K07141	6.01	16.95	50.59737994632961	510.0448379054206	415.1910711044617	27.649109753827428	36.620000000000005	0.0	10.787713384264544
ko:K07145	0.0	0.0	0.0	30.143253883143448	0.0	0.0	0.0	0.0	0.0
ko:K07146	26.42	70.25	206.47	42.1535915633146	206.5146601863069	254.79	140.63	21.01	24.0
ko:K07147	0.0	7.4490150504687875	0.0	157.49189250289638	6.887536123587895	0.0	21.492287479693427	0.0	0.0
ko:K07148	0.3333574535073275	0.2858856642420435	115.78788151416416	45.65112096539311	11.148303929946882	3.0106334646065505	3.5868435517247867	10.7522664171339	186.4725919174433
ko:K07149	140.8342522543929	162.18435714663747	79.5191389377333	25.52440037302	659.2773030729145	16.69057318788775	1249.0493656864053	422.1944482090512	328.38598272305427
ko:K07150	101.10532292826385	77.18273226150751	194.3067137565315	278.98418443426675	654.2145229864818	849.3229944391984	191.50977589094649	8.63942382847073	133.43700142395505
ko:K07151	0.0	0.0	0.0	0.0	50.04	12.25	0.0	0.0	0.0
ko:K07152	0.0	36.89	283.58264938808065	1454.8452432063928	42.15347611474103	81.31546980343758	102.94	142.95000000000002	18.58
ko:K07153	234.76	164.53	73.96278864873744	0.0	579.0	5.96	1307.9200000000003	419.0	113.97
ko:K07154	230.4207969568417	102.2292036697228	772.9932576417683	608.1394110119519	281.6726226350627	74.29338697751643	440.7594583576548	776.0527270782292	735.6269467607528
ko:K07155	0.0	0.0	0.0	0.0	0.0	0.0	0.0	0.0624245672978677	0.0
ko:K07156	0.0	0.0	0.0	3.648574135542468	0.0	0.0	0.0	0.0	24.0
ko:K07157	0.0	0.0	0.0	326.0	0.0	0.0	0.0	0.0	0.0
ko:K07160	64.1140193896414	39.477536779806016	96.72156832413552	522.9430967638202	203.7695634130912	32.550369367431934	79.44398704266615	32.644610370084386	72.05320143482791
ko:K07162	0.0	0.0	0.0	3.65	22.0	10.240598237247507	34.98	0.0	5.07
ko:K07164	146.32999999999998	226.88	458.6102425545955	1092.46	571.71	240.92	283.55	559.21	491.81
ko:K07165	0.4584248950221539	0.3931428688322902	45.53024255459591	7.011909662498539	17.119532261510535	0.6114749786450566	13.731262325207425	0.7645250622679592	43.59598181425531
ko:K07166	141.9024753312865	202.9745220359977	533.1006862321519	316.7906663802994	1153.421235908252	456.6102374007203	1367.111348542137	583.1200712903297	75.5375450157248
ko:K07168	0.0	0.0	0.0	0.0	0.0	0.0	0.0	0.0	24.0
ko:K07171	49.14305736054547	62.27022244725275	231.45336474892505	168.5872844098567	208.0304308217588	720.8667987511894	134.27483913756987	17.65958265548546	53.12231178377464
ko:K07172	96.61081313747762	21.65668007100883	153.16463959655877	36.07329448741124	58.3308934030738	21.326808198751426	94.63507021353668	14.34607743385387	49.95885949319406
ko:K07173	283.1636957800602	311.55588127746614	794.2705725937892	735.1811518323184	1476.1065110390437	719.4340120402444	1765.9478846529262	833.8119463072417	400.0164616370871
ko:K07175	0.0	0.0	46.32394023694988	39.45911772617233	69.94829079934013	11.82649216878927	27.886439979624942	0.6875324657240166	190.49247572402663
ko:K07177	36.02	107.37223105157634	244.57366371632523	32.77	238.35	821.53	145.3565165672944	21.91912856430336	0.0
ko:K07180	0.0	0.0	0.0	326.0	0.0	0.0	0.0	0.0	0.0
ko:K07182	0.0	16.480499888791527	0.9824533679241586	117.1574874087758	9.880170411188375	18.379743464281468	0.0	22.88242450833789	39.65392144809076
ko:K07183	0.0	0.0	5.070914446721313	157.49189250289638	3.518330799274957	0.0	0.0	0.0	24.0
ko:K07184	234.76	165.24650089992096	72.72	0.0	579.0	5.96	1311.105171915514	419.0	89.97
ko:K07186	234.76	164.53	50.39	0.0	579.0	5.96	1307.9200000000003	419.0	89.97
ko:K07192	121.3508201416337	95.40024629110552	232.90828082281	888.9372678554885	178.85887425294817	115.84129977949962	183.90831192987287	420.2115988693514	156.1433874507184
ko:K07212	0.0	0.0	0.0	0.0	17.286622650324684	0.0	0.0	0.0	0.0
ko:K07213	410.35740059645656	72.83648367560218	286.2387734267504	398.66539221363024	206.11051930487625	89.84677515277913	512.1148514580876	463.4314182898082	273.1901116360253
ko:K07214	1.7230442069378489	2.3032408538868223	286.6764517451759	562.1732002691558	131.75047572731245	6.8271380505973145	59.424000193127824	23.42264846905635	1586.6527851108683
ko:K07215	0.0	0.0	227.03421503501065	123.39211262166658	0.0	112.37525952051416	93.9364735150326	175.06242973018792	37.02914921948441
ko:K07216	0.0	0.0	385.9763325177312	0.0	111.11056984611444	140.47211056092414	13.804697924687948	2.541677016856745	70.95031763728709
ko:K07217	0.0	0.0	0.0	5.653659807082019	0.0	0.0	0.0	0.0	0.0
ko:K07218	0.0373577906393439	14.352037852098931	163.1415656094768	462.46141916467946	33.660295196442746	84.78456621647335	81.78214306612618	142.02951701097595	21.872878696915212
ko:K07219	0.0	0.0	1.5222389773528988	2.9957894732149604	1.349850596503863	1.9605804553268855	0.0	0.0	2.3698879719498924
ko:K07220	240.8054070053157	209.5503648684828	192.81745035518145	135.40213489540915	704.4442315880738	58.42467932304932	1338.0680936068168	419.0590490246879	97.4
ko:K07221	142.5223706868156	256.047272115506	199.44683561012397	1148.0776884776392	304.0858964460504	300.1549808007694	108.28640043162972	587.3432321606605	98.75988858798507
ko:K07222	0.0	0.0	0.0	2.1449575468122437	0.0	0.0	0.2623090727954956	0.0	0.0
ko:K07223	154.12859483523818	117.1114190193342	365.21134587725794	677.9201402272744	261.2084649262626	334.5684140835295	324.204031266276	159.39989916222	104.66655394776323
ko:K07224	83.09994092788	129.7732018561485	389.9128191909425	118.95171422927145	439.7541043747912	259.24664409508574	745.0353233664614	466.1851401251497	32.20884994757051
ko:K07225	0.0	0.0	1.1959053118483138	20.701218014353028	0.0	1.8757184727143703	0.0	41.73389373082352	12.952667332136215
ko:K07226	198.3422984505037	110.51936076662886	10.188678603354644	4.350119148060717	615.8467371521225	13.595310221643478	1208.8187477164602	425.360748587666	52.35127487727885
ko:K07227	104.0	110.03024367694611	0.0	0.0	627.5545954578644	12.25	1145.0681765062652	419.0	0.0
ko:K07228	0.0	0.0	0.0	1.2334215711784702	0.0	0.0	0.0	0.0	0.0
ko:K07230	164.90871445768892	135.0882259213373	212.34518023018936	26.547504029407644	391.9014344086961	57.69141520465536	798.0826793632028	132.78943613241972	98.76196897844837
ko:K07233	0.0	0.0	0.0	0.0	0.0	0.0	0.0	0.0	24.0
ko:K07234	0.0	0.0	251.48286742770705	122.16264707662909	34.228737597034666	123.19439512584104	84.6756616437954	164.4032705595218	75.37696432205793
ko:K07235	234.76	163.813499100079	50.39	39.83278489433628	588.0446805593363	33.28	1307.9200000000003	438.0	150.55549004129003
ko:K07236	234.76	163.813499100079	50.39	39.83278489433628	588.0446805593363	33.28	1307.9200000000003	438.0	126.55549004129004
ko:K07237	234.76	164.53	50.39	20.19278489433628	588.0446805593363	5.96	1307.9200000000003	419.0	109.47549004129004
ko:K07238	29.72286279255103	42.80445976087158	428.992124248063	993.6071586388668	602.9782972399694	141.63356398212522	172.50493125579203	355.30553582581905	392.6739802269009
ko:K07239	0.0	0.0	0.0	483.491892502896	0.0	0.0	0.0	0.0	0.0
ko:K07240	298.3800280489105	433.6803106550611	928.8224920856068	951.9996117722832	1451.9106902745098	514.3318441630761	595.6852531061039	1133.772412567078	971.7003684814003
ko:K07241	0.0	0.0	0.0	5.386696926639857	0.0	0.0	0.0	0.0	0.0
ko:K07242	0.0	0.0	0.0	5.764776578396712	8.979301506642432	0.0	0.0	0.0	7.963041986955737
ko:K07243	247.10490232179197	255.96377616741745	594.0091158445417	138.61202816293726	830.8169671468096	311.57057513724243	1543.202188935421	615.8172390390057	115.80761432723595
ko:K07245	0.0	0.0	0.0	3.624139907546713	0.0	0.0	0.0	0.0	24.0
ko:K07246	0.0	0.0	0.0	12.690921637058583	6.750881156921484	34.134876244992945	6.75	0.0	0.0
ko:K07248	113.13521342140764	115.3230469531692	215.76628669053483	109.77021201934927	734.3339274381	163.91605506510425	1222.2218199608851	536.6427594411481	49.88311429921997
ko:K07250	0.0	0.0	0.0	172.12131557492256	0.1013921244396007	11.300140065447051	1.885302075312056	10.278219143978976	31.28331489918525
ko:K07251	0.0	0.0	63.616707784762845	0.4415082513250062	133.28588906900268	0.0	0.0	0.0	527.6760434848319
ko:K07257	0.590184264706036	1.88299794009407	163.25633968954128	29.032187688329586	44.75368717419165	4.85457875614668	12.90022380235432	2.1708169707193803	35.648046215876434
ko:K07258	304.48713193140304	283.3658563192225	858.247125324185	734.6044388375327	1913.8214288818112	1312.036590759452	1805.7233383528728	609.7483596243944	328.09310778659983
ko:K07259	320.56966498560064	266.184794730259	450.5879584712146	536.6370465690546	355.6621174427489	317.9952359345913	490.6858888536095	880.5964323020604	441.8188436008113
ko:K07260	35.540717824509805	83.98264339304674	635.859185012873	102.11475371240618	658.834804578692	415.8454399740437	226.5981853974277	46.55944100417561	36.59121691971551
ko:K07261	366.3002584332921	165.19914568171575	93.02144517261392	1.3382913634315163	580.2271786118552	7.000756106432442	1482.322035189825	420.30125377957273	147.44
ko:K07262	234.76	145.544022728791	257.8401590477166	116.26305477889306	579.0	108.7581393360162	1349.8100000000002	581.0351739326327	152.554693259852
ko:K07263	445.0731463720589	535.4880495564329	1035.0743021030555	858.4744961522056	1247.5441553356986	685.7171130200295	1652.6149649716317	2113.926628613565	1288.1910874837254
ko:K07264	0.0	0.0	14.52223897735286	0.0	0.0	0.0	0.0	0.0	0.0
ko:K07265	42.62122647019099	9.521474910121174	116.77792871287996	62.43229293110628	1.0942162657607009	78.68483557623405	66.80490326850632	266.2152672642095	35.93444030343398
ko:K07266	42.6227293695368	10.72518709381905	93.5566819510802	54.88870971917345	1.8916816429786427	62.93978927681219	54.65284711191471	253.2145412644137	35.21855119129072
ko:K07267	0.2688867941003063	0.2305959531683006	0.0	641.5356273053911	0.4532258185105978	0.3586575433964528	0.4229010654045956	0.4484282926925993	60.90154298768017
ko:K07268	234.76	165.24650089992096	50.39	3.3915826342225497	579.0	5.96	1307.9200000000003	442.36140551097697	89.97
ko:K07270	903.374342004616	346.7934619157926	228.9381954820068	137.72853723513725	1210.692485231302	150.35209862873702	2935.7870907968204	1265.91460827713	391.4472124314053
ko:K07271	137.23995439127145	84.06221175159305	711.9933822528591	342.858533323362	970.612048594286	861.638400734164	698.691998660457	588.8056899324497	559.0117863587274
ko:K07272	0.0	37.12223105157601	118.7175198171596	0.0	158.498530072105	28.16858625734396	39.82480696527319	3.2732234986273494	17.522601911081647
ko:K07273	15.202987683732497	268.46350461715065	596.5604137681851	612.1681520033579	789.4192403358866	1722.3126635716842	709.5892088819471	784.9943497130602	302.5023100858914
ko:K07274	27.558958334010804	81.57731044941028	74.28824580184369	89.315237416553	87.01641482835066	114.2091778480726	43.8726382138549	157.0143179023801	26.132769009337053
ko:K07275	31.358714457688908	91.41547234131886	50.92043684848027	250.0011183954074	303.8355225038216	26.28615879495059	695.4053619300038	126.33943613241972	102.9898524958626
ko:K07276	0.0	0.0	11.4777610226471	14.927116652203384	27.517869508701192	0.0	0.0	0.0	24.0
ko:K07277	395.090756689435	438.56999759725767	836.6780266220164	1468.387493603983	1254.7931551016795	417.6355875876422	1815.857597475392	1365.394693563712	637.0912154275529
ko:K07278	234.76	165.24650089992096	282.7162662852498	116.13842273032182	579.0	108.45171366649475	1392.7096235239765	585.1876947071331	150.04988210356163
ko:K07279	0.0	0.0	0.0	0.0	0.0	1.3286790407588027	0.0	0.0	0.0
ko:K07280	0.0	0.0	36.91014653511916	15.75901463289684	0.0	21.41121159104004	0.0	20.75483093232853	2.05644405111684
ko:K07282	159.5409821113469	225.5982305433029	890.3256513363846	1007.6275533411678	1127.0720248464088	549.5436993434691	376.7894940302534	299.33275206815506	436.1680861550241
ko:K07283	0.0	0.0	0.0	5.43133879242305	5.204880239911381	0.0	0.0	0.0	8.878913350437061
ko:K07284	45.14	110.27776894842368	450.3313242320074	97.76078824160956	739.6253075524917	952.8598641814884	351.2461208713233	23.148841183873188	18.493319096473066
ko:K07285	130.76	54.96830201348769	50.39	0.0	0.0	5.96	182.92	0.0	89.97
ko:K07286	234.76	164.53	50.39	0.0	626.917869060419	18.21	1302.3414162872011	419.0	89.97
ko:K07287	130.76	61.53	275.23593277545774	112.59954974716786	7.827965318012683	80.26237673174148	240.32751436978043	142.95939291513363	125.43155801107302
ko:K07288	0.0	0.0	0.0	168.5081074971036	26.00399753400032	12.25	0.0	0.0	0.0
ko:K07289	0.0	8.25	228.25325592376777	149.37541087592209	30.46681127848827	70.8	60.0	142.95000000000002	18.58
ko:K07291	0.036255730457166	0.0310927308667467	0.0	0.0621854617334935	0.0570224621430743	0.0483600961635932	0.0570224621430743	0.0604644618700205	0.0
ko:K07300	0.0	7.8814700719313	0.0	157.49189250289638	0.0	0.0	1.885302075312056	0.7289412473175757	0.0
ko:K07301	207.0207564819354	309.33851748948604	441.4982138550279	712.4373109563253	1178.329048811608	263.07060894096503	1323.941519250542	826.9440292174493	451.6736005272392
ko:K07302	0.0	0.0	0.0	337.01621499420787	3.1618687628071305	0.0	0.0	0.0	1.8974719918787104
ko:K07303	0.0	0.0	0.0	168.5081074971036	0.0	0.0	0.0	0.0	0.0
ko:K07304	108.8091681226004	74.80954771454707	78.93466787468593	743.8904355931462	1138.7243820633785	608.0194862063972	694.7873749118445	312.8375257634454	127.63880648213474
ko:K07305	175.83405215503433	201.5850397053336	137.58114576898242	350.0235261631807	1078.4772684605202	799.9105968022438	1236.8886585243197	815.3073102709188	95.4846914334928
ko:K07306	94.34229845050368	21.628903937158203	0.0	0.0	14.471684538798865	5.39240479048047	167.75759231287196	0.0	47.37839198358598
ko:K07307	94.36242237315643	17.3755601876614	0.0	2.1363230072198007	34.88834608879809	9.14293700911922	144.98177068116854	0.0335610988544116	47.37839198358598
ko:K07308	129.38936580481663	17.358302013487688	0.0	0.0	14.471684538798865	2.824089381095496	166.9189605080537	0.0	55.901205983938986
ko:K07309	70.0941347086258	4.270601923670515	0.0	0.0	0.0	2.4497291520410185	43.93768085350702	0.0	17.045628000706074
ko:K07310	35.04706735431296	0.0	0.0	0.0	0.0	0.0	21.96884042675355	0.0	8.522814000353009
ko:K07313	38.19864560743457	77.27435414484789	378.2910327647826	1269.3910019856148	511.0849616211817	753.8144713395009	260.79547266510224	74.0388998627024	19.977143266073732
ko:K07315	2.79	8.51	376.3970226086826	772.8398626645425	240.7246799836376	7.735525247009148	85.64469792468795	6.45	1006.1113220271516
ko:K07316	152.08539587866744	194.55585930669235	687.1930345823223	686.664853276629	1142.9872929559515	812.2507924696354	1504.6030988475595	538.1755459827558	220.8089522064817
ko:K07317	81.16308119584828	55.20888099747354	162.1008400248725	228.68324787370616	290.37344762528835	114.6070866607644	179.7802791171964	82.38628273288545	67.89997568763722
ko:K07318	3.4488077969378907	35.73706719649152	299.29032796114416	358.8364589739755	252.61557766112196	52.12409476487932	59.97868046923639	344.28066110195005	387.6583766023301
ko:K07319	7.071443567304461	31.242345900342837	319.119323225621	514.5635592475975	179.45384156755262	34.81422642869845	49.62575711404578	111.68795895381976	263.15485260907474
ko:K07320	234.76	164.53	275.18	112.9	579.0	104.08	1370.857264759398	580.95	149.63
ko:K07321	0.0	0.0	0.0	6.64578947321496	18.153223787675035	0.0	0.0	0.0	19.77815991724656
ko:K07322	388.68309646736486	383.05714364047424	580.1249094716607	1190.779984114633	1212.5810311266248	346.5569392334292	1632.4405905870933	1126.8203003409478	587.1370591952264
ko:K07323	234.76	164.53	275.18	93.26	614.3632889487186	89.00999999999999	1367.9200000000003	561.95	132.55
ko:K07326	7.4593211833068915	18.883192779963267	19.31369210799357	24.920745489113752	112.85955968638018	15.777411735431116	54.30247688114656	0.0	9.221756471209686
ko:K07334	287.3252135150727	219.55210719518104	215.27747640692772	13.895973946616492	1283.6409765671	34.72816849621676	2511.1924518331098	514.454011772925	215.78878989613173
ko:K07335	22.48363061744632	90.34210189933772	572.0326462475775	64.55279763911034	1102.632536488303	1401.7617931163572	232.83294303703428	21.04356109885441	396.1643802966864
ko:K07336	0.0	0.0	0.0	0.0	0.0	0.0	0.0	1.1524096250497535	24.0
ko:K07337	0.0	0.0	20.076477046619143	0.4433495666024746	34.56016553361204	0.0	0.0488333231815739	0.0093929151336159	0.3198434800062128
ko:K07339	36.41770154949629	47.201147859934856	46.99215975618757	177.10381129488613	27.99832551177389	8.052655045283696	144.72972088770112	10.071267977422552	12.681085300745828
ko:K07340	125.79641685915064	114.95152070135306	80.53931316777042	177.67213611756426	331.56603882008915	42.2854320667248	731.8253873594817	145.49854335442885	124.15960873642076
ko:K07341	55.41337832630853	101.60959615743496	300.54310984440053	251.3815809408609	478.1082463063283	651.053749761136	96.8988185474239	139.38634995408376	43.88824094939733
ko:K07343	234.76879348808995	163.821040350941	130.41241038301723	29.66423805805551	635.1644189533034	227.2074428685136	1337.9824453789715	435.0192973682212	117.51127947096673
ko:K07344	1.4805429986726923	4.89813137870838	36.04639518287093	12.825743483973197	17.511654004310707	32.979752559085554	12.185470727023866	1.533892342065046	1.4321576355156271
ko:K07345	485.0575466986384	58.48542203014458	0.0	11.926128401773076	283.186078886311	16.589706106743403	819.0236000184306	293.6429633967223	174.6423756426808
ko:K07346	183.65758861881457	50.37679814385153	0.0	41.15	283.186078886311	0.0	652.116473919679	193.02212592861525	96.97121831184258
ko:K07347	320.6211135395097	55.78254740138024	0.3741898498388114	53.43941364142084	283.186078886311	16.589706106743403	715.94856312885	368.2102694058706	146.60505894816674
ko:K07351	59.29523109619075	0.0	0.0	0.0	0.0	0.0	37.16851560932053	0.0	26.334202155744872
ko:K07357	0.0	0.0	0.0	0.5192513459966659	0.2636901468956558	0.0	0.0	0.0	0.5686663559334086
ko:K07358	0.0	0.0	0.0	0.5192513459966659	0.2636901468956558	0.0	0.0	0.0	0.5686663559334086
ko:K07386	186.849220528824	399.2018599674243	623.756771920002	1873.801423915141	1029.7658863788895	1834.1073243909077	1048.8505361970608	949.2073785925228	726.8018948720508
ko:K07387	0.3539186227460443	22.873518818873983	86.31446747420371	260.6019180005744	49.40679401030079	0.4720781629349926	46.77064963235153	0.590237703123941	107.5592255054547
ko:K07389	0.0	2.732393113370616	77.87634969468165	26.912843013260947	0.0	36.98236374569549	92.0956118703186	43.327086575480514	4.481896247150787
ko:K07390	426.8987735298088	267.53	275.18	112.9	1158.0	104.08	2578.07	828.2356356633643	207.1
ko:K07391	391.0592091497989	460.9401967987023	997.486130292961	1434.3015308033473	1574.7385274156577	523.2071352237824	1854.381734045936	1230.9668253878672	672.7127986268758
ko:K07393	9.12	23.179530993820865	20.03970421432064	61.89672596678099	273.4013844011381	82.32414300905505	29.62	0.1610516562144548	0.0
ko:K07394	0.0	0.0	0.0	19.64	0.0	27.32	0.0	19.0	41.08
ko:K07395	0.0	0.0	0.0	168.5081074971036	0.0	0.0	0.0	0.6063134334777857	24.0
ko:K07396	11.60861232917597	18.636905101364835	61.36618339587663	6.018265086991077	82.79715662109844	85.76295144986437	54.81194165032004	17.392198819916455	3.073918823736576
ko:K07397	0.0	14.32	241.1532278106044	633.635768437156	189.33567763877213	98.12	81.47	160.36415228273435	87.94770634050174
ko:K07399	0.0	0.0	202.46	125.39116947607708	0.0	70.8	60.0	142.95000000000002	18.58
ko:K07400	234.76	164.53	50.39	19.64	579.0	33.28	1307.9200000000003	438.0	131.05
ko:K07401	0.0	0.0	0.0	157.49189250289638	0.0	0.0	0.0	0.0	0.0
ko:K07402	12.02	16.95	249.9915160944989	561.1951453756943	728.5969943108305	39.70445511792515	73.24000000000001	0.2603851765819914	23.4728987604078
ko:K07403	37.32649330520642	47.82515627483598	116.37998702908072	586.1928396656784	301.5156844189523	157.05044135315038	99.37038946947318	0.0	39.50531880115568
ko:K07404	53.69181663756351	109.22608170842292	346.99533120743905	640.5287881413648	638.9189074848135	1271.4424016909234	277.05024716765354	30.53461149874205	15.235701221661278
ko:K07405	146.4657035874181	226.996378709463	314.61024255459546	745.5227574189261	436.62343254097095	228.85100969017952	264.0728330035776	559.436315792941	380.85
ko:K07406	0.0	9.476831941556412	40.041088542322846	2.020527992857623	10.983493037651058	7.879401762752495	0.0	0.0	0.0
ko:K07407	48.15078458622865	160.3434919941132	464.8500325542865	887.393120141207	765.2024544248311	1480.0014517436096	220.23126541735255	123.24102127193834	398.7646190038892
ko:K07443	2.256829199463489	37.94893395755202	134.5269768279969	52.34955419897016	82.928916512712	79.47317378356213	65.9559949395483	7.153977219752727	79.05317126236353
ko:K07444	194.3860297180489	318.0580824480736	864.3657472876433	1275.1322290318612	1178.9121721732558	1233.958087300803	612.4963082353906	732.4590253688966	214.63434612563697
ko:K07445	0.0	0.0	1.714649203450169	487.5619107561997	1.116621211259102	0.9946510741849404	5.640128230660608	0.9641591179270788	2.503603670522417
ko:K07447	435.030023907452	513.4500205029096	960.8521699494828	1504.328558826779	1889.8019886264776	1328.612869073493	1913.006083669393	1167.69429445205	660.1528594667889
ko:K07448	119.35093814806464	137.37958881649092	305.24700122233287	1010.526337810726	491.9113777267928	286.8842752768976	762.2026908516592	362.5652165406578	66.842788290943
ko:K07450	0.0	0.8255668662913888	54.7351921743929	0.0	119.84205524198563	26.69843946565367	9.6057723105094	0.0	4.711667213897151
ko:K07451	10.248415333488536	45.66185225197234	159.8845936483996	304.90341165175204	259.3650784230873	134.57193068766992	81.39095739499056	71.40946707893394	87.01840294978699
ko:K07452	76.35514019700916	309.6001663926472	394.03340793418647	869.7630842020415	736.3585924827846	478.7542604703125	246.3622823912453	332.09535818792415	365.4748168001923
ko:K07453	0.0	0.0	0.0	0.7339145073390351	0.0	0.0	9.324415724264831	0.0	0.0
ko:K07454	23.07584531270616	42.23419639586518	187.6157577299549	151.2955568830561	51.56584658228421	72.46007856213664	41.99199520443328	127.35967230926563	227.0051863259429
ko:K07455	36.43648624804744	71.12551241526695	172.3862201941787	65.10186378561585	405.2904470522538	43.08067655186935	588.8637530242991	127.07980649564468	19.349174283919293
ko:K07456	203.24382059403004	357.58764361070297	932.3743520183602	1111.7930568077695	1767.582034330417	1521.4081664810128	621.8468598180084	593.453355645395	585.3073403963375
ko:K07457	0.0	26.57716268163384	67.84724725286617	345.9857846481354	121.01296214661464	418.78127446081817	33.43172251952075	2.754447974217348	11.651119422859171
ko:K07458	2.008732288310333	22.83354129319728	209.8161984597129	478.9575824688226	241.65512994857056	55.64643108350258	100.62800825989974	246.4160779850304	166.8411319594918
ko:K07459	62.5352377955963	65.024415706702	283.2518861492654	220.22560240468155	162.9273621752031	132.7852912452683	184.30125724539505	95.62168617935774	135.07531421267393
ko:K07460	389.8881171756263	430.8883852993504	755.6658536645999	1422.2665145452436	1508.3688220187726	425.4069831153445	1742.367038722425	1146.6068599732755	648.0957179306884
ko:K07461	99.08	214.66334393753948	875.5154128166823	558.0538055617199	1178.0662877638845	1439.2083422578455	522.4348924019534	227.1362915146704	91.25836562575084
ko:K07462	437.97233194113727	525.8807292097409	1174.0139800273205	1533.35672211109	1961.193558430071	1336.5152408166782	1960.1032711103169	1257.1163252556291	668.6588754149506
ko:K07464	175.46471504107274	133.97226418100524	333.29925432669927	450.3826601981083	317.2574019712705	589.9100017753842	270.2449844673524	440.1254492813858	215.0203672775694
ko:K07465	0.0	0.0	3.4551602192810367	0.0286370528966196	16.47592673185563	0.0	0.0	0.0	0.0
ko:K07467	24.72162602266266	11.662901832727936	445.2945965946524	188.8710193628639	178.3190504717467	306.178165361186	195.83186535192448	134.6160428167844	75.63706534316094
ko:K07469	0.0	0.0	1.5222389773528988	0.0	0.0	0.0	0.0	0.0	0.0
ko:K07473	88.36774976386953	125.56502806391768	831.3883266801059	132.58775999545284	1835.6320873806635	1026.1473090119837	913.1214778561456	150.07234631344497	149.25269395100912
ko:K07474	58.65857586908199	54.79467993865757	105.51392536548056	216.57034179929016	229.42110884543976	316.3112219986472	180.11446721298714	102.275575251373	79.85027304850226
ko:K07476	0.0	0.0	0.0	32.169104065415766	0.0	0.0	0.0	0.0	0.0
ko:K07478	441.5987550563666	555.3315021113126	1124.4243134398237	1353.912119989529	2007.715641799749	2533.0062171128097	1931.767928414688	1168.2468743133293	680.3397357785086
ko:K07479	234.76	163.813499100079	50.39	0.0	579.0	5.96	1307.9200000000003	419.0	89.97
ko:K07480	0.0036437600354888	0.0031248701570173	47.32599118291407	342.1307179483463	8.041399930284026	48.28225335269363	0.095183109895621	133.04462084615295	31.316432909158674
ko:K07481	700.6052175970482	673.1863725012884	1885.394826443683	1518.0399943820546	1012.4385509082102	1266.3601794602798	1068.7537126243851	1762.7890638861263	208.29101886267745
ko:K07482	46.52947611283928	86.99812036759512	670.3751330833908	87.57394983143053	875.9648781141719	316.4998644722763	193.78327438482503	98.6443216928197	8.649093104474234
ko:K07483	883.3508202532602	627.1146402560564	1376.3055101115822	3073.3720221185818	2397.0580737572773	1136.0315334973652	2582.987239748834	1503.8822020282048	320.35752156890464
ko:K07484	32.31585542441175	281.2463753878436	71.96265393006851	1073.0102195730742	739.8588912316343	1359.6367070112751	78.94011671419626	83.89906327263934	87.83227844638748
ko:K07485	260.1830132876604	439.9142163398052	439.1041448923444	389.0086498729261	837.2005230751078	526.238564436001	694.6462933383343	59.53908762836923	5.242033541386675
ko:K07486	3.1521539783398653	9.624464876836596	338.3942192515516	1608.9814887648463	43.164197140209744	169.4550733484235	153.151896804366	341.43748101289145	19.830384230835264
ko:K07487	60.10035221140152	14.309016216601655	154.77576560397063	133.9170425914284	270.99267058159154	116.03210434429508	133.44519242618946	37.45125245285547	22.346385880753196
ko:K07488	137.8705507158111	120.81608030894816	994.1362204439364	154.64686268671989	381.8580991515301	257.4908901764903	864.6497153421863	324.4479453060373	161.3900633929006
ko:K07489	0.0035375750221039	0.0030338064271841	6.184403275805531	0.0060676128543682	0.0055638442594483	0.0047186325057494	0.0371046779375598	0.0058996899893949	0.3999279127546924
ko:K07491	286.7493186308675	197.05357631958864	741.5594366143595	1581.0252323806862	1617.5616646423632	1579.585679089589	922.9420660315592	213.45572164844816	531.1203579739863
ko:K07492	0.2383424897843371	0.2044013124416309	5.131989219479654	157.90069512777964	0.6232630194535318	0.533605079740767	30.65625803526864	1.0591721870504962	0.0
ko:K07493	4.655646357761127	48.71491214292374	145.1816073836968	48.55845609304097	215.82006661383576	400.4092943663619	146.43532467423623	177.27514994810838	16.99750547431882
ko:K07494	0.0	0.0	309.16118775931506	326.1694804449512	219.1608931463436	102.57351233437598	200.5613034476621	299.2767216342504	31.34028507121472
ko:K07495	0.1867746049948414	0.1601769555493735	0.0	6.729355070252238	1.3146443203825031	0.2491313164725496	23.214583692355102	0.3114880279502577	4.158614147599249
ko:K07496	33.938688248999426	87.08242432909651	160.47145896498077	178.02954108288947	665.8969878001259	1383.3369355429145	180.1957462288497	38.46622566139958	42.24546473887239
ko:K07497	791.5858537097201	636.3395284152675	1490.6835672044522	3844.496545626676	2538.627523940165	3373.372867437259	3013.0011758197043	1586.8381475281867	579.8065149912434
ko:K07498	0.0	0.0	32.35279371309932	63.32026967071732	31.25999698739596	188.71122331161504	6.333470653716374	1.2182204379253043	0.0
ko:K07501	0.0	24.32695006978035	255.32	611.8501455226099	84.71596667153041	110.37	82.28566860029512	161.95000000000002	78.80321666716993
ko:K07502	0.0300136277435318	0.0257395351851175	7.240686832229584	172.20958656747382	253.4421314346788	26.75597121948948	53.53392818642169	0.0500543728507636	89.5999402399486
ko:K07503	0.0	0.0	0.0	0.340186644006887	0.1138006755205787	0.0	0.0	0.0	0.2454191641701949
ko:K07504	7.575503147173572	9.0812139827957	27.33039765197665	181.1332860531448	66.01462718720039	12.135903376352015	111.4044640122907	10.784939345644556	35.36469393572435
ko:K07505	0.0	0.0	1.913465268274657	0.0	28.294325645797468	1.2985653551162195	0.1007354289233603	0.0193760996217138	0.0
ko:K07506	0.0	4.934022728790975	1.3943458708305092	162.54377444343447	4.742071385517506	0.0	0.0	0.0	24.0
ko:K07507	199.14211640067916	87.7175793408918	314.447112022202	598.8486627705241	628.1372480393431	595.7824100046096	385.46137564035376	10.812002411221858	297.4449598833543
ko:K07516	0.0	0.0	0.0	67.95045279075315	1.4969963078108832	0.0	0.0	0.930334934433495	0.0
ko:K07533	45.14	82.56	357.1495466426164	434.1982227730449	634.6758500037874	960.1772905328183	312.43806566074954	21.397050390350536	45.28101171605324
ko:K07535	0.0	2.310803924538169	0.2687093475556469	0.0	7.895087173826671	0.131069609232614	0.0	0.0	0.0
ko:K07552	292.3773093035201	242.3763407805027	443.8461648294133	677.778297373558	980.238692485114	297.0011590836808	1545.6559072603145	586.083118142202	175.91424404304402
ko:K07559	2.828773844247094	77.23005798360103	173.4786346690566	601.7841668607676	512.3196764360446	69.91817323242068	100.11009444827832	80.59453968562343	28.246565485698905
ko:K07560	386.194904087639	418.83649163261066	995.337826030174	1434.3693261852309	1660.2334244157637	1205.2135413590413	1856.149673295128	975.8071261988568	466.1155247196257
ko:K07566	435.03	513.4499999999999	1108.0485957311548	1532.61655531117	1907.3459878541007	1317.2576318337217	1919.1783194934053	1168.23103745753	669.6828936722716
ko:K07568	572.900438689637	721.308062361051	1393.113262081738	1792.91705958386	2378.8390574576333	993.9279166929044	2182.195239499113	1811.0875132428016	1152.141491228949
ko:K07570	35.54	82.56	296.73	72.37	411.69	858.25	190.25	21.01	10.82
ko:K07571	51.15	43.95186691234271	111.41254197581556	306.94819023397207	295.33	705.5126597080792	104.39	0.0	18.25
ko:K07574	288.7	287.3955668662914	632.93	330.92	1369.245414279308	561.5073939964676	1627.1621634442722	608.4100000000001	187.7569591534452
ko:K07576	0.0	0.0	141.22605037415906	428.03018201599184	180.6424508948672	51.83543323211127	10.58982248911177	0.0	59.879943934867725
ko:K07577	0.0	0.8255668662913888	0.0	326.0	0.4205688373753115	0.0	4.842163444272086	0.0	0.0
ko:K07584	53.94	90.94564706956332	507.74464994801065	299.02	653.0039183005671	457.5393740950586	278.17	27.46	29.57
ko:K07586	35.54	82.56	296.82017442254715	84.64911762917168	393.90840157191286	876.5856893852973	170.3287287361108	21.025143190933708	6.25
ko:K07588	152.1376813433754	220.0280663848652	216.87935766269084	834.0889862983898	530.167371284993	303.30069572374146	158.75161991207494	302.6395824935406	175.10885972671622
ko:K07590	6.01	38.96212187886061	54.05457339577727	213.2825071757804	101.810972221667	75.09583400477591	46.35	0.0	9.098891815775758
ko:K07636	147.28408948972012	301.64712119270985	541.1605577022708	1494.252238377726	706.0768924567767	422.73743928240265	376.1320652496711	581.8227464258855	672.7148767501468
ko:K07637	0.0	0.0	9.99598799828546	2.9957894732149604	1.0021641700971635	0.0	0.0	0.0	2.16123754855996
ko:K07638	0.0	0.0	0.0	22.63578947321496	1.0021641700971635	27.32	0.0	19.0	43.24123754855996
ko:K07639	0.0	0.0	0.0	19.64	0.0	27.32	0.0	19.0	41.08
ko:K07640	234.76	154.11027215516168	9.32237002979349	0.0	579.0	5.183582453717487	1306.3317001947864	419.0	89.97
ko:K07641	0.0	0.0	86.53796896131459	21.130780563664047	0.0	24.675910765394185	0.0	42.5464691890468	15.426960317457269
ko:K07642	0.0	0.0	0.0	0.6060502233654559	0.0	3.3778403413070666	0.0	0.0	67.59598181425531
ko:K07644	0.0	0.0	0.0	168.5081074971036	0.0	0.0	0.0	0.0	59.16385447614768
ko:K07645	234.76	168.66520351841237	270.2047102919008	113.02589055226478	585.4516982318177	74.68272983466922	1367.9200000000003	573.4718966640286	182.7854052044691
ko:K07646	0.3533426004613181	0.3030248250791684	0.0063525531318538	182.7938396092248	6.815406425158335	13.109012517035506	7.518559551379162	0.5903438567121426	26.33557414415445
ko:K07648	234.76	165.24650089992096	50.39	0.0	579.0	5.96	1307.9200000000003	419.0	89.97
ko:K07650	0.0	27.71776894842393	0.0	0.0	101.42273128056488	0.0	20.0	0.0	1.4602413923858335
ko:K07651	0.0	0.0	0.0	34.394447675878446	0.0	0.0	0.0	0.0	6.25
ko:K07652	45.14	82.56	296.877259818998	250.4781074971036	411.9384015719129	901.0456893852974	193.35856838005876	21.034729668269105	17.07
ko:K07653	0.0	0.0	0.0	0.0	0.0	0.0	0.0	0.217793997101529	0.0
ko:K07657	0.8351253248408609	18.78535309377748	195.886588674338	505.1065808313306	76.32602955579877	23.612094335886148	21.04452164235114	22.412659859891	272.6347329625194
ko:K07658	7.260435518557493	39.95455340250653	218.8428296823681	653.0229959627062	251.72360576623177	152.2814928405019	96.81113630468477	1.394443943525388	293.39456614128244
ko:K07659	0.0	0.0	0.0	19.64	0.0	27.32	0.0	19.0	41.08
ko:K07661	0.0	0.0	0.0	19.64	0.0	27.32	0.0	19.0	41.08
ko:K07662	234.76	173.68094908752877	53.404630661911234	485.4082517452204	579.0	6.723003414427988	1306.1036091718306	419.0	105.44836524386685
ko:K07663	0.0	0.0	86.53796896131459	21.130780563664047	0.0	24.675910765394185	0.0	42.5464691890468	15.426960317457269
ko:K07664	0.0	0.0	0.0	0.0	0.0	0.0	0.0	0.0	24.0
ko:K07665	0.2067673957226741	0.1773226716482426	0.0	496.96455949927287	0.3252006192220539	0.2757989154971745	0.3252006192220539	0.3448304352716748	35.16385447614768
ko:K07666	271.1777015494959	175.39172515365544	70.62086750186185	654.9185189602003	580.4355601323393	26.640253418520388	1336.932450524214	433.9022379583447	192.48582744064132
ko:K07667	0.0	0.0	0.0170525578295873	159.38260126736287	0.0	12.637702687622705	4.089586030288825	0.0028636738869765	12.836145523852224
ko:K07668	45.14	82.56	296.796596254591	81.97	441.8890135859783	908.7094017627523	220.82902965605055	21.021183656853623	15.740317637287056
ko:K07669	0.0201239226527402	0.0172581741737107	0.0	2.1363230072198007	0.031650599868392	0.0268425107535759	0.031650599868392	0.0335610988544116	0.0
ko:K07671	0.0	0.0	0.0	0.3182867749917372	0.0	0.0	0.0	0.0	0.0
ko:K07673	0.0	0.0	218.74730167433108	111.76534816153394	2.3993718311252765	91.82383269888729	60.0	184.64320226991964	31.723743136786048
ko:K07674	234.76	165.24650089992096	50.39	15.113765527311358	579.0	26.983832698887287	1307.9200000000003	438.0	103.11374313678604
ko:K07675	0.0	15.957815258549214	4.121077845775075	0.0	1.130434547973024	0.0	10.45178735389362	0.0	0.0
ko:K07678	0.0	0.0	0.0	19.65038368746993	0.0	27.32	4.865302075312053	19.0	41.08
ko:K07679	0.003332491845478	0.0028579281333055	0.0	2.5524846740440195	0.0052412925544385	0.0044450801040157	0.0052412925544384	0.0055576683625534	0.0
ko:K07680	0.0009103879044882	0.0007807440573301	4.585854404880778	8.573501471184663	0.2498334161804783	0.2169037159991331	4.005211531303929	0.7716309826872164	0.0
ko:K07681	26.42	70.25	264.16	42.01974502376666	238.35	254.79	140.63	21.01	0.0
ko:K07683	2.1492679352552737	0.0	0.0	21.970771068875667	0.0	52.96031267986342	0.0	0.0	0.0
ko:K07684	0.0	0.0	210.0002246190896	113.3158858748052	0.148311172881014	91.82383269888729	60.0	192.31689009115647	56.04358661679226
ko:K07685	234.76	164.53	50.39	0.0	579.0	5.96	1307.6576909272046	419.0	89.97
ko:K07686	0.0	11.740293429679244	69.45749272287073	0.0	19.05257612884301	0.0	9.0752367309884	0.0	0.0
ko:K07689	0.0	7.002995037041107	39.77334638747064	22.232090889881825	17.00120188329175	28.87937977867197	0.0	19.0	52.66747429441602
ko:K07693	9.12	77.15	250.53497152118143	28.3008122727346	342.5013389473242	330.3432489584997	139.47494176390163	21.130205314103947	0.0
ko:K07694	26.42	70.25	268.1296651983354	44.01095625331695	370.5346168356378	305.64246386431023	160.6533659484123	21.014494356643254	3.357713384264545
ko:K07696	8.574578128971897	0.0	0.0	28.514186924365337	6.196077194458413	38.03182674287744	0.0	0.0	10.56977874348788
ko:K07699	0.0	0.0	0.0	14.404806894613069	0.3476864264066993	28.36059823724756	2.98	0.0	0.2086504233899326
ko:K07701	0.0	0.0	6.819085553278687	0.0	4.731256852598569	0.0	0.0	0.0	0.0
ko:K07704	11.797009863624591	13.373092838676174	17.75516256376744	148.07557213984796	88.96952674142754	56.90315627180415	3.2225055653310277	0.0	4.920317637287087
ko:K07705	8.475147854368592	79.9636389977229	118.78675768847631	167.5945335842258	142.33379884208395	195.07858312275624	23.13778056758174	83.98024739619892	4.920317637287087
ko:K07706	17.029769287828223	101.96223105157634	296.4923326965367	31.992791685220947	847.4801308240561	1410.5998609184635	149.59856956883806	27.628365345063514	0.0
ko:K07707	13.676171772339169	92.55776894842369	215.5329758815422	27.944067507813703	575.6205108785168	1289.0908786243965	63.32776450940018	12.18086910503065	227.09491122059876
ko:K07708	0.0	0.0	0.0	0.0	0.0	0.0	0.0	0.1597363909858642	24.0
ko:K07709	0.0	0.0	0.0	0.0	1.3584173088116418	0.0	0.0	0.0	2.929522509403671
ko:K07710	0.0	0.0	0.0	0.0	30.256831161891416	11.367192653592484	0.0	0.1597363909858642	0.2086504233899326
ko:K07711	0.0	0.0	22.33	17.7391979294415	0.0	24.675910765394185	0.0	19.0	15.426960317457269
ko:K07712	2.79	8.51	4.88	1169.258107497104	27.942026005443005	0.0	24.450000000000003	6.609736390985864	24.0
ko:K07713	0.2858175830356737	8.495115712033758	52.37091397484424	680.7267766332455	177.00519381658188	0.3812408583846089	12.772643619640755	0.4766641337335443	93.42113570295676
ko:K07714	0.0	0.0	0.0	361.8998372093439	13.959214639739448	0.0	8.94	0.1597363909858642	29.56286876975711
ko:K07715	0.0	0.0	0.0	1.250081613361976	0.4181825905357048	0.0	0.0	0.0	0.901840181267121
ko:K07716	0.0	0.0	0.0	326.0	0.0	0.0	0.0	0.0	0.0
ko:K07717	0.0	0.0	24.14147492404368	2.9957894732149604	7.624304861067478	0.0	2.98	0.0	2.16123754855996
ko:K07718	33.30894127572117	76.89545745110816	359.65920073777744	55.74695646785636	862.6553226671344	547.7255464973357	203.27560788811897	33.21992929950715	16.51388596951051
ko:K07719	9.6	0.0	0.0	9.6	19.460723797420368	47.64411369943356	2.98	0.0	0.0
ko:K07720	33.54703138495941	105.543574518754	491.6604103971889	64.19443898786423	724.7041606070744	403.78130428152537	199.8076405622716	29.929090203514814	133.48391079678095
ko:K07722	0.0	0.0	11.4777610226471	57.432218570026905	148.71281537975597	12.25	0.0	0.0	73.30047257937835
ko:K07723	0.0	0.0	0.0	33.737193972641336	1.2660270111962622	0.0	0.0	0.0	2.730276331694455
ko:K07724	31.358714457688908	90.3316267632207	37.07757813845419	37.6368408230862	296.8890835058648	5.09926577263853	662.2244760824507	157.3631959465028	32.10048580196548
ko:K07726	189.1289157852369	153.2970201394292	167.31934941135813	67.50149757869046	779.926514183775	148.07485871305784	1362.5896968387951	272.0426456368841	127.05116940636177
ko:K07727	3.182125143827696	49.53288183736201	333.2556959640899	385.7586268117403	559.317874606354	170.29556391537636	162.44908011285673	265.65001530857944	179.3189826763484
ko:K07729	73.53353538769447	236.16603553021687	958.430145347712	231.13435796011456	1455.2534711543522	1758.781832684978	1171.2302187718276	279.8414191463771	298.0488236438841
ko:K07733	254.5036969234968	188.24180086914905	221.5435404759315	78.94332040093295	581.3834882369794	64.6042374179318	1237.5667310505587	651.577884607473	151.26230104565133
ko:K07734	0.0	9.676351181199228	1.3943458708305092	19.132055272643036	0.0	6.210486185936416	0.0	0.6347521838433127	27.88269048520476
ko:K07735	234.76	164.53	265.32	490.1508373088412	632.6955606576773	104.08	1377.1900000000005	580.95	172.76999999999998
ko:K07736	0.0	0.0	144.0	85.28877323968258	39.5	20.410598237247505	20.81	0.0	4.721514211422938
ko:K07738	279.58	274.26000000000005	731.4017234520236	723.048190233972	1277.60468356573	1010.4178795968334	1619.4583036610552	606.4363899349103	167.42
ko:K07739	0.0	0.0	0.0	0.0	64.82072800602937	0.0	0.0	0.0	0.0
ko:K07741	40.07838707853261	47.45444890101434	175.04143741021983	315.57965226762434	223.95524945563693	784.9282251960221	109.00319088127245	83.53645178043583	255.60885952894097
ko:K07742	53.94	130.0321218788606	382.2023344184244	299.02	817.9744545435618	1009.4538548984082	304.13	27.46	31.030241392385832
ko:K07746	0.0	0.0	72.1484837425887	207.3009845483446	19.22369019013329	1.9605804553268855	0.0	0.0	121.31465325507946
ko:K07749	14.07863274516288	0.0	0.0	23.815447835107	0.3476864264066993	598.9113436470379	0.0	20.392638036809743	31.902616083547294
ko:K07751	234.76	165.56743428741356	50.39	0.0	579.0	5.96	1307.9200000000003	419.0	89.97
ko:K07752	0.0	0.0	0.0	0.0	81.82072800602937	0.0	0.0	0.0	29.0
ko:K07755	38.16293354982134	18.49525429485184	195.3099398060806	226.96657502279788	215.8169026154293	85.35552136863323	85.50929660078653	166.25804696780688	9.097696523213346
ko:K07757	0.0	0.0	0.0	0.0	0.0	524.16	0.0	0.0	0.0
ko:K07763	0.0	0.0	3.698825978330638	0.0	0.0	0.0	0.0	0.0	0.0
ko:K07773	234.76	164.53	50.39	0.0	579.0	5.96	1307.9200000000003	419.0	89.97
ko:K07775	9.12	12.31	32.57	49.2	244.83407143249053	79.3	32.6	0.0	0.0
ko:K07777	3.6301666543219	4.899928894155986	19.809322981085906	9.623367136688612	108.84743010926	134.1923497893717	38.54008073476038	0.0	17.711212446871755
ko:K07778	9.12	77.15	294.4427593179681	28.30265584501505	342.34626904328576	325.21	155.98279614039436	24.30543208742732	4.826680903526925
ko:K07783	0.0956914118287157	79.87171806319976	151.54411790005526	22.643164419127032	21.92329922723429	10.80400160804541	155.43454081105864	0.159586626689029	325.6921373469881
ko:K07784	3.6301666543219	28.577240089667317	27.931880067064206	15.09132046147994	127.49045868076696	31.564935930671783	21.679968584721458	0.991796950624978	0.0
ko:K07785	0.0	0.0	3.436115567987729	0.0	0.0	0.0	2.999975249710652	0.577034514294798	0.0
ko:K07787	66.57825067903244	37.378608479260905	27.40259723712128	244.8122098568846	69.18877555616217	50.47164993366405	61.02120214052557	103.39083394907394	59.54406297815173
ko:K07791	35.72901339240596	54.77084979631171	225.5987663797625	848.6774703159194	137.04802061953762	99.8482347164486	188.63363061938517	441.1281536773895	79.60419212171936
ko:K07792	470.5081209716008	397.3971557031903	389.866826402087	808.1155092198081	1247.615020238396	115.6314284637032	2792.388102786019	1278.6628643972274	389.1035265776717
ko:K07793	1.7180253660492302	33.70955979037177	59.9067779656951	131.33192156031097	15.311939299196476	19.974457796098704	33.918525102166726	18.364054246461457	43.86246978992553
ko:K07794	0.0	0.0	25.33401200171453	19.809033967398992	6.004163908527762	19.974457796098704	9.742843881445868	11.85162967916359	43.86246978992553
ko:K07795	1.7180253660492302	8.786144309247378	4.527243918686319	29.650489133977214	11.78886815588158	19.974457796098704	26.069657878941115	18.30162967916359	43.86246978992553
ko:K07796	0.0	0.0	22.33	0.0	0.0	0.0	0.0	0.0	0.0
ko:K07798	66.14699050720563	35.96511981030447	5.479309384126787	379.9567075830511	44.15720139386626	44.82174424400649	48.98288177689919	102.6716120802362	0.5342292431928066
ko:K07799	0.2855040350048109	0.2448468148300751	0.0	0.5625776498035054	0.4734178802841362	0.3808226289700246	13.459295023218122	0.4761412229352383	0.0525803573422571
ko:K07800	0.0	0.0	1.2615988029228264	3.698458788964529	37.067681560309005	0.6153759205313281	0.0	0.0	4.826680903526925
ko:K07806	0.0	0.0	0.0	26.2062212809099	5.402615013279124	13.988390515109836	0.0	0.0	20.396423595555948
ko:K07807	0.0	0.0	11.44455737508757	0.0	0.0	0.0	9.665224560650003	1.85907139081989	0.0
ko:K07809	0.0	0.0	0.0	0.8974828907168368	0.0	0.0	0.0	0.0	0.0
ko:K07811	96.42584088412195	120.03241915946018	3.0146306619112693	0.0	579.0	3.212732566468995	1155.0121235930008	247.3786914513132	36.52255507170783
ko:K07812	96.42584088412195	142.7679975911835	6.329834899776567	0.0	709.3047076347247	50.12526461523441	1237.3152861043145	247.3786914513132	53.54418982784111
ko:K07813	0.0	0.0	1.5303081504784748	12.898455624019832	53.93433183759311	29.107043767011504	7.743608866237311	0.0	4.826680903526925
ko:K07814	0.0002760770073052	0.0002367622436067	173.68414633540078	197.80716260581943	96.40198809471806	31.03017688385118	4.8657362850355685	0.0004604195659806	35.447189789561186
ko:K07816	36.02	107.37223105157634	558.7011466968161	115.1025555796574	737.4610550736993	909.2248018001098	261.1738512989616	25.176976719534647	54.27066895424582
ko:K07821	61.37877352980901	138.497395667513	6.329834899776567	0.0	579.0	4.426171421299018	1215.1830675999245	247.2856356633652	45.02137582748804
ko:K07823	0.0	0.0	0.0	0.0	0.0	0.0	0.0	0.5040963049902423	84.83614552385231
ko:K07862	264.71979176727814	229.194814341952	518.87356053318	323.289281840032	999.8770097846538	418.07910158006297	1474.7965959053977	600.2476782723314	200.82224148855
ko:K07910	0.0	0.0	0.0	157.49189250289638	0.0	0.0	0.0	0.0	0.0
ko:K07978	0.0	0.0	0.0	330.88893721996914	1.5778708348976127	0.0	0.0	0.0	3.4027894799189897
ko:K07979	158.25347817764953	218.68075181596515	486.1940085509843	703.8914989868297	1181.6551632909116	1226.5575176866996	338.5062842289684	323.3129754836519	73.1429369186352
ko:K07995	0.0	0.0	3.698825978330638	0.0	0.0	0.0	0.0	0.0	0.0
ko:K07996	0.0	0.0	3.698825978330638	0.0	0.0	0.0	0.0	0.0	0.0
ko:K07997	0.0	0.0	3.698825978330638	0.0	0.0	0.0	0.0	0.0	0.0
ko:K08002	0.0	0.0	3.698825978330638	0.0	0.0	0.0	0.0	0.0	0.0
ko:K08068	0.0	1.807145271086595	3.3838347762484227	0.9315174899240912	6.504987190669943	3.28482285373852	4.694733173096616	1.158345335634857	0.7739182991681512
ko:K08070	0.0	0.0	0.0	0.0578835863904123	0.0193634622311899	0.0	0.0	0.0	0.0417586687818952
ko:K08076	0.0	0.0	0.0	3.0472716522552905	1.0193862064565369	0.0	0.0	0.0	2.1983780817711334
ko:K08077	0.0	0.0	0.0	0.0	50.04	12.25	0.0	0.0	0.0
ko:K08082	0.0	0.0	104.57646113555388	73.84479221445073	0.0	44.42124906511442	65.6401282306608	117.1382136362633	40.04644765032173
ko:K08083	0.0	0.0	80.01068645343939	83.62108054709822	0.0	58.36000292288163	60.0	131.1908140080948	56.3011260045184
ko:K08084	4.223506694793581	0.864843725164015	225.69001297091927	309.7174137955917	3.67039037518776	133.7665460724785	68.91954621431616	199.95	116.22198570710457
ko:K08085	0.0	0.0	0.0	20.26479729360599	0.0	28.189117212897944	0.0	27.80368098159513	41.623357320508674
ko:K08086	4.410425087614075	13.561196454732304	233.48126649316336	222.7492241025198	10.618309427556326	105.4035118495246	148.50968765230877	72.4829100043896	7.09306522828385
ko:K08087	0.0724675467785836	0.0621478011930258	0.0	0.1242956023860516	17.870921715647956	0.0966616169847246	0.1139758568004938	0.1208556871908656	2.929522509403671
ko:K08092	42.62122647019099	17.234674545719756	5.616243860010655	0.0	165.01374167889904	5.189190561861243	21.43602217702077	171.71436433663484	0.0
ko:K08093	26.42	42.532231051576005	116.56711780874372	44.15776640763757	169.8113552392135	26.85806636228432	56.06175907800397	4.743601192244472	0.0
ko:K08094	0.0	0.0	3.3144358415648383	17.298838298156195	95.28234793182332	27.97965455215985	0.0624250268592886	0.0120072307453415	0.0
ko:K08100	0.0	0.0	150.05	93.26	0.0	70.8	60.79310681295788	139.18423546064233	6.8
ko:K08104	0.0	0.0	0.0	0.8974828907168368	0.0	0.0	0.0	0.0	0.0
ko:K08137	0.0	0.0	0.0	168.5081074971036	0.0	0.0	2.5818130850027003	0.0	0.0
ko:K08138	0.9731420965028922	7.837556771700234	22.10985670246777	323.725998075394	10.719249048148091	1.2980360559366109	13.382356192477186	1.6229300153703297	226.1038531834224
ko:K08139	0.340657530545416	0.2921461733474928	31.770063400267336	7.527843114478403	43.45655034478437	0.4543897124205469	16.037896977084195	0.5681218942956778	163.2986130631947
ko:K08150	0.0	0.0	0.0	1.8976760702204067	0.0	0.0	0.0	0.0	0.0
ko:K08151	42.62135792500768	4.5481126550820505	14.318556944116953	1.4804357347405976	1.430556919306211	0.000175342421628	2.401838133540096	180.24742863759735	11.51234026472484
ko:K08152	0.0	0.0	39.112119225775096	20.781783669237534	96.02054744529364	32.126479482272906	0.99840602257695	0.1920398291160095	0.0
ko:K08153	9.600131454816689	0.0001127349851985	36.56607027293586	12.725878290884369	103.76296509848146	44.21675082467322	0.0002067501389066	0.0002192300265669	0.0
ko:K08156	0.0796098324783772	22.638272989245696	23.892747020933964	363.7620956371748	10.84116514287512	0.1061884316127722	21.595209135258717	0.6368633357374094	38.78526074193013
ko:K08159	234.76	167.21624928028348	326.86986941448095	143.36788088166514	611.5129256744303	164.92121483337655	1367.9200000000003	607.220038754823	279.7274372585292
ko:K08160	0.0	0.0	0.0	0.0	0.0	0.0	0.0	0.0	24.0
ko:K08161	15.61	81.79	262.1469390966126	197.63701039502592	330.3507241171787	1379.2799670032257	132.5088646592838	22.29080881160444	7.43
ko:K08164	0.0	0.0	15.194846241326315	0.0	13.37599560927192	0.0	0.0	0.0	163.2986130631947
ko:K08166	2.0474799726461086	1.255468419258398	6.081310653832151	12.374149597207769	0.0	9.499376415221382	3.9520496120716047	0.7601626142051123	0.0
ko:K08167	0.0	0.0	0.0	0.928527654908216	0.0	0.0	0.0	0.0	0.0
ko:K08168	0.0	0.0	0.142798580000783	8.987478581981156	0.0	0.0	0.1246733985571539	0.0239804825019299	0.0
ko:K08170	0.0052854366001809	9.64327903306684	20.862470564928493	37.952933000014966	139.6078964634536	0.0070500364777729	2.8908963719721625	0.2107557359442136	0.0
ko:K08173	0.0	0.0	0.0	2.5467688177774086	0.0	0.0	0.0	0.0	0.0
ko:K08174	0.0	0.0	2.260972313016805	0.0	6.962611691385945	6.045700211211925	1.9739909339846984	0.3796900990846701	0.0
ko:K08177	8.28683776092931	25.10391768535926	168.03697125544232	249.0298592755682	441.3778607863971	196.12653832864305	74.86446099342791	10.177877696560955	12.705903674920815
ko:K08191	119.74360028646164	101.04126890871596	162.61955334893753	459.0082050593823	169.22150600033123	450.4732664354585	167.3850113579213	202.0125589567691	185.9681998428366
ko:K08194	0.0	0.0	0.0	0.0	0.0	0.0	0.2623090727954956	0.0	0.0
ko:K08195	0.0	4.270601923670515	130.56583046977016	73.11271216535785	0.0	43.42659799092949	63.68994121928018	117.89460155382348	71.32569421110946
ko:K08196	0.0	37.12223105157601	88.27488916928468	0.8547368820724108	41.1403243982863	561.7860417783379	7.054697924687947	0.0	0.0
ko:K08217	2.0584128800132704	0.6565420750550968	163.19270522927695	81.19431735081676	65.29851946056814	158.36933013463397	29.21644649527005	27.304829439437185	2.174320451796736
ko:K08218	424.74757257998056	423.5995427240724	657.5223903599294	859.9282505021122	1028.1382117043804	358.6336352235668	1822.0733125811532	1478.7256555953948	580.5866655726965
ko:K08220	0.0	0.0	0.0	0.5261831723909832	0.0	0.0	0.0	0.0	0.0
ko:K08221	0.0	0.0	0.0	0.0	22.68259792661218	0.0	0.0	0.0	0.0
ko:K08222	0.0531638809055983	0.045593075080434	0.0	162.90526656582068	0.0836153443357037	0.0709132145623724	0.0836153443357037	0.0886625482191466	0.0
ko:K08223	12.35321878184612	38.35779582916767	51.38711495213287	564.430122360663	216.03693893217564	46.364876343713526	73.39325107369183	0.5557161330155249	76.48024102250817
ko:K08224	4.796015224211541	4.113038372662429	0.3741898498388114	42.57471215719872	15.802495702321792	34.723817769326295	10.425683411348256	41.27660086189089	83.84684409047672
ko:K08225	0.0	0.0	0.0	0.0	0.0	0.0	0.0	0.0806846555834117	0.0
ko:K08226	0.0	0.0	0.0	21.17	10.73	0.0	0.0	0.0	23.14
ko:K08227	0.0394838313714204	0.0338611338659966	0.0	29.478792266013148	0.0620995702265694	35.228213013085465	0.0620995702265694	19.065848035230182	45.99115461649787
ko:K08234	70.61979431871663	215.7909121870393	129.68434661051856	518.3465570069604	898.0039222101466	109.04946909457789	1261.5649413533056	252.89404890696255	13.613168123426428
ko:K08255	0.0	0.0	0.0	34.37155069809987	0.0	0.0	0.0	0.0	0.0
ko:K08258	0.0	0.0	0.0	1.6693453774078804	0.0	0.0	0.0	0.0	0.0
ko:K08259	0.0	0.0	0.0	24.49049865912088	28.516091896898462	0.0	0.0	0.0	12.580340211782358
ko:K08261	0.0	0.0	0.0	0.0	0.0	0.0	0.0	1.462920374736087	4.4210344680658125
ko:K08276	72.45066004718261	166.33999999999995	103.87489287985794	642.491892502896	221.7616103383973	213.35	50.95638361424229	302.46	16.94
ko:K08279	0.5881458656311582	9.43439091641153	11.58	26.54377529903565	8.317179869890337	19.67804349665453	44.03726947751578	247.19086351641653	30.435345636902348
ko:K08280	0.0211515790068766	0.0181394870596948	1.6304684822021038	32.26199652190207	5.502225293172181	2.6723024958444133	0.4409953069315587	0.035274943470329	47.37406060571009
ko:K08281	153.4676032941726	239.1270791335149	508.9019416870866	945.1793130728472	398.453098225588	386.3361391028472	297.97195642073274	547.1973937910792	316.75457097299386
ko:K08282	0.0388284393946772	22.603299073025184	50.26531084193967	508.21322086045177	295.5069424777968	4.079615243864526	24.51106877968087	0.0647550239271991	49.82105758394688
ko:K08289	240.20342100139317	196.2671443024609	72.16239174698882	76.11848888371608	680.7854773267627	23.3864054421076	1295.0413298661151	428.2216451738815	204.04683162698103
ko:K08295	6.192224383927331	26.762791724129425	38.7260911124268	51.99807543097707	96.81973725275188	8.259565119700538	128.13355112516365	10.326905855473743	69.15173121870573
ko:K08296	234.76	178.55	142.62974881732117	565.3989448059451	639.3018123162403	45.53	1307.9200000000003	439.3196944617758	162.8581462055153
ko:K08299	0.0	0.0	0.0	164.89178643198082	0.0	10.293538805630693	0.0	0.0	30.435345636902348
ko:K08300	239.2322416763	170.86858906925437	308.65944329096675	443.775817905805	607.5257603612934	136.76814675903816	1492.6581383998175	607.1199856832877	152.17196897844838
ko:K08301	394.5055675971065	439.9446508807752	685.8607934700495	1266.6195368837548	1460.2405694782424	418.1495041062941	1885.7372839460545	1148.3404332760892	662.7319689784483
ko:K08302	1.6983739773373427	0.3477745351020069	9.108993992880016	1.489452121684566	21.02637928499669	29.96445368522815	2.01850654384529	0.0	0.0
ko:K08303	572.5479154506742	702.0528223751146	1881.9554136060503	2074.7470295028875	3128.42503572286	1341.9071550392237	2517.1115889984703	1718.771869566844	1163.6554656554636
ko:K08304	234.76	165.96300179984192	251.6540946881517	111.42684351708114	579.0	76.75999999999999	1367.9200000000003	573.6013454599591	108.55
ko:K08305	234.76	164.53	285.17598799828534	112.9	579.0	104.08	1367.9200000000003	580.95	173.63
ko:K08306	234.76	164.53	50.39	0.0	581.4332857952603	5.96	1327.9200000000003	419.0	91.43024139238582
ko:K08307	152.84675825786744	252.30247583799576	781.2353818825663	916.402093884093	564.93804039218	359.1364671149665	432.7437646037429	1058.5145934375475	451.4257214055626
ko:K08308	0.0	0.0	0.0	0.0	2.433285795260313	0.0	20.0	0.0	1.4602413923858335
ko:K08309	240.77044566008132	210.88141788987136	518.1655815886387	387.1789832127381	830.7687389463571	221.49810410186168	1489.427847675067	746.8842877800439	175.64321720014226
ko:K08310	234.76	164.53	353.40882314820226	94.72358068329078	584.8825760781209	108.08003216312092	1388.0812360280647	561.9810131735753	114.28019868180506
ko:K08311	234.76	164.53	275.93995832849754	112.9	629.04	116.33	1368.58349810744	581.0776214889436	149.63
ko:K08312	198.3422984505037	157.9683020134877	57.8	0.0	579.0	5.96	1281.9073560360744	419.0	80.48509527336415
ko:K08313	0.0	9.94026460579238	0.0304374366613725	0.0	0.0	2.4497291520410185	0.0265740644754354	0.0051114262989004	0.0
ko:K08314	9.12	44.82026460579238	126.22602655058334	512.3060827293134	234.51183412957383	109.69841484440946	76.59532424989763	0.237610203152517	48.0
ko:K08315	130.76	32.96172689029526	6.329834899776567	0.0	30.54267679186465	12.111129777989536	163.66112400126624	0.0	89.97
ko:K08316	429.02	482.4799999999999	715.5036025318727	895.7415239496012	1739.5299999999995	1221.2219791063678	1831.593479018424	1024.67	635.6033190964731
ko:K08317	31.31649330520642	16.855156274835984	37.299987029080704	23.72718626703071	222.56295387635015	86.76044135315037	56.00038946947318	0.0	0.0
ko:K08319	0.0	18.26947637128802	22.33	157.49189250289638	0.0	0.3743602290544765	90.13654286820176	0.0	0.0
ko:K08320	0.0	0.0	22.33	0.0	0.0	0.0	0.0	0.0	0.0
ko:K08321	0.0	27.68694422193583	30.2241548304978	86.56002300395815	28.97653149543716	6.032320751045761	83.99696396169118	0.0051114262989004	57.8869819537796
ko:K08322	0.0	0.0	28.068515890987776	67.67256817814645	80.69154784905221	1.3338216905084983	0.1543382003459234	0.0	0.2086504233899326
ko:K08323	0.8142723022723715	4.831831655519851	1.4242468942971946	7.53715847376216	2.461481806899408	725.7907446461119	10.359800283892636	3.057030736242514	0.0
ko:K08324	0.0	0.0	197.56208876174952	94.33255178512717	0.0	72.25723788883136	68.26320784132561	144.3625649023777	18.71996070118719
ko:K08325	126.57458845797868	77.25173024610697	222.15586294155864	119.79947638857736	329.6138342870667	115.18427819958376	143.51808167728456	111.146572804462	85.26885684785205
ko:K08352	0.0	0.0	0.0	19.197417174865127	57.108771911957305	12.25	0.0	0.0	13.849497504630314
ko:K08353	0.0	0.0	0.0	16.201627701650168	5.4198370496384936	0.0	0.0	0.0	11.68825995607034
ko:K08355	0.0	0.0	0.0	16.150145522609858	7.004777787152086	0.0	0.0	0.0	15.106296178443548
ko:K08356	0.0	0.0	0.0	16.150145522609858	7.004777787152086	0.0	0.0	0.0	15.106296178443548
ko:K08357	0.0	4.270601923670515	0.0	0.0	24.17230435090432	12.25	12.53141628720083	0.0	0.0
ko:K08358	0.0201239226527402	4.287860097844226	0.0	18.33795070886997	30.14136039338161	13.12856536090845	12.563066887069224	0.0335610988544116	11.68825995607034
ko:K08359	0.0	4.270601923670515	0.0	0.0	5.232392751861063	0.0	12.53141628720083	0.0	0.0
ko:K08363	192.138773529809	134.88652751925224	6.329834899776567	157.49189250289638	611.7994138293984	16.301811192244543	1225.04068545315	247.34806023066304	77.44862417251196
ko:K08364	240.315394975008	186.33599721504996	174.67253949294636	855.0543676560732	753.0373735971403	31.981288879261545	1348.0217193409162	531.8629201529462	332.7863448586717
ko:K08365	64.8177197753974	4.545156274835985	13.644191773188371	183.74956307829203	59.895805395028496	17.976272485797928	26.786641946608544	171.8549301155469	24.0
ko:K08368	6.425310193716633	0.0	0.6082635180853457	29.976570418666885	0.0	462.56894450104994	0.0	49.39084611151989	0.0
ko:K08369	0.0274622423672008	13.933783039210631	139.8302883134044	177.3107405547795	0.0431921976471481	89.79870247579042	68.91336970853537	115.52669222343854	73.96723658851764
ko:K08372	0.0	0.0	6.7064230698925655	168.5081074971036	10.552671814959634	0.0	0.0044004044285837	0.0008464020602814	27.073909817156704
ko:K08384	6.01	30.97	69.14	194.3	366.7259878541006	112.038230070969	55.309822489111774	0.0	30.993319096473066
ko:K08475	0.0	13.568718862891371	3.3152042378652973	0.0	0.0	3.6631680068710417	79.47871424529502	0.0	17.02163475613325
ko:K08476	0.0	13.568718862891371	3.3152042378652973	0.0	0.0	3.7817542642149977	101.93411186961572	0.0	17.02163475613325
ko:K08477	0.0	0.0	138.44221259388334	0.0	37.9754680379055	0.0	0.0	0.0	0.0
ko:K08478	0.0	13.568718862891371	3.3152042378652973	0.0	0.0	3.6631680068710417	79.12663963804388	0.0	17.02163475613325
ko:K08481	0.0	0.0	0.0	0.403484173215837	0.1349752328104188	0.0	0.0	0.0	0.2910835868809964
ko:K08482	0.0	0.0	0.0	0.5628901780486675	0.1883004040115706	0.0	0.0	0.0	0.4060830707201998
ko:K08483	298.29999999999995	271.3172418376945	771.2172215954206	767.3153811018326	1482.1723714052894	1147.7441807753094	1647.9325421479307	608.9254592301477	174.1449913390089
ko:K08484	0.0	0.0	0.0	0.0	0.0	0.0	0.0	0.0	24.0
ko:K08485	0.0	0.0	11.070367525248756	0.0	0.0	0.0	9.665224560650003	1.85907139081989	24.0
ko:K08566	0.0	0.0	58.92322781060439	0.0	16.162968739714398	0.0	0.0	0.0	0.0
ko:K08586	0.006283474982187	0.0053886763296604	0.0	5.145107956447795	0.0098825540067942	0.0083812807119995	0.0098825540067942	0.0104790864418119	0.0
ko:K08587	0.0	0.0	0.0	0.0	0.9983584317375266	0.0	0.0	0.0	0.0
ko:K08589	0.0	0.0	25.098554827386096	34.412677584846115	186.17927199397093	0.0	0.0	0.0	29.0
ko:K08591	299.01117032537826	301.6288395516872	756.1059337836458	452.4808805954172	1630.431864890506	1710.5421336526765	1682.0999747382407	608.671209786862	170.2516146805549
ko:K08600	22.19649330520642	4.545156274835985	135.35792143444098	38.275789113720464	441.4104882517765	417.85461059509214	128.4945580595946	12.788750517931186	11.688986203301631
ko:K08602	41.85553149360295	99.9569842878766	460.8339293261879	528.0980571241397	530.5031771439776	889.471722850155	278.65137988113975	40.71154895575937	13.359973577754737
ko:K08604	2.4864403944356424	3.1712468059882224	3.927107401633793	9.31129739144714	20.84898889607925	2.2025474470992625	32.637471630303835	0.0	3.073918823736576
ko:K08640	0.0	3.314588797212057	5.626853658974201	9.31129739144714	0.0	3.772648052824964	0.0	0.0	0.0
ko:K08641	127.68181073138264	198.45126715193493	180.69301404906963	837.1249784486071	483.99362592451394	209.67758097558288	245.66960854330637	481.3091544995584	306.47381148257205
ko:K08642	0.0	0.0	0.0	5.134330603788475	14.699804749567512	0.0	0.0	0.0	0.0
ko:K08643	19.938373977337346	80.40331243194993	307.59485512130044	13.070691173273628	462.2203430253504	329.28188283821487	202.45390104083685	27.158429354406238	0.0
ko:K08646	0.0021626963080278	0.0018547174034036	2.512088761750076	5.283919946948894	0.003401455902183	1.4601226245716508	8.49470032018344	6.851327071582168	0.1399607011872226
ko:K08651	0.058840580086471	16.571927128667895	41.1006949106351	64.80275623098625	5.802355503909197	14.474466145152412	35.32868172185051	412.2416742447365	14.582542789589263
ko:K08652	0.0	0.0	13.830287937795198	3.4294263350302843	24.018725041477587	0.0	12.074832958559425	2.3225509517470795	4.826680903526925
ko:K08659	59.352183691827534	13.174843725164015	222.64431843156	112.159103029094	257.1008011601909	2462.8869561063866	50.83961053052681	0.0	10.21528807492143
ko:K08676	38.71098470697326	0.0	31.257274080610298	0.0	87.1887059406736	0.0	24.983522294036227	0.0	112.17878502572364
ko:K08678	1.3205218590094474	1.132472860099874	29.15821692342338	344.7611530122443	31.159147684515748	17.552607739441065	18.766227216664117	3.6044448441513977	11.11182470221442
ko:K08679	35.175007460218524	8.640169203937486	77.62838936494626	291.7408549240879	303.89837582204143	26.47932277297889	49.61605876890795	3.8013112105745246	49.19829459202131
ko:K08680	240.77	182.19650089992095	71.39070000469773	166.0803468527528	689.1341695284005	18.006254697785256	1324.5493418712583	419.0017968755391	121.94475711198731
ko:K08681	6.294319551278442	30.8078035558015	165.656678864542	128.68858977045832	69.10509441180437	247.99478510362692	200.9633619936667	272.9607739770058	73.54318142532009
ko:K08687	0.0	0.0	1.5222389773528988	0.0	0.0	0.0	0.0	0.0	0.0
ko:K08688	0.0	4.270601923670515	0.0	0.0	0.0	0.0	0.0	0.2603851765819914	12.836145523852224
ko:K08689	0.0	0.0	0.0	0.0	0.0	0.0	0.0	0.0	24.0
ko:K08693	26.42	5.41	55.63	47.88832443286433	30.699839412693603	576.4674138587015	31.4	0.0	0.2086504233899326
ko:K08713	0.0	0.0	0.0	3.4782099508999385	0.0	0.0	0.0	0.0	0.0
ko:K08714	0.0	0.0	14.336090198701545	0.0	0.3171962357114192	6.609949177115739	7.380042061113724	0.28323790937282	0.0
ko:K08717	0.2179322017492351	0.186897552765958	5.672391746988824	7.338525168076705	0.3427604565486388	0.2906912121433627	5.153091194848515	0.5263471713317374	0.0
ko:K08720	0.0	0.0	0.0	7.12082123960326	0.0	9.905337895415531	0.0	0.0	6.192649020999168
ko:K08721	0.0	0.0	22.33	0.0	0.0	0.0	0.0	0.0	0.0
ko:K08722	6.01	89.25144063535012	91.47	109.90088227382768	99.03	35.17	108.81141628720084	0.0	46.528485788577065
ko:K08723	122.24	132.54792669347034	124.08428778769108	17.150442976542454	838.8535419967321	724.8654537186852	1202.6724720561288	419.06202634715066	0.0
ko:K08724	45.14	82.56	296.8270336912527	81.97117693266009	393.66	900.83	170.33471736947914	21.026295083152583	0.0
ko:K08726	0.0	1.194571000813749	0.0	0.0	0.0	0.0	0.0	0.0	0.0
ko:K08728	10.725035229673823	0.0	0.0	12.950178122518604	0.0	571.7300000082824	0.0	0.0	0.0
ko:K08738	0.0	0.0	0.0	532.6705295844843	73.1270231323298	12.25	0.0	0.0	27.53132698297641
ko:K08744	0.0	0.0	488.514900413198	116.55	349.5692472206345	175.13059823724757	123.07999999999998	162.19371112840827	81.8
ko:K08765	0.0	0.0	33.77015219612518	14.41837469020961	0.0	19.58973187616274	0.0	18.989190376762657	1.8814996717218453
ko:K08776	0.0	0.0	0.0	0.0514821790403173	0.017222036359373	0.0	0.0	0.0	0.0371405332111735
ko:K08777	0.0	0.0	0.0	0.0514821790403173	0.017222036359373	0.0	0.0	0.0	0.0371405332111735
ko:K08798	0.0	0.0	5.672391746988824	0.0	0.0	0.0	0.0	0.0	0.0
ko:K08838	0.0020711103805903	0.0017761737757594	0.0	0.0035523475515188	39.54107339285856	0.0027625728652494	0.0032574109466879	0.0034540353499085	0.0
ko:K08849	0.0	0.0	1.3943458708305092	0.0	0.0	0.0	0.0	0.0	0.0
ko:K08850	0.0	0.0	0.0	0.0	0.0	0.473977967020867	0.0	0.0	0.0
ko:K08884	253.94226484890737	338.94710954304253	782.9687869812801	2712.2340024724867	1007.601440616036	1190.8339906855165	657.5514620545823	642.7640317400126	549.7636904536727
ko:K08906	0.0	0.0	0.0	2.9957894732149604	2.450569468531664	0.0	0.0	0.0	5.284825489452255
ko:K08928	0.0	0.8255668662913888	0.0	0.0	0.4205688373753115	0.0	4.842163444272086	0.0	0.0
ko:K08929	0.0	0.8255668662913888	0.0	0.0	0.4205688373753115	0.0	4.842163444272086	0.0	0.0
ko:K08940	0.0	0.0	0.0	21.51018664400696	10.843800675520615	0.0	0.0	0.0	23.385419164170276
ko:K08941	0.0	0.0	0.0	21.310256053457124	88.77691904844146	0.0	0.0	0.0	23.241184229350928
ko:K08942	0.0	0.0	0.0	22.25837591204578	11.094088115136676	0.0	0.0	0.0	23.92518163879429
ko:K08943	0.0	0.0	0.0	21.17	10.73	0.0	0.0	0.0	23.14
ko:K08944	0.0	0.0	0.0	21.17	10.73	0.0	0.0	0.0	23.14
ko:K08945	0.0	0.0	0.0	21.17	10.73	0.0	0.0	0.0	23.14
ko:K08946	0.0	0.0	0.0	25.990580976070685	16.06733782382197	0.0	0.0	0.0	34.65034457066546
ko:K08947	0.0	0.0	0.0	21.17	10.73	0.0	0.0	0.0	23.14
ko:K08949	0.0	0.0	0.0	22.41969380707868	14.872789539231375	0.0	0.0	0.0	32.07421714238714
ko:K08950	0.0	0.0	0.0	21.112116413609584	10.710636537768814	0.0	0.0	0.0	23.09824133121811
ko:K08951	0.0	0.0	0.0	21.17	10.73	0.0	0.0	0.0	23.14
ko:K08952	0.0	0.0	2.107790536431743	40.75366328690545	22.76179068127028	0.0	0.0	0.0	49.08740320266489
ko:K08953	0.0	0.0	2.107790536431743	21.03110440828679	10.683536058977458	0.0	0.0	0.0	23.03979724182091
ko:K08954	0.0	0.0	2.107790536431743	21.17	9.127837226127028	0.0	0.0	0.0	19.684823244415604
ko:K08961	0.0364859532807462	3.939782787162645	0.0	5.796650595549451	58.95640577245645	0.0981191451134622	9.327384553102943	0.0608484094270673	0.0
ko:K08963	8.261598074740057	32.12401869827809	205.11612545638167	566.4912541716471	283.1876801198822	46.519261991448616	40.45804494364599	8.45319741434901	44.568800796887295
ko:K08964	0.0	0.0	0.0	175.62885652817235	0.0	0.0	0.0	0.0	0.0
ko:K08965	0.0	0.0	0.0	12.255079634857225	0.0	0.0	0.0	0.0	0.0
ko:K08966	0.0	0.0	0.0	14.241498062137502	0.0	0.0	0.0	0.0	0.0
ko:K08967	0.0	0.0	0.0	175.64217803252075	0.0	0.0	0.0	0.0	0.0
ko:K08968	132.18423768699452	195.15921514881768	557.063599486349	363.3176084433249	645.2435104119743	1017.475999820044	371.5557699439094	582.2081595928232	222.89787113381857
ko:K08969	13.2301666543219	4.899928894155986	25.18335347153119	34.89167455778525	138.25203427594442	74.14493593067178	11.790080734760382	0.0	0.0
ko:K08970	0.0	0.0	33.400367525248754	0.0	0.0	0.0	11.202541430703336	1.85907139081989	0.0
ko:K08972	36.02	27.98	61.16	561.5770927942658	76.04638045517713	51.46	52.87	0.0	59.39363619234552
ko:K08973	0.0	22.57	265.20942798615874	532.812648974697	63.40641151814396	116.9156058097078	118.5865900005302	168.2949441593962	82.32922297448326
ko:K08974	29.21	59.29223105157601	517.4698535796069	424.7552792157858	198.11438956658333	265.0835388056307	193.7614453118107	24.64842063733716	205.60818516076344
ko:K08976	0.0	0.0	0.0	390.4090275428132	0.7862886637066603	0.0	0.0	0.0	0.0
ko:K08978	204.06503715738097	214.17614734829004	680.7616851196328	642.3275821575235	914.9189106484262	352.0272681350198	1497.331142183722	618.5377585101634	453.5435259705668
ko:K08980	0.0	0.0	0.0	0.0	2.880582577700064	0.0	0.0	0.0	0.0
ko:K08981	76.67933995281739	12.31	27.09885696417536	124.90232579897295	134.53674992370907	79.3	68.72490245026009	0.0	14.301439351240475
ko:K08982	0.0	0.0	0.0	3.2841741235443616	0.5276624056524112	0.0	0.0	0.0	0.5967812863671716
ko:K08984	42.74413387223892	27.1380197113675	167.78650897422966	228.32053953448383	57.22550616919428	43.59053935157253	118.94855102162684	278.7375376009355	43.71507568289651
ko:K08986	6.01	69.57813308765729	398.9153664680105	0.0	378.0893455746863	252.6188801823452	168.6952038824765	21.11123778911353	9.971968978448368
ko:K08987	95.88870338151506	321.3345741267606	512.0676832759673	600.4355523788878	724.7617015949011	1013.1664366910428	301.40280528939894	553.2267013012644	56.40150253319197
ko:K08988	0.0274622423672008	0.0235514800047829	154.38173432242178	20.75573520040333	64.8761465578453	0.0366308074613137	0.0431921976471481	0.0457993725554267	19.18561706177865
ko:K08989	6.01	4.575926218611907	182.7307050142812	117.59140404113872	89.11978247124141	80.76210173675926	76.62	137.09861829555493	23.38091619121921
ko:K08990	234.76	164.53	50.39	0.0	579.0	5.96	1307.9200000000003	419.0	89.97
ko:K08992	234.76	164.53	396.85	97.05750402940764	670.3013030844298	76.75999999999999	1367.9200000000003	561.95	112.79589116400798
ko:K08994	0.0	0.0	20.2468586666246	22.417198920235176	0.0	31.099400653551857	0.0	30.85796777889615	65.90287606904606
ko:K08996	185.06476890380927	161.26103691490684	63.986877931672026	135.0438210741056	598.8655001420259	254.2065017859597	1256.1755862523532	422.76991908715775	75.550470381965
ko:K08997	0.0	0.0	0.0	0.0	0.0	0.0	0.0	0.0	24.0
ko:K08998	463.2103932606093	557.4813822618815	970.391685446158	1510.5002512914075	1499.0696919783422	1458.1278758278197	1304.0070450122953	1166.9124512226515	618.610506886256
ko:K08999	0.0	22.57	43.0	1155.9140283038096	94.61257411078158	0.0	30.74	0.0	52.09962061668725
ko:K09000	57.69671049168814	0.0	20.77581948445504	49.56967894430037	25.257371361604708	3.252265467331166	30.489154230127365	16.3002301826496	26.718354180570667
ko:K09001	261.18	169.94	341.8306794894703	515.1353833507123	714.667838814755	112.96	1403.0114162872007	580.95	183.45668090352692
ko:K09002	0.0002731860667707	24.726302208421064	110.60861810826049	65.58604409580653	277.4347675670688	122.69588270809308	57.26880336121998	1.984149848481295	8.679267107603998
ko:K09004	0.0	0.0	0.0	62.275379318388985	2.609911599043273	0.0	0.0	0.0	0.0
ko:K09005	0.3292787953211511	35.86027126461562	217.80926440562217	1085.9439047443773	68.92388425673501	13.601200754191908	71.63157761551233	0.609347418761206	1.8616901059326572
ko:K09007	0.0	0.0	256.28830529380855	208.58819023397203	5.491746518825529	111.88	66.75	142.95000000000002	18.58
ko:K09009	0.0	0.0	13.0	0.0	0.0	0.0	0.0	0.0	0.0
ko:K09011	0.9610686757970606	0.8242076301930488	37.515077063057234	7.874039185220056	38.48918077727711	1.2819317938242436	31.68161258561662	1.6027949118514269	150.60352428379343
ko:K09013	197.48068035045816	343.32219853854053	837.6062037148158	1351.7168514005796	1264.4568880422512	874.281976025145	522.145582060593	660.5228738884022	482.4996823627129
ko:K09014	197.4809103879045	377.5330117956337	888.2478542219762	1328.8369408065037	1340.5789436897253	803.6206691406398	536.8809337079604	583.5082877835416	493.1112259169597
ko:K09015	191.60787552215845	309.5582413496992	792.5999999999999	1157.1464826993983	1168.2838227950613	726.8740706950398	510.6107837323341	580.4499379752453	476.493001459186
ko:K09016	0.0	0.0	22.33	19.64	0.0	27.32	0.0	19.0	65.08
ko:K09017	1.1872179864445689	5.876557764222039	9.07352734249229	100.710818213666	14.544967847936045	10.680981138837602	15.9328171062018	160.6566144353045	24.218659250655392
ko:K09018	0.0	0.0	0.0	0.0	0.0	0.0	0.0	0.0	24.0
ko:K09020	4.985713760984707	4.275722877300176	0.0	8.551445754600351	7.84145487091582	6.650247943845107	50.72668951535311	8.314782126705508	24.0
ko:K09021	0.0	0.0	0.0	8.123526752759155	0.0	11.300140065447051	0.0	10.593958022568648	34.018399200354224
ko:K09022	426.2931945491873	509.9944111812791	807.4611889664324	1094.1037180899982	1898.5871966420984	702.949741673372	1856.6677157885288	1040.1869599964523	503.7510996860585
ko:K09023	0.0	0.0	0.0	0.0	0.0	0.0	0.0	0.0	24.0
ko:K09024	0.0	2.732393113370616	0.0	12.240106070915566	0.0	17.02646119436931	12.53141628720083	19.0	58.64465436309765
ko:K09065	0.903646425614014	0.7749625991816386	102.71116481869352	27.415549123197238	39.6099473126045	28.52533850758325	20.54900318595404	20.66676698053835	206.4687850257237
ko:K09116	0.0	0.0	0.0	19.33767322832233	15.6786647365604	0.0	0.0	0.0	21.591871457281943
ko:K09117	48.01277679241719	87.70079908463626	512.6736428404078	930.2365928122776	374.35478604723664	766.5907716515416	343.7490209240983	171.9276056000122	405.3642814502935
ko:K09118	0.0	0.0	0.0	0.0	12.43484544193256	0.0	2.98	0.0	7.462286615735456
ko:K09121	32.43	47.26992948493421	98.89230383518102	674.5660453375995	150.02846085269144	55.38045706838578	81.58982248911178	0.0	22.508611258822302
ko:K09123	0.1594375265771503	0.8628960625729739	11.841891167728251	4.227234387954383	9.935123164927669	0.0	1.1474806029092095	0.598577917849644	3.794943983757432
ko:K09124	1.2032374679441509	0.017040981373036	21.499296800825626	1.593426299351982	131.1792228358399	17.596094999544334	0.5765451531564416	0.0331387349947971	55.06551880131096
ko:K09125	243.93181658868596	209.93902716816348	580.2039673568205	230.1261472392423	837.3416022647253	101.4779757114695	1583.8542486492756	854.2616461903942	473.8397317183397
ko:K09126	0.0	0.0	0.0660801729151466	0.0	0.2034923567436155	0.1766942978691376	0.0576927286989166	0.011096990112279	0.0
ko:K09127	57.69671049168814	0.0	19.253580507102143	28.277001087890007	15.082360209702069	3.252265467331166	30.489154230127365	16.3002301826496	15.001837293883634
ko:K09128	0.1594375265771503	0.8628960625729739	11.841891167728251	2.763653704663599	6.77325440212052	0.0	1.1474806029092095	0.598577917849644	1.8974719918787104
ko:K09131	234.76	164.53	72.72	347.17	589.73	5.96	1303.8940388432711	419.0	113.11
ko:K09133	0.0	0.0	24.083192871511056	0.0	10.422542102943952	0.0	0.0	0.0	0.0
ko:K09136	235.8342866012807	165.4513027498325	64.93515742880216	27.506531042120912	751.807493360992	40.679292231116506	1353.8286871963687	420.8200888503774	147.8742120640072
ko:K09137	4.765007888968569	4.086446638957222	0.0	112.44469993678683	18.224332027903092	6.355857041772948	22.38989271694786	7.946706194577327	23.14
ko:K09138	0.0	0.0	5.417786431911741	0.0	70.04858998278718	27.839496747719387	0.0	0.9928077154655232	7.374778019890178
ko:K09141	0.0	0.0	54.80229715772227	0.0	15.03257456756965	3.27128504429124	6.75	0.0	0.0
ko:K09144	0.2355330913708985	0.201991986587068	5.672391746988824	22.65133411746877	7.89677494314412	0.3141683481418789	15.795666182561323	0.3928036049128592	17.699662254701966
ko:K09145	0.0	0.0	0.0	34.328190233972016	0.0	0.0	0.0	0.0	0.0
ko:K09153	0.0	0.0	142.97133707345398	0.0	303.46108600007267	40.46	17.01733473370135	3.2732234986273494	0.0
ko:K09154	0.0	0.0	0.0	326.0	0.0	0.0	0.0	0.0	0.0
ko:K09155	177.83145333864786	314.1617339898862	682.0922052907362	856.8448896747766	1437.503150105057	1439.843616865728	556.3965639606727	592.5408178486499	127.00784477625044
ko:K09157	243.8189568051203	229.21638775634352	597.4179965241547	323.9636154058634	1194.373540446155	476.4113317264092	1412.5133870067443	765.5405935468264	114.16173984281548
ko:K09158	234.76	187.1	283.38	595.7	591.62	104.08	1389.3900000000003	580.95	149.63
ko:K09159	234.76	164.53	272.58974881732115	112.9	579.0	104.08	1367.9200000000003	580.95	161.54467253770974
ko:K09160	234.76	164.53	72.72	22.296181829215648	579.0	36.9748517094792	1307.9200000000003	438.0	133.35995853579448
ko:K09161	0.0	52.44612217595348	47.39746486998308	21.63431848774275	13.801001882180191	5.202588967581531	90.11	0.0	32.5
ko:K09163	0.0274622423672008	1.067193609198345	78.96056448637476	1.4782447281966733	33.103084995230645	15.351893714034112	4.525471299788601	0.0457993725554267	163.59906888362298
ko:K09165	0.0	0.0	0.0	21.17	10.73	0.0	0.0	0.0	23.14
ko:K09166	0.0	3.8758658403208175	4.466286620332257	386.06578899153567	1.487244950941066	0.0	0.0	0.0	0.0
ko:K09167	76.67933995281739	12.31	27.09885696417536	135.22721574537073	105.905183621254	79.3	57.04361638575772	0.0	0.0
ko:K09181	0.1413914201667141	0.1212565660290491	224.75273991526973	105.37403202416266	124.22237827792044	76.45249087432423	77.75881295275343	146.89696809536892	119.89231489762332
ko:K09190	0.0	0.0	0.0	2.8085507941826164	0.0	3.6948517094791433	0.8004743946907266	0.124849134595736	2.3099585357944274
ko:K09250	0.0	0.0	0.0	1.1107886408975174	0.0	0.0	0.0	0.0	0.0
ko:K09251	0.0	0.0	0.0	81.0	0.0	0.0	0.0	0.930334934433495	0.0
ko:K09258	0.0	0.0	1.5222389773528988	0.0	0.0	0.0	0.0	0.0	0.0
ko:K09384	17.33783222666917	39.67006619321885	80.27702134843548	79.82158102945499	163.43513426131852	320.4548818761466	22.48390053142901	2.86249430810038	144.94515018295465
ko:K09386	0.0	0.0	0.0	1.1032435928237143	0.0	0.0	0.0	0.0	0.0
ko:K09388	0.0	0.0	0.0	0.0	0.0	0.3422542614780052	0.0	0.0	0.0
ko:K09456	0.0	0.0	0.0	0.0	0.0	0.0	0.0	0.0	24.0
ko:K09457	124.99722119067889	135.8620314517306	625.706735341405	864.1122354674183	644.3655765977921	439.36820126600287	375.7567108577833	531.2867018369916	544.1317824989997
ko:K09458	170.0552044549899	369.6806846764976	1369.0684857387705	2696.887256517904	1352.8898805324293	1126.3697497545324	721.9347119970996	949.015481395183	914.9630243430864
ko:K09459	0.127059947408504	0.1089659675560271	74.15357439260146	0.2179319351120543	39.31888993505317	45.89580543003715	16.807599769282714	0.211900608494562	9.551307906075058
ko:K09461	0.0	0.0	0.0	8.891040845110686	0.0	12.367781868046023	0.0	8.905898110082637	7.732127170798905
ko:K09469	0.0396800630463618	0.0340294211568483	0.0	0.0680588423136966	0.0624082004241831	0.052927679031777	0.062408200424183	0.0661752950171921	0.0
ko:K09471	234.76	153.6977000898172	172.44	89.92913216280037	579.0	76.75999999999999	1367.9200000000003	534.9085526391399	144.76999999999998
ko:K09472	0.0	0.0	15.06	34.12687975193579	227.3992762025796	7.345886300566434	12.100175945499776	24.330149274976318	16.185221980109763
ko:K09474	10.09039775181141	26.797724788220364	98.98301977977924	87.2039774633541	92.50990971320329	19.255166613133603	118.29055146580494	182.7615180089734	260.1771833403889
ko:K09477	0.0	9.480524164543576	11.740188921166352	85.12535242187458	65.69809861080374	6.7699171134210765	0.0	0.0	0.0
ko:K09483	0.0	0.0	0.0	0.0	0.0	0.0	0.0	0.0	24.0
ko:K09490	0.0	0.0	0.0	0.0	5.204880239911381	0.0	0.0	0.0	8.878913350437061
ko:K09515	0.0	0.0	19.49133707345396	0.0	0.0	0.0	17.01733473370135	3.2732234986273494	0.0
ko:K09516	0.0596077540241612	21.048038489494587	47.13049575881747	381.60630175114494	14.84494534563484	0.0795084440543796	19.20522746240196	0.099409134084598	0.0
ko:K09527	0.0	0.0	0.0	12.754386901578684	4.943408611301127	0.0	0.0	0.0	0.0
ko:K09568	0.0	0.0	74.58942978607185	0.0	0.0	0.0	0.0	0.0	0.0
ko:K09607	40.23437238062203	19.166449555565872	186.16518287224943	56.57526356939525	98.38445157255596	19.23198703937644	135.31606614656303	494.96058640510415	310.4989974735937
ko:K09650	146.3927269765904	226.93379433751895	314.48	745.397588675038	436.5086560359666	228.75366905263564	270.6224946015568	559.3146111286809	428.85
ko:K09680	6.3660697230419565	14.38950916121636	11.58	67.18895990031184	19.05937680904854	17.091450595766407	105.56036918638908	256.82683146849087	64.94548300768956
ko:K09681	1.0451954824979617	0.6118033692894749	1.620145133970868	10.336064279481638	59.6553024024623	5.4624549942769	0.0	0.0	0.0
ko:K09682	0.0	0.0	0.0	16.167104567867682	0.0	0.0	0.0	0.0	0.0
ko:K09683	0.0	0.0	0.0	13.503341937346343	0.0	0.0	0.0	0.0	0.0
ko:K09684	0.0	27.71776894842393	4.6719764301663	12.489296978016112	99.38418090383284	1.5363620986057758	1.8565852977869253	0.0	6.4586504233899324
ko:K09685	51.15	94.77186691234272	311.84884602104023	254.6434614361572	535.8818687628071	910.3426597080794	241.8467731664926	21.009379330110868	20.147471991878746
ko:K09688	42.62122647019099	8.088473110279168	71.1404961550918	43.45126219606988	1.0408910945595458	50.858185200129896	55.90237129357261	240.52088277454985	33.87147506270134
ko:K09689	42.62122647019099	8.088473110279168	68.62840739334179	42.37871041094253	1.0408910945595458	49.40094731129827	47.63916345224713	239.1284813410985	33.73151436151412
ko:K09690	77.66829382450395	35.55490167943464	105.8337175395932	172.1581074971036	232.03957658484808	69.43442273155505	105.62861434805232	171.71436433663484	79.8790652753678
ko:K09691	120.28970337873736	113.53901553180452	217.35547221143136	200.65963548119583	524.7071296613599	101.8540591718449	150.5534214677329	427.0593976175418	77.06151355508189
ko:K09692	0.0	27.71776894842393	35.072808469540114	86.52734210289636	291.03356999342964	33.17249468920309	20.0	0.0	6.181755603808772
ko:K09693	0.0	65.45243927767504	145.03063453174624	99.2575009459592	444.57847081620525	51.57492775423107	38.11203265838929	3.2732234986273494	6.181755603808772
ko:K09694	0.0	0.0	0.0100485079071828	0.0	0.0	0.0	0.0087730678499047	0.0016874682369907	0.0
ko:K09695	3.174689806283366	0.0	26.255804345408198	3.362487176132693	8.802111631327929	17.27125444887284	0.0087730678499047	0.0016874682369907	0.0
ko:K09696	38.71098470697326	0.0	3.869796604724332	484.2399681461819	30.52695842037733	10.240598237247507	15.713522294036228	0.0	35.807136211967
ko:K09697	0.0	0.0	0.0	326.0	30.17927199397063	10.240598237247507	0.0	0.0	35.25
ko:K09698	51.15	113.53	499.8261440714424	276.2862645409893	822.7259215814505	1013.3497283124452	258.7159204147358	21.06698752102099	30.993319096473066
ko:K09699	0.0	0.0	22.33	25.276530117714124	0.0	0.0	0.0	0.0	0.0
ko:K09700	0.0	0.0	0.0	0.0	8.19901358597839	0.0	0.0	0.0	4.920317637287087
ko:K09701	0.0	0.0	0.0	157.49189250289638	0.0	0.0	0.0	0.0	24.0
ko:K09702	0.4021059456801019	32.33321489513023	94.78749135005874	2.2874958176955644	173.23066642868153	10.198589935966112	0.6324261234272488	1.0131982083162878	17.522601911081647
ko:K09703	0.0	0.0	0.0	2.2997962814813286	32.179127464898606	0.0	1.885302075312056	0.0	0.0
ko:K09704	5.780739270077058	4.95753272845216	203.83708344760896	34.475606421018945	127.21792273060012	237.54117885504704	208.86112724201465	29.19228827416369	216.64706079860068
ko:K09705	4.549533204176355	1.144442408843546	0.9037089256946274	387.0227293251029	80.73605209297016	3.797038617802436	12.28560690569002	0.5443420953471158	25.30123754856005
ko:K09706	0.0	0.0	79.51898478327898	0.0	21.81249929819111	0.0	0.0	0.0	7.673319096473062
ko:K09707	0.0	1.0120464369940243	21.273810035910955	9.087135702751134	96.1940528377761	5.403228479616512	0.0	0.0	8.878913350437061
ko:K09710	292.2362834749822	338.60538867632965	955.9357283717774	1314.7907773526597	1696.0749954573675	1127.438381280712	1794.799882554007	858.7204790864419	487.027233791607
ko:K09712	0.0018828243737274	1.0390489880631366	167.7974332640041	112.44108403350324	13.591792529273516	77.32006904040443	60.00296127757513	130.63898321414285	45.3994021520454
ko:K09717	0.0	0.0	0.0	0.0	0.0	322.36864450453663	0.0	0.0	0.0
ko:K09726	0.0	0.0	0.0	0.0	24.58022942834042	0.0	0.0	0.0	19.44869209392494
ko:K09729	8.8	25.46	25.87	213.4	115.06081694037684	52.664902616095	49.53964497822354	6.45	12.350317637287088
ko:K09747	288.7	294.82	801.9427381760338	914.9867094359322	1476.9920230289	1099.6443106147026	1649.0006131351474	608.3966536846054	202.34
ko:K09748	435.030023907452	513.4500205029096	1111.5409868290235	1178.3800410058193	1929.159543509096	1329.5679650916109	1913.479860090389	1167.620039870972	657.3194117957796
ko:K09749	0.0	0.0	300.63917177577827	6.798235452344677	98.4592476731404	77.56745130804755	10.59514125994795	0.0010230465555995	59.21198886462108
ko:K09758	0.0	0.0	15.604016278871809	0.0	18.5209653618912	61.29583287551995	26.1948895059914	0.0	14.986955158418953
ko:K09759	0.0	0.0	0.0	0.1181056617730328	7.851327159571686	0.0	0.0	0.0	4.711667213897151
ko:K09760	381.09049726641575	434.2349532181121	777.3290255039883	506.8455360776559	1262.0239465705	571.0212194726066	1751.4581946233898	1150.763619586636	595.2468596875385
ko:K09761	435.03010618501344	499.4300910637298	1216.372078791798	1649.6352687414164	1954.1410813526693	804.3701416360226	1897.678078431958	1167.6201770870318	613.0392982621779
ko:K09762	55.01197463395078	125.62556186802598	384.9579865727961	337.04226719083647	829.9202936337983	985.5189214146692	298.54036943424524	28.234100780701077	29.57
ko:K09763	0.0	0.0	0.8653862675249689	359.52260356654244	0.0	0.0	0.0	0.0	0.0
ko:K09764	0.0	0.0	0.0	0.0	4.583518282360872	0.0	2.98	0.0	2.750619401838305
ko:K09765	246.73651703058823	245.09927572021343	827.0655286219293	723.4258525030572	1299.6819079148352	489.4294467361402	1599.5559646721836	605.248329054553	330.9294681889222
ko:K09766	0.0	0.0	150.2050729859038	3.3991177261723315	53.29416814404584	59.2	32.167473601233084	1.0420316795926676	19.24954523297457
ko:K09767	240.77	213.66775564809316	97.45507026003386	191.56537931838895	707.9374505174869	58.134822064836925	1324.5400000000002	438.0	138.48
ko:K09768	0.0	0.0	169.0	54.18831166384454	47.69901358597839	58.423170583417175	0.0	19.39763900416374	48.95406118911146
ko:K09769	29.21	13.92	335.4836252398373	427.418190233972	160.59578288561087	62.21	62.6	6.45	23.584384574326737
ko:K09770	0.0	0.0	157.0	3.3991177261723315	53.29416814404584	59.2	26.75	0.0	19.24954523297457
ko:K09771	6.01	8.605719410008515	64.63565316820498	39.37151714744165	92.69143844171752	11.337908494358736	23.66501346153612	22.540495147445174	44.49766681597542
ko:K09772	56.73	130.55	332.1045847885317	402.77	811.3424157916817	1007.9138288039592	290.2858067945335	30.7989859036612	29.57
ko:K09773	15.13	80.40223105157601	386.80023567056855	680.5709735781795	299.33906322551513	724.808808801714	179.79399199487284	153.5655731552475	76.82283977410164
ko:K09774	380.78	345.60650089992095	605.4522717376447	397.00304665808585	919.0033364020742	365.2560957169407	1483.17	883.4100000000001	174.0
ko:K09775	32.43	13.045940693730806	199.14595251689727	91.7328907584417	442.7848454419325	29.279318623322894	80.02	0.0	21.142286615735458
ko:K09777	6.01	26.61698439304763	35.68945146962064	194.04911772617237	107.2290135859784	50.72086660058337	23.37	0.0	17.071831848710026
ko:K09778	2.79	8.51	4.88	369.92	76.61	12.25	24.450000000000003	6.45	23.14
ko:K09779	0.0	0.0	0.0	3.5053564898663683	0.0	18.12	1.094697924687944	0.0	0.0
ko:K09780	235.10136365474145	164.7049601960064	301.7300303624737	281.21698746668375	601.7446851170631	104.08	1378.9101632470636	582.2315850199847	155.27780817538076
ko:K09781	104.0	131.52612217595347	263.4347929086226	109.16299274144616	579.0	97.87089014889722	1187.306790923921	576.0283119597933	91.6723460111655
ko:K09786	0.0	0.0	0.0	326.0	0.0	0.0	0.0	0.0	0.0
ko:K09787	53.94	122.04	370.75	299.02	795.4199999999998	983.53	281.15	27.46	29.57
ko:K09788	0.0	0.0	114.884253642783	89.95039664652994	0.0	69.18287788586558	60.0	130.7070682943432	51.96092356341549
ko:K09789	303.58005907212	275.44091503157773	182.64605052346715	261.1554848753655	590.2421410056414	223.02650979215488	813.6317825136176	448.8167380723388	179.91610286509336
ko:K09790	279.58	220.3103641392333	654.8770853990404	338.45921055884503	970.5498892520642	455.7091416666332	1624.431386709089	586.3648043448565	206.1797849114011
ko:K09791	36.41770154949629	61.53	252.85	93.26	0.0	76.75999999999999	183.78264396392592	142.95000000000002	73.69298384390211
ko:K09792	0.0	14.32	237.67	1030.2974387071138	57.14538657268565	110.37	81.47	161.95000000000002	61.654576325273865
ko:K09793	0.0	0.0	335.4664608683943	229.3772883093709	142.6904630317839	70.8	60.0	142.95000000000002	522.4940849268246
ko:K09794	234.76	150.0868319415564	275.18	112.9	626.2710983681973	116.33	1362.3414162872011	580.95	125.63
ko:K09795	0.0	2.702874628764344	336.6296546576302	102.10852343669302	69.14556181269731	100.0764611943693	60.0	134.06011783028046	30.280799886949872
ko:K09796	0.0	59.44590697550609	275.18	93.26	26.00399753400032	89.00999999999999	144.53141628720084	143.3762386294433	51.08
ko:K09797	146.22335889796082	182.76617368533795	302.22828858410554	299.29989068275574	279.2494465793955	271.95435360957026	254.13516423163512	625.7618834645097	360.2119444481428
ko:K09798	173.381226470191	76.42847503489017	214.1130797550944	81.0	89.43935173837659	18.21	182.92	171.71436433663484	89.97
ko:K09799	0.0	0.0	0.0	19.64	33.71	27.32	0.0	19.0	41.08
ko:K09800	243.56	204.72650089992092	343.01532970115323	332.8360319016848	698.061808142829	162.52256786432645	1459.167419190987	590.9930020140014	157.4160042306023
ko:K09801	234.76	164.53	275.18	112.29548126245145	579.0	104.08	1367.9200000000003	576.8042613541215	149.63
ko:K09802	237.55	173.04	55.27	22.75	594.84	5.96	1332.37	425.45	89.97
ko:K09803	154.3824165947438	110.67255986869787	449.8568788436272	189.3929328454944	681.8999086745544	38.72609304340684	1167.7194550258191	264.2567611007966	60.552286505007565
ko:K09804	0.0	0.0	0.0	0.0	50.04	12.25	0.0	0.0	0.0
ko:K09805	0.1675700583442111	0.1437072335800039	34.15910839514562	10.725974801726284	48.361217615817566	19.94079241062729	36.775072682814304	5.035574152503451	121.80382177458196
ko:K09806	0.0	43.13429302506833	234.85555638187464	94.85498931939476	0.0	77.01886634122073	79.08908825313273	145.05062205245983	75.28813524029715
ko:K09807	6.104984928067425	39.51991538905219	144.29366122063274	649.0047181622733	179.23608117922817	53.20912121567501	34.665849144056295	0.1584084085175096	35.568116267705854
ko:K09808	765.2359786596883	792.2746028517422	1261.930015823188	2028.9666051178651	2236.452728237998	574.1533919894962	3296.179107979383	2131.5676355376418	1278.4564396201854
ko:K09809	1.4808968568098535	59.7176778734804	153.712234101087	146.37387483877276	178.0863259554514	13.701334141398736	45.27948177843842	3.2300529491003163	215.11022492222517
ko:K09810	384.5406579272252	400.4865768932849	765.0955779966661	1578.5210842484837	1148.9478884260384	344.2094901143784	1713.5279703130614	1144.8270710094098	718.3099469085461
ko:K09811	415.4062469362231	500.6767965775397	863.9358382075548	1093.17520612073	1459.9581982513496	642.76	1848.3413352897123	1149.3839530389748	616.5680310215516
ko:K09812	413.5235327727971	492.6330296880634	884.714124590615	1077.2539429625172	1460.2219476791602	642.7647122270063	1843.4455135437536	1142.1774888607338	620.7924569840116
ko:K09813	26.42	5.41	6.196230803950435	45.78076733370571	73.26052774010923	9.286404409130832	31.894360088845865	0.0950883957397382	0.0
ko:K09814	0.0	0.0	25.098554827386096	204.20445080749036	15.526667338411269	0.0	4.763608866237312	0.0	14.136543522537988
ko:K09815	587.9464686771648	775.3013689029884	1243.0342797538	1351.1372501369146	2199.4233577645805	1078.7913967594343	2238.4369409198584	1367.5887640973397	670.9022366448045
ko:K09816	447.4905246070599	486.3785502077546	706.8388559592738	589.4327518852544	1803.2069177097003	1206.772238724751	1844.0808758448743	778.2383535024912	202.66084722779928
ko:K09817	458.1704510722119	489.2042869822022	867.995518860665	607.0381982076929	2100.4349837717164	1244.3392737337497	1889.4463298273515	778.510616081954	214.44512101450115
ko:K09818	0.0	0.0	10.370177848124271	65.09570502718404	0.0	27.32	2.98	19.0	17.08
ko:K09819	216.002452940382	1.4241597707757012	207.27913318878169	196.98918209411963	334.325240939528	70.07160823654964	125.55441572426484	381.4287286732697	94.86840617057028
ko:K09820	35.54	82.56	367.6536956526779	242.90846907786283	705.2865800724948	377.7908992103743	250.72294590030305	40.021919205631335	31.412153976993874
ko:K09822	0.0	0.0	0.0	498.5963758004582	0.0	0.0	0.0	0.0	0.0
ko:K09823	0.0	0.0	224.79	132.04593499582484	56.44477918337628	110.37	60.0	161.95000000000002	73.47235697141912
ko:K09824	402.4538121358968	288.1884679991511	306.68701609364075	410.836684289687	969.0524757621253	116.90645698496203	2081.8306721630684	656.9396342241623	195.93897844151903
ko:K09825	46.864151972350456	128.09217619662226	461.37820656743264	372.5675618453878	850.3239207940455	198.2516056724576	291.9082730146323	254.62412407025704	380.1295077181289
ko:K09826	0.0	0.0	31.059906725505808	2.7414205657410537	9.353605629902903	0.0	0.0	0.0	14.785260741930124
ko:K09835	0.0618165886859498	0.0530135934616848	18.015389679408337	21.27602718692337	15.768945666259032	0.0824547219339489	7.071062757289468	0.103092855181948	23.14
ko:K09844	0.0	0.0	0.0	21.17	10.73	0.0	1.885302075312056	0.0	23.14
ko:K09846	0.0	0.0	0.0	0.0728840201433551	0.0243814707987216	0.0	0.0	0.0	0.0525803573422571
ko:K09857	0.0	0.0	224.79	93.26	0.0	70.8	60.0	142.95000000000002	18.58
ko:K09858	234.76	163.65152496510984	202.20811307150535	129.2738113469689	585.4047791833763	100.8071970951461	1349.361704999735	574.8191426051137	163.128019969258
ko:K09859	0.0	0.0	31.31919409207852	0.4719866194990942	37.44726101376929	0.0	6.847928776170624	1.31717461857864	0.3198434800062128
ko:K09860	0.0	0.0	0.0	0.0	26.00399753400032	12.25	0.0	0.0	0.0
ko:K09861	409.5396074645878	435.5231316244145	717.036530157221	941.8087137335152	1635.3953326391054	1210.4009982091563	1883.874065749188	1070.087361024508	194.6239043668301
ko:K09862	234.76	164.53	235.4811339006993	430.270778079973	579.0	93.66787493702536	1345.1125277684284	571.690275752937	143.19465436309764
ko:K09879	0.0	0.0	0.0	21.114028303809608	10.711276111367944	0.0	0.0	0.0	23.09962061668725
ko:K09880	0.0	0.0	0.0	168.5081074971036	0.0	0.0	0.0	0.0	0.0
ko:K09882	0.0	0.0	67.30488785158923	0.0	0.0	0.0	0.0	0.0	0.0
ko:K09883	0.0	0.0	0.0	0.0	0.0	0.0	2.98	0.0	0.0
ko:K09888	407.51	438.04	869.4341447821564	968.8561131464288	1153.2590652017943	630.3697104539076	1770.1636381152791	1159.4576456059344	493.5889851781129
ko:K09889	234.76	164.53	275.18	112.9	579.0	104.08	1367.9200000000003	580.95	149.63
ko:K09890	198.3422984505037	164.53	247.54779053643173	89.86841736577746	579.0	76.75999999999999	1341.9073560360744	537.423917452631	98.45839198358598
ko:K09891	234.76	164.53	50.39	0.0	579.0	5.96	1307.9200000000003	419.0	89.97
ko:K09892	234.76	164.53	50.39	0.0	584.2048802399114	5.96	1307.9200000000003	419.0	98.84891335043706
ko:K09893	234.76	164.53	50.39	0.0	579.0	5.96	1307.9200000000003	419.0	89.97
ko:K09894	234.76	164.53	50.39	0.0	579.0	5.96	1307.9200000000003	419.0	89.97
ko:K09895	234.76	164.53	72.72	19.64	579.0	33.28	1307.9200000000003	438.0	131.05
ko:K09896	234.76	164.53	50.39	0.0	579.0	5.96	1307.9200000000003	419.9448048174453	89.97
ko:K09897	234.76	164.53	50.39	0.0	579.0	5.96	1307.9200000000003	419.0	89.97
ko:K09898	234.76	164.53	50.39	0.0	579.0	5.96	1307.9200000000003	419.0	89.97
ko:K09899	234.76	164.53	50.39	0.0	579.0	5.96	1307.9200000000003	419.0	89.97
ko:K09900	277.3812264701912	140.61	50.39	0.0	579.0	5.841413742656044	1269.3161651211394	590.7143643366358	89.97
ko:K09901	234.76	164.53	50.39	0.0	579.0	5.96	1307.9200000000003	419.0	89.97
ko:K09902	234.76	164.53	50.39	19.64	579.0	33.28	1307.9200000000003	438.0	142.96467253770976
ko:K09903	435.03266920115607	513.4522890933964	1116.0740399685344	1508.9925068149614	1928.1041980790333	1330.9306647930564	1913.8353068862973	1168.1503332636694	660.19
ko:K09904	234.76	164.53	50.39	0.0	579.0	5.96	1307.9200000000003	419.0	89.97
ko:K09906	234.76	164.53	50.39	19.64	579.0	33.161413742656045	1285.1125277684284	438.0	142.96467253770976
ko:K09907	234.76	164.53	50.39	0.0	579.0	5.96	1307.9200000000003	419.0	89.97
ko:K09908	204.73994092788	114.15320185614848	50.39	0.0	295.813921113689	5.96	757.6879814385148	298.16937733766895	89.97
ko:K09909	234.76	164.53	50.39	19.64	579.0	33.28	1307.9200000000003	438.0	131.05
ko:K09910	234.76	164.53	50.39	0.0	579.0	5.585639770945523	1235.9200000000003	419.0	89.97
ko:K09911	234.76	164.53	50.39	0.0	579.0	5.96	1307.9200000000003	419.0	101.88467253770976
ko:K09912	0.0	0.0	0.0	0.0	0.0	0.0	0.0	0.0	24.0
ko:K09913	0.0	0.0	0.0	328.54676881777743	17.002422369726553	4.333933173759685	0.0	0.930334934433495	24.208650423389933
ko:K09914	0.0	0.0	9.931773674784836	22.33346270153723	7.471084438274243	0.0	0.0	1.0779816480981503	23.486697302431278
ko:K09915	0.0	0.0	0.0	326.0	0.0	0.0	0.0	0.0	0.0
ko:K09916	0.0	0.0	0.0	19.64	0.0	27.32	0.0	19.0	41.08
ko:K09917	234.76	164.53	50.39	0.0	579.0	5.96	1307.9200000000003	419.0	101.88467253770976
ko:K09919	0.0	0.0	0.2687093475556469	0.0	7.895087173826671	0.131069609232614	0.0	0.0	0.0
ko:K09920	0.0	0.0	22.33	0.0	0.0	0.0	0.0	0.0	0.0
ko:K09921	0.0	51.35743386522692	96.63278864873745	0.0	0.0	5.585639770945523	25.77	1.7905572947497574	32.5
ko:K09922	0.709164663084275	0.6081760243539193	117.56394494348672	191.7953797289968	146.57382106710463	0.945926916107664	7.477160521762112	1.1826891691310533	410.9567295632485
ko:K09923	234.76	161.82712537123564	77.063472866468	10.877804549538975	579.0	20.739285398337355	1310.857264759398	434.0348294921925	95.79470136865068
ko:K09924	0.0299174003120373	25.030019208803704	321.2650369787644	277.7473066691665	2.594638178645828	184.34918183813025	138.61940325029258	440.96206224213927	52.27433774872055
ko:K09925	0.0	0.0	76.32126974739585	0.0	275.22066246425004	54.79899079507556	43.29845548763578	8.328303119978282	8.791968978448368
ko:K09926	0.0	0.0	224.79	112.9	0.0	98.12	60.0	161.95000000000002	35.66
ko:K09927	0.0	0.0	0.0	0.6564995622229486	0.0	0.0	0.0	0.0	0.0
ko:K09928	0.0	0.0	0.0	19.64	0.0	27.32	0.0	24.46360733473787	52.86
ko:K09929	120.67400462599976	131.29817084911485	170.88850777274394	109.50841736577746	588.6311211659295	100.479493072622	1240.2785156093207	384.8680517450195	107.01557798323292
ko:K09930	120.67400462599976	131.29817084911485	170.88850777274394	109.50841736577746	588.6311211659295	100.479493072622	1240.2785156093207	384.8680517450195	107.01557798323292
ko:K09931	0.0	0.0	1.5222389773528988	173.08461240789129	16.249647168850963	3.1057343933652963	0.0	0.0	11.37768752052454
ko:K09932	0.0	0.0	0.0	157.49189250289638	0.0	0.0	0.0	0.0	0.0
ko:K09933	0.0	0.0	0.0	168.5081074971036	0.0	0.0	0.0	0.0	0.0
ko:K09935	24.939718735632493	74.23328842072007	93.44676685551951	505.5386997014288	138.5917477874358	47.2297497699832	48.92254252285149	118.16650312811991	230.2576228755005
ko:K09936	42.64868871255819	43.15784450507312	6.794959305036873	68.14519183909407	22.532510918029967	38.72648851713452	29.340588235348413	193.6100367189908	114.5642228250629
ko:K09937	0.0	0.0	22.33	0.0	0.0	0.0	0.0	0.0	0.0
ko:K09939	0.0	0.0	32.944006374056904	30.85279896280258	48.40967767689949	0.0	9.27	0.0	12.095503997185888
ko:K09940	0.0	0.7940369809022552	5.924908799878605	23.67628349121387	2.805987854100487	0.994518082277078	0.0	0.0	0.0
ko:K09941	0.0	0.0	120.09685941618584	76.40710389666638	0.0	52.51059309896251	60.0	101.862496716029	16.823390297640465
ko:K09942	0.0	10.603804339751347	15.69860091132444	698.2210397699603	5.402615013279124	1.5233410847564934	0.0	0.0	11.651119422859171
ko:K09943	0.0	0.0	204.56779053643172	93.26	41.31677601194282	95.3	60.0	142.95000000000002	18.58
ko:K09944	0.0	0.0	0.0	0.0	50.04	12.25	14.040977544783429	0.0	0.0
ko:K09946	36.41770154949629	66.3167231373418	70.66124963964285	91.0507140089604	44.78514062578362	20.54888641537336	128.99077076074244	16.46344161918699	193.84394899926312
ko:K09949	8.8	39.48	58.96	543.197504029408	114.87	52.17	47.82000000000001	6.45	7.43
ko:K09951	324.8022486108785	384.7251669891177	877.7963570151201	1300.5260813963089	1112.4076989992789	1093.723016439205	652.7006840385909	1285.6628804329243	308.2472767190401
ko:K09952	185.18091824027127	253.3105157885404	571.2868947626646	1049.6349730514144	636.9675732740309	534.1148653371574	426.74251571709055	812.3501722645292	110.50199723864112
ko:K09954	0.0	24.14308081854505	31.9448939205908	390.782410269882	10.2147349163337	0.0	23.828522707692898	0.0	0.0
ko:K09955	1.944703384737989	2.711409905345445	165.0793886193615	675.636410040396	118.36834292051228	7.668628203081816	52.67416448792852	3.243223682775064	332.63226283730523
ko:K09956	0.0	0.0	0.0	11.900726841605753	0.0	16.554371553598227	0.0	10.196319018404909	34.34951193760826
ko:K09958	0.0	0.0	0.0	326.0174035670214	0.0	0.0	0.0	0.0	0.0
ko:K09959	0.0	0.0	0.0	12.546250613555143	0.0	0.0	0.0	0.0	0.0
ko:K09960	36.41770154949629	8.108623886293055	52.871766728529046	7.116821911444159	11.50106143062144	338.1846156139367	33.02495303672142	15.175006917387014	13.51853055267046
ko:K09961	36.41770154949629	3.581349663654537	8.486693186023217	5.521832592049584	0.5175683929703806	335.19646885844287	32.50516186670246	13.074384864926945	13.310395312373334
ko:K09962	0.0	64.84	227.27450976173785	3.545769890289223	210.6587431474014	245.91	113.62199480183948	21.10464581223321	24.0
ko:K09963	30.64350669479356	6.27484372516401	56.98192812770178	61.24067271218373	245.35127547140743	625.1712201946781	43.16961053052678	0.0	0.4173008467798653
ko:K09964	0.0387738442470938	4.3038541761735605	4.927530018322097	9.061387753485096	39.9357282270608	12.512312863942537	4.402225445851073	2.51785294919236	19.16485670468751
ko:K09965	0.0	0.0	0.0	0.4613677596062515	0.1543386950416087	0.0	0.0	0.0	0.3328422556628916
ko:K09966	0.0	0.0	0.0	326.0	0.0	0.0	0.0	0.0	24.0
ko:K09967	0.0	0.0	0.0	0.0	0.0	0.0	9.324415724264831	0.0	48.0
ko:K09968	93.02300912677757	124.92140301872286	233.92326562458325	217.48757723926397	359.13205371616027	159.15972467607835	657.7427837005123	408.11736550962365	26.304275237288376
ko:K09969	0.0	0.0	46.11	0.0	241.8644398387056	0.0	0.0	0.0	0.0
ko:K09970	0.0	0.0	22.33	0.0	0.0	0.0	0.0	0.0	0.0
ko:K09971	0.0	0.0	22.33	0.0	31.835339813693075	0.0	0.0	0.0	0.0
ko:K09972	0.0	0.0	22.33	0.0	0.0	0.0	0.0	0.4262386294432548	0.0
ko:K09973	0.9894462903054834	0.8485441287113481	357.6359068770044	87.80281617797715	71.87444411699921	47.58943238957243	118.06795918835198	98.52001360528146	54.27473256669768
ko:K09974	42.62122647019099	19.214293025068333	49.350961041170805	57.1676811586638	228.62475861484427	54.11134276187199	10.013829292391222	172.19253844249593	44.294921596589376
ko:K09975	0.3035339147914499	9.190309148444566	13.1022389773529	10.780618296889132	15.420234515016396	9.00487197811581	53.19760507690061	246.71621004144015	32.83737079795054
ko:K09976	45.14	82.56	296.73	81.9412104251814	393.66	900.83	170.25	21.01	0.0
ko:K09977	0.0	0.0	202.46	93.26	0.0	70.8	60.0	142.95000000000002	42.58
ko:K09978	0.0	0.0	0.0	20.952710408776746	9.055148592694684	0.0	0.0	0.0	30.69191956794228
ko:K09979	42.62122647019099	30.710013740371625	138.55638242116868	195.8465850072556	47.852224594244746	59.72840918317403	66.85759486097156	258.2429961725261	36.67091619121922
ko:K09981	0.0	0.0	0.0	169.57597299602975	0.3572268849580529	0.0	0.0	0.0	0.770384913134142
ko:K09984	0.0	0.0	0.0	4.9082591151001145	0.0	0.0	0.0	0.0	0.0
ko:K09986	0.0	0.0	0.0	18.86021618907249	0.0	26.235290544066213	0.0	19.0	40.40185807074125
ko:K09988	0.0	5.892153588192706	10.681443055883047	0.3009261715750678	6.492442732152016	0.0	12.53141628720083	0.0	0.3484857885770644
ko:K09989	0.0	0.0	0.0	0.0	0.0	0.0	1.094697924687944	0.0	24.0
ko:K09992	0.7802584332921756	0.6691456817157582	20.301445172613903	327.3382913634315	1.227178611855099	1.0407561064324429	92.02779541105996	1.3012537795727104	3.256484106895451
ko:K09996	0.0	0.0	0.0	54.399209602359576	0.0	75.67140561794622	0.0	67.19631901840486	71.30847759716403
ko:K09997	234.76	187.92913381878265	76.3678984226114	0.0	579.0	10.360741973511065	1321.158583712799	419.0	122.47
ko:K09998	234.76	164.53	50.39	0.0	579.0	5.96	1307.9200000000003	419.0	89.97
ko:K09999	234.76	164.53	50.39	0.0	579.0	5.96	1307.9200000000003	419.0	89.97
ko:K10000	234.76	164.53	50.39	0.0	579.0	5.96	1307.9200000000003	419.0	89.97
ko:K10001	0.0	0.0	1.191808536224473	77.55037278460158	7.392152986286901	10.293538805630693	0.0	1.176086895871529	30.435345636902348
ko:K10002	0.0	0.0	22.33	7.399893929084435	0.0	10.293538805630693	0.0	1.176086895871529	30.435345636902348
ko:K10003	0.0	0.0	0.0	7.399893929084435	0.0	10.293538805630693	0.0	1.176086895871529	30.435345636902348
ko:K10004	36.41770154949629	0.0	203.6518085362245	100.65989392908445	0.0	82.2609977162112	87.82903479209554	144.12608689587154	59.10695365331637
ko:K10009	270.78000000000003	169.94	265.9454899749959	152.26221112842995	812.5553335340524	138.47561290645532	1425.51359206323	570.3567253718817	304.1871273145408
ko:K10010	310.797760621616	252.02902919542765	301.4283106873158	122.0525993012257	1153.3653983875408	345.36831130555214	1971.34829558291	693.325418007434	133.9553083236819
ko:K10011	0.0	0.0	0.0	24.837092794264823	5.090826221790538	0.0	0.0	0.0	0.0
ko:K10012	0.0	0.0	9.341552145123316	0.8446855499461162	22.790837249638027	3.814062780807669	0.0	0.0	5.3210445228141365
ko:K10013	0.0	0.0	0.0	0.0	0.0	0.0	0.0	0.0	24.0
ko:K10014	0.0	0.0	1.191808536224473	54.399209602359576	0.0	75.67140561794622	0.0	67.19631901840486	71.30847759716403
ko:K10015	0.0	0.0	22.33	0.0	0.0	0.0	0.0	0.0	24.0
ko:K10016	0.0	0.0	0.0	19.64	0.0	27.32	0.0	19.0	41.08
ko:K10017	0.0	0.0	0.0	19.64	0.0	27.32	0.0	19.0	41.08
ko:K10020	0.0	0.0	0.0	19.64	0.0	27.32	0.0	19.0	17.08
ko:K10022	0.0	0.0	10.604251516370809	54.399209602359576	0.0	75.67140561794622	0.0	67.19631901840486	47.30847759716403
ko:K10023	0.0	0.0	22.33	0.0	0.0	0.0	0.0	0.0	0.0
ko:K10024	0.0	0.0	0.0	19.64	0.0	27.32	0.0	19.0	41.08
ko:K10025	0.0	0.0	22.33	0.0	0.0	0.0	0.0	0.0	0.0
ko:K10026	291.53745753753674	389.9006306158136	460.0467777600908	1309.9580957283026	1181.609781963829	540.7294373151543	1556.1679443786893	904.8166169106798	237.98266640740863
ko:K10027	0.8807163821677366	23.331655780830022	93.818310526485	227.60607467283631	110.66083628068206	13.504865352310333	138.573312983538	1.7460993721243403	22.086953360312386
ko:K10036	36.02	70.25	267.4708254607148	53.12680718014688	261.4360694025643	331.0360448693375	141.29203012696377	59.13733912814711	17.703374065015716
ko:K10037	0.0	0.0	22.33	3.789309820853976	0.0	0.0	0.0	0.0	0.0
ko:K10038	0.0618165886859498	0.0530135934616848	0.0	0.1060271869233696	0.0972241916991046	0.0824547219339489	7.071062757289468	0.103092855181948	0.0
ko:K10039	9.6	0.0	108.87336481472578	9.6	255.2409062431481	1308.3891603354657	69.86533653342755	13.438347711867737	0.0
ko:K10040	19.2	0.0	209.1581394769565	19.2	450.131242938359	1574.5573850960795	141.6430401583726	26.88190128284448	0.0
ko:K10041	9.6	0.0	103.86551140034209	9.6	230.1814238984404	807.4824092939651	69.92039333593928	13.448937691001415	0.0
ko:K10094	234.76	158.84677704837787	50.39	0.0	587.8860141861473	5.96	1294.5047331730968	419.0	89.97
ko:K10107	42.62122647019099	8.088473110279168	68.57247461788407	42.37871041094253	1.0408910945595458	49.40094731129827	47.59033012906556	239.09892495703863	33.73151436151412
ko:K10108	30.02005907212	102.15833758806752	50.04415725053292	0.0	294.35023042595947	7.638903987768037	636.4187523937733	120.946199530945	47.97836524386685
ko:K10109	30.02005907212	92.29088760061768	6.329834899776567	326.0	283.186078886311	4.426171421299018	636.4187523937733	120.946199530945	32.5
ko:K10110	30.02005907212	93.07206664231492	6.375937856620388	326.14876768130483	287.881966120805	19.36647381759128	637.1271926960875	120.95394170282006	32.5
ko:K10111	30.02005907212	92.45286173558684	7.525336126620774	0.5431904250317278	283.186078886311	4.426171421299018	637.4625106785481	121.1469627055593	32.5
ko:K10112	61.963301804149786	155.1124515337409	731.9361620686244	452.4730263271156	804.967527230751	2216.6360958918544	272.140332327654	21.24392038097826	313.8192360115188
ko:K10117	26.42	70.25	653.0423503956885	45.78886135166516	730.3140896255123	720.7079392603256	189.7497373010769	22.570705722911537	22.93299036826193
ko:K10118	26.42	5.41	305.37110531620465	45.535959821037416	718.6100796220464	474.9602648886776	90.47089951866153	3.474776199808475	25.87285269710898
ko:K10119	26.42	5.41	296.159427281172	45.786842094865065	792.7057812904733	475.590825306815	81.32532960924718	1.715658523375304	21.50967127178886
ko:K10120	0.0	0.0	44.74904415764427	0.0	184.9032883137029	325.0179295631009	12.500355299361326	2.4043986527472443	0.0
ko:K10121	0.0	0.0	0.8482384104519151	0.0	0.0	322.36864450453663	0.7405729483947141	0.1424465590567879	0.0
ko:K10122	0.0	0.0	27.02997455249773	0.0	25.321394325135213	322.36864450453663	9.384778159589503	1.805128528178848	0.0
ko:K10123	0.0	0.0	0.0	16.150145522609858	5.402615013279124	0.0	0.0	0.0	11.651119422859171
ko:K10125	0.0	0.0	0.0	1.250081613361976	0.4181825905357048	0.0	0.0	0.0	0.901840181267121
ko:K10126	0.0	1.194571000813749	0.0	2.5467688177774086	0.0	0.0	0.0	0.0	0.0
ko:K10175	0.0	0.0	17.05662641271075	5.117373621857513	18.07168178793837	6.952793176501859	0.0	6.73964881773112	0.6677823954832294
ko:K10188	0.0	0.0	119.81715675792522	3.65	272.0441817989853	3.531823519758777	0.0	0.0	11.32
ko:K10189	0.0	0.0	32.240686832229585	3.65	248.0214695624229	3.531823519758777	0.0	0.0	11.32
ko:K10190	0.0	0.0	112.8957891214487	3.65	288.6093676405037	3.531823519758777	0.0	0.0	11.32
ko:K10192	0.0	0.0	1.3404215062048648	0.0	49.34135317785034	0.653823637411351	0.0	0.0	0.0
ko:K10193	0.0	0.0	1.3404215062048648	0.0	49.34135317785034	0.653823637411351	0.0	0.0	0.0
ko:K10194	0.0	0.0	1.3404215062048648	0.0	49.34135317785034	0.653823637411351	0.0	0.0	0.0
ko:K10200	4.223506694793581	0.864843725164015	25.9000129709193	3.703961018863258	53.50287702963456	1.4195586468496215	5.019610530526815	0.0	6.25
ko:K10201	4.223506694793581	0.864843725164015	25.9000129709193	3.703961018863258	3.67039037518776	1.4195586468496215	5.019610530526815	0.0	6.25
ko:K10202	4.223506694793581	0.864843725164015	80.41899775419827	5.941349997941151	25.48288967337887	1.4195586468496215	5.019610530526815	0.0	6.25
ko:K10206	8.015193896911189	56.30964413311055	160.8516757128783	589.7730624627237	298.4223371307582	108.16491714822256	120.76258380539706	3.3441050116208766	134.2771115044887
ko:K10208	0.0	0.0	25.098554827386096	2.5889903763023443	0.0	0.0	0.0	0.0	0.0
ko:K10209	0.0	0.0	50.19710965477201	1.781158613660405	0.0	0.0	0.0	0.0	0.0
ko:K10210	0.0	0.0	50.19710965477201	14.486921221074336	0.0	0.0	0.0	0.0	0.0
ko:K10211	0.0	0.0	50.19710965477201	13.303708456203454	0.0	0.0	0.0	0.0	0.0
ko:K10212	0.0	0.0	0.0	11.24251362348125	0.0	0.0	0.0	0.0	0.0
ko:K10213	0.0	0.0	0.0	1.3956435517656791	0.0	0.0	0.0	0.0	0.0
ko:K10216	0.0	0.0	0.0	1.938964323313653	0.0	0.0	0.0	0.0	0.0
ko:K10217	0.0	0.0	15.06	18.40795050266097	227.3992762025796	7.345886300566434	12.100175945499776	8.54845539388936	11.78
ko:K10218	0.0	2.2187713294812976	4.269850198934753	180.86108828906148	6.750881156921484	0.7386363683337406	0.0	0.2947205704029434	11.163854476147776
ko:K10219	0.0	0.0	0.0	0.0	0.0	0.0	0.0	0.2947205704029434	0.0
ko:K10220	0.0	0.0	0.0	0.0	0.0	0.0	0.0	0.2947205704029434	0.0
ko:K10221	0.0	0.0	0.0	0.0	0.0	0.0	0.0	0.2947205704029434	0.0
ko:K10227	0.0	0.8255668662913888	0.0	0.0	0.4205688373753115	0.0	4.842163444272086	0.0	0.0
ko:K10228	0.0	0.0	5.557787406116669	0.0	1.524531962094503	0.0	0.0	0.0	0.0
ko:K10231	0.0	0.0	8.258261684772224	21.023377910547204	253.32117395806424	4.028170742142163	0.0	0.0	23.034223152859383
ko:K10241	0.0	0.0	55.65510228921912	9.719158632858475	15.266503752945525	0.0	0.0	0.0	0.0
ko:K10242	0.0	0.0	0.0	10.969941792482317	0.0	0.0	0.0	0.0	0.0
ko:K10254	22.94350669479358	13.174843725164015	13.658836840769178	20.61219755351421	60.47955088882869	837.3459038557207	48.613908741759616	0.0	31.849403199514853
ko:K10255	0.0	0.0	0.0	20.921986746457733	0.0	0.0	0.0	0.0	0.0
ko:K10297	0.1024373794367752	0.0878497779347027	0.0	0.1756995558694055	64.9818399603967	8.016038963488572	0.1611119543673331	0.1708370220353814	60.715068157698745
ko:K10353	1.1250352296738046	0.0	57.69	316.1088202354669	99.30276477696384	730.9413555037436	0.0	0.0	0.0
ko:K10439	41.05706735431296	114.83880447245436	314.9903216767074	579.9100322068382	1417.758687101492	445.0337456158841	275.8663610739658	18.512218464390436	185.0692093881424
ko:K10440	68.34868259153153	80.6550868408548	224.0225332673877	478.0934515750201	1081.899757164669	375.3345008950841	255.8362839438587	2.736065580618167	90.89993141608122
ko:K10441	66.65030861419406	89.51629095461709	173.3023844164661	534.9784964978967	775.5347130734924	368.118011903	280.115556572339	2.571619583996194	88.36500611636303
ko:K10530	0.0	34.72076398546504	115.0678759788994	0.0	99.7445028646257	753.2327416668021	66.4015551144955	12.933153395256388	0.0
ko:K10536	147.0157798637278	262.37448657450216	324.5370040271416	543.005324847203	747.6881271788288	468.8037223268518	355.102827906944	987.9890620420632	298.5056649632959
ko:K10537	0.0	11.89312908900345	0.0	1.7210350465165096	0.0	2.4497291520410185	4.100913915828971	0.0	0.0
ko:K10538	0.0	11.89312908900345	1.5222389773528988	0.0	13.3648052728162	2.4497291520410185	4.100913915828971	0.0	0.0
ko:K10539	0.0	11.89312908900345	0.0	0.0	2.187775405755245	2.4497291520410185	4.100913915828971	0.0	0.0
ko:K10540	237.55	190.70650089992097	336.8409908946596	141.0489850225357	1113.7673306956976	30.798137990779345	1332.37	435.6463190184049	104.2098416944792
ko:K10541	237.55	189.99	256.8986718107952	132.4	867.2231376452139	15.382534991878888	1338.210892785595	425.45	96.34607970468788
ko:K10542	261.4448672825437	199.59392372489364	264.4720551739519	153.3554911028213	895.5254584761544	25.2092428567515	1365.0302788205686	425.69646940199874	100.9617281274772
ko:K10543	35.04706735431296	15.382612038057433	0.0	0.0	7.851327159571686	2.824089381095496	103.4986792913582	0.0	13.23448121425016
ko:K10544	35.04706735431296	15.382612038057433	0.0	0.0	35.59914470947888	2.824089381095496	103.4986792913582	0.0	8.522814000353009
ko:K10545	35.04706735431296	18.88798696340935	74.82851369399476	0.0	22.71365242598298	3.079863352806016	152.69120705978636	0.0	8.522814000353009
ko:K10546	0.0	0.0	38.37849333427263	0.0	267.32309147409444	6.449033914298165	0.0	0.0	102.10519149769058
ko:K10547	0.0	0.0	28.807647906947203	0.0	258.96032939108443	4.005801486779644	0.0	0.0	4.711667213897151
ko:K10548	0.0	0.0	39.405279452549145	0.0	282.4367040571526	4.727779450022926	20.0	0.0	15.595243034077276
ko:K10550	0.0	0.0	0.0	0.0	2.805987854100487	0.7301805256738739	0.0	0.0	0.0
ko:K10552	0.0	0.0	0.0	0.0	7.8526243119919235	2.0434277146533817	0.0	0.0	0.0
ko:K10553	0.0	3.505374925351918	0.0	0.0	0.0	0.0	0.0	0.0	0.0
ko:K10555	1.6983739773373427	27.156243722147646	30.555634331474927	1.489452121684566	18.68056026696498	6.603159544337041	86.34097104831217	0.0	32.5
ko:K10556	0.0	26.80846918704564	30.193717393836423	0.0	20.010595565438493	6.762501276719643	83.97038989721574	0.0	32.5
ko:K10557	0.0	29.54086230041625	30.193717393836423	0.0	17.204607711337978	6.032320751045761	83.97038989721574	0.0	32.5
ko:K10558	0.0	26.80846918704564	30.193717393836423	0.0	20.010595565438493	6.762501276719643	83.97038989721574	0.0	32.5
ko:K10559	0.0	0.0	0.0304374366613725	326.25088227382764	0.0	0.0	0.0265740644754354	0.0051114262989004	0.3484857885770644
ko:K10560	0.0	0.0	2.5624832559998647	0.2508822738276696	75.28963495920273	1.2499143855033374	0.0	0.0	0.3484857885770644
ko:K10561	0.0	0.0	0.0	326.25088227382764	0.0	0.0	0.0	0.0	0.3484857885770644
ko:K10562	0.0	0.0	0.0	0.2508822738276696	0.0	0.0	0.0	0.0	0.3484857885770644
ko:K10563	253.50012392265276	262.993002910563	624.7364083082645	864.3926543360398	949.81406639155	1036.3269830884938	1541.2574339628009	623.7152247545392	151.77197244322167
ko:K10565	0.0	0.0	5.557787406116669	0.0	1.524531962094503	0.0	0.0	0.0	0.0
ko:K10619	0.0	0.0	0.0	0.4971933694582584	0.0	0.0	0.0	0.0	0.0
ko:K10623	0.0	0.0	0.0	1.5465021792616669	0.0	0.0	0.0	0.0	0.0
ko:K10641	0.0	0.0	0.0	314.9837850057931	0.0	0.0	0.0	0.0	0.0
ko:K10670	0.0	0.0	278.48196298098503	0.0	140.7986907855097	15.465847501376103	56.8374278709952	0.0	22.34063527457416
ko:K10671	0.0	0.0	144.88429831362032	4.537980047327658	75.9308357563919	8.878176480241223	52.93749218720586	0.0	14.016955830233211
ko:K10672	0.0	0.0	368.814135951466	4.537980047327658	217.25567737267303	24.863894374569416	107.73156967219867	0.0	46.10458964562139
ko:K10673	42.62122647019099	37.12223105157601	2.7141230241912284	0.8896555135102454	38.89757778721964	0.0	2.36962399434424	172.17015304048152	30.357534078849262
ko:K10678	42.62122647019099	45.88442418944116	69.91214160230149	20.71313713431961	0.5687077051605086	33.01640313467927	74.05984326555051	190.74537751021015	49.58
ko:K10679	52.01077060053995	87.23702359783884	96.7380665491472	605.8578291939681	80.53016507693292	91.56471950998416	70.3423507153432	164.74031973416484	55.42646132426346
ko:K10680	0.0201239226527402	0.0172581741737107	58.72495181208123	510.9416415520088	10.022376121449527	7.05736464710085	27.57001952761707	15.351583947036405	46.64145243083897
ko:K10681	31.31649330520642	44.57292522325992	231.7851837587834	34.63420710438055	221.90546723752288	334.5816585158399	147.68252153615236	17.63473033709539	0.0
ko:K10682	31.31649330520642	44.57292522325992	204.510466501834	34.96879029101849	161.4665103671873	313.1878213507373	144.92369156536702	17.104079255101432	0.0
ko:K10701	0.0	0.0	0.0	0.1402560534572093	0.0469190484414121	0.0	0.0	0.0	0.101184229350818
ko:K10710	0.0	0.0	0.0	0.0	7.851327159571686	0.0	0.0	0.0	4.711667213897151
ko:K10711	9.12	12.31	22.571267412388963	7.123646406061895	162.42140924062377	341.6192441726532	29.62	0.0	0.0
ko:K10713	0.0	0.0	0.0	326.0	0.0	0.0	0.0	0.0	0.0
ko:K10716	39.166976554496685	62.06250837847891	307.5103625100471	1173.8452417797648	284.92778849424553	644.8482908562785	189.9880172401411	284.0084787325696	261.57861038880435
ko:K10726	1.1250352296738046	0.0	0.0	1.1250352296738046	0.0	4.990000008282356	0.0	0.0	0.0
ko:K10742	6.565708905831722	38.18071871354556	73.08	75.72653696421926	129.92432145672143	27.89774146774706	169.18636726569164	257.1597740296624	19.16859755667749
ko:K10747	234.76	164.53	266.8048006456053	91.3686902606567	627.5973315740268	85.87086816900987	1344.6415034667314	558.916494097873	108.24850146256028
ko:K10754	0.0067024978727939	0.00574802823901	0.0	21.18149605647802	10.740541586844236	0.0089401989031096	0.010541586844236	0.0111778999334253	23.14
ko:K10762	0.0	1.4481181974861566	1.7932743932291697	0.0	7.762535118428992	8.864360904137888	0.0	0.0	0.0
ko:K10763	235.02255086675032	164.75516229395362	252.85	114.52020580635264	595.8114645651464	104.43020629852936	1383.642336477718	581.3878617303084	149.63
ko:K10764	1.2598226431540738	24.70041751992011	358.9793176270252	160.22095382139486	125.08907018769568	110.34042798762482	149.859836272857	164.0510333320956	240.3162572069819
ko:K10773	435.0363896599956	513.4554797400594	1134.0941463354009	1846.554090837977	1941.6551908251868	1329.1979680839354	1912.6879609859648	1167.630656173474	672.5754182011979
ko:K10774	0.7587606164120142	21.64762844426392	58.89110035827093	364.8679389992601	88.69670082648352	1.0120810120812151	104.51999679883193	1.265401407750416	0.0
ko:K10778	157.77734165379815	253.1246392149704	709.5513692271903	987.7228367079416	503.8309955964997	568.1696865273666	358.590305501548	819.6043082950641	332.9882444781091
ko:K10793	9.12	12.31	63.8269673036352	18.7929843532158	243.92664717574868	100.61930274782068	89.47026407222592	0.0	9.840635274574163
ko:K10794	0.0	0.0	20.40878386470061	0.0	91.63383066700528	11.710945741905526	31.313012146730436	0.0	9.63198485118424
ko:K10795	0.0	0.0	19.29707419041752	0.0	42.3166796893389	8.878176480241223	20.31871393549763	0.0	4.920317637287087
ko:K10796	0.0	0.0	30.774835213064566	0.0	42.3166796893389	8.878176480241223	20.31871393549763	0.0	4.920317637287087
ko:K10797	0.0	0.0	39.40287580031725	0.0	23.32048900028463	11.693464543560165	2.7757602212349664	0.0	0.0
ko:K10800	0.0	0.0	13.0	0.0	0.0	0.0	0.0	0.0	0.0
ko:K10804	0.0	0.0	5.992855982994711	329.30075133932866	25.44450709330575	3.476396588250926	0.0	3.36982440886556	24.599392544942564
ko:K10805	162.11871445768892	112.16682812730514	50.39	19.64	295.813921113689	33.161413742656045	734.880509206943	145.3394361324197	131.05
ko:K10806	234.76	164.53	200.44	93.9474393215411	628.9107977007487	123.67058355147256	1374.6700000000003	561.2495140306696	157.14783419612635
ko:K10810	0.0	10.749588066719031	13.31173177111696	77.84023152093785	16.163394147112193	12.16873323611157	5.890177510888217	0.0	0.5978341961263606
ko:K10819	22.19649330520642	4.545156274835985	133.51589333976855	20.52250792239396	83.18856410406732	233.1998431159029	156.54739038275412	20.482158933044257	0.3484857885770644
ko:K10820	0.0	0.0	0.0	0.0	7.851327159571686	0.0	0.0	0.0	4.711667213897151
ko:K10823	58.11745145623035	144.25472848294845	874.1147875064698	427.1816923794613	1115.9344276898148	844.2806844152149	472.0442028611621	147.73495601977817	162.68788948451223
ko:K10824	3.2208444162459404	33.45948655011588	75.70871649282849	54.19659860412479	39.890474883492544	1.861187156379764	43.919718007551246	8.06752354749959	3.357713384264545
ko:K10830	35.54	82.56	296.8009762882692	26.5870624992622	249.22738411786605	334.09	170.31196738843934	21.021919205631335	0.0
ko:K10831	0.0	0.0	0.0	0.0	0.3476864264066993	10.240598237247507	2.4556743458588555	0.2437111284082508	0.2086504233899326
ko:K10843	0.0	0.0	144.0	0.0	39.5	0.0	0.0	0.0	0.0
ko:K10844	0.0	0.0	0.0	3.65	8.546700012385077	18.12	0.0	0.0	10.198968060677013
ko:K10850	0.0	0.0	0.0	20.191418249577332	0.0	0.0	0.0	0.0	0.0
ko:K10851	0.0	0.0	0.0	19.821503133620396	0.0	0.0	0.0	0.0	0.0
ko:K10855	0.0	0.0	0.0	0.1402560534572093	0.0469190484414121	0.0	0.0	0.0	0.101184229350818
ko:K10857	0.0256894144617585	0.0220311117694195	0.0	0.044062223538839	0.0404039208465	0.034266101884909	2.922987438419011	0.0428427893080594	24.0
ko:K10873	0.0	0.0	0.0	0.0	1.0540259736252764	1.7345301965624131	0.0	0.0	0.0
ko:K10907	35.88278653290541	59.005806621675895	230.60557625856893	604.8289349149144	469.88948679278	141.18348144955954	150.34023315768124	1.2839579845175817	79.6244976781052
ko:K10908	0.0	1.4220277903816867	1.7609653876172036	0.0	0.0	0.473397789488625	0.0	0.0	0.0
ko:K10914	240.77	169.2681330876573	56.48546572572722	362.11674501045945	651.5867688581784	445.3695508249688	1324.6253559827433	419.01641791813086	164.39412551614606
ko:K10915	0.0	0.0	0.0	3.8359855060110193	1.2832301019506316	0.0	0.0	0.0	2.7673760073753604
ko:K10916	0.0	0.0	0.0	23.60909567362505	9.499977351314472	0.0	0.0	0.0	20.487369609451715
ko:K10918	0.0	0.0	0.0	0.0	0.0	0.0	0.0	0.7866944731436545	4.405221980109821
ko:K10926	4.223506694793581	0.864843725164015	0.9000129709192983	3.703961018863258	3.67039037518776	1.4195586468496215	5.019610530526815	0.0	0.0
ko:K10927	0.0	0.0	0.0	168.5081074971036	0.0	25.92385489840808	0.0	0.0	0.0
ko:K10938	0.0	0.0	0.0	0.0	0.0	0.0	0.0	0.0100817344631229	0.0
ko:K10941	0.0	0.0	0.0	2.5467688177774086	0.0	0.0	0.0	0.0	0.0
ko:K10942	0.0	0.0	0.0	0.0	1.3584173088116418	0.0	0.0	0.0	2.929522509403671
ko:K10943	0.0	0.0	0.0	157.49189250289638	0.0	0.0	0.0	0.0	0.0
ko:K10947	134.98375773061366	204.71506633831348	906.5813693211006	693.8509738028965	1117.032801575124	1388.8529632524755	504.2315361107986	291.9330359070961	195.23825536965543
ko:K10953	0.1414597668461083	0.1213151797952384	24.407660175607607	29.50029166959876	2.0123832251702605	40.8499299108184	4.623635616418129	39.65291333905753	18.21903074717556
ko:K10954	107.88247045330554	1.7569500697803488	161.50913791956322	81.87923795535862	36.39711137498326	56.80371810886588	107.4737221118192	112.64743096127938	35.58954916828106
ko:K10960	0.0	0.0	0.0	40.3159349958249	17.134779183376274	0.0	0.0	0.0	59.80482289256984
ko:K10972	0.0	9.093756451241186	0.0	0.0	0.0	0.0	0.0	0.0	0.0
ko:K10974	36.41770154949629	29.911135551931324	49.27461196513877	25.97255151757653	22.45267188453017	5.862126505917392	38.91980106885623	0.0	10.09160801641402
ko:K10975	0.0	0.0	0.0	3.5509276118449677	0.0	0.0	0.0	0.0	0.0
ko:K10979	0.0	0.0	0.0	0.0	0.0	0.0	1.885302075312056	0.0	0.0
ko:K10984	26.42	5.41	5.63	23.17	22.96	8.88	31.4	0.0	0.0
ko:K10985	26.42	5.41	5.63	23.17	22.96	8.88	31.4	0.0	0.0
ko:K10986	26.42	5.41	5.63	23.17	22.96	8.88	31.4	0.0	0.0
ko:K11003	0.0	7.192217811915299	85.93598108999024	10.16244528905448	36.3218275990894	25.29148363521689	114.23420391067222	23.96220090916452	18.80578436535509
ko:K11004	3.6301666543219	48.33590272275712	85.61866577289861	181.56125985348487	84.43290316027057	75.50889619488412	109.52128747989168	23.712096188931696	111.0474048112615
ko:K11005	0.0	3.610868148260786	7.915569272530341	21.784471346686065	1.5226813944163498	30.344688137578867	74.49627192294894	48.29305405323736	30.073348068105023
ko:K11009	0.0	0.0	0.0	0.0	0.0	1.167458910580507	2.538493901990179	0.0	0.0
ko:K11013	0.0	3.4193755286853484	0.0	0.0	2.609911599043273	0.1185862573439564	30.51998014815157	0.0	0.0
ko:K11014	0.0	4.135876428606353	0.0	0.0	2.609911599043273	0.1185862573439564	30.51998014815157	0.0	0.0
ko:K11015	0.0	3.4193755286853484	0.0	0.0	2.609911599043273	0.1185862573439564	30.51998014815157	0.0	0.0
ko:K11016	146.62226831291238	105.73328659241317	80.04177940970594	190.75927151274595	579.0016385944064	45.198164136084905	1223.0922272795306	634.5273270329428	4.340933140510433
ko:K11017	104.0	106.6108681482608	40.41957118664299	16.11907317674793	579.0	21.90041030346869	1202.7764311541985	440.2290328020171	2.103429238186258
ko:K11021	0.0	0.0	25.36321424041448	168.32087319988938	0.0	14.712950169777509	8.26320784132548	14.261910961512	1.41310820839671
ko:K11022	0.0	0.0	0.0	12.525524135211782	0.0	17.423488766496227	0.0	19.0	34.89286925811697
ko:K11029	0.0	0.0	0.0	0.0	0.0	0.0	0.0	1.2505825715959809	0.0
ko:K11031	412.0257123523891	201.8970651607081	255.52316463892507	444.9798636790436	331.9426926080256	239.5603386640545	241.42888923342184	307.9530712848441	37.62292882013302
ko:K11032	0.0	0.0	0.0	0.0898878458267767	0.0	0.0	0.0	0.0	0.0
ko:K11038	0.0	0.0	0.0	2.708628886906612	0.0	0.0	0.0	0.0	0.0
ko:K11040	0.0	0.0	0.0	0.1381698858089582	0.0	0.0	0.0	0.0	0.0
ko:K11041	0.0	37.12223105157601	190.81504070020105	12.099897747856064	462.6107538353458	261.7900081313093	146.20367989737878	16.161183179894525	0.936140961483586
ko:K11044	0.0	0.0	0.8719243662477384	10.989932063782918	2.5227179433518567	9.423558627644637	0.7612524860142311	0.1464241941880344	0.0
ko:K11045	0.0	0.0	0.0	0.0	0.0	0.0	8.218537989997856	0.0	0.0
ko:K11046	0.0	0.0	16.280825092219025	0.0	0.0	0.0	0.0	0.0	0.0
ko:K11050	7.392400491101241	37.12223105157601	210.9345928159978	8.824224655643354	70.55848415600256	585.0421807122374	47.92417838146392	9.21804438153032	4.920317637287087
ko:K11051	7.392400491101241	37.12223105157601	158.97232466789575	7.580197860950568	59.58867742361231	585.0421807122374	47.92417838146392	9.21804438153032	4.920317637287087
ko:K11060	0.0007178245098031	0.0006156026650527	25.098554827386096	9.62211209048591	4.743200369002861	0.0009574779458292	2.15484252560177	0.0011971313818552	11.613397546195465
ko:K11062	0.0007178245098031	0.0006156026650527	25.098554827386096	10.020498393721224	34.862536332515624	7.838679417706646	4.011427823388695	0.0011971313818552	6.891883334772528
ko:K11063	0.0	37.12223105157601	40.4672266661918	0.0	212.09242213842933	7.159013215753327	0.0	0.0	0.0
ko:K11065	343.6755106157227	431.6515016902161	546.9210111518354	1339.458583604706	1404.575451968887	794.6480659451561	1685.755963853186	972.5005023461284	170.87465336340733
ko:K11066	2.828773844247094	8.543252252503045	4.88	22.81650450500609	15.900982913262045	0.0517189093359178	24.510982913262044	6.514663974424742	30.357534078849262
ko:K11068	17.52284813078031	74.9946903364058	622.0954285751376	173.42453139955927	619.5139193366508	906.515114280866	274.6620801258472	168.54868286716084	97.44906241734648
ko:K11069	521.6767845914915	437.7173486232357	975.959323570742	326.5623984036062	2119.529434094557	1087.06214618406	3034.9191888989667	1127.067062022601	553.2056473464709
ko:K11070	282.6932778966979	269.6228111076112	587.3742866618213	115.61507038163197	1782.938741239551	948.4046678019884	1588.9489026851809	445.92378284330505	403.2133344277943
ko:K11071	282.6932778966979	269.6228111076112	571.8484521660785	119.16716386237104	1532.749651368222	940.8107815051997	1574.006157234534	445.930936251694	403.22318142532015
ko:K11072	284.3916757814871	275.99848426676226	596.4985026365309	126.9466917886729	1572.697963422432	964.9348942101408	1575.8565588998856	447.24607932785074	403.22318142532015
ko:K11073	0.0	0.0	481.97	276.3884173657774	0.0	212.4	180.0	404.38479972843504	55.74
ko:K11074	0.0	0.0	202.46	93.26	0.0	70.8	60.0	142.95000000000002	18.58
ko:K11075	0.0	0.0	202.46	93.26	0.0	70.8	60.0	142.95000000000002	18.58
ko:K11076	0.0	0.0	202.46	93.26	0.6343924714228399	71.84397133058314	60.0	142.95000000000002	18.58
ko:K11085	398.6370326074732	449.0634423311868	1114.2878317840418	2050.040832499821	1800.788239147313	513.6964821444681	1797.461490149061	1176.0096281825947	725.8691262047298
ko:K11089	0.0	0.0	107.47680658854806	29.500697086998407	0.0	36.025239797312494	60.0	63.95476610995858	3.9199340659044513
ko:K11102	9.6	32.480976691663265	93.62817506920511	544.1644548853601	18.27906152667281	75.92218184536215	50.99470675118914	27.51031116765068	10.644654363097647
ko:K11103	104.0	112.08387782404652	83.65085900253277	337.0513943394871	619.0054345361285	27.820421345205027	1169.2447067511891	442.81579936819713	49.42271850461792
ko:K11104	16.184444291452415	13.0877000898172	84.01468652848712	22.806976129957004	64.05917035319996	333.8579255936441	12.279825427553105	0.1613693111668234	5.07
ko:K11105	142.26543143837645	189.4108682813616	439.94987525746575	582.4693362844914	626.4240788273432	275.6644999874045	158.76508723064492	396.9887428913713	516.6215385712834
ko:K11106	0.0	9.480524164543576	11.740188921166352	85.12535242187458	43.93356886643127	5.572727644482341	0.0	0.0	0.0
ko:K11107	130.76	59.66422501000744	226.58253014572293	102.04822703312274	0.0	88.84250007633905	242.8080597038629	149.6709994579657	124.16651130676703
ko:K11144	45.50747453113574	98.27692585035597	315.82297751766066	210.53757379897	394.55515459639	912.650015863652	176.80820022711234	21.62623923831222	0.9182480436215252
ko:K11145	53.94	122.04	357.75	295.23876051158175	799.611808142829	983.53	273.05	27.46	29.57
ko:K11175	365.353255246496	480.8185210338514	941.8728153985704	1422.2432447376814	1750.481432209383	763.0421283221956	1831.598786796648	1159.629641957079	466.435430935418
ko:K11179	234.76	164.53	50.39	39.83278489433628	588.4322234254489	33.28	1307.9200000000003	438.0	151.3912535009215
ko:K11180	0.0	0.0	0.0	20.19278489433628	10.892362254556073	0.0	0.0	0.0	23.490145626321297
ko:K11181	0.0	0.0	0.0	20.19278489433628	10.854410220076112	0.0	0.0	0.0	23.408299393528544
ko:K11183	234.76	161.82712537123564	56.26129957474326	17.7391979294415	579.0	30.635910765394183	1307.9200000000003	438.32643661702144	105.39696031745729
ko:K11184	0.0	0.0	7.819313167770416	0.2508822738276696	39.05576814200781	6.104568239913972	0.0	0.0	9.708244396191231
ko:K11189	56.73	115.29724183769464	787.6557990490942	788.4624030936882	1186.9314527977592	1125.0568471217057	380.3852245606497	198.04550800784125	130.3041839939331
ko:K11191	0.0	0.0	0.0	0.0	0.0	0.0	13.686252237848738	0.0	0.0
ko:K11192	0.0	0.0	0.0	0.0	0.0	0.0	13.686252237848738	0.0	0.0
ko:K11194	0.0	0.0	0.0	0.8237227799133506	0.0	0.0	0.0	0.0	0.0
ko:K11196	0.0	0.0	22.33	2.950042415002373	0.0	0.0	0.0	0.0	0.0
ko:K11201	0.0	3.505374925351918	22.33	0.0	8.802111631327929	324.65914996364296	0.0	0.0	0.0
ko:K11202	0.0	7.010749850703836	0.0	0.0	0.0	322.36864450453663	0.0	0.0	0.0
ko:K11203	0.0	3.505374925351918	0.0	0.0	0.0	322.36864450453663	0.0	0.0	0.0
ko:K11206	0.0	0.0	201.0586449334912	117.4353266107841	0.0533251712011518	122.08285364139712	60.0	174.3380200730715	60.079812676677406
ko:K11209	24.72162602266266	69.902225464898	87.8036974434562	45.8954397298634	213.334047444373	38.61730599033042	48.20292882072049	59.462154197649575	41.623357320508674
ko:K11210	0.0085327212928714	0.0073176185771144	80.23727910922631	113.8763935273244	49.9956809826932	0.0113814621042573	0.0134201344384718	0.0142302029156432	0.0
ko:K11211	234.76	175.5359967135713	53.38253513001693	0.0	579.0	6.717411032418493	1302.3414162872011	419.0	89.97
ko:K11216	1.6983739773373427	27.156243722147646	30.555634331474927	1.489452121684566	18.68056026696498	6.603159544337041	85.98889644106104	0.0	32.5
ko:K11230	0.0	0.0	0.0	0.0	0.0	90.08998342066404	0.0	0.0	0.0
ko:K11249	2.074040725006472	4.865293105290714	71.07811477024129	52.21670155421323	2.858263073057964	1.3856336152893154	6.443755815540962	3.5569280149472022	4.435570209554465
ko:K11250	0.0	0.0	93.56860777497914	18.86021618907249	0.0	26.235290544066213	0.0	22.60995977717908	52.18185807074125
ko:K11258	234.76	164.53	50.39	0.0	579.0	5.585639770945523	1235.9200000000003	419.0	89.97
ko:K11261	0.0	0.0	21.54278324851432	0.0	14.632476612999676	0.0	9.96397639304054	0.0	5.605521678964873
ko:K11263	0.0	0.0	0.0	0.0	0.0	0.0	0.0	0.0	24.0
ko:K11264	0.0	0.0	0.1302425545959068	0.0	0.0	4.629790853643861	0.0	0.0	0.0
ko:K11275	0.0	0.0	8.199093365398586	0.0	79.13009719819065	1.288362102383364	0.0	0.0	0.0
ko:K11311	0.0	0.0	0.0	0.0	0.0	0.0	0.0	0.0	24.0
ko:K11312	0.3867312380944359	0.1982125873067906	23.006433133297797	511.93887847525417	0.2210915255352935	34.615195641870066	1.1625681500070917	22.90430763544296	57.67987104843157
ko:K11325	0.0	0.0	0.0	0.1721762557242397	0.0	0.0	0.0	0.0	0.0
ko:K11333	0.0	0.0	0.0	21.17	10.73	0.0	0.0	0.0	23.14
ko:K11334	0.0	0.0	0.0	21.17	9.127837226127028	0.0	0.0	0.0	19.684823244415604
ko:K11335	0.0	0.0	0.0	21.17	10.73	0.0	0.0	0.0	23.14
ko:K11336	0.0	0.0	0.0	21.17	10.73	0.0	0.0	0.0	23.14
ko:K11337	0.0	0.0	0.0	21.17	10.73	0.0	0.0	0.0	23.14
ko:K11358	0.0	7.635940693730807	24.51595251689732	72.2128907584417	282.3233028677728	75.85984245861593	55.46942277565678	0.0	16.03166721389715
ko:K11381	72.45066004718261	166.33999999999995	80.5071105875218	166.87509953712816	183.7221529862869	201.1	50.95638361424229	302.46	16.94
ko:K11382	0.0	18.820999489335485	14.377908891497016	50.64498999576834	33.33203919202476	56.80263051309915	7.034801608082801	2.821772748641179	15.47836524386672
ko:K11383	0.0	0.0	0.0	18.28133376601168	6.205537111378419	0.0	0.0	0.0	13.382677423792789
ko:K11384	0.0	0.0	0.0	18.62152041001857	11.125826108517924	0.0	0.0	0.0	23.99362685471619
ko:K11392	0.0	0.0	138.44221259388334	326.0	37.9754680379055	0.0	0.0	0.0	0.0
ko:K11441	0.0	2.310803924538169	0.0	0.0	0.0	0.0	0.0	0.0	0.0
ko:K11442	0.0	0.0	0.0	34.328190233972016	0.0	0.0	0.0	0.0	0.0
ko:K11444	0.0	0.0	0.0	0.0	0.0	0.0	0.0	0.0	24.0
ko:K11472	0.0	0.0	14.336090198701545	326.0	0.0	0.0	0.0	1.5643883020168243	0.0
ko:K11473	0.0256804487215559	0.0220234227960179	19.526957359912625	337.7910198658363	52.021841913108	20.144897845215358	6.790389819666498	1.607216138967014	0.0
ko:K11474	0.0	0.0	0.0	0.0	0.0	0.0	0.0	0.0	24.0
ko:K11475	0.0	0.0	0.0	0.0	0.0	0.0	0.0	0.0624245672978677	24.0
ko:K11476	0.0	0.0	0.0	15.583130478473077	0.0	0.0	0.0	0.0	0.0
ko:K11477	0.0204039778615776	0.0174983481028086	0.0	5.086878636743716	4.774162451964354	0.027216065407136	0.0320910664468484	0.47508390592456	24.0
ko:K11521	0.0	0.0	0.0	4.90148110560285	0.0	0.0	0.0	0.0	0.0
ko:K11527	0.1386131529774248	0.1188739381546902	10.79318646884389	0.2892300553496979	39.13221626992543	0.7068763107978505	24.797409124093768	0.2311681380351357	184.4533756514384
ko:K11528	0.0	0.0	0.0	347.17	10.73	0.0	0.0	0.0	23.14
ko:K11529	31.358714457688908	52.62320185614847	13.0	340.9271166522034	295.813921113689	38.7894017627525	574.7679814385149	126.33943613241972	0.0
ko:K11530	0.0	27.82051562403966	27.07443773798006	177.59524319985474	118.0043211131076	3.5956261416428505	107.9054018291822	3.2732234986273494	32.5
ko:K11531	0.0	31.192319147287748	6.36027233643794	0.0	0.0	3.25871251071851	83.99696396169118	0.0051114262989004	32.5
ko:K11533	0.0	0.0	65.97518942352222	0.0	0.0	0.0	0.0	1.4124048114881074	7.374778019890178
ko:K11534	0.0	46.377729246453626	6.329834899776567	9.522352620541524	0.0	4.426171421299018	113.23640567858884	0.0	32.5
ko:K11535	9.6	0.0	0.0	63.90383322176994	0.0	42.58	0.0	0.0	0.0
ko:K11537	146.33358436266292	204.31307393127105	283.95	262.4961478625421	423.7956374311502	228.67478104070383	242.14354885693217	559.2159777187449	429.58429877833873
ko:K11602	0.0	0.0	59.498440512117405	0.0	16.320752779365538	0.0	0.0	0.0	0.0
ko:K11603	0.0	0.0	0.0	0.2172895912232448	0.0726886334323428	0.0	0.0	0.0	0.1567581526211009
ko:K11604	234.76	160.2593980763295	177.5926303619562	19.64	595.3207527793655	33.28	1307.6576909272046	440.5294755574282	118.83
ko:K11605	234.76	160.2593980763295	307.5342728680585	345.64	630.9644672168033	33.28	1307.6576909272046	440.5294755574282	118.83
ko:K11606	234.76	159.54289717640847	95.7641898498388	19.64	579.0	33.28	1307.6576909272046	440.5294755574282	118.83
ko:K11607	234.76	160.2593980763295	259.251323019971	188.1481074971036	617.7201858348626	33.28	1307.6576909272046	440.5294755574282	118.83
ko:K11614	9.12	12.31	30.91182358974532	66.71653830432084	119.96513131841677	79.3	29.62	0.0	0.2086504233899326
ko:K11615	9.12	12.31	24.09273803646663	1.6066861915737338	115.2338744658182	79.3	29.62	0.0	0.2086504233899326
ko:K11616	0.0	0.0	11.50485191133691	1.4070008022465923	6.840129158558716	0.0	0.023652288159122	0.0045494330698814	0.2086504233899326
ko:K11617	26.42	70.25	264.16	42.01974502376666	238.35	254.79	140.63	21.01	0.0
ko:K11618	26.42	70.25	264.1867629204968	44.01095625331695	238.43241579168173	300.945607826689	140.6533659484123	21.014494356643254	0.0
ko:K11619	0.0	0.0	23.78	0.0	26.45691664439525	0.0	0.0	0.0	0.0
ko:K11621	18.72	12.31	20.345195016647207	26.26787184946277	138.80911548149754	1170.1999999999998	29.62	0.0	0.0
ko:K11622	26.42	70.25	246.30492086709503	42.01974502376666	238.35	254.79	125.04123576303084	18.0115569292436	0.0
ko:K11623	0.0	0.0	0.0	0.0257349142605594	25.16186876280713	0.0	29.224239778765025	0.0	1.8974719918787104
ko:K11624	0.0	0.0	0.0	0.0257349142605594	0.0	0.0	0.0	0.0	0.0
ko:K11625	0.0	0.0	0.0	0.0257349142605594	0.0	0.0	0.0	0.0	0.0
ko:K11626	9.12	12.31	121.65541271749132	45.16366931926317	179.7466236273674	79.3	29.62	0.0	0.0
ko:K11629	0.0	0.0	0.0	14.361895512077508	0.0	0.0	0.0	0.0	0.0
ko:K11630	0.0	0.0	0.0	14.361895512077508	0.0	0.0	0.0	0.0	0.0
ko:K11631	0.0	0.0	0.0	16.084698809942996	0.0	0.0	0.0	0.0	0.0
ko:K11632	0.0	0.0	0.0	17.084891989446582	0.0	0.0	0.0	0.0	0.0
ko:K11635	0.0	0.0	3.2052984898793	0.7139805422403154	144.32942192456915	3.6068910789316377	26.91767719826509	0.0	1.4602413923858335
ko:K11636	0.0	0.0	6.660458709160337	0.742617595136935	160.80534865642483	3.6068910789316377	26.91767719826509	0.0	1.4602413923858335
ko:K11637	0.0	0.0	0.0	4.2907855436690605	0.0	0.0	0.0	0.0	0.0
ko:K11638	0.0	0.0	0.0	4.2907855436690605	0.0	0.0	0.0	0.0	0.0
ko:K11640	0.0	0.0	0.0	0.0	22.68259792661218	0.0	0.0	0.0	0.0
ko:K11641	0.0001830840424072	2.911772085380177	3.775644182569696	3.3455738954987235	0.0002879518008746	2.804263204310649	3.883528212112194	80.27676079006127	0.0
ko:K11645	0.7329516997560698	0.6285756665629585	64.9072777380892	5.380968599087497	14.702758363810103	3.751263751236059	63.40932542531524	1.227470748360447	0.0
ko:K11685	234.76	155.44612217595346	47.39746486998308	0.0	579.0	2.3784995864860354	1210.950474394691	419.0	89.97
ko:K11686	0.0	0.0	39.77334638747064	0.0	10.91004987711868	0.0	0.0	0.0	0.0
ko:K11688	0.0	4.710992914955655	4.017318501211275	2.716172686534366	18.517775405755245	12.25	20.048134183927537	0.1247992595271495	0.0
ko:K11689	0.1027282924448989	6.3703904802954	14.701921438690174	5.222703719345323	19.710809354323803	12.946151753201551	11.521927074205989	0.3856738668494207	0.2086504233899326
ko:K11690	0.0	3.505374925351918	1.5222389773528988	0.0	18.517775405755245	13.288406014679556	5.70275891032365	0.0	0.0
ko:K11691	0.0	0.0	0.0	0.0	0.3476864264066993	0.0	0.0	0.0	0.2086504233899326
ko:K11692	0.0	0.0	0.0	12.369034259671364	0.3476864264066993	0.0	0.0	0.0	0.2086504233899326
ko:K11693	23.89486728254376	69.732930809938	167.9116509256113	56.62679527594289	106.82402545116476	78.54237843222879	73.9825223676395	8.767847566641814	0.0
ko:K11694	22.19649330520642	32.26292522325991	9.800901475802014	55.34359028185395	39.345601714999134	7.460441353150379	26.380389469473183	0.0	0.0
ko:K11695	9.12	12.31	32.57	41.74153640153264	155.31	79.3	29.62	0.0	0.0
ko:K11704	35.54	82.56	299.07286453576864	39.171421311071065	245.07142619880383	334.09	172.2954887158661	21.403442441823188	0.0
ko:K11705	35.54	82.56	296.79482620273114	60.66567089727038	333.88390643215223	336.8181939679891	170.30659792282248	21.02088640811591	0.0
ko:K11706	35.54	82.56	296.8009762882692	26.57666080087833	245.07142619880383	334.09	170.31196738843934	21.021919205631335	0.0
ko:K11707	164.8661930537515	216.73705343983005	222.0707240779764	623.0396057615493	762.7467046842602	314.25802289296337	287.46772962546623	319.677132086478	43.31968236271291
ko:K11708	8.8	21.24025496651785	120.4407240779764	376.4837329875688	467.6994621193175	51.17890901480111	78.51370477016934	6.45	19.579682362712912
ko:K11709	224.802452940382	22.664414737293548	229.4789256313904	432.6645747342177	518.7056370368322	109.08796855939826	164.52352725928114	387.8787286732697	102.14164801794917
ko:K11710	18.55943752657715	21.32197198739359	228.4306587398069	406.49033206175255	499.0003305403605	645.7343603190711	79.85281874664025	26.04857791784968	36.659682362712914
ko:K11712	0.0	0.0	0.0	0.0	0.3476864264066993	0.0	0.0	0.0	0.2086504233899326
ko:K11717	197.50905298072985	343.3465307626026	837.6945378273992	1492.421866269685	1265.6847279543426	796.6707365791731	525.3074413107531	660.6474502453509	514.2200450509649
ko:K11719	380.78	361.84	401.79	443.82537931838897	854.36	319.01740338491425	1468.8101775108885	883.4100000000001	174.0
ko:K11720	390.8620362114874	434.3233777776318	816.921938151655	1434.146441998543	1250.1639498762004	406.2534770043529	1708.3494600534664	1236.3919693003827	638.6443639692415
ko:K11732	0.0	0.0	0.0	2.5467688177774086	0.0	0.0	0.0	0.0	24.0
ko:K11733	27.90468980628333	29.26	120.89	156.13991452714075	254.34	147.05107207828584	62.23469792468795	1.7536781926487706	31.43
ko:K11734	0.0	0.0	50.84400161393671	30.057549332337334	0.6007973716827167	47.37616730111272	6.75	0.0	75.93625686321396
ko:K11735	0.0	0.0	0.0	0.0	0.0	0.0	0.0	0.0	36.83614552385232
ko:K11737	26.23423270558144	23.454118474014383	307.3039961295916	221.26582114322204	226.39145754684836	1403.5228970577705	123.491718245055	19.983200588928003	120.20240238706629
ko:K11741	5.578873989243891	36.62989131776556	132.95190615486942	697.8791911185639	132.73224022963353	152.2728383413068	90.1178851760126	43.74696520705983	94.42160423788904
ko:K11744	0.0	0.0	0.0	168.5081074971036	47.265950593270006	7.684958356690518	0.0	0.0	0.0
ko:K11745	0.0	0.0	0.0	0.0	0.0	0.0	0.0	0.0	36.83614552385232
ko:K11746	0.0	0.0	27.39226647216862	0.0	5.740211309672654	0.4343348910216509	22.80747223157184	0.9192240876943976	0.0
ko:K11747	266.11871445768884	227.21654579368763	196.27765618545257	28.878246311209192	886.1295337455706	14.649313197322352	1810.831466748489	570.9373705969526	168.18934053483974
ko:K11748	83.54216063886507	181.01745036222732	251.6478062767625	778.4277475033495	369.4361425099364	595.4541449110384	132.45301086693755	244.32290253699563	79.21062725267599
ko:K11749	435.3561326943962	513.7296897474093	1136.556699520503	1526.421169708114	1941.6398564221784	1333.3844711488623	1918.762590819637	1171.376147699457	684.5343626148676
ko:K11750	0.0	0.0	12.47	0.0	0.0	0.0	0.0	0.0	0.0
ko:K11751	446.1052236591129	442.83124316606734	584.5948683539012	353.85392393329647	1726.3902027163583	839.9351993441068	2715.308116863544	1226.8188080252337	585.4269921155365
ko:K11752	402.4044890241524	444.06063521707546	603.7740655075634	1461.427741826338	1428.4950866664442	891.8472684286902	1773.2906806365722	1147.0552639427583	464.2702024195163
ko:K11753	435.09192277369937	513.5031046571914	1126.1746031086868	1510.2530232545098	1938.2956708587355	1333.7458453164563	1927.8093711184	1168.0727278559557	666.314088059013
ko:K11754	441.5172568748679	550.6253562116775	1379.870038592028	1514.3106782400912	2086.2796824762418	1616.9685288960154	2035.9920695851736	1189.1464064061022	673.4625332995929
ko:K11755	79.55493196792501	147.8049925257346	137.49369784184154	238.60542537840905	683.8320641277728	133.81651580703698	694.9010217474392	313.16759445713234	243.0081607367231
ko:K11777	0.0254093592529211	0.0217909378403216	0.0	2.1453885345530224	0.0399634542680437	0.0338925472313489	2.922546971840555	0.0423757352097767	0.0
ko:K11782	0.0	0.0	0.0	326.0	47.852224594244746	53.33	6.75	0.0	0.0
ko:K11784	0.0	0.0	0.0	326.0	47.852224594244746	53.57745130804755	7.609822489111769	0.0	0.0
ko:K11785	0.0	0.0	0.0	326.0	50.04	12.25	0.0	0.0	0.0
ko:K11811	0.0	0.0	0.0	0.0	0.0	0.0	0.0	0.0	24.0
ko:K11814	0.0	0.0	31.457415980112344	13.00832734111942	27.459984492652172	97.06837522778244	9.322345847629046	1.0678576678025615	0.0
ko:K11815	0.0	0.0	31.457415980112344	9.13608439516553	27.459984492652172	97.06837522778244	7.437043772316997	1.0678576678025615	0.0
ko:K11838	30.02005907212	50.37679814385153	0.0	0.0	283.186078886311	0.0	550.2320185614851	120.946199530945	0.0
ko:K11890	0.0	0.0	15.772597355824832	6.734207687112102	0.0	9.14952800321506	4.984631792557038	9.77853501063422	29.283990206407317
ko:K11891	101.29901529302674	176.88196881986653	108.40989086030967	203.72300509813053	192.73588918021105	231.36209021739336	84.32468643176938	383.4315640477519	62.19828449196568
ko:K11892	0.0	10.54196881986656	25.526054744686423	15.4535945600822	8.979081593098597	24.008216927925357	29.921416567131025	53.55018830728398	45.13780831175099
ko:K11893	0.0	10.54196881986656	29.261776226784008	37.52927241668599	8.0153777621866	31.71932810622502	29.921416567131025	82.35649404229916	61.58346717326266
ko:K11894	0.0	10.54196881986656	3.0146306619112693	0.0514821790403173	0.017222036359373	3.212732566468995	2.770240861262488	0.0	15.515505777077896
ko:K11895	0.0	10.54196881986656	10.977090109209138	33.11409557866907	8.0153777621866	21.11256221417831	16.673576933248526	95.33407683268172	60.56473824577795
ko:K11896	0.0	12.691471519629562	25.526054744686423	33.59571678783806	8.0153777621866	22.422322996383578	30.27349117438216	79.0180288790093	49.5588427798168
ko:K11897	0.0	0.0	3.735721482097624	23.183435833542628	0.0	2.1670551489759258	0.0	52.47138344596959	35.98813524029712
ko:K11898	0.0	0.0	19.508318837922417	26.526060886432163	0.0	11.316583152190963	4.984631792557038	38.16420980669423	12.866903466594612
ko:K11900	0.0	11.97497061970856	16.918477277859516	35.65080746198223	8.0153777621866	24.55910225137984	36.21704123589518	98.67495997091356	60.895761865170186
ko:K11901	0.0	11.258469719787565	29.261776226784008	35.79522484478119	8.0153777621866	24.589378145359483	29.921416567131025	86.53270837130364	57.12594355204804
ko:K11902	0.0	0.0	19.508318837922417	17.005002002791755	0.0	18.4465331130565	4.984631792557038	56.295527162102445	17.32442708780923
ko:K11903	0.0	11.258469719787565	29.261776226784008	43.91664452412349	9.017541932283764	31.71932810622502	29.921416567131025	103.55364399743208	51.964704721822685
ko:K11904	0.4735809296013944	141.9467806787701	165.79160649669438	2622.637311622489	73.46993407413889	97.04942580915244	299.4177046870737	293.1328003289915	232.1646886710144
ko:K11905	0.0	11.258469719787565	7.241368627111515	4.8050295389991	8.0153777621866	11.81555710433685	16.445485910292753	23.779719333227224	20.11907938426627
ko:K11906	0.0	10.54196881986656	26.749687465033997	34.72267305965384	8.0153777621866	23.132140256527848	21.658208725805604	85.20311752241088	32.98598285086083
ko:K11907	0.0	10.54196881986656	49.627942073193736	23.3285099085316	0.0	25.56839253137377	29.921416567131025	84.62891243351852	61.58346717326266
ko:K11909	0.0	10.54196881986656	3.0146306619112693	0.0	0.0	3.212732566468995	5.914841501953646	0.0	15.47836524386672
ko:K11910	0.0	10.54196881986656	7.241368627111515	4.8050295389991	8.0153777621866	11.81555710433685	16.673576933248526	23.18667933142708	15.713857404156451
ko:K11911	0.0	1.3910197323376778	0.0	0.0	0.0	0.0	0.2280910229557772	0.0	0.0
ko:K11912	0.0	0.0	0.0	168.5081074971036	0.0	0.0	0.0	0.0	0.0
ko:K11913	0.0	0.0	0.0	0.0514821790403173	0.017222036359373	0.0	0.0	0.0	0.0371405332111735
ko:K11914	0.0	0.0	0.0	0.0	0.0	0.0	0.0	0.0	11.163854476147776
ko:K11921	0.499894602272328	10.482693505095067	98.92554318133554	14.760538359338607	50.10568268808828	18.96329530319667	33.11520300550159	247.0436849854352	200.74078305830423
ko:K11922	61.37877352980901	103.0	0.0	4.572501059054861	579.0	0.0	1125.0	247.2856356633652	0.0
ko:K11923	0.0	0.0	0.0	3.168124425357312	0.0	0.0	0.0	0.0	0.0
ko:K11924	0.0	0.0	59.498440512117405	168.5081074971036	16.320752779365538	0.0	0.0	0.0	0.0
ko:K11927	0.2282843131359929	0.1957754710754876	7.819313167770416	353.40400799428573	56.9640845648919	4.118562268107736	6.7208392118751	0.3807146614641402	28.275397463827847
ko:K11928	317.10503860608804	297.38446549606255	402.1509187394372	396.1415100880077	1038.9470484526253	198.15457920868943	1992.578620178867	883.4535331313382	300.54515903992655
ko:K11929	0.0	0.0	80.69639160812656	69.7211295311353	0.0	43.42659799092949	60.0	91.9884088508536	15.950916191219216
ko:K11931	42.62122647019099	25.19010403767578	35.86077133980443	4.107717809999846	26.53684961015273	4.426171421299018	74.98	198.74118100073704	248.3865731923777
ko:K11932	0.0	0.0	11.070367525248756	0.0	0.0	0.0	9.665224560650003	1.85907139081989	0.0
ko:K11933	71.46476890380926	13.747433865226927	0.0	0.0	0.0	2.4497291520410185	50.316855096070846	0.0	43.050470381965
ko:K11934	9.71303222066012	52.278232272738045	29.956350500651123	122.8950097388665	126.02724596073612	18.03049720416149	115.86771036730826	16.198632849012284	19.998535679030475
ko:K11935	0.0	0.0	7.829330125275624	0.0	0.0	0.0	0.0	0.1822597880575529	12.836145523852224
ko:K11936	45.815689887944224	24.473603137754772	20.98719203550168	23.596849173925637	0.989334066099836	56.47376238595116	72.28048906986719	198.7951320705705	81.11614552385232
ko:K11937	0.0	0.0	0.0	3.6779408422220095	0.0	0.0	0.0	0.0	12.836145523852224
ko:K11939	0.0	0.0	0.0	0.0	0.0	0.0	0.0	0.0	48.0
ko:K11941	0.0	0.0	22.33	14.927116652203384	0.0	0.0	0.0	0.3146205782643266	0.0
ko:K11942	0.1153238346226142	0.0989011366542039	0.0	0.2884526665708183	0.2117043284459999	0.1538259376374426	13.191638189072703	0.1923280406522711	0.0653974638278557
ko:K11957	0.0	0.0	0.0	0.4485272097488395	0.1500432199735172	0.0	0.0	0.0	0.3235787614340344
ko:K11958	0.0	0.0	0.0	10.642251112379997	7.409375022646274	0.0	0.0	0.0	0.0371405332111735
ko:K11959	0.0	0.8255668662913888	0.0	0.0	0.4205688373753115	0.0	4.842163444272086	0.0	24.0
ko:K11960	0.0	0.0	11.4777610226471	168.53118864598488	7.542196206260418	0.0	0.0	0.0	24.323578761434035
ko:K11961	0.0	0.0	0.0	10.590768933339678	7.392152986286901	0.0	0.0	0.0	24.0
ko:K11962	0.0	0.0	0.0	0.0	0.0	0.0	0.0	0.0	24.0
ko:K11963	0.0	0.0	0.0	157.49189250289638	0.0	0.0	0.0	0.0	24.0
ko:K11991	441.84528543660014	504.9445327636665	989.5042989950256	1496.359218300022	2128.684208953879	1386.712145374007	1898.3211597576965	1161.1788146363554	676.3065201566972
ko:K12048	0.0	0.0	0.0	0.0	10.764648357622598	7.524644090297708	0.0	0.0	0.0
ko:K12049	0.0	0.0	0.0	0.0	10.764648357622598	7.524644090297708	0.0	0.0	0.0
ko:K12050	0.0	0.0	0.0	0.0	10.764648357622598	7.524644090297708	0.0	0.0	0.0
ko:K12052	1.4805429986726923	2.9153165580115403	14.067384618891811	12.072528035771954	12.76736755478132	8.376366940452606	6.295293216135649	1.533892342065046	0.0
ko:K12053	0.0	0.0	0.0	0.0	10.764648357622598	7.524644090297708	0.0	0.0	0.0
ko:K12055	0.0784539072934563	16.9657984156873	57.74383817525599	17.98969458153378	2.55667690894654	4.840596969309752	167.6257059403	8.51432967267077	6.259807299405316
ko:K12056	0.0	0.0	2.9315940676545624	7.272861554498285	4.302064813333967	13.069154729963008	2.106229446284416	1.5472969893354165	0.0800069247485476
ko:K12057	22.39390894594674	4.71445892876202	104.53064668065838	67.2136492793525	19.600101945850025	51.98337759589682	101.06636256178729	46.22526966735155	39.01367917492686
ko:K12058	0.0	0.0	1.4360066419941535	0.6131118895068852	0.0	0.8330132753231141	0.8004743946907266	0.8074764765274309	0.0800069247485476
ko:K12059	0.0	0.0	1.4360066419941535	0.6131118895068852	0.0	0.8330132753231141	0.8004743946907266	1.296139673268554	0.0800069247485476
ko:K12060	0.0	0.0	24.93884771947389	15.446292825005813	0.0	0.8330132753231141	0.8004743946907266	3.718820098222368	4.485228904858369
ko:K12061	0.0	0.0	23.502841077479736	14.833180935498929	0.0	0.0	0.8004743946907266	2.9113436216949182	4.405221980109821
ko:K12062	0.0	0.0	24.93884771947389	15.446292825005813	0.0	0.8330132753231141	0.0	3.718820098222368	4.485228904858369
ko:K12063	0.0001830840424072	2.911772085380177	28.71449190204359	22.041098908343784	0.0002879518008746	8.157084186953945	4.68400260680292	103.07779318149448	7.31093591953731
ko:K12064	0.0	0.0	24.93884771947389	15.446292825005813	0.0	0.8330132753231141	0.8004743946907266	3.582372403329194	4.485228904858369
ko:K12065	140.1979301996433	188.0714514987681	182.23334725305037	208.8022166826219	231.646278000143	211.48154755668415	116.25188279763373	550.927372290617	329.141704621065
ko:K12066	0.0	0.0	23.502841077479736	32.572378864940426	0.0	24.675910765394185	0.8004743946907266	21.77489592680175	19.83218229756709
ko:K12067	0.0	0.0	24.93884771947389	15.446292825005813	0.0	0.8330132753231141	0.8004743946907266	3.582372403329194	4.485228904858369
ko:K12068	0.0	0.0	24.93884771947389	15.446292825005813	0.0	0.8330132753231141	0.8004743946907266	3.582372403329194	4.485228904858369
ko:K12070	0.0	0.0	24.93884771947389	15.446292825005813	0.0	0.8330132753231141	0.0	4.062846434454785	4.485228904858369
ko:K12071	0.0	0.0	12.334012001714536	0.0	0.0	0.0	0.0	0.0	0.0
ko:K12072	0.0	0.0	24.93884771947389	15.446292825005813	0.0	0.8330132753231141	0.8004743946907266	4.207483294963488	4.485228904858369
ko:K12078	0.0	0.0	26.36946420391962	12.61640381383684	0.0	15.296665838898068	22.55373713519166	24.139400105684285	1.4691712952613962
ko:K12079	0.0	0.0	0.0	0.0	0.0	1.3555969204024174	0.0	0.0	0.0
ko:K12080	0.0	5.6862507226965775	5.1144489740455255	76.16010898113387	1.9058311208189271	4.519807707320181	8.525405238568123	19.08221229321084	2.8257070146789416
ko:K12081	0.0	5.6862507226965775	5.1144489740455255	72.91087679329462	1.9058311208189271	0.0	8.525405238568123	0.0	0.0
ko:K12083	0.0	5.6862507226965775	5.1144489740455255	72.91087679329462	1.9058311208189271	0.0	8.525405238568123	0.0	0.0
ko:K12085	0.0	5.6862507226965775	47.024269829823965	97.4064447295084	1.9058311208189271	23.617740438428942	78.26345552267513	72.27294831652777	5.222114102407937
ko:K12089	0.0	0.0	0.0	0.0	4.235831855954167	0.0	0.0	0.0	2.5419689784483688
ko:K12090	0.0	0.0	0.0	0.0	2.8943157079086705	0.2557739717105201	49.42061879138394	0.0	0.0
ko:K12092	1.0451954824979617	0.0	0.0	327.04519548249795	0.0	5.991474383398584	0.0	0.0	0.0
ko:K12093	0.0	5.6862507226965775	5.1144489740455255	72.91087679329462	1.9058311208189271	0.0	8.525405238568123	0.0	0.0
ko:K12108	0.0	5.6862507226965775	5.145428442693178	72.91087679329462	4.895547382443941	0.4571974133349382	80.78054355878538	0.0052024509334759	0.0
ko:K12111	0.0	3.610868148260786	1.1117096742830972	22.984546041871287	33.26450955844947	0.5422638025579939	0.7368424753626102	0.0	0.0
ko:K12132	262.51265406343947	501.3175846393237	1212.565067798119	4697.634941515459	2289.1385181346104	1496.1843326252983	842.4560862878697	996.3268412526024	1102.9690715827026
ko:K12136	130.76	32.96172689029526	6.329834899776567	0.0	0.0	4.426171421299018	163.66112400126624	0.0	89.97
ko:K12137	130.76	32.96172689029526	19.329834899776568	0.0	34.11629222181991	21.924417705998863	163.66112400126624	0.0	77.44862417251196
ko:K12138	130.76	32.96172689029526	6.329834899776567	0.0	23.47859085690759	12.111129777989536	163.66112400126624	0.0	89.97
ko:K12139	261.52	65.92345378059068	12.659669799553182	0.0	0.0	8.852342842598013	327.3222480025325	0.0	179.94
ko:K12140	130.76	32.96172689029526	6.329834899776567	62.275379318388985	33.15258839090791	20.3385237744571	163.66112400126624	0.0	89.97
ko:K12141	130.76	32.96172689029526	19.329834899776568	62.275379318388985	41.3516019768863	20.3385237744571	163.66112400126624	0.0	94.89031763728708
ko:K12142	130.76	32.96172689029526	6.329834899776567	0.0	0.0	4.426171421299018	163.66112400126624	0.0	77.44862417251196
ko:K12143	130.76	32.96172689029526	6.329834899776567	0.0	0.0	4.426171421299018	163.66112400126624	0.0	89.97
ko:K12144	130.76	32.96172689029526	6.329834899776567	0.0	0.0	4.426171421299018	163.66112400126624	0.0	89.97
ko:K12145	130.76	32.96172689029526	6.329834899776567	0.0	0.0	4.426171421299018	163.66112400126624	0.0	89.97
ko:K12146	0.0	0.0	40.33954029267748	0.0	11.065360010838615	0.0	0.0	0.0	0.0
ko:K12149	0.0	6.016013250626778	0.0	0.0	0.0	0.0	3.3003042037097496	0.0	0.0
ko:K12152	0.0	21.187606886629386	0.0	0.0	2.433285795260313	0.0	32.53141628720083	0.0	25.460241392385832
ko:K12204	0.0	7.992121878860559	32.95045514547773	0.0	49.470278122517065	8.386761427857238	15.209200736849988	1.7924808017710965	0.0
ko:K12210	0.0	1.3910197323376778	0.0	0.0	0.0	2.4497291520410185	0.2280910229557772	0.0	0.0
ko:K12216	0.0861774094364919	1.3344010255616887	22.48073324661293	24.868935571140305	0.6797844133861113	33.61616730111269	1.3626740764216323	19.32353671945112	45.01625686321393
ko:K12217	0.0	5.6862507226965775	5.1144489740455255	72.91087679329462	22.38885256948144	0.0	8.525405238568123	0.0	0.0
ko:K12228	0.0	0.0	13.411474531184306	0.0	7.977626562495024	0.0	0.0	0.0	97.39352428379344
ko:K12240	0.0	0.0	0.1088437976987592	1.7510809733020796	8.971563103457395	0.0	4.858637305391939	0.0182783805423302	0.0
ko:K12243	0.0	0.0	0.0	0.0	0.0	0.0	0.0	0.0542354016823352	0.0
ko:K12248	30.02005907212	56.32823213726577	0.0	0.0	283.186078886311	0.0	559.2667596007437	120.946199530945	12.52137582748804
ko:K12251	168.53327404660436	208.860971404326	349.77626490092496	534.7315806543696	565.5975133441807	489.7465984591447	357.8652122873183	574.1078103974215	163.88246592115075
ko:K12256	0.0	0.0	0.0	0.8879107354845115	0.5607878827381712	15.798781835398096	1.094697924687944	0.0	1.0167044971030883
ko:K12257	155.5985869706894	239.3174274337241	384.470717243824	1129.4467368079863	920.3974438689032	340.06291332022045	336.5845807592509	559.7089828364229	491.7939522707762
ko:K12262	0.0	0.0	185.2857294911659	93.2765291508128	0.0	123.18087588047648	60.0	128.7380442489955	59.87164764184987
ko:K12263	0.0	0.0	0.0	28.38243571658553	0.0	0.0	0.0	0.0	0.0
ko:K12264	6.01	4.738133087657286	5.86745802418445	16.150145522609858	82.4030051467858	5.812858231188013	16.62	0.0	19.08111942285917
ko:K12265	0.0	0.0	0.0	0.0	0.0	0.0	0.0	0.0	24.0
ko:K12266	0.0	0.0	0.0	20.72665043339752	6.9335667997353285	0.0	0.0	0.0	26.11657914957513
ko:K12267	518.654140911641	603.6572462979419	1257.718259991978	1751.3011657750012	2441.046762835928	1480.871177451107	2612.9463639662	1517.1166578456211	489.2552322901541
ko:K12268	1.1250352296738046	64.84	111.45626861505008	18.759020287533215	121.463081703508	528.6670139646054	62.73261008379157	12.06639327895689	0.0
ko:K12269	7.371437714184748	64.84	111.5024953194576	24.938437363554986	121.21468013159505	556.1567222658159	62.77296931105104	12.074156232034996	0.0
ko:K12270	7.371437714184748	37.12223105157601	103.5006513568713	25.464620535945965	42.35506071829972	552.3426594850083	62.613606840283424	12.043503430507688	0.0
ko:K12276	0.0	0.0	23.502841077479736	14.833180935498929	0.0	0.0	0.0	2.1216538389437107	0.0
ko:K12278	0.0	0.0	0.0	168.5081074971036	50.04	12.25	0.0	0.0	0.0
ko:K12279	0.0	0.0	0.0	0.0	0.0	0.0	3.185171915514021	0.0	0.0
ko:K12283	0.0	0.0	42.71955365307737	4.691054427109141	38.923334040026525	17.43367281647962	8.26320784132548	10.994442751496894	1.32299369476832
ko:K12285	0.0	0.0	0.0	0.0	5.942840984474148	0.0	20.0	0.0	3.56636380765448
ko:K12287	0.254665320864989	0.2183996897291519	88.04976014648116	980.7546817211228	41.65517246183785	2.7771966979331406	37.60024736539279	2.010558553012028	64.12486452715216
ko:K12289	0.0	0.0	0.0	0.0	0.0	0.0	3.185171915514021	0.0	0.0
ko:K12292	6.246402484510934	64.84	154.7062723982338	10.921647998147089	25.52307695699913	398.24907100877033	101.15956305698248	19.45768030602584	0.0
ko:K12293	0.0	64.84	159.76396765426435	0.041389028677776	47.35259714326877	325.75315224075484	94.24259437040436	18.12722610749973	0.0
ko:K12294	0.0	101.96223105157634	277.93765765872456	13.733000703096309	23.776638295028235	246.11547522304068	131.679090417245	25.328002285693653	0.0
ko:K12295	0.0	64.84	239.16529480901988	0.0	23.83946882416207	255.82325840604096	124.53083887770156	23.95306165724169	0.0
ko:K12296	26.42	125.685537896848	295.5700266815511	40.007621530231255	278.49356039986367	297.3730000557792	105.78547260616617	14.307779725858753	0.0
ko:K12297	234.8761618804038	179.68756807564262	217.1472828539172	19.84962336841573	617.1581656789205	34.94976583885659	1321.1129562547478	438.1937256676355	131.05
ko:K12308	10.386057258002976	111.8530392219387	309.53183120413416	66.68787044883065	117.953365006773	1100.5503901966188	200.15752599467243	24.22340465344637	83.16652432794618
ko:K12339	1.3941553591957512	46.26163415173357	138.15332071886934	486.063865391012	158.59215574828156	35.714634846942054	133.88904960990584	21.92653514417185	222.58399424521707
ko:K12340	70.45236572162737	59.83265932453213	328.6752291990516	848.3740233922392	406.8775450205871	47.7288585134171	237.14145725106383	137.8444141531781	676.8971374901247
ko:K12341	0.0002829962158132	10.41809241921013	31.84672761740929	93.54205690921452	5.740656401822209	17.46680123006941	4.054721900229513	0.3898314862211696	1.9569972157265332
ko:K12343	0.0	0.0	226.18956615123807	0.0	40.62184586613856	0.0	0.0	0.0	32.30786265301189
ko:K12368	338.76	215.4768319415564	0.9118862265796124	0.0	1158.0	0.0	2379.03	839.5654464232138	57.47
ko:K12369	234.76	112.4768319415564	0.9118862265796124	0.0	579.0	0.0	1235.9200000000003	420.5654464232138	57.47
ko:K12370	234.76	112.4768319415564	0.9118862265796124	0.0	579.0	0.0	1235.9200000000003	420.5654464232138	57.47
ko:K12371	234.76	112.4768319415564	0.9118862265796124	30.080837308841176	579.7862886637066	0.0	1235.9200000000003	420.5654464232138	57.47
ko:K12372	234.76	113.51426622896992	0.9118862265796124	0.0	583.2776245245446	0.0	1235.9200000000003	420.5654464232138	57.47
ko:K12373	513.5669842304025	594.1389959141857	1060.5621113514685	1605.1403433662203	1444.9795336500465	1228.1631943498026	1204.2342529664402	1010.5004642399922	722.9576397510741
ko:K12410	374.5418228445265	436.945753999522	895.5338805376607	814.4640981558413	1835.729097568028	1022.1865871291392	2254.577085883291	1089.0257992763782	613.4566193751476
ko:K12415	0.0	0.0	22.85163500226791	0.0	11.86005703179735	198.0649705020217	19.951115748523087	3.8375257884873215	0.0
ko:K12450	0.0	0.0	0.0	157.49189250289638	0.0	0.0	0.0	0.0	0.0
ko:K12452	0.0	3.8758658403208175	32.28319952107593	33.74366945298479	268.07343253230766	66.57583497653582	16.71397639304054	0.0	11.992781459234592
ko:K12453	0.0	0.0	0.0	0.0	3.1618687628071305	0.0	0.0	0.0	1.8974719918787104
ko:K12454	0.0201239226527402	0.0172581741737107	8.14325592376768	9.122651691460783	0.2142675592617665	0.0268425107535759	0.031650599868392	0.0335610988544116	22.85246592115074
ko:K12500	0.0	0.0	202.46	93.26	0.0	70.8	60.0	142.95000000000002	18.58
ko:K12506	6.010183084042407	33.88177208538018	355.35785677645305	229.81158587698192	593.5591135984398	98.5230319626155	84.09011350989911	80.27676079006127	49.69108664956294
ko:K12507	0.0	2.310803924538169	0.0	0.0	0.0	0.0	0.0	0.0	0.0
ko:K12508	0.0	0.0	0.0	0.0	4.608389661602718	0.0	0.0	0.1754918456877721	24.0
ko:K12509	0.0	33.23219357790583	9.32237002979349	0.0	0.0	5.183582453717487	82.35893391380671	0.0	32.5
ko:K12510	0.0	38.16621630669681	39.95080152332495	650.2410443484241	502.0965796731441	56.46945744068602	85.33893391380671	0.0	55.19003226209746
ko:K12511	0.0	33.23219357790583	30.361458059100286	491.88902198633633	435.4334692977162	51.79201874312455	87.33617628525582	0.0	56.61335135857052
ko:K12512	0.0	33.23219357790583	9.32237002979349	0.0	0.0	5.183582453717487	82.51327211415263	0.0	32.5
ko:K12513	0.0	33.23219357790583	9.32237002979349	0.0	0.0	5.183582453717487	84.87652090861631	0.0	32.5
ko:K12514	0.0	33.23219357790583	9.32237002979349	0.0	0.0	5.183582453717487	84.87652090861631	0.0	32.5
ko:K12515	0.0	33.23219357790583	9.32237002979349	0.0	0.0	5.183582453717487	87.01044511239691	0.0	32.5
ko:K12516	39.14527232270333	30.178558764308104	310.00792476043904	49.58451259053455	44.33615825957512	55.06171314629991	108.15278760369428	746.954178118256	85.83475333272695
ko:K12524	314.5104344901771	330.8883622172584	293.040122721754	1067.1481101965578	888.6206521367258	178.16392612682705	1516.7895572956998	646.4552178576645	657.6359394075516
ko:K12526	6.722055093217318e-05	5.764800412221181e-05	0.0	0.0001152960082444	0.0001057234614344	8.96628551199715e-05	0.0001057234614344	0.0001121051593077	0.0
ko:K12527	6.01	12.30027571531136	137.0545539180257	89.57042495908499	325.1303361327425	11.402154716718517	36.620000000000005	0.0	10.787713384264544
ko:K12536	0.0	0.0	0.0	9.03371875042684	6.959630679023973	0.0	0.0	0.0	15.00893326305822
ko:K12537	0.0	0.0	0.0	4.51685937521342	3.4798153395119864	0.0	0.0	0.0	7.504466631529111
ko:K12538	0.0	0.0	0.0	9.287172016285073	3.561465401121254	6.296167301112713	0.0	0.0	11.616807597784856
ko:K12541	0.0	0.5456847358855268	146.0029541642965	137.62776514925935	27.979455776133896	95.68124968513266	94.25317824839586	151.92896351220787	107.33186585791393
ko:K12542	0.0	37.66791578746154	212.06126809774	124.07360797802232	37.38350326128816	109.54028543794242	76.75125963550813	160.74794404161509	93.36097616622632
ko:K12543	0.0	0.5456847358855268	156.91637141612375	201.95639252807013	117.65348658895994	99.57321105845648	94.56429873060569	152.05123099199523	132.22543010412406
ko:K12544	0.0	0.0	0.0	0.1594060048328282	0.0533251712011518	0.0	0.0	0.0	0.1149994838392034
ko:K12548	0.0	0.0	0.0	0.0	8.802111631327929	2.290505459106303	0.0	0.0	30.357534078849262
ko:K12549	0.0	0.0	2.650385468560284	0.1226599665355088	0.0243814707987216	0.0	1.2289329440432293	0.3144584610500235	0.0525803573422571
ko:K12551	35.54	82.56	299.46048919039583	72.37841180845723	394.6419067114862	890.7538674353682	172.63391283084437	21.468537110464524	0.0
ko:K12552	45.14	82.56	296.8270336912527	81.97117693266009	393.66	900.83	170.33471736947914	21.026295083152583	0.0
ko:K12553	36.02	70.25	283.20752080028683	67.95434560062779	238.43241579168173	837.9407322026656	140.71880659370564	21.02708163081348	0.0
ko:K12554	9.12	77.15	246.2379627332874	41.80779384343903	441.6966034253968	162.4810575366268	78.9435572766844	9.4872099092112	0.0
ko:K12555	36.02	70.25	269.3957073266994	50.19069934506542	238.43165006160928	831.7705982372474	145.20114788022835	21.88924395279317	0.1760841030417906
ko:K12556	45.14	82.56	296.8270336912527	81.97117693266009	393.66	900.83	170.33471736947914	21.026295083152583	0.0
ko:K12573	437.559061687787	525.676006455824	1110.7315693771502	1526.3566259496292	1994.9906178395927	1390.287425909043	2034.1334114013284	1525.103726332047	744.7533052962193
ko:K12574	121.40833753095012	210.87962241867987	760.3165475298924	424.5934743975368	1317.184013880993	1906.5866326406813	495.8078550231809	48.869696251710295	45.19278943543733
ko:K12582	0.0	0.0	24.141622116936528	0.0	6.622181066798562	0.0	0.0	0.0	0.0
ko:K12585	146.5497307375582	233.08682489453685	322.2843558174303	753.3920446630957	466.93486116032045	234.75907121279272	297.3700228145128	725.5099942225454	466.6538733541371
ko:K12658	0.0	0.0	0.0	202.6349872490394	0.0	0.0	0.0	23.66432344612367	11.78
ko:K12660	0.0	0.0	0.0	0.0	0.0	0.0	0.0	0.1641124187849031	0.0
ko:K12678	223.73166425532045	4.738133087657286	29.46808325694264	335.2888581430784	0.0	55.90358765271919	157.17468849766317	13.270794959783847	89.05383130245833
ko:K12684	207.8025466773699	131.9450403135448	98.2445927993064	169.88298614018575	573.7973484458682	10.215006890118062	1171.425330037668	413.6067633985253	81.34987263190912
ko:K12685	0.0	28.365242112597176	9.344465561687825	189.9455443157292	91.80137660890988	46.03339592580743	0.0	68.5889570552148	66.62151294560441
ko:K12686	0.0	0.0	1.1459598948261438	28.92525191094239	0.0778715425713786	39.91233460222537	18.11	19.669949757851505	25.120449187294756
ko:K12688	0.0	0.0	3.339500152164456	0.0	0.0	0.0	0.0	0.0569998587754936	0.0
ko:K12700	9.6	0.0	25.675505807304383	22.998473420755413	7.0429338846425225	889.1086445045387	8.218537989997856	0.0	4.721514211422938
ko:K12710	0.0	0.0	0.0	0.0	0.0	0.473977967020867	0.0	0.0	0.0
ko:K12940	136.77	40.17919759925539	19.95998519103375	218.6004758337484	139.88921490300123	23.60447450093028	118.85415096858922	0.0	84.46360373458161
ko:K12941	0.0	0.0	3.90986422223078	4.345257323786825	0.0	0.0	0.0	0.0	1.423319096473075
ko:K12942	4.927949633871725	54.55997125631687	226.01802874644787	789.7840695830297	108.29371953409668	82.24878429388929	94.08616952147072	294.3718930518802	34.84356239306783
ko:K12943	0.0	0.0	22.33	19.58384901274721	0.0	27.241891803882577	0.0	29.196319018404868	41.03116808236875
ko:K12944	0.0	0.0	65.25535138784583	0.0	112.62721343850872	92.88470200434136	46.59177789221006	8.961761910787635	0.0
ko:K12950	8.8	25.46	40.93	132.65088227382768	407.37464106060906	77.73224814985335	91.6400446916787	6.45	19.01816869270461
ko:K12951	0.0	0.0	0.0	0.0	0.0	0.0	1.094697924687944	0.0	0.0
ko:K12952	9.12	77.15	386.3319140698493	35.68639755785474	762.4222508971627	1111.4994963223255	167.5553571073471	26.531372817223865	19.54522480117413
ko:K12957	0.0	4.270601923670515	67.93826351808534	0.0	0.0	0.0	0.0	0.8919290679250483	24.0
ko:K12960	146.01999999999998	262.15	460.2361124792647	386.7811013056216	362.2163936828351	502.3130122908963	232.7253199928709	324.1942458395149	377.09344989714793
ko:K12962	0.8599636231231312	23.313858319750636	27.858626660456544	198.60285412844576	196.24996314319216	8.307561757635575	116.4381645572156	1.434179839828766	12.5847424844366
ko:K12972	0.0	0.0	0.0	0.0	0.0	0.0	0.0	0.0	24.0
ko:K12973	0.0	0.0	2.107790536431743	0.0	0.0	0.0	0.0	0.0	0.0
ko:K12974	0.0	0.0	22.33	0.0	0.0	0.0	0.0	0.0	0.0
ko:K12975	0.0	0.0	22.879394979832373	0.0103836874699294	0.0	0.0	0.0	0.0	0.0
ko:K12976	0.0	0.0	6.452957121257007	3.1291708875502424	0.0	3.7432967159770265	0.0	3.628542464273973	0.3595256732859291
ko:K12979	0.0	0.0	0.0	157.49189250289638	0.0	0.0	0.0	0.0	24.0
ko:K12980	0.0	0.0	0.0	59.38678398783591	28.430387303293955	0.0	0.0	0.0	61.312130680169815
ko:K12982	234.76	165.24650089992096	50.39	0.0	579.0	5.96	1302.3414162872011	419.0	89.97
ko:K12983	3.6301666543219	4.899928894155986	5.147087783243877	0.0112796683309119	6.489598969929288	35.97563552944858	11.790080734760382	0.0	0.0
ko:K12984	234.76124906568785	178.8510711924095	149.57990405391078	338.4240822336348	595.3620808039637	59.890652709671805	1339.872777618913	465.5294654901913	130.00855973748386
ko:K12986	0.0	0.0	58.07220939609582	66.69097549672985	6.426300101815789	36.31385046603471	44.62182148523268	102.28714390158574	3.1161039738959144
ko:K12988	0.0	0.0	5.546867531325148	24.88857497330514	2.1017419260650896	1.2496204510014104	1.094697924687944	0.0	17.55974244429282
ko:K12990	0.335117124726878	0.2873947493702023	8.48784896680332	55.79581311499162	44.31880870777474	38.0730413608468	17.65285841416047	0.5588820402881793	0.2186592506553925
ko:K12991	0.0029095655593	0.0024952286916781	0.0	0.0564726364236737	0.0217981568751075	0.0038809553267245	0.0045761205157345	0.0048523450941491	0.0371405332111735
ko:K12992	0.0	12.600299738188433	18.052535130016924	0.3188120096656586	249.77263819650284	23.158419833757357	78.93393713413913	0.0	6.479998967678407
ko:K12993	0.0	0.0	0.0	0.0	8.802111631327929	2.290505459106303	0.0	0.0	0.0
ko:K12994	0.0034797424994013	0.0029842095485372	0.0	0.1653744239299027	0.0587980573473621	0.0046414919730939	0.0054728861462103	0.0058032414467864	6.364999483839203
ko:K12995	171.43695330800438	231.0822438730432	127.80508626955093	255.0306622978554	490.4719585540576	206.6563564553835	666.1908847357472	428.9132395315218	123.53602390400306
ko:K12996	0.0	92.55776894842369	261.3704976750882	0.1594060048328282	298.203351582368	196.4560374738764	54.46424264002285	10.476002360769751	0.1149994838392034
ko:K12997	1.102195753296915	73.9907385390177	186.6208125669385	31.422803179122894	301.136208194929	44.593208461292186	75.51712709379446	3.904261873852224	30.49028475244974
ko:K12998	0.0009103879044882	37.12301179563334	22.53401213442628	0.0015614881146602	109.42385539026284	4.51722608492194	0.0014318442675021	0.0015182734989408	0.0
ko:K12999	9.6	64.84	154.90250646073906	9.6	206.2816339677	594.79	18.755768369487065	3.607604993526716	4.826680903526925
ko:K13000	0.0	0.0	0.0	0.0578835863904123	0.0193634622311899	0.0	0.0	0.0	0.0417586687818952
ko:K13001	0.0	0.0	8.14325592376768	175.6538421861774	0.2359421305945263	0.0	0.0	0.0	0.1149994838392034
ko:K13002	0.7596332708258796	0.6514576468158652	1.5222389773528988	25.864315549870227	2.7960793092746368	1.0132450115604692	1.1947396696217156	1.266856752295059	2.4963776032835807
ko:K13003	0.0	0.0	0.0	0.7253292028519303	0.1013921244396007	0.0	0.0	0.0	13.054804774507616
ko:K13004	30.15683574278752	54.86823128375508	14.769034920992407	26.786591456337373	337.77668226721283	6.061909231974875	567.760204138923	128.23059910650397	36.32202643803874
ko:K13005	0.0	0.0	15.481504240914528	0.0906503932624104	4.276987374745752	3.093256203576748	0.0	0.0	3.3218815707233067
ko:K13006	0.0	0.0	25.706627718107832	3.499036509453259	14.974432434169309	0.2479999962224106	0.0	25.425687281761	11.857519916523929
ko:K13009	0.0	0.0	0.0	0.0728840201433551	0.0243814707987216	0.0	0.0	0.0	0.0525803573422571
ko:K13010	35.540456401780126	18.266076143741277	204.30983051793305	244.4668004379421	434.5359005427029	346.12050806689314	181.5803608194873	21.01795306999941	54.32475991737918
ko:K13012	20.60881691079519	49.54864471396561	42.808338630704455	93.33885627802567	158.40548881579278	425.5019651879526	44.12163917981806	0.908976839972348	32.35313202152909
ko:K13014	0.0	0.0	11.4777610226471	0.0	0.0	0.0	0.0	0.0	0.0
ko:K13015	0.1537993809017296	25.613512643762697	292.5660906528965	572.6946102360599	183.50306619820023	66.80695785657666	106.31747411086788	209.72176110130675	113.3662938591109
ko:K13016	38.71098470697326	10.063343937539454	24.00406143998	7.929595522332054	91.58873284012503	3.288807777816564	31.06559690128736	0.0	84.47032685005819
ko:K13017	0.0	11.268961927143192	171.86520736818036	4.31131198073982	49.12760432548643	16.49506247560182	0.614383680046627	24.601460083082536	28.95090326958885
ko:K13018	38.71098470697326	1.2056179896037402	165.39182046271372	168.95076472834216	131.87270623171398	2.4497291520410185	31.06559690128736	24.601460083082536	72.52576788383313
ko:K13019	0.1027282924448989	1.2582696469548325	130.62393352939264	7.703831145251471	124.0298728452906	0.0	0.3088156040601253	0.3856738668494207	19.563691577764143
ko:K13020	0.0	0.0	28.0	42.13462881063774	8.528395781786555	5.558183598150587	0.0	70.95011781352852	5.630653519020632
ko:K13021	0.0	0.0	0.0	0.0	0.0	0.0	0.0	0.0	25.6722910477044
ko:K13037	0.0	0.0	0.0	0.0012054267710637	0.0	0.0	0.0	0.0	0.0
ko:K13038	434.79664172110057	528.1982580481442	915.9438671035572	1847.9649109703105	1878.1060793686331	1342.8627135494048	1953.7623126284504	1579.374367919782	330.58246592115074
ko:K13040	0.0	8.54120384734103	0.0	0.0	4.441604782139291	0.0	12.53141628720083	0.6228397929622784	0.0
ko:K13041	0.0	4.270601923670515	0.0	157.49189250289638	0.0	0.0	13.26825876256344	0.6228397929622784	0.0
ko:K13043	0.903646425614014	0.7749625991816386	100.12091363601468	7.775549123197235	39.6099473126045	1.2053385075832497	20.54900318595404	1.5070305895524851	165.38878502572362
ko:K13049	0.0	0.0	34.7817528865607	0.0	9.540828048744082	0.0	0.0	0.0	0.0
ko:K13051	0.0	0.0	0.0	110.33557490468226	23.08554848631724	3.842548563294775	0.0	0.0	0.0
ko:K13052	179.00793019964334	268.2111679876688	383.2856486256919	317.86514689092064	475.834282517361	1069.891462320511	283.09610411356243	576.133839504768	329.7264757162066
ko:K13058	0.0	0.0	0.0	326.0	0.0	0.0	0.0	0.0	0.0
ko:K13069	0.0	0.0	0.0	0.0	0.0	0.0	0.0	0.0	24.0
ko:K13075	3.174689806283366	0.0	0.3741898498388114	14.320839935058444	0.0	71.68405500085115	0.0	0.0	7.192740970109401
ko:K13086	0.0	0.0	0.0	157.49189250289638	0.0	0.0	0.0	0.0	0.0
ko:K13199	0.0	0.0	0.0	0.4981606610488423	0.0	0.0	0.0	0.0	0.0
ko:K13243	0.0	0.0	0.0	0.0	0.0	0.0	0.0	0.0	24.0
ko:K13252	0.0	37.12223105157601	0.0	19.64	31.835339813693075	27.32	0.0	19.0	41.08
ko:K13256	257.0035596055644	170.11638007559026	85.81282736227318	14.589492028597933	820.8358003641908	334.8308090636492	1265.7012493834063	419.0	102.84771593239668
ko:K13274	0.0	0.0	2.54717113754146	2.335283573555575	88.30434177268437	4.746234288209894	0.0	0.0	0.0
ko:K13275	0.0	0.0	0.0	0.0012054267710637	0.0	0.0	9.324415724264831	0.0	0.0
ko:K13276	0.0	0.0	0.0	0.3182867749917372	26.207708890513235	0.0	20.92905095937736	0.0	7.673319096473062
ko:K13277	0.1594375265771503	7.717657714606516	65.66855101239494	397.7251833378035	26.868735283580516	2.542030099220592	24.525484141591345	0.598577917849644	0.2454191641701949
ko:K13280	23.162882720209623	62.59255583330994	47.235707846058695	67.35980960976755	216.48070804500256	83.26156521568117	25.615863965725104	96.69698818805934	38.51252414028173
ko:K13281	0.0	0.0	0.932404632534682	157.4980297777839	2.871318396166584	56.38101019476317	0.8140560947307436	0.156580779550425	0.0
ko:K13282	0.0	0.0	35.54057834648202	0.0	6.365490377397986	142.13865563722916	31.02947304600936	5.968408209252556	0.0
ko:K13283	104.0	164.53	50.39	0.0	579.0	5.96	1215.11	421.7302279055284	44.28
ko:K13288	234.76	164.53	275.18	112.9	579.0	104.08	1367.5679253927492	580.95	149.63
ko:K13292	288.7	288.1120677662124	795.3375809831158	762.7950617610655	1516.7840773111195	1142.350409560129	1674.0953935596556	608.4452436576418	208.94363066345176
ko:K13300	0.0	0.0	0.0	65.07101749953826	0.0	0.0	0.0	0.0	0.0
ko:K13310	0.0622356115765567	0.0533729453710344	0.0	0.1067458907420688	0.0978832245365465	0.083013640125059	7.07172179012691	0.1037916686735613	0.0
ko:K13318	0.0	0.0	0.0	0.5286878959148914	0.1768589118785333	0.0	0.0	0.0	0.3814086878722518
ko:K13322	0.0	0.0	0.0	0.5286878959148914	0.1768589118785333	0.0	0.0	0.0	0.3814086878722518
ko:K13327	0.1517390374097265	0.1301306301836578	0.9956288221208844	0.2602612603673157	22.19423310755814	0.2023987476841763	0.4509054032138078	0.2530584579586262	13.467681336381029
ko:K13366	0.0	0.0	0.0	157.49189250289638	0.0	0.0	0.0	0.0	0.0
ko:K13372	0.0	0.0	0.0	0.0	13.58883125169838	0.0	0.0	0.0	0.0
ko:K13378	6.32978556008364	37.97839204678059	73.08	91.6437679933353	118.99539058025812	61.24199351869022	139.4453905802581	275.76631958912685	115.95299821833716
ko:K13408	0.0	21.005162909969044	32.34380038167528	33.280505571855166	0.1257735952383235	18.27338387149108	6.543517211117556	39.20478593138817	49.71645124864675
ko:K13409	30.02005907212	85.74315555493556	103.658035377801	78.8320836509931	312.46177027712696	48.53139029797088	620.492367044806	191.4572525484967	69.24271933335818
ko:K13411	0.0	0.0	0.0	168.5081074971036	0.0	0.0	0.0	0.0	0.0
ko:K13421	146.32999999999998	226.88	290.0381074501638	745.2900000000001	456.1969731304425	228.67	263.55	559.21	294.55138693680533
ko:K13472	0.0	0.0	0.0	0.0559716961903896	0.0187238886320591	0.0	0.0	0.0	0.0403793833127538
ko:K13479	0.0	0.0	78.21688836699408	0.0	231.49637247126532	3.531823519758777	20.0	0.0	1.4602413923858335
ko:K13481	0.0	0.0	1.5222389773528988	326.0	0.0	0.0	0.0	0.2603851765819914	0.0
ko:K13482	0.0	0.0	0.0	652.0	0.0	0.0	0.0	0.2603851765819914	0.0
ko:K13485	0.0	0.0	0.0	168.5081074971036	0.0	0.0	0.0	0.6866238060252468	0.0
ko:K13497	3.4731843177046864	68.78812646327845	196.19358663433903	321.104310540882	480.554761644552	270.34847397518183	153.601350406513	25.31918429323299	171.9064843826281
ko:K13498	240.83744220859373	177.8708537035628	75.17986169814981	89.73359426519328	693.4945363756927	25.399031452534324	1340.0647762325634	665.3224748225598	109.71460045046445
ko:K13500	0.0	5.405749257528711	0.0	5.7057689179996585	7.251606328701902	1.8757184727143703	8.76375562831319	19.375962045195976	7.771337417979471
ko:K13501	0.0	0.0	0.0	0.0	0.0	0.2474513080475192	0.8598224891117834	0.0	0.0
ko:K13520	0.0	0.0	58.92322781060439	0.0	16.162968739714398	0.0	0.0	0.0	0.0
ko:K13522	0.0	0.0	23.089958328497545	20.363632823674664	11.586027682341308	28.32660125981628	20.66349810743975	29.323940507348464	19.169551404013287
ko:K13525	39.15038373574191	0.376826382266787	54.47723605620005	169.98115553451655	14.111007262527082	2.0831688812830653	17.264424901179723	0.732795215699619	30.876523844286595
ko:K13527	0.0	0.0	0.0	0.9727255885136564	0.3254002795793634	0.0	0.0	0.0	0.7017485992047037
ko:K13529	0.0617075232018553	0.0529200594547556	35.056284315215535	15.583197278658156	51.76821676341631	22.170964647999124	0.4346209708923002	0.1381546219689749	102.10519149769058
ko:K13530	0.0	0.0	0.0	0.94733944901879	5.740211309672654	0.3157486336776944	1.094697924687944	0.0	0.0
ko:K13531	31.661943390399337	5.41	80.21942978607184	45.1303246674234	137.41232755962957	324.0115419956272	38.6853509211743	0.0	9.967046567677064
ko:K13532	0.0	0.0	0.0	14.73613993448206	0.0	0.0	0.0	0.0	0.0
ko:K13533	0.0	0.0	0.0	0.0	0.0	7.879401762752495	0.0	0.0	0.0
ko:K13541	0.0	0.0	61.70706559088011	0.0	53.2306503000234	0.6153759205313281	0.0	0.0	0.0
ko:K13542	130.95885393382855	171.00506746462702	146.45970801390774	701.1862607380817	566.2069140498605	233.1873697499436	164.99832154344006	212.3294075395915	67.54936220248615
ko:K13543	0.0	0.0	22.33	12.926981477666253	12.134224371804407	0.0	0.0	0.0	0.0
ko:K13566	156.74195079428733	206.6083728020848	293.4806413238175	373.3155791081296	531.7346596109667	282.9642158357801	197.99277628251463	304.3311014828779	257.9706700178262
ko:K13572	0.0	0.0	0.0	20.60098008562791	10.095852571020195	0.0	0.0	0.0	21.772416448593415
ko:K13574	0.0	0.0	45.0	0.0	0.0	0.0	0.0	0.0	0.0
ko:K13581	1.07197463395077	0.5494225570439876	31.55914139406666	8.741011800136206	9.069189482610703	0.0	3.2225055653310277	0.0	0.0
ko:K13582	0.0394838313714204	0.0338611338659966	12.41467556612096	21.191513592033434	12.57390149854196	0.2683553185982214	0.1325246452814293	0.0793940466455712	12.44547618128185
ko:K13587	0.0	0.0	0.0	3.1798012079728903	1.0637205541824313	0.0	0.0	0.0	2.293988222160434
ko:K13590	0.0	0.0	0.0	326.0	0.0	0.0	1.094697924687944	0.0	0.0
ko:K13599	0.0	0.0	22.33	0.0	0.0	0.0	2.98	0.0	0.0
ko:K13601	0.0	0.0	0.0	24.352015718882907	12.000522143182057	0.0	0.0	0.0	25.87997040011489
ko:K13602	0.0	0.0	0.0	22.356869652296503	13.33959855290751	0.0	0.0	0.0	28.76778289974649
ko:K13603	0.0	0.0	0.0	40.82853311458664	17.512316456364132	0.0	0.0	0.0	37.76654266544883
ko:K13604	0.0	0.0	0.0	21.22148217904031	12.105639345171	0.0	0.0	0.0	26.10666304261481
ko:K13605	0.0	0.0	0.0	21.310256053457124	12.989480943485676	0.0	0.0	0.0	28.01272963953948
ko:K13607	0.0	0.0	13.430820660862988	0.0	252.2200758457141	5.9392593658548805	32.0	0.0	0.0
ko:K13609	0.0	0.0	9.99598799828546	0.0	0.0	0.0	0.0	0.2603851765819914	0.0
ko:K13611	0.0	0.0	0.0	157.83207914690323	4.269758594582719	0.0	0.0	0.0	0.2454191641701949
ko:K13612	0.0	0.0	0.0	0.340186644006887	0.1138006755205787	0.0	0.0	0.0	0.2454191641701949
ko:K13613	0.0	0.0	0.0	1.241679508979472	0.1138006755205787	0.0	0.0	0.0	0.2454191641701949
ko:K13614	0.0	8.278096429367736	0.0	0.0	4.15595791906214	0.0	18.357962704752083	0.1204441947058273	0.0
ko:K13622	0.0	0.0	0.0	326.0	10.658612166092391	2.773608240327251	0.0	0.0	4.826680903526925
ko:K13623	0.0	0.0	0.0	326.0	0.0	0.0	0.0	0.0	0.0
ko:K13626	0.0	0.0	157.0	329.39911772617234	79.29816567804616	71.44999999999999	29.73	0.0	19.24954523297457
ko:K13628	282.59098470697325	177.38568473588563	289.2897966047243	570.5767170768062	785.1699849839026	183.38	1480.2535222940364	580.95	213.57896806067703
ko:K13629	0.0	11.229708283882967	0.0	0.0	0.0	0.3743602290544765	74.64544500433082	0.0	0.0
ko:K13633	0.0	0.0	0.0	0.0	0.0	0.0	0.0	0.3425974697928269	0.0
ko:K13634	234.76	165.24650089992096	280.6509485567504	115.23585521747042	579.0	107.25364324308012	1370.857264759398	584.026352249829	149.9348131928382
ko:K13635	0.0	0.0	0.0	19.64	0.0	27.32	0.0	19.0	41.08
ko:K13636	0.0	4.648302435674307	0.0	0.0	0.0	0.0	0.7368424753626102	0.0385440691317596	24.0
ko:K13637	35.04706735431296	17.181594450919235	22.33	0.0	0.0	0.3743602290544765	109.34354150064034	0.0806846555834117	20.43748653806288
ko:K13639	0.0	0.0	0.0	0.0	0.0	0.0	0.0	0.0	24.0
ko:K13640	0.0	0.0	0.0	0.0	59.19274188708099	12.25	0.0	0.0	0.0
ko:K13641	0.0	0.0	1.5222389773528988	497.3677582568245	0.0	0.0	0.0	0.0	0.0
ko:K13643	240.77	165.07568473588563	252.85	112.9	678.03	109.5272885241023	1384.5400000000002	580.95	157.06
ko:K13651	0.0	0.0	2.107790536431743	19.600901348080978	7.915393761357717	26.39783286542894	0.0	0.0385440691317596	17.070103600914965
ko:K13652	23.30150101079555	83.70835335890655	109.70382955903284	460.3693607200176	93.17862441768956	75.88777460376336	49.04161045184619	98.5140126114604	19.667230990662944
ko:K13653	70.9820725220629	53.74350868794399	236.16765269921495	57.16368684598139	695.2070108467502	269.0089984674633	679.0679657718292	139.4367738994431	78.42087956591037
ko:K13655	0.0396800630463618	0.0340294211568483	3.502136407262252	23.64707826870834	10.835301652651207	26.45076054446072	0.062408200424183	0.1047193641489517	20.121286776096422
ko:K13656	0.0	0.0	0.0	0.0728840201433551	0.0243814707987216	0.0	0.0	0.0	0.0525803573422571
ko:K13657	0.0	0.0	0.0	19.64076674146761	6.950415537159852	0.0	0.0	0.0	14.989060161218918
ko:K13660	0.0	0.0	0.0	19.64076674146761	6.950415537159852	0.0	0.0	0.0	14.989060161218918
ko:K13663	0.0234016094150355	0.0200691017451729	2.2260723957417543	0.1008530005132585	65.44218060928803	1.117036182793799	1.0158939489531569	0.0390273676003915	0.0
ko:K13665	0.1095641677491296	0.0939616755063738	0.0	0.1879233510127477	0.1723208587699919	0.146143344007146	12.32039180847994	0.1827225202651624	0.0
ko:K13668	146.33091038790445	204.3107807440573	171.08	278.6417070107245	327.1940468575466	228.67121433070167	227.08143184426748	559.2115182734989	99.50111942285918
ko:K13677	36.02	70.25	284.27859451407727	32.77	238.35	821.53	158.19497545178368	24.388560232921137	0.0
ko:K13678	31.79649330520642	4.545156274835985	110.97590739625016	29.066038981136742	92.66209627925905	792.0604413531504	119.14069545385428	17.842113235666456	0.0
ko:K13683	0.0	22.57635787080643	15.38862666045654	31.118264236645707	51.78963946586586	5.465335330674709	32.497720897858535	0.0	6.7958128341779735
ko:K13687	0.0	0.0	8.431162145727003	0.0	0.0	0.0	0.0	0.0	0.0
ko:K13693	0.0	0.0	0.0	168.5081074971036	0.0	0.0	0.0	0.0	24.0
ko:K13694	234.76	161.8441678538085	112.72628662033226	114.41738661604184	685.4037298648159	5.96	1318.4481653218954	419.0	165.7434881364598
ko:K13695	257.9271487995425	277.1920802416663	346.3986972250236	617.4732340260756	815.8343785579989	92.20856746122178	1384.3636134632875	515.7041028203646	226.5635210911023
ko:K13713	0.2715133598496332	0.2328484826558563	101.2737720817658	20.171954407218117	22.08174734665786	27.68216101638171	31.103744439114056	19.452808672913783	41.81429877833872
ko:K13714	8.41663319668271	0.0	19.49133707345396	60.76343813959305	67.93639356977857	37.33127515778644	17.01733473370135	3.2732234986273494	4.721514211422938
ko:K13715	0.0	0.0	0.0	0.307123826924194	0.0	0.0	0.0	0.0	0.0
ko:K13727	5.249632021296676	1.060985767418299	12.35888639107851	5.77543903399862	0.1197923015956374	264.74144197757533	0.0649093229786718	0.0499765839736754	0.0
ko:K13730	138.88311473795105	70.04910634766398	132.72420323275176	523.3858340378044	137.01991044033815	116.99956934963	222.1250826049219	341.50492003741283	212.74688462153716
ko:K13731	17.536633196682708	12.31	104.43131025062846	41.70371541127393	263.1211388835773	130.93671954363242	46.63733473370135	3.2732234986273494	4.721514211422938
ko:K13732	0.0	0.0	60.07952963390564	5.923141064114234	115.90068594202435	121.71559464172992	39.05631181487847	7.512341950293846	0.0
ko:K13733	0.0	55.435537896847926	75.31374640732139	22.77831934716056	73.55552645977511	0.9776947833061492	46.40332470893622	8.925513614709786	0.0
ko:K13734	2.4864403944356424	3.1712468059882224	37.94114835707302	9.31129739144714	22.035535015658848	16.91537466581157	10.581254150884304	0.7126962506995237	3.073918823736576
ko:K13735	29.3359278604073	0.4181398055272772	31.287504897057985	1126.6091198300635	70.61806366504709	8.529755740722042	46.97733602442831	1.3562437137879595	6.0208347257848205
ko:K13745	104.0	130.1393081530217	3.3152042378652973	19.64	579.0	30.608807777816565	1125.2280910229558	438.0100817344632	58.10163475613325
ko:K13746	0.0	0.0	52.01414633540008	0.0	8.142526251724327	0.0	18.11	0.0	0.0
ko:K13747	146.5332009854005	204.4842641362137	289.9418050128268	325.9243321895768	513.033599217376	518.5223608394144	370.1017196979206	574.4465683219629	150.1695745757984
ko:K13766	0.0	22.57	30.53	834.3313148596495	91.22079737168274	0.0	21.47	0.0	36.83614552385232
ko:K13767	0.0	0.0	0.0	9.082406915788448	0.0	0.0	2.98	0.0	0.0
ko:K13770	0.0	0.0	0.0	4.324023467715843	0.0	0.0	0.0	0.0	0.0
ko:K13771	0.0	6.561697986512312	159.26724386401472	127.72701429591262	0.0	82.79572205336173	67.1755586204244	163.1766352797609	49.4099357977469
ko:K13774	0.0	0.0	0.0	30.080837308841176	0.7862886637066603	0.0	0.0	0.0	0.0
ko:K13776	0.0	0.0	0.0	0.0	0.0	0.0	0.0	0.0	24.0
ko:K13779	0.0	0.0	0.0	0.0	64.82072800602937	0.0	0.0	0.0	12.836145523852224
ko:K13787	0.0001830840424072	2.911772085380177	147.7756441825697	3.3455738954987235	39.50028795180087	2.804263204310649	6.037241754228609	80.27676079006127	6.891883334772528
ko:K13788	404.3722644300954	464.54211365960754	598.4983287197923	916.7286751329352	1179.5575020998572	426.47015367500194	1669.136358678238	1397.6089945483357	390.7607552744564
ko:K13789	200.39381626141432	351.93779927230355	835.2004904238959	1394.971370827439	1313.332253932986	1215.2077608808097	562.725653726691	667.1529465004246	675.2819321596678
ko:K13794	0.0	0.0	0.0	0.0	0.0	0.0	0.0	0.0	48.0
ko:K13795	0.0	0.0	0.0	0.0	0.3171962357114192	0.5219856652915702	0.0	0.0385440691317596	24.0
ko:K13796	0.0	0.0	0.0	4.827224512921925	0.0	0.0	0.0	0.0385440691317596	24.0
ko:K13797	0.0	0.0	0.0	0.0	50.04	12.25	0.0	0.0	0.0
ko:K13799	0.4076080286701121	0.3495625815493682	0.0	1.5095497618590776	0.6410797159779928	0.5436923546976337	46.56928110379929	0.6797766807251553	0.0
ko:K13810	0.0	0.0	15.194846241326315	3.65	13.37599560927192	10.240598237247507	0.0	0.0	168.3686130631947
ko:K13816	0.0	0.0	0.0	0.0	0.0	0.0	0.0	0.3059540474959283	0.0
ko:K13818	110.01	115.37407378138808	16.84564951843467	114.63131179984715	685.8813271595717	42.41926491877594	1156.4699999999998	444.7721826849437	12.14166721389715
ko:K13819	0.0	0.8255668662913888	0.0	7.85	52.32836521378253	12.25	14.878187051231546	0.0	5.559431757819102
ko:K13820	0.0	0.0	0.0	3.3991177261723315	13.794168144045834	18.12	22.98	0.0	19.24954523297457
ko:K13821	72.641285542311	107.66680226234286	342.3249805754004	621.1794336743656	444.2539098242535	91.48163864030634	647.8349169285204	454.44766691878567	162.3117440142295
ko:K13829	0.0	0.0	93.52713464932108	4.019768954032054	282.3840430022533	31.260180525673896	2.98	0.0	176.5532255882846
ko:K13832	0.0	0.8255668662913888	143.8698058515984	326.0	38.74201106740007	535.6127165820889	8.540307198795421	0.711324730225536	0.0
ko:K13853	0.0	0.0	1.0015876618274364	27.66361489021273	24.896212391133027	2.421575068338927	0.6398553134674092	0.1230738820466013	4.920317637287087
ko:K13874	0.0	0.0	0.0	168.5081074971036	0.0	0.0	0.0	0.0	0.0
ko:K13877	0.0	0.0	0.0	326.0	0.0	0.0	0.0	0.2603851765819914	12.836145523852224
ko:K13888	147.87337244066424	241.2189958790974	436.204311599804	844.6154927900507	745.6017880619017	178.46530158777725	1349.239549947746	613.4298761165455	149.1599927550829
ko:K13889	0.0	1.0120464369940243	1.2532657647495324	9.23590338405599	0.0	0.3369136309243398	0.0	0.0	0.0
ko:K13890	0.0	1.0120464369940243	1.2532657647495324	9.23590338405599	0.0	0.3369136309243398	0.0	0.0	0.0
ko:K13891	0.0	1.0120464369940243	1.2532657647495324	9.23590338405599	0.0	0.3369136309243398	0.0	0.0	0.0
ko:K13892	0.0	0.0	0.0	30.080837308841176	0.7862886637066603	0.0	0.0	0.0	0.0
ko:K13893	0.0	0.0	280.6958010894083	101.17166166449032	37.6557035467028	81.78885939029267	60.0	143.4903708992432	49.08212783994898
ko:K13894	0.0	0.0	171.79468094047388	91.4152327526246	14.051711953121815	68.53314710934674	60.0	130.64102484010905	47.80898033273948
ko:K13895	0.0	0.0	176.46978414070227	96.126893870109	14.051711953121815	71.24512831849194	75.3781785147672	151.89320338266825	48.0694531042393
ko:K13896	0.0	0.0	159.56860925078635	103.65533882354016	9.78198912150269	85.55960830371605	60.0	149.69802469888452	82.45363469583714
ko:K13915	0.0	0.0	0.0	0.4981606610488423	0.0	0.0	0.0	0.0	0.0
ko:K13918	0.0	0.0	0.0	0.0	0.0	0.0	0.0	0.0806846555834117	0.0
ko:K13919	10.310386277445389	14.338290906849306	17.824703414392854	127.48910993294722	30.11154601999586	28.681740413564825	20.760440119126336	1.7754457162578818	4.356081176263424
ko:K13920	10.310386277445389	14.338290906849306	17.824703414392854	127.48910993294722	30.11154601999586	28.681740413564825	20.760440119126336	1.7754457162578818	4.356081176263424
ko:K13921	5.241943390399334	0.0	0.0	5.241943390399334	6.807414669142169	23.250203079500377	29.9639763930406	0.0	4.085203922358195
ko:K13922	10.310386277445389	19.31777242282314	38.52064103890794	129.83252504364324	148.2079258257419	31.740066400463256	62.772696860582464	2.162496106608456	21.260629007943752
ko:K13923	5.241943390399334	0.0	0.0	5.241943390399334	0.0	23.250203079500377	0.0	0.0	0.0
ko:K13924	1.1250352296738046	0.0	37.37248732895495	688.7084414955024	54.13759112960604	4.990000008282356	2.5240783807551024	0.9468459131536752	53.32532818309639
ko:K13925	1.6983739773373427	0.3477745351020069	7.937315475303091	2.194459844640909	8.425308900607076	21.27808888451358	8.632372599868813	1.2721534911384622	0.0
ko:K13926	0.0	37.14656768400965	69.78608988638703	0.0	0.0	4.775102202565535	84.88349089445195	0.1587622583129349	32.5
ko:K13927	104.03968006304636	128.03301386770147	198.37212559525068	14.872721001336837	634.4190010618726	11.998628100138912	1201.25438583499	419.67604255697927	69.02137582748804
ko:K13929	0.0	12.05575624227887	17.27533116315139	0.0	0.0	322.36864450453663	0.0	0.0	24.0
ko:K13930	0.0	0.0	0.0	0.0	0.0	0.0	0.0	0.0602020860578938	24.0
ko:K13931	0.0	0.0	0.0	0.0	0.0	322.36864450453663	0.0	0.0	24.0
ko:K13932	0.0	0.0	0.0	0.0	0.0	322.36864450453663	0.0	0.0	24.0
ko:K13933	0.0	0.0	0.0	0.0	0.0	0.0	0.0	0.0	24.0
ko:K13934	0.0	0.0	0.0	0.0	0.0	322.36864450453663	0.0	0.0	24.0
ko:K13935	0.0	0.0	0.0	0.0	0.0	322.36864450453663	0.0	0.0	0.0
ko:K13936	0.0	0.0	0.0	0.0	0.0	0.0	0.0	0.1610516562144548	0.0
ko:K13940	195.62164650367072	287.10140421684457	365.5885984573671	278.8091743543485	333.7268134714862	550.1124326580193	331.26632418648865	754.459473758921	38.90327441246086
ko:K13941	0.0004190228906068	0.0003593519093495	0.0	0.000718703818699	0.0006590328374417	0.00055891819111	0.0006590328374417	0.0006988134916133	0.0
ko:K13950	0.0	37.12223105157601	172.72358367790608	54.49842538758185	103.10602512230042	248.6381939679891	106.50914511340169	20.48665328968753	4.920317637287087
ko:K13953	19.2	64.84	276.6073309721233	447.9892010797871	80.55049666984411	156.56970563555146	127.21612822110224	143.739572006995	53.553660580034204
ko:K13954	0.0	0.0	138.44221259388334	328.8713885245782	37.9754680379055	3.6948517094791433	0.0	2.7752275188662985	38.08995853579442
ko:K13955	0.0	0.0	0.0	12.641678669960683	0.0	0.0	0.0	0.0	0.0
ko:K13963	1.863817173330968	1.5984001707996591	59.69906276648322	34.25671532866918	215.25062907085345	5.495142081956626	131.85487157002785	3.108328007422215	194.4012061976028
ko:K13967	0.0	0.0	0.0	0.0	13.179271993970628	0.0	0.0	0.0	0.0
ko:K13979	45.86541154202133	95.53570404130652	132.68995809055104	116.92648734924224	102.06736563692874	130.6063966313236	32.25830521955636	232.31012417521455	19.175295399442057
ko:K13990	69.21992496081278	10.047630990866123	107.27830357118646	58.430626464301504	186.7948767884853	9.630275536050547	125.77927108848031	250.8326677321465	202.0818274165364
ko:K13993	12.13521643705136	25.124188779876324	452.6836467344908	515.4396562511233	505.82558927056186	683.3964117384346	110.03685495922316	250.43803500736095	592.5810782537078
ko:K13995	0.0	0.0	1.5222389773528988	0.0	0.0	0.0	0.0	0.0	0.0
ko:K14026	0.0191028652842591	0.0163825205444121	22.33	0.0327650410888242	0.0300446963489771	0.0254805623965671	0.0300446963489771	0.0318582595088752	0.0
ko:K14048	0.0	0.0	11.425804585350903	0.0	132.8143190203186	5.573217886884355	0.0	0.0	4.826680903526925
ko:K14052	0.0	0.0	0.0	19.65014231832497	0.0	27.32	0.0	19.0	65.08
ko:K14054	0.0	0.0	0.0	168.5081074971036	0.0	0.0	0.0	0.0	0.0
ko:K14055	130.76	61.53	50.39	337.01621499420787	0.0	5.96	182.92	0.0	89.97
ko:K14057	0.0	0.0	0.0	0.0	0.0	0.0	0.0	0.0	11.163854476147776
ko:K14058	235.10976297908985	165.8735970891092	437.4035859334268	114.9310516880184	698.953310017378	121.87119978225682	1379.2423810027983	581.5333072467732	203.14045582042823
ko:K14059	36.41770154949629	10.198769255071914	31.17338020847784	111.53028732262553	49.83075039534464	38.703592647744486	31.65277219458653	47.38244998275373	35.731587390402666
ko:K14060	0.0	0.8784750348901744	0.0	0.1325295557176126	0.0443343477258944	0.0	0.0	0.0	0.0956101403893007
ko:K14064	0.0	0.0	0.0	62.275379318388985	0.0	0.0	0.0	0.0	0.0
ko:K14065	0.0	0.0	0.0	62.275379318388985	0.0	0.0	0.0	0.0	0.0
ko:K14067	0.0	0.0	0.0	0.0	0.0	0.0	0.0	0.0	24.0
ko:K14080	6.01	16.95	40.74560969184043	109.86728959122324	111.95553067649192	13.050580455326886	16.62	0.0	12.298425366518252
ko:K14083	0.0	0.0	0.0	0.0	0.0	0.0	5.96	0.0	0.0
ko:K14084	0.0	0.0	3.044477954705811	0.0	0.0	0.0	5.96	0.0	0.0
ko:K14086	0.0	0.0	13.0	0.0	0.0	0.0	2.98	0.0	0.0
ko:K14087	0.0	0.0	0.0	0.0	0.0	0.0	2.98	0.0	0.0
ko:K14088	0.0	13.747433865226927	0.0	0.0	0.0	2.705503123751539	52.17252776842816	0.0	0.0
ko:K14089	0.0	7.992121878860559	11.452334418424297	18.724620681611015	0.0	0.0	2.98	0.0	0.0
ko:K14090	130.76	13.747433865226927	0.0	0.0	0.0	2.705503123751539	142.01726094152477	0.0	44.94862417251196
ko:K14091	0.0	7.992121878860559	11.452334418424297	18.724620681611015	0.0	0.0	0.0	0.0	0.0
ko:K14138	0.0	0.0	0.0	0.0	7.851327159571686	0.0	0.0	0.0	4.711667213897151
ko:K14153	178.42523109619074	208.84743428741356	145.78951731956164	243.65667743068795	851.7303051511736	378.5310576424175	1305.220243541563	443.8027593011605	94.01712830951436
ko:K14155	123.59701437047136	194.5206903129564	820.9374412415647	920.7584000444394	1355.1436410977228	1889.2974471673865	629.2772294127819	279.37775462536365	436.2155767809525
ko:K14159	0.0	0.0	22.33	19.64	0.0	27.32	0.0	19.0	41.08
ko:K14160	0.0	0.0	0.0	326.0	0.0	0.0	0.0	0.0	0.0
ko:K14161	0.0	0.0	47.13897733706872	326.0700260815744	57.66193443591274	47.557091220295966	19.070655536477737	3.6681724143678234	0.0
ko:K14162	0.0004972664157398	0.0004264531603338	16.07686298706291	330.461277505081	322.37973081962105	32.48702432795156	75.56761149749143	0.000829301902199	27.83327638589231
ko:K14166	0.0	0.0	0.0	5.469775148967161	0.0	0.0	0.0	0.0	0.0
ko:K14170	240.83181658868597	217.24290442074616	465.94698626086097	641.6371918003885	1041.3203366507769	237.03997251549296	1453.8419724083617	592.0253469617884	470.53654082406
ko:K14187	234.76	155.44612217595346	86.21979960621307	0.0	600.8143176221232	24.652949146552984	1307.9200000000003	419.0	101.88467253770976
ko:K14188	9.6	65.556500899921	273.04722325402497	37.87811056268274	174.45039039824033	829.505492751013	147.08629523534825	54.31100778771644	1.737144551915159
ko:K14189	0.0	0.0	22.72101997789496	61.64686300822679	1.440053538741363	0.0	0.0	38.991811053605794	0.0
ko:K14192	0.0	0.0	25.0	17.363822903532377	51.16893969413436	0.7301805256738739	0.0	0.0	0.0
ko:K14193	0.0	0.0	0.0	4.657637568502394	0.0	0.0	0.0	0.0	0.0
ko:K14194	11.079937234958289	0.5170691900620102	108.7729705053261	213.2574609103592	170.555145463202	212.6133471944011	88.68136357309352	16.123184077671088	0.0
ko:K14195	2.5251327174562497	55.952607086909936	100.61794307824483	21.75268331177543	94.0607410902242	97.39655352409306	90.3779858723935	16.806630856164134	0.0
ko:K14196	0.0031807155958652	2.914342839022541	3.775644182569696	7.339786017367778	0.0050025811745096	2.8082616274112278	3.888242841485829	80.28176000470897	0.0
ko:K14197	0.0034781776495385	0.0029828675412181	0.0	7.484076896712803	0.1593251562468176	0.0046394046812673	0.0054704249741159	0.0058006317129962	0.0
ko:K14198	0.0	0.0	0.0	3.1469707370165323	0.0	0.0	0.0	0.0	0.0
ko:K14199	0.0	0.0	0.0	0.8737666776607537	0.0	0.0	0.0	0.0	0.0
ko:K14200	0.0	0.0	0.0	0.9438298243803908	0.0	0.0	0.0	0.0	0.0
ko:K14201	0.0	0.0	1.4947543569138102	14.42515174462556	50.64278865027062	0.0	1.305027722849457	0.2510174169831281	0.0
ko:K14204	0.0	0.0	0.0	0.1783638011742034	0.0	0.0	0.0	0.0	0.0
ko:K14205	18.72	12.31	72.2768428073199	45.64134499422241	411.76202998016174	131.84713660537315	33.05117638917201	0.449413279674175	8.849918224122495
ko:K14260	240.9938326604961	277.3316755552348	662.4435119838824	266.2431862526597	1031.3743166056972	399.5208233697807	1613.793400849089	621.4545882056859	510.6277682956351
ko:K14261	1.4125007518926564	24.8313534929206	110.56259406811056	393.94240116863546	146.81529562677702	24.67407932570492	92.88109035464352	2.3556578995171837	115.307183591734
ko:K14267	0.0	0.0	207.47695047926277	110.23519887465808	0.0	73.71028344065385	60.0	147.83571996791434	42.859518748537376
ko:K14274	0.0	0.0	12.47	0.6832364929331172	0.311220093158071	0.0	0.0	0.0	0.6711680294201083
ko:K14287	0.0	0.0	0.0	0.0	0.0	0.0	0.0	0.0	24.0
ko:K14292	0.0	0.0	0.0	1.1107886408975174	0.0	0.0	0.0	0.0	0.0
ko:K14333	0.0	0.0	0.0	0.0	0.0	0.0	0.0	0.4214368327964462	0.0
ko:K14335	0.0	0.0	0.0	168.5081074971036	0.0	0.0	0.0	0.0	0.0
ko:K14338	0.0	0.0	0.0	168.5081074971036	0.0	0.0	0.0	0.0	0.0
ko:K14347	0.0	22.57	52.86	721.4489711371893	10.336715028482455	0.0	21.47	0.3194727819717284	24.0
ko:K14348	0.0	0.0	0.0	0.0	0.0	0.0	0.0	0.0	24.0
ko:K14379	0.4680125591058795	0.4013652010053586	3.0062288723078523	2.9045370608830963	3.3824608721432523	0.624263587541545	3.618666561482708	0.7805146159772104	32.30786265301189
ko:K14392	247.57375306377685	184.37321516044935	96.58631384751708	333.0778197445343	750.4178233605923	120.69037954634946	1369.6122339690212	447.8429692637575	107.05
ko:K14393	0.0	0.8255668662913888	31.0902439043559	386.0577508301311	9.491944377675113	28.673282269912296	4.842163444272086	55.4163395459582	85.04910873723497
ko:K14414	0.0	0.0	127.54981610486576	223.00659990548388	0.0	70.56634790497174	68.26320784132561	93.77690531930236	20.367147221491216
ko:K14415	0.5867203026091867	24.19715478608016	104.23205138424996	785.7396297484079	66.24668674063673	33.56793851912336	46.92696492536649	19.978486074288107	61.14475808693619
ko:K14441	387.218020977267	422.4812141925296	605.903018842537	1306.602428385059	1522.7107285936654	356.1177092378104	1664.2583263826243	997.40682612348	673.1462174315149
ko:K14445	388.1775670497378	363.1956208493342	521.646732670371	1206.1971833787184	1355.6182594620673	172.7940665849109	2686.523580609479	1421.1223960362609	557.6956109368151
ko:K14451	0.0	0.0	0.0	0.0	3.816388502772516	0.0	0.0	0.0	0.0
ko:K14475	0.0	0.0	0.0	267.56354317823934	2.6486612916960306	0.0	0.0	0.0	5.712024444533657
ko:K14534	68.56582130903914	1.341421946102778	102.6383039304874	28.98395310994044	56.22065673384875	0.0	67.71447118658926	3.778643130606903	57.01097585348051
ko:K14540	54.84375306377685	122.50320342246032	574.8705802173799	404.523624402823	795.6559698926961	1054.5774513080476	347.139800000539	173.95990881095082	48.150000000000006
ko:K14580	0.0	0.0	0.0	0.0	0.0	0.0	0.0	0.0	24.0
ko:K14581	0.0	0.0	0.0	0.0	0.0	0.0	0.0	0.0	24.0
ko:K14582	0.0	0.0	0.0	0.0	0.0	0.0	0.0	0.0	24.0
ko:K14584	0.0	0.0	0.0	0.0	0.0	0.0	0.0	0.0	24.0
ko:K14588	0.0	0.0	0.0	0.0	0.0	0.0	0.7931068129578825	0.0	0.0
ko:K14591	0.0	0.0	0.0	0.7768373884927848	0.0	0.0	0.0	0.0	0.0
ko:K14597	0.0	0.0	0.0	21.17	10.73	0.0	0.0	0.0	23.14
ko:K14598	0.0	0.0	0.0	21.17	10.73	0.0	0.0	0.0	23.14
ko:K14605	0.0	0.0	0.0	24.58773719871444	12.079376689978956	0.0	0.0	0.0	26.0500257787617
ko:K14623	82.61066482419812	145.29939078047994	193.5806348933888	380.8796901575967	336.59050887898366	130.36047621780156	235.1301328131652	264.7696857204972	100.70178720937534
ko:K14645	0.0002760770073052	0.0002367622436067	42.38076819474029	527.9792556525133	110.05754270079082	7.624276346986526	0.0684999211085907	0.0135526158142681	20.530032773296234
ko:K14647	7.260333308643808	37.51762673673591	147.59873726580503	4.986247965360265	377.7657093383846	251.0220300655213	30.90023777848793	1.4079905085727331	0.0
ko:K14652	274.1467137965609	403.3236611962357	570.5901313016241	1498.458142417148	1427.043589167476	955.981163760419	1639.9794768902343	1158.3507604027604	405.65890963822346
ko:K14654	0.0	0.0	10.145248655058433	0.0	2.782898068575056	0.0	0.0	0.0	0.0
ko:K14658	0.0	0.0	0.0	0.8896555135102454	6.196077194458413	0.0	0.0	0.0	13.826262850383332
ko:K14660	0.0	0.0	0.0	34.328190233972016	0.0	0.0	0.0	0.0	0.0
ko:K14665	0.0	0.6124392776750316	0.7584130052152751	113.5682812782078	0.0	0.2038830761314093	0.0	0.0	0.0
ko:K14669	0.361332703598121	1.4338635223713014	0.7661380799026881	4.262878393891074	67.96058571401949	5.947302845126001	38.00849991043422	0.6026023253044612	0.3235862697725639
ko:K14670	0.0	0.0	0.0	0.0133215043483869	0.0	0.0	0.0	0.0	0.0
ko:K14681	0.0	0.0	0.0	0.3030935131452653	0.1013921244396007	0.0	0.0	0.0	0.2186592506553925
ko:K14682	104.0	126.92	128.79634751578376	101.99737334181768	579.0	83.30698968721344	1197.531416287201	566.5910963324756	58.23728149538208
ko:K14683	0.0	0.0	0.0	22.984546041871287	0.6007973716827167	0.0	0.0	0.0	0.0
ko:K14696	0.0	0.0	0.0	0.0	18.13315087403172	15.217307939488968	0.0	0.0	0.0
ko:K14731	0.0	3.155915093704546	15.385882427771492	47.080277477609336	31.81383705728738	4.077144872562848	0.0	0.0	24.0
ko:K14736	0.0	0.0	0.0	0.4981606610488423	0.0	0.0	0.0	0.0	0.0
ko:K14742	432.2462834749822	440.93095554262106	1044.3520887617494	1161.239563610475	1827.2494244766613	1324.2892377787036	1918.459443812124	1162.982403516162	664.2662175644011
ko:K14744	0.0	2.1438686567105334	2.6548556403748726	19.24973469623354	0.0	0.7137010189992843	0.0	0.0	0.0
ko:K14761	53.94	43.18	315.5114134157371	548.7330131659847	648.4490165024166	688.5157121340671	222.1955462343425	149.00342779418415	43.77293735170256
ko:K14791	0.0	0.0	0.5135489963044917	0.0	0.0	0.0	0.4483650936483065	0.0862414228467538	0.0
ko:K14940	0.0	0.0	0.1141898467031802	3.3991177261723315	0.0	0.0	0.099695923230664	0.0191761544179827	4.721514211422938
ko:K14949	0.0	0.0	0.0	0.0	5.599042565630207	0.0	0.0	0.0	9.551307906075058
ko:K14977	0.0	0.8255668662913888	23.852238977352897	332.2882545113379	0.4205688373753115	0.0	8.612767594896193	0.487700645634734	0.0
ko:K14978	0.0	0.0	0.0	0.0	0.0	0.0	4.865302075312053	0.0	0.0
ko:K14982	13.34350669479358	78.01484372516403	269.3949886470008	13.70145899888675	381.3696731040226	326.84524803214697	149.86053169188295	21.41219358128425	0.0
ko:K14983	9.12	77.15	266.2505341134512	14.871809766027985	371.0250016758615	325.4922019649366	138.9814270738732	21.035279527804413	0.0
ko:K14986	0.0	0.0	0.0	168.90300741573466	1.7342663655187656	7.879401762752495	0.0	0.0	3.74006744623525
ko:K14987	0.0	0.0	0.0	494.508107497104	0.0	0.0	0.0	0.0	0.0
ko:K14988	0.0	0.0	48.45653210782673	0.0	33.8056110176309	0.2614179599382926	30.39892552288908	5.84712464740364	4.826680903526925
ko:K14989	22.19649330520642	4.545156274835985	78.70517550506392	19.46603898113674	68.03370715162102	7.969859309311082	56.78824204100175	5.848841733295022	4.826680903526925
ko:K15011	0.0	0.0	0.0	326.0	0.0	0.0	0.0	0.4262386294432548	0.0
ko:K15012	0.0	0.0	0.0	326.0	0.0	0.0	0.0	0.4262386294432548	0.0
ko:K15022	0.0	0.0	28.06	18.724620681611015	244.02574498557965	28.969675066567568	20.31871393549763	0.0	8.14747199187871
ko:K15023	0.0	0.0	0.0	0.0	7.851327159571686	0.0	0.0	0.0	4.711667213897151
ko:K15024	1.5448832814816964	10.229102594685884	12.742450500131774	125.52183476777	39.65216676098525	3.397728702926459	35.88726835482423	1.7765125146057377	13.338184024025882
ko:K15034	0.0	0.0	0.0	347.17	10.73	0.0	0.0	0.0	23.14
ko:K15045	36.41770154949629	0.0	19.210948205626945	0.2500563980952408	23.586636881054645	0.0	34.02501908687896	0.0822122932108354	44.19366996949428
ko:K15051	46.90008150053914	116.70634166411986	421.55467503179335	89.78999096077155	625.6300252271888	1348.652046164762	232.00040455912747	29.20440019676605	108.71352428379342
ko:K15125	413.5618383180166	347.5014314677618	1004.7894002401962	2022.906318646081	805.9122761840779	567.6457795845877	1018.4617678433344	861.5123868369622	325.42545315540144
ko:K15217	0.0	0.0	0.0	19.23658538908722	6.8152070810254735	0.0	0.0	0.0	14.697473611829398
ko:K15229	0.0	0.0	0.0	0.0	13.58883125169838	0.0	0.0	0.0	0.0
ko:K15230	0.0	0.0	0.0	21.17	10.73	0.0	0.0	0.0	23.14
ko:K15231	0.0	0.0	0.0	21.17	10.73	0.0	0.0	0.0	23.14
ko:K15255	0.0001986753676212	0.0001703829893207	0.0	0.0003407659786415	0.000312473600341	0.000265005276748	0.000312473600341	0.0003313351858747	0.0
ko:K15256	238.28178407951503	169.3304665569241	186.57527972804832	237.9497208312469	658.3442568306122	70.1060225774283	1337.8692479726724	482.69538727763177	141.31939267051902
ko:K15257	234.76	166.45211888952477	72.72	207.64748642674212	635.9431178881193	45.53	1307.9200000000003	438.0	121.93705945303638
ko:K15268	0.0	3.7683543713795777	6.562963237531376	59.94555872582935	8.19901358597839	37.57398081266086	1.094697924687944	39.559002699854126	39.406641616761
ko:K15269	0.0	0.0	147.06720348027395	43.29201793915926	2.100604738991537	13.06371962043827	27.90051253744184	80.062315638924	12.05951874853738
ko:K15270	0.0	0.0	203.2937109752077	95.25606413571413	68.42651825649703	85.76198120914528	75.3781785147672	145.55936733779834	18.840472771499822
ko:K15311	0.0	0.0	22.33	0.0	0.0	0.0	0.0	0.0	0.0
ko:K15312	0.0	0.0	0.0	2.5467688177774086	0.0	0.0	0.0	0.0	0.0
ko:K15327	13.82350669479358	65.70484372516403	260.52456971874807	13.30396101886326	219.06039037518772	613.0686850457374	114.2496105305268	21.01	0.0
ko:K15329	13.82350669479358	65.70484372516403	260.52456971874807	13.830144191254242	219.06039037518772	613.0686850457374	114.2496105305268	21.01	0.0
ko:K15342	260.16633972565444	360.272734143662	940.650536177521	1508.5780607772094	1175.7328694320072	1133.5528972449088	668.6560464430474	1636.993419422565	288.32338979069374
ko:K15353	0.0	0.0	0.0	28.399665776879623	14.33117545655385	0.0	0.0	0.0	0.0
ko:K15354	0.0022025352190061	2.913503956484159	49.1756441825697	3.3490376377066875	0.0034641139362217	2.8069568709908284	8.19413145848037	80.28012867224504	13.783766669545056
ko:K15368	0.0	0.0	0.0	1.5807154375727124	0.5287876163590358	0.0	0.0	0.0	1.1403677020082097
ko:K15371	0.0	0.0	45.0	7.713871598226925	0.0	10.730293893256595	0.0	19.24371112840825	6.7083974998837
ko:K15372	0.0	0.0	0.0	0.2508822738276696	0.3476864264066993	15.798781835398096	1.094697924687944	0.0	13.39328173581922
ko:K15373	0.0	0.0	11.070367525248756	0.0	0.0	0.0	9.665224560650003	1.85907139081989	0.0
ko:K15383	28.50258417997649	137.83833860561097	192.6949988034583	98.54468840942953	142.08273323992316	96.8545721620565	108.6050848909108	125.71585438519548	32.94241232741295
ko:K15396	234.76	165.07568473588563	188.83221259388336	20.76101825963095	616.9754680379056	34.839379778671976	1307.9200000000003	438.0	132.02489775328394
ko:K15460	426.2574622423672	474.71005237992574	663.8345378869185	830.9571029600096	1688.1675386192885	1172.2119718784384	1806.5096590045764	999.364209738668	443.5664757162066
ko:K15461	234.76	165.24650089992096	294.6929272898372	121.23116461346513	605.7771712143012	127.64925646964744	1367.9200000000003	591.99934224487	150.71716022589834
ko:K15474	6.722055093217318e-05	5.764800412221181e-05	14.94435371678689	15.273842850949157	0.0001057234614344	2.4498188148961386	0.0001057234614344	2.6218343571067155	0.0
ko:K15475	0.0	0.0	11.23556411564924	0.0	59.98349870127045	19.83819324137238	0.0	0.0	0.0
ko:K15481	0.0	0.0	0.0	0.0	3.816388502772516	0.0	0.0	0.0	0.0
ko:K15482	0.1394915718611541	0.1196272657416859	0.0	0.2392545314833719	0.2193902253639038	0.1860623339856849	15.528790687971028	0.2326330961102158	0.0
ko:K15492	0.0	0.0	0.0	0.0514821790403173	0.017222036359373	0.0	0.0	0.0	0.0371405332111735
ko:K15496	2.4864403944356424	7.024137324441333	8.69832698761201	63.51287555746816	16.982665795303166	29.259515177692208	7.970677850731269	0.0	3.5601262307168624
ko:K15509	0.0	0.0	0.0	2.149150277695113	0.0	0.0	0.0	0.0	0.0
ko:K15515	0.1027282924448989	7.103595643509876	20.888866281161302	56.73514021904899	10.732004145698196	2.0724487856086524	25.15097904833221	0.3856738668494207	6.171908606282985
ko:K15518	0.0	0.0	0.0	18.8350031463724	0.0	0.0	0.0	0.0	0.0
ko:K15519	0.0	0.0	0.0	32.59301930198912	0.0	0.0	0.0	0.0	0.0
ko:K15520	0.2456149360136423	0.1258858016961324	11.907367075602863	21.79725248409131	14.71123222874798	0.0	0.7383528239985706	1.0656494702512536	19.36723421482693
ko:K15521	0.0	0.0	0.0	1.2449475641186771	0.0	0.0	0.0	0.0	0.0
ko:K15524	0.0	0.0	0.1331925091822509	0.1421325723027299	0.0475467894653753	322.36864450453663	0.1162866100070119	0.0223673137072903	0.1025379970390293
ko:K15527	0.0	0.0	34.589083949878955	0.0	93.82888463063946	0.0	0.0	0.0	138.58030028724238
ko:K15531	0.0201239226527402	0.0172581741737107	13.614403879569092	160.7597792029723	33.9330442539861	7.436484981938593	9.36511138226435	0.0457675534743796	212.1349308269006
ko:K15532	0.0191028652842591	0.0163825205444121	7.878199520718657	0.0327650410888242	39.41365653355118	18.79930419980792	15.661841808133609	0.0318582595088752	0.0
ko:K15533	4.223506694793581	0.864843725164015	33.649131296680366	3.703961018863258	231.3512107810056	5.199382162830811	5.019610530526815	0.0	6.25
ko:K15536	140.4177015494963	107.27060192367053	22.33	0.0	579.0	0.0	1167.5426988133172	419.0	34.09160801641402
ko:K15539	268.3708990699161	236.65652173857757	491.00437848938736	132.71908274465486	878.493147339557	853.8882927635483	1481.5085265478922	563.9451628572714	124.95165659593373
ko:K15540	0.0	5.405749257528711	0.0	0.0	0.0	0.0	0.0	0.9823995291424104	4.405221980109821
ko:K15545	104.0	155.44612217595346	47.39746486998308	0.0	579.0	5.202588967581531	1215.11	419.0	32.5
ko:K15548	0.0087934880899645	0.0075412508619632	0.0	0.0150825017239265	16.412358814531746	0.0117292887022786	0.0138302644959252	0.0146650893145927	24.0
ko:K15551	0.0	0.0	0.0	0.0	0.0	10.240598237247507	0.0	0.2437111284082508	0.0
ko:K15552	0.015213421407638	0.0130469531692085	12.111240651241763	0.0260939063384171	99.09926296410586	14.04428734171499	0.0239274380999877	0.2690828786671915	9.862012230443808
ko:K15553	0.3701803550860303	11.845688385750124	31.97778727888821	52.47483840821955	24.196331663910232	14.307793624329156	12.399493420999608	1.389771849408464	49.51846371537248
ko:K15554	0.3701803550860303	11.020121519458735	58.89064255719808	53.14182782052914	122.77522711186548	19.95384205376588	18.55162818796032	1.389771849408464	35.221952637555646
ko:K15555	0.3701803550860303	11.845688385750124	91.62200025308408	46.53688838863327	46.42270221385927	29.862169599731367	30.310228621051955	2.6497101482505	24.414980307757546
ko:K15576	0.0	0.0	0.0	168.5081074971036	2.609911599043273	0.0	0.0	0.2603851765819914	0.0
ko:K15577	0.0	0.0	14.39906688750142	168.6094291044217	60.90387727188705	0.0	0.0	2.734360849063352	11.78
ko:K15578	0.0	0.0	5.513762056313087	168.72539708832684	12.700509817147871	11.367192653592484	10.59082289942957	2.791360707838848	44.975300242050224
ko:K15579	0.0	0.0	0.0	183.21076093729636	13.801001882180191	0.0	0.0	0.0	0.0
ko:K15580	67.97	353.5842875997472	1995.856030419872	795.9697772243024	1952.097060154912	2943.3250590512293	1065.0360933850077	309.0581002865496	102.84968459007344
ko:K15581	136.43	219.5365110429936	650.6456031437036	575.9059364586343	1274.9678626495293	693.3550372110114	1496.8583509596915	551.2370884294617	84.5377756416988
ko:K15582	32.43	115.5321937614265	656.4844084185812	678.5141600084455	714.351542004282	700.9202348248477	331.696871300324	130.83297990952198	76.32843434234987
ko:K15583	62.50029057697465	121.28345461114432	767.3264723896933	284.6366955239295	904.950846310208	764.7818919526896	391.9710167802539	134.14002962103604	118.07955669840928
ko:K15584	5.028350543799647	50.84387848571924	39.26641758501819	47.552192088924535	23.10368330793761	4.673622729346537	94.34803196282078	14.853462075014564	32.5
ko:K15585	24.51358465767549	38.553485839485575	77.24182814646097	75.35634470060452	62.47208986282827	9.507516250281956	39.48329946173357	4.674554283742118	0.0
ko:K15586	5.947258006790971	35.139904087426	38.00413058433256	42.05613079010628	89.74272616975347	34.88367003402806	24.03316823790899	4.674554283742118	0.0
ko:K15587	2.317091352469071	38.23209707213057	69.020905406659	22.06515521613647	88.161128072578	0.5422638025579939	12.243087503148606	4.674554283742118	0.0
ko:K15598	163.29523109619075	136.7504759950607	44.382834208071806	0.1880027437900175	593.3972661893953	3.9060016311643615	1201.5793166973986	419.0	84.27767777860679
ko:K15599	163.29523109619075	133.33110046637535	44.382834208071806	7.713871598226925	593.3972661893953	14.63629552442096	1201.5793166973986	438.0	89.9433236235144
ko:K15600	163.29523109619075	136.03397509513968	44.382834208071806	0.0	596.5591349522025	3.9060016311643615	1201.5793166973986	419.0	61.13239811550942
ko:K15629	0.0	0.0	0.0	36.35018010796697	0.3476864264066993	0.0	0.0	0.0	0.2086504233899326
ko:K15633	33.80335014149548	35.37939320110732	304.42381555549935	301.339006360925	520.2011990426369	139.32176315904312	180.90254265452015	347.7768210409398	541.456247035531
ko:K15634	10.61172072359445	22.51929213953828	254.47388839526604	67.59200401431411	245.97058649439845	338.21568187167355	215.7525192999766	280.42001759210746	96.48280733514068
ko:K15635	1.0199812376856745	0.8747307449772714	65.11068683222959	765.4601954161772	276.6082705734861	350.4450946720977	52.105715138392135	1.7010446590517416	53.558485788577066
ko:K15640	10.747424311012574	22.635670849001293	346.20989245474965	44.64322806351613	318.81970766740466	353.4080732518027	237.4830346598949	271.9424196209817	64.11
ko:K15641	0.0	0.0	0.0	0.0032766476050989	0.0	0.0	0.0	0.0	0.0
ko:K15650	0.0	0.0	0.0	326.0	0.0	0.0	0.0	0.0	0.0
ko:K15654	2.4864403944356424	0.0	0.0396793024618811	168.51849118457352	6.9691857598929525	0.482728834952298	6.910622801975795	0.0066634333364569	3.073918823736576
ko:K15655	0.0	0.0	0.0	0.0103836874699294	0.0	0.0	0.0	0.0	0.0
ko:K15664	0.0	0.0	0.0	0.0550045777608104	0.0	0.0	0.0	0.0	0.0
ko:K15669	0.0447208096268181	4.412486499580663	40.02413788338711	189.04777395640323	106.78912887038534	18.176336106563703	10.106359817037085	0.0745818565611808	31.050240625476665
ko:K15674	0.0	8.278096429367736	0.0	0.0	0.0	0.0	18.357962704752083	0.1204441947058273	0.0
ko:K15675	0.0	0.0	0.0	0.340186644006887	0.1138006755205787	0.0	0.0	0.0	0.2454191641701949
ko:K15676	0.0	0.0	0.0	0.340186644006887	0.1138006755205787	0.0	0.0	0.0	0.2454191641701949
ko:K15693	0.0	0.0	0.0	157.49189250289638	0.0	0.0	0.0	0.0	0.0
ko:K15721	0.0	10.063343937539454	3.3152042378652973	0.0	0.0	0.8390786257755457	0.0	0.0	17.02163475613325
ko:K15724	234.76	164.53	252.85	112.9	579.0	104.08	1367.6576909272048	580.95	149.63
ko:K15725	0.1432660967078838	0.1228642791387231	1.7980842268895347	500.4681316659243	23.172715500002795	0.1910970245644716	8.655310665299792	0.5190123064686105	64.65111942285917
ko:K15726	224.8922058963146	241.00013782821384	185.4085117501975	503.3676937752416	265.5530367410202	274.02985781730416	152.431054334353	349.67282443085264	80.15830702801124
ko:K15727	72.83884129898901	21.411422900127825	55.01485420147014	479.367258389905	34.11683941536134	7.042119675352348	51.55431418706369	8.804738004533066	53.53422924319281
ko:K15731	0.0	0.0	0.0	157.49189250289638	0.0	0.0	0.0	0.0	0.0
ko:K15735	0.0	0.0	0.0	0.0	0.0	0.0	0.0	0.0819001255740672	0.0
ko:K15736	0.0	0.0	0.0	332.3344841998152	0.2114601944476249	0.0	0.0	0.0819001255740672	13.292174312250925
ko:K15737	0.0	0.0	0.0	0.0	0.0	0.0	0.0	0.0819001255740672	0.0
ko:K15738	426.9089093463612	488.3139034251834	955.0846170981158	1527.6765640522694	1552.6928257273853	697.968519080543	1892.8136821842295	1248.238863994509	724.4007575156747
ko:K15755	0.0	12.211866912342714	15.12254197581555	109.65	0.0	4.065371183977085	0.0	0.0	24.0
ko:K15756	0.0	0.0	0.0	0.000813830029053	0.0	0.0	0.0	0.0	0.0
ko:K15760	0.0	0.0	0.0	0.0	0.0	0.0	0.0	0.2437111284082508	0.0
ko:K15762	0.0	0.0	0.0	0.0	8.19901358597839	0.0	0.0	0.0	4.920317637287087
ko:K15764	0.0	0.0	0.0	17.413563763744452	0.0	0.0	0.0	8.54845539388936	11.78
ko:K15765	0.0	0.0	0.0	33.20502452925132	1.6567253816945242	0.0	0.0	0.0	3.572844858565824
ko:K15770	0.0	64.84	436.96211031813743	338.80510820912934	496.0965518583959	833.8286478103613	111.50340344883416	21.70766620249068	22.50016463481285
ko:K15771	9.789483732649636	135.8608852162766	678.6907619361798	361.7304075272454	687.4374730210164	1631.797660610728	234.0616556304365	208.32783933849015	25.346802827758975
ko:K15772	35.54	147.4	698.6418717285335	368.5734884629805	876.1535671069272	1146.8224538461498	278.11765298042366	41.75795742120939	17.778650423389934
ko:K15773	94.34229845050368	28.526122175953475	48.79181074081359	17.797761711678973	29.932145847210272	44.74114014149131	135.03509620065503	0.0	69.62809451214179
ko:K15777	6.045337344060378	73.39089449269987	262.78210115428175	364.65018681103896	62.89082424186485	71.6735085561573	156.95703558058307	142.3027535278908	119.22356738731754
ko:K15778	4.223506694793581	28.582612673587946	208.9500129709193	116.84803918724626	79.11343476193224	111.78955864684964	67.99961053052682	161.74257364097326	83.83608410304178
ko:K15780	71.56049726641574	152.81042645316035	532.2125979608305	142.27285365241357	638.8246309063938	1245.7106467048209	307.6701464545194	41.40327501493114	0.0
ko:K15785	0.0	0.0	0.0	0.6370284616568419	0.2131014563314719	0.0	0.0	0.0	0.4595682851360913
ko:K15792	6.145703587418124	31.08637870946301	41.08	229.8723922535256	115.93453218269109	52.59846099822711	39.75265549268981	0.2263157929409855	43.42553082100695
ko:K15830	130.76	13.747433865226927	0.0	0.0	33.15258839090791	10.390461480442056	139.03726094152478	0.0	57.47
ko:K15831	130.76	13.747433865226927	0.0	0.0	33.15258839090791	7.803544614034474	107.95747223157184	0.0	57.47
ko:K15832	130.76	0.0	0.0	0.0	0.0	0.0	89.84473317309663	0.0	57.47
ko:K15835	0.0	0.0	0.0	0.0	0.0	0.0	7.836683114104215	0.0	0.0
ko:K15836	0.0	0.0	0.0	178.2185429362939	6.9335667997353285	0.0	0.0	0.0	14.952724673427351
ko:K15845	0.0	7.992121878860559	11.452334418424297	0.0	0.0	0.0	0.0	0.0	0.0
ko:K15848	0.0	0.0	0.1199742905038025	0.0	0.0	0.0	0.1047461573953348	0.0201475489048428	0.0
ko:K15853	0.0	0.0	0.0	0.0129858352484866	0.0	0.0	0.0	0.0	0.0
ko:K15855	0.108664977601603	0.0931905345887165	13.925023527488795	0.186381069177433	8.14853318865957	0.1449439495540369	0.6192717198128531	0.2674643443532247	147.347040176898
ko:K15856	0.0	0.0	2.093588815596206	0.0	72.74820431492168	13.55230325807408	20.0	0.0	1.4602413923858335
ko:K15862	0.0	14.32	12.88	897.8390370068471	10.9357959852437	0.0	21.47	0.0	0.2317613908019289
ko:K15865	0.0	0.0	0.0	0.2440781683830067	0.0816500616092659	0.0	0.0	0.0	0.1760841030417906
ko:K15866	0.0	64.84	233.53951085814015	16.773594516902506	219.8092216656248	245.91	119.56284806400208	21.011597179518223	93.87468761328144
ko:K15876	93.46577720951969	164.0853673895237	137.1595882824963	1188.2192054914883	273.57922288540306	194.48847524355665	208.01209467772236	461.0904706648746	60.06633137465345
ko:K15893	0.0	0.0	1.5222389773528988	0.0	0.0	0.0	0.0	0.0	0.0
ko:K15894	0.0	0.0	16.59048718943978	2.0498856822516247	41.25264258854247	24.720921237561065	16.282309072795496	9.720044690602457	73.15497124546343
ko:K15895	0.0	0.0	0.0559327754577195	0.0	75.72680129828883	23.97801433470842	0.0488333231815739	0.0093929151336159	0.0
ko:K15896	0.0	0.0	0.0	0.0	40.28638472960344	12.25	6.36179711178463	0.0	0.0
ko:K15897	0.0	0.0	0.0	0.0	26.00399753400032	12.958629942990092	0.0	0.0	0.0
ko:K15898	0.2798687157534636	0.2045663874669814	62.57954816531628	5.233946500257673	41.14720312236856	19.005347401374728	27.19562273500241	1.1328788573237751	3.346124151321444
ko:K15899	0.2519016472921358	0.2160295772663569	1.2427886487374475	6.318038889751442	27.839621830841267	14.701586811908893	15.70558754711406	0.4201017978574543	0.0
ko:K15910	0.0	0.0	0.0	0.0	61.44105584594302	12.25	0.0	0.0	0.0
ko:K15912	0.0	0.0	0.0	0.0	48.498995286466425	12.25	0.0	0.0	0.0
ko:K15913	0.1594375265771503	0.0817170208757092	0.2788728063428293	1.300073021372821	47.89385372674355	12.25	0.4792914873590894	1.528912852283139	0.0
ko:K15914	0.0396800630463618	0.0340294211568483	0.0	0.0680588423136966	49.55976191862812	12.302927679031775	0.062408200424183	0.0661752950171921	0.0
ko:K15915	0.0008348413105382	10.39323504192764	22.61853767930015	120.14635236900052	64.76500369317309	18.047094566373737	10.762067370430309	165.93493682595457	28.39847196478446
ko:K15916	0.0387738442470938	0.0332522525030456	0.0	0.0665045050060912	0.0609829132620431	0.0517189093359178	0.0609829132620431	0.0646639744247419	0.0
ko:K15918	0.0	0.0	0.0	0.0	0.0	0.0	0.0	0.0	24.0
ko:K15921	0.0	0.0	4.993730532201815	326.04138902867777	23.81259714326877	10.240598237247507	0.0	0.0	11.076680903526938
ko:K15923	146.92587465543227	227.76101908741185	381.0110245771596	1767.7955939637757	499.192351166848	519.5838790466563	362.1453440285069	337.92119983267656	368.0342178420808
ko:K15924	0.0076223333883825	0.0065368745197837	0.0	0.0130737490395675	0.0119882901709687	10.250765368650049	0.0119882901709687	0.0127119294167012	0.0
ko:K15973	14.712561638123017	19.77272276319513	116.70829526531324	39.91983490007703	199.94950029891163	351.7229742933748	111.47317494203456	7.685787802779512	3.9402834138555294
ko:K15974	0.0	12.141941486691248	104.00777182692988	73.11271216535785	0.0	43.42659799092949	60.0	116.17405451833623	15.950916191219216
ko:K15975	0.0	0.0	0.0	98.46147343484868	50.65704545139563	0.0	0.0	0.0	0.0
ko:K15977	366.8429797530923	394.34245705087534	431.5324826512905	1356.1134973405094	1436.335700818765	162.30209050548825	2732.250318998812	974.9713989571816	296.53316088830945
ko:K15980	0.0	0.0	63.91496850440717	0.0	17.532230943917245	0.0	0.0	0.0	0.0
ko:K15984	234.76	165.56743428741356	285.0638076185828	113.15088227382768	582.0588697662263	117.08106136585478	1367.9200000000003	580.95	150.18713621196702
ko:K15986	53.94	122.04	379.1443620322178	238.76018617987185	814.4203890261499	992.594385180547	273.05	46.46000000000001	32.0833888388926
ko:K15987	4.544341787756105	18.26451463443641	258.3224925684065	643.7808519000288	258.8616390218808	12.50995489128664	162.16500501066545	9.37575355109958	342.8901052266542
ko:K16011	85.20852358900194	96.03020684552226	85.34851752786876	155.73606982280128	130.08280803429918	133.84344738698542	68.67195200549864	213.57647280540905	48.785852247531295
ko:K16012	253.48	178.27300179984192	356.36910445882125	99.36643732995688	851.893091486825	397.3227255524732	1362.1737625506478	440.99683268428015	130.18676114989842
ko:K16013	259.49	193.79	123.97054427116144	225.14442936101992	890.5595038814108	408.45131378510416	1379.5720170084217	439.1377612934602	202.48111942285908
ko:K16014	6.01	16.95	114.1324414959594	109.65	125.28101114886496	51.49995828964088	23.37	0.0	8.853319096473076
ko:K16027	0.0	21.4523714455082	14.622488580553856	29.41754069094033	49.08070080081555	0.0	30.87978954899572	0.0	6.175957909799144
ko:K16033	0.0	0.0	0.6186748412773159	0.0	0.0	0.0	0.540147493507483	0.1038954393352762	0.0
ko:K16042	0.0	0.0	0.0	0.0	0.0	0.0	0.0	0.0	19.59598181425531
ko:K16044	0.0139665968383135	8.261977682731592	39.98	135.2600883299185	26.912842667050555	0.0186294954662948	4.212205044930959	0.0232923940942761	12.857919463541265
ko:K16047	0.0	0.0	0.0	1.9381504932846008	0.0	0.0	0.0	0.0	0.0
ko:K16052	36.020497266415745	74.98855954081763	282.4974580241845	135.5081125600608	298.14192245059326	866.4286213889444	145.30623769011865	59.010829301902206	33.32692279167197
ko:K16053	6.171110471496493	15.265955223419985	119.79653072645664	170.1636566998792	148.76270385337568	21.906066769754943	117.09324864734468	257.1031659801924	71.45438062726643
ko:K16055	0.0864007251272346	0.0740968243970904	0.0	0.1481936487941808	0.1358897480640367	0.115246536839017	0.1358897480640367	0.1440923485507994	0.0
ko:K16066	234.76	164.53	282.5177260401024	113.63208004909274	629.04	117.32465107418471	1383.225352791311	583.7263123844343	125.72553145910248
ko:K16074	0.0	0.0	0.0	20.806088319323948	10.762548371885044	0.0	0.0	0.0	23.210192854186385
ko:K16076	0.0	0.0	7.829330125275624	3.2492321878392514	0.0	4.519807707320181	0.0	19.13363398446267	2.8257070146789416
ko:K16079	59.370543866640205	0.0645878506069705	15.199526021842711	73.94596830793475	4.860522166888962	8.91755172949824	37.28696639069199	8.672399439087414	77.13455767972638
ko:K16087	966.9861090764444	698.1630285491557	1533.9201595046966	1012.8302203115152	2249.2254115720543	747.3488087267025	5335.13302241459	2667.922152737957	594.5844830105796
ko:K16088	35.04706735431296	0.0	408.2303345474924	301.0360726589416	43.96088107781623	189.22774412411687	158.08134150455686	425.0148908525655	123.39727503249188
ko:K16089	651.5630605404464	838.7739056165599	826.4355053898728	2671.441734163531	1838.1147925212304	783.3297428507783	2017.8317479754205	2213.28639592352	661.6908138613885
ko:K16090	0.0	3.313138621862411	139.67040483707143	108.3657682951581	4.277624524544621	60.00634608436325	82.1059559663292	150.78461469052297	40.07603045909289
ko:K16091	149.12159749396903	260.82614130090184	168.11161971060767	690.03953048432	338.1915323134017	266.99582772932104	197.92037640173888	327.3883425294817	63.34804426689858
ko:K16092	262.3012923610495	181.46248038207744	105.53547003204989	432.4923097167549	463.42709593837526	112.40023360851669	727.1739699288138	392.8320705682724	160.38874009525617
ko:K16119	0.0	0.0	0.0	0.0103836874699294	0.0	0.0	0.0	0.0	0.0
ko:K16135	0.0	0.0	0.0	0.0	0.0	0.0	0.0	0.0	25.6722910477044
ko:K16137	0.1189617334468648	0.1020209802661404	27.89396080258039	1.466351316314454	103.61371143053368	94.1159138708087	38.41737912086123	5.047876141816815	59.16385447614768
ko:K16139	1.3377083150522635	0.7418668103632363	39.72341222630841	20.38313476486443	58.63039192591435	0.2174264915150466	3.7876935686390247	0.6575214612229192	443.6994354580067
ko:K16147	0.1357035874181242	0.1163787094630115	6.819085553278687	21.402757418926026	15.67468939356948	0.1810096901795548	15.522833003578034	0.2263157929409855	23.14
ko:K16149	0.0	0.0	144.0	1.366583322481343	39.5	0.0	0.0	0.0	0.0
ko:K16150	0.0	0.0	0.0	168.5081074971036	0.0	0.0	0.0	0.0	0.0
ko:K16153	146.42117123851938	229.86980306596007	329.8892467144424	748.7916358566587	441.7582729789751	231.5956287331462	262.4923062391801	639.6385036932551	420.8207462076252
ko:K16161	0.0	0.0	0.0	0.0	0.3476864264066993	0.0	0.0	0.0	24.208650423389933
ko:K16164	0.0	0.0	0.0	0.0011769326600095	0.0	0.0	0.0	0.0	0.0
ko:K16165	0.0	10.613863185301891	0.3741898498388114	162.018126975585	0.0	6.296167301112713	6.681847163456326	0.5477540866545869	3.936256863213951
ko:K16167	0.0	0.0	0.0	168.5081074971036	0.0	0.0	0.0	0.0	0.0
ko:K16168	22.19649330520642	32.64804270396482	88.3735882873017	23.11861316072708	85.5171433111484	13.93912526505909	42.62706620787651	0.2242259277133811	0.0
ko:K16169	45.14	28.919820475348683	253.9346459931807	160.6826030740355	226.5482951967368	904.5584575530528	153.27763879491656	17.74542699882081	0.0
ko:K16171	0.0	0.0	0.0	2.6561818292156065	0.0	3.6948517094791433	0.0	1.7889708604602776	20.84859103183238
ko:K16176	0.0	0.0	1.5222389773528988	0.0	0.0	0.0	0.0	0.0	0.0
ko:K16178	0.0	0.0	0.0	0.0	0.0	0.0	5.96	0.0	0.0
ko:K16180	0.0	0.0	0.0	0.0	0.0	0.0	2.98	0.0	0.0
ko:K16181	0.0	0.0	24.141622116936528	0.0	9.193346028921216	4.9398001216582985	2.98	0.2603851765819914	0.0
ko:K16182	0.0	0.0	0.0	0.0662574419063991	0.0	0.0	6.879935683789344	0.0	0.0
ko:K16191	0.0	4.575926218611907	5.666589458918226	41.08710924155831	0.0	1.5233410847564934	0.0	0.0	0.0
ko:K16201	0.0	0.0	0.0	1.2495215562198387	0.0	0.0	0.0	0.0	0.0
ko:K16202	0.0	0.0	1.5222389773528988	0.0	0.0	0.0	0.0	0.0	0.0
ko:K16203	0.0	1.0120464369940243	2.7755047421024317	335.08713570275114	0.3476864264066993	0.3369136309243398	4.074697924687947	0.0	0.2086504233899326
ko:K16209	16.184444291452415	0.0	84.01468652848712	22.806976129957004	64.05917035319996	329.0110919912279	5.890177510888217	0.0	5.07
ko:K16210	1.1250352296738046	0.0	138.44221259388334	175.875603947035	39.97979637809983	48.41741386698228	0.0	0.0	4.670960885696989
ko:K16211	36.34314297010776	37.01049457225452	317.7591928985515	273.62310875121125	92.73911531049583	791.9158839703335	220.77269143800888	393.908986209861	258.0552147246256
ko:K16212	0.65582007680907	0.5624279772634745	37.06505276604368	13.084550137321234	14.407459464253275	0.8747726657437436	56.17697151764159	1.093725254678417	218.98718605702263
ko:K16213	0.6027945387656768	0.5169535443211976	37.930439033568696	12.99360127143668	14.324061703469836	0.8040439812966227	53.20965050842536	1.0052934238275686	218.98718605702263
ko:K16214	64.1769060984461	110.6886013448905	96.05695560244814	22.98513168634994	684.6696899178662	126.53788122646078	1216.5461289982268	260.5029924568951	0.7274905380936533
ko:K16216	0.0	0.0	0.0	7.637991498455034	0.3476864264066993	0.6961517532015511	0.0	0.0	0.2086504233899326
ko:K16217	0.0	0.0	0.0	0.3030935131452653	0.1013921244396007	0.0	0.0	0.0	0.2186592506553925
ko:K16233	0.0	0.0	0.0	168.5081074971036	0.0	0.0	0.0	0.0	0.0
ko:K16234	0.0	0.0	0.0	0.0	0.0	0.0	0.0	0.0	11.163854476147776
ko:K16235	15.089833345678098	109.37230215742036	14.155541098570884	17.46878750598509	204.9127872485192	417.81479150350447	20.991020602113405	0.0348341947058333	24.0
ko:K16236	15.089833345678098	109.37230215742036	14.155541098570884	17.46878750598509	204.9127872485192	417.81479150350447	20.991020602113405	0.0348341947058333	0.0
ko:K16238	0.0201239226527402	0.0172581741737107	0.0	2.1363230072198007	0.031650599868392	2.696052909070552	0.031650599868392	0.0335610988544116	36.83614552385232
ko:K16242	0.0	0.0	0.0	17.413563763744452	0.0	0.0	0.0	8.54845539388936	22.943854476147777
ko:K16243	0.0	0.0	0.0	17.413563763744452	0.0	0.0	0.0	8.54845539388936	22.943854476147777
ko:K16244	0.0	0.0	0.0	17.413563763744452	0.0	0.0	0.0	8.304744265481112	22.943854476147777
ko:K16245	0.0	0.0	0.0	0.0	0.0	0.0	0.0	0.82652026742016	15.569076456257598
ko:K16246	0.0	0.0	0.0	37.05356376374445	0.3476864264066993	27.32	0.0	27.548455393889363	40.23250489953771
ko:K16247	0.0	0.0	0.1027098860738916	2.359708808926881	0.148311172881014	0.0	0.0896730945236286	0.0172482991480494	0.3198434800062128
ko:K16248	0.0618165886859498	0.0530135934616848	54.80229715772227	0.1060271869233696	25.087540099916893	0.0824547219339489	7.071062757289468	0.103092855181948	0.0
ko:K16249	0.0	0.0	0.0	17.413563763744452	0.0	0.0	0.0	8.150816389725623	8.826256448175634
ko:K16263	0.0	0.0	0.0	1.3035564122696877	0.0	0.0	3.7706041506241057	0.0	0.0
ko:K16264	357.0722984505037	386.67807802429735	659.24486888268	973.4356271154096	1186.784314718641	1172.7003423652586	1496.9176356870348	859.4067665970715	340.69725703204085
ko:K16267	0.0	0.0	0.0	326.0	0.0	0.0	0.0	0.0	0.0
ko:K16291	0.0	0.0	49.33282810153733	0.0025270381072493	4.953629249329428	0.0	0.0	0.0	17.522601911081647
ko:K16293	0.0	0.0	0.0	16.201627701650168	55.459837049638494	12.25	0.0	0.0	11.68825995607034
ko:K16294	0.0	0.0	0.0	0.0	50.04	12.25	0.0	0.0	0.0
ko:K16299	0.0	0.0	0.0	0.0	14.275103522560268	9.671313675884438	0.0	0.0	0.0
ko:K16300	0.0	0.0	0.0	0.0	15.717771948533423	9.671313675884438	0.0	0.0	0.0
ko:K16301	93.82497615755382	129.7732018561485	369.1608152803584	128.6216716664561	440.2392193588431	307.23787393658915	736.2430017122451	464.5761807809433	32.20884994757051
ko:K16303	0.0	0.0	0.0	0.4971933694582584	0.0	0.0	0.0	0.0	0.0
ko:K16306	0.0	0.0	0.0	157.49189250289638	0.0	0.0	0.0	0.0	0.0
ko:K16321	10.245035229673803	15.920868148260787	20.345195016647207	3.793597575902431	97.01603432715622	84.29000000828235	29.62	0.0	0.0
ko:K16323	9.6	0.0	0.0	28.435003146372395	0.0	72.05702820385363	0.0	0.0	0.0
ko:K16324	0.0	0.0	0.0559327754577195	0.0	0.0	0.0	0.0488333231815739	0.0093929151336159	0.0
ko:K16325	0.0	0.0	0.0559327754577195	0.0	0.0	0.0	0.0488333231815739	0.0093929151336159	0.0
ko:K16326	0.0	0.0	0.5135489963044917	0.0	0.0	0.0	0.4483650936483065	0.0862414228467538	0.0
ko:K16328	4.223506694793581	0.864843725164015	45.920557242080726	23.409070586197807	32.973708269222605	1.4195586468496215	36.09961053052682	0.0	11.102073241095848
ko:K16329	4.223506694793581	9.01852108619024	50.26961783947109	15.95882049016782	35.8460741732222	3.4629863615030034	36.253948730872736	0.0	11.300876666959944
ko:K16331	0.0	8.25	17.65	155.894534752122	4.07495656290758	0.0	0.0	0.0	0.0
ko:K16345	5.802663436019755	42.36538569462731	420.0517145718735	129.57440088565554	116.24623245188008	186.05922135344045	186.2133002147563	402.72105540604673	71.96923944063583
ko:K16346	0.0	0.0	0.0	0.0	0.0	90.08998342066404	0.0	0.0	0.0
ko:K16347	0.0	0.0	0.0	15.113765527311358	0.0	21.023832698887286	0.0	22.032825854765967	24.923743136786047
ko:K16348	0.0	0.0	0.0	15.113765527311358	0.0	21.023832698887286	12.53141628720083	22.032825854765967	24.923743136786047
ko:K16363	152.34732395535195	257.85628098702654	368.97147453118464	1286.1762350336585	572.180673200551	281.34467175274324	288.70907540973303	559.2222143179446	588.7508192794751
ko:K16370	0.0	0.0	22.33	17.7391979294415	0.0	24.675910765394185	0.0	19.326436617021447	15.426960317457269
ko:K16371	0.0	8.872501911050481	33.8077610226471	2.5467688177774086	13.464600020192908	5.045607905636117	73.15483595064791	0.0	0.0
ko:K16398	0.0	0.0	0.0	0.0032766476050989	0.0	0.0	0.0	0.0	0.0
ko:K16417	0.0	0.0	0.0	0.0032766476050989	0.0	0.0	0.0	0.0	0.0
ko:K16422	0.0	4.270601923670515	0.0	4.716760964244891	3.765646240652858	0.0	0.0	0.1610516562144548	3.4027894799189897
ko:K16423	0.0	0.0	0.0	4.716760964244891	1.5778708348976127	0.0	0.0	0.0	3.4027894799189897
ko:K16435	0.1161980598740116	0.0996508678033454	0.0	0.1993017356066908	0.1827545435360246	0.1549920323952401	6.544551655320654	0.1937860049164687	0.0
ko:K16436	0.0	0.0	0.0	0.340186644006887	0.1138006755205787	0.0	0.0	0.0	0.2454191641701949
ko:K16439	0.0	0.0	0.0	0.5286878959148914	0.1768589118785333	0.0	0.0	0.0	0.3814086878722518
ko:K16474	0.0	0.0	0.0	7.702504961040585	0.2013372257836209	0.0	0.0	0.0	0.0
ko:K16509	45.14	147.4	534.1309093363807	81.90374255809363	609.1324157916818	1152.2444119640122	279.5033659484124	42.02449435664327	0.0
ko:K16511	36.02	70.25	279.31335917508784	70.68193279206564	485.2924157916817	872.9081939679891	140.7115092534157	21.025678013496883	18.993319096473066
ko:K16514	0.0	0.0	1.191808536224473	0.0	0.0	0.0	0.0	0.2947205704029434	11.163854476147776
ko:K16515	0.0	1.037011623580449	1.2841813556904793	9.31129739144714	0.0	0.3452246247207498	0.0	0.0	11.163854476147776
ko:K16516	0.0	0.0	0.0	0.0	0.0	0.0	0.0	0.0	11.163854476147776
ko:K16554	0.0	0.0	30.423564410698024	677.5441771628291	20.06495645009528	13.682538234676322	0.0	0.0	31.05121817221177
ko:K16555	0.0	0.0	0.0	15.904331757867114	5.531782371763431	0.0	0.0	0.0	9.583900799743349
ko:K16557	0.0016301437859315	8.931398003056922	11.58	10.262796006113843	0.0025638653848353	8.602174384828386	12.23018184281164	246.21271862587085	4.027296680297314
ko:K16558	0.0016301437859315	8.931398003056922	11.58	10.262796006113843	0.0025638653848353	8.602174384828386	12.23018184281164	246.21271862587085	4.027296680297314
ko:K16559	0.0	0.0	0.0	0.0	60.60052999091865	0.0	0.0	0.0	0.0
ko:K16564	0.0	0.0	0.0	0.0	5.204880239911381	0.0	0.0	0.0	8.878913350437061
ko:K16593	0.0	0.0	0.0	0.8055866674295485	0.0	0.0	0.0	0.0	0.0
ko:K16637	0.0	0.0	11.086150091605566	0.0	0.0	0.0	9.679003872640685	1.86172179221991	0.0
ko:K16648	0.0	0.0	0.0	0.0559716961903896	0.3261626887879309	0.0	0.0	0.0	0.7033927883087345
ko:K16649	77.66829382450395	20.251727312481847	6.329834899776567	0.0	0.0	4.051811192244541	22.69970445669337	171.71436433663484	41.02281400035301
ko:K16650	42.62122647019099	19.214293025068333	18.6638469014911	0.0	0.0	2.7695409507840294	0.7308640299398246	171.71436433663484	32.5
ko:K16651	6.01	58.68776894842393	41.08	109.65	129.22901358597838	50.22739399646756	48.620000000000005	0.0	12.350317637287088
ko:K16665	0.0	0.0	0.0	9.149557128162396	0.2391619945265315	0.0	0.0	0.0	0.0
ko:K16692	0.0622595190284509	19.267686473349062	125.84761939003462	131.6745095439622	15.960695413080517	72.13642346310458	75.30373908726588	139.62157157392676	120.18426795773044
ko:K16694	0.0	0.0	0.0	5.885979735218728	0.1538547312727016	0.0	0.0	0.0	0.0
ko:K16695	0.0	0.0	0.0	26.524823993133293	5.704790383673387	10.293538805630693	0.0	0.0	15.31425898733941
ko:K16697	9.12	12.31	52.8714451726139	18.583114058306315	160.716217465695	79.3	29.62	0.0	8.878913350437061
ko:K16698	0.0	0.0	18.03370170099084	160.19576911263644	210.8196854067832	9.43933515579256	37.85777701325888	1.1267224668000475	0.0
ko:K16699	0.0	0.0	1.31079150534727	0.0	0.2484015719129761	0.6445581501895452	0.6259484853111117	0.1203989533679983	0.0
ko:K16700	0.0	0.0	3.713690002003268	0.0	0.0899879896228549	0.0	0.0	0.0955439279072537	0.1940654314886171
ko:K16701	30.02005907212	50.37679814385153	0.0	0.0	283.186078886311	0.0	550.2320185614851	120.946199530945	12.836145523852224
ko:K16702	0.0018828243737274	0.0016147006496206	0.0	2.659411230514848	2.19073668333038	3.6973631350282767	0.0029612775751345	0.003140026724539	2.3099585357944274
ko:K16703	0.0	0.0	0.0	176.94576748320685	6.507792569914634	0.0	0.0	0.0	14.034512587868091
ko:K16705	1.1059870272439234	0.5785914133175464	1.87499505866658	8.799349512683325	18.717538948074235	0.0453677967502031	3.27599974085855	0.0567232002072527	8.878913350437061
ko:K16707	0.0	9.083877824046526	2.9925351300169227	0.0	0.0	0.8759972897624254	22.80747223157184	0.0	0.0
ko:K16708	5.079458910475749	4.356118242844708	29.547518850280056	8.712236485689417	16.662550015133693	7.317295732211566	35.623338060522244	8.50516263631598	0.0
ko:K16710	0.0009945328314791	1.0444950355142293	5.263133017403234	4.126833912668738	7.455116154524989	8.779075197486108	1.6808141184188437	0.0356983103079741	0.3004558204282904
ko:K16712	0.0009945328314791	0.0008529063206672	0.0	1.6225550101620252	0.0015641861305225	0.0013265683179381	0.0015641861305225	0.0016586038043971	0.0
ko:K16726	0.0	0.0	1.5222389773528988	0.0	0.0	0.0	0.0	0.0	0.0
ko:K16783	0.0	0.0	198.8876793818412	0.0	58.74682643922277	0.0	0.0	0.0	0.0
ko:K16784	0.0	0.0	173.68414633540078	16.150145522609858	53.04514126500364	0.0	0.0	0.0	11.651119422859171
ko:K16785	164.64604591332773	404.503749696722	1880.434686585472	629.0565894425563	2683.2122492414264	2957.2652573448117	807.272815565846	63.15840690249354	111.2027331031403
ko:K16786	211.1261523908348	360.2709654287093	1918.2374739837185	689.051158781218	3266.4222320594627	2797.3500517376306	893.7448781363316	49.41958685803135	143.5968700016214
ko:K16787	218.854177756884	464.0415428716654	2126.3292768266683	903.5974180808552	3528.751056830291	3054.35005173763	1035.0010727463618	76.88912505572108	156.95974220548572
ko:K16788	32.43	70.25	482.7305572491908	87.8903980666779	422.71301776334224	483.6958610061326	254.16888787767417	39.734213889017255	14.5026386839827
ko:K16789	32.43	28.38787812113944	92.96697874934613	140.80429366391814	340.9317877478727	68.21779837914579	62.87	0.0	27.63560571220852
ko:K16839	0.0	0.0	0.0	0.0	0.0	0.0	0.0	0.0	35.16385447614768
ko:K16840	0.0	0.0	0.0	326.0	0.0	0.0	0.0	0.0	24.0
ko:K16841	0.0	0.0	3.044477954705811	0.0	0.0	0.0	0.0	0.2603851765819914	0.0
ko:K16842	0.0	0.0	0.0	0.0	0.0	0.0	0.0	0.0	24.0
ko:K16843	0.0	0.0	0.0	0.8422711161565154	0.2817600975191213	0.0	2.98	0.0	0.607635475917285
ko:K16849	0.0	0.8255668662913888	16.780811046320448	0.0	5.023638534109046	0.6594451672008664	4.842163444272086	0.0	0.0
ko:K16850	0.0	4.693153188642617	21.570229152878102	34.726945788869244	7.633550133152319	1.9469775403664225	4.842163444272086	0.0	0.0
ko:K16855	0.0	0.0	0.0	0.6061870262905306	0.2027842488792015	0.0	0.0	0.0	0.437318501310785
ko:K16856	0.0	0.0	0.0	168.5081074971036	0.0	0.0	0.0	0.0	0.0
ko:K16868	279.42	259.23802586503086	421.189034209821	118.010002550291	967.6322712114612	477.07975678092447	1564.2966397558164	579.0701048447627	218.32988821076748
ko:K16869	67.33649330520645	22.26515627483599	204.56928782632025	87.86096364391969	185.92695216533585	368.1693997834807	188.4725854454989	19.44087556034331	0.0
ko:K16871	0.0	0.0	0.5606611860322498	157.49189250289638	0.0	0.0	0.4894974130789117	0.0941530774401532	0.0
ko:K16872	0.0	0.0	0.0	19.64	0.0	27.32	0.0	19.930334934433496	41.08
ko:K16874	0.0	0.0	1.5222389773528988	0.0	0.0	396.4439748009969	0.0	0.0	0.0
ko:K16876	0.0	0.0	0.0	1.2121004467309169	0.0	0.0	0.0	0.0	0.0
ko:K16881	0.0	0.0	0.0	19.942728496241035	7.0514290610003085	12.201178692574391	0.0	0.0	16.63022202951568
ko:K16885	0.0	0.0	0.0	0.1029643580806368	0.7219860174177973	0.0	0.0	0.0	1.5570136480007295
ko:K16886	0.0	0.0	0.0	0.0514821790403173	0.7047639810584244	0.0	0.0	0.0	1.5198731147895563
ko:K16887	0.0	0.0	0.0	3.49062121885775	1.8552393240365976	0.0	0.0	0.0	4.000954143355719
ko:K16898	51.23749703740751	113.60503701625773	556.0870372159739	627.3610835001289	855.5288621979921	999.14462974224	285.80761366409814	23.72298839254945	213.4725025278169
ko:K16899	51.15	114.3555668662914	355.9701824298569	286.97933545160663	800.6967575269199	985.4858123556176	267.0082493397448	21.445238487508576	36.1342693910447
ko:K16901	0.0	0.0	0.0	0.4971933694582584	0.0	0.0	0.0	0.0	0.0
ko:K16902	0.0	0.0	0.0	0.0036339669899149	0.0	0.0	0.0	0.0	0.0
ko:K16905	0.0	0.0	0.0	0.2953827075840012	2.046355486038596	0.0	0.0	0.0	3.871949774730296
ko:K16906	0.0	0.0	0.0	0.0	0.3476864264066993	0.0	0.0	0.0	0.2086504233899326
ko:K16907	0.0	0.0	0.0	0.0	0.3476864264066993	0.0	0.0	0.0	0.2086504233899326
ko:K16915	104.0	157.9683020134877	63.95672757923841	0.041389028677776	638.0888911078284	13.644958356690518	1197.9120208869192	419.17542395710126	32.66636392697407
ko:K16916	0.0	0.0	0.0	2.2697939626911383	0.0	0.0	0.0	0.0	0.0
ko:K16917	0.0	0.0	12.22480498335279	3.569486216811128	58.293965672843775	0.0	0.0	0.0	0.0
ko:K16918	0.0	0.0	0.0	0.0	6.750881156921484	0.0	0.0	0.0	0.0
ko:K16919	0.0	0.0	0.0	0.0	2.433285795260313	0.0	20.0	0.0	1.4602413923858335
ko:K16921	9.12	12.31	32.57	4.015086081711009	155.31	79.3	29.62	0.0	0.0
ko:K16922	0.313364240951153	12.305509439520526	44.04249456659957	687.558448809642	69.38822895551829	41.30080999000245	35.49240089751097	333.6546888054169	6.651607110178718
ko:K16923	22.19649330520642	4.545156274835985	110.47237884389168	19.46603898113674	105.75018550657109	139.77896264009195	55.025828246490185	2.1355233101571804	9.840635274574163
ko:K16924	36.02	70.25	169.45468761413966	71.60405611509844	208.565958839761	573.9464028905278	82.75226463186375	9.304232169875103	4.721514211422938
ko:K16925	42.61486728254376	17.202930809937993	108.62415932274745	64.71229439695179	102.76957176414176	866.9866415469527	88.54073772669166	5.705383355321177	4.711667213897151
ko:K16926	79.37913040131264	106.77295861238494	1112.880308250462	88.64249490568864	1309.9311709188012	434.15507476823694	370.63671904946375	21.537354965692494	88.7373888333479
ko:K16927	5.241943390399334	33.94314606829133	58.984717505227	61.139424593992615	118.21631597457804	120.74356926747171	17.01733473370135	3.2732234986273494	0.2086504233899326
ko:K16928	0.0	0.0	1.5222389773528988	0.0	0.0	0.0	0.0	0.0	0.0
ko:K16929	0.0	0.0	0.0	0.0	7.851327159571686	0.0	0.0	0.0	4.711667213897151
ko:K16936	0.0	0.0	0.0	57.27019155396945	1.4969963078108832	0.0	0.0	0.0	0.0
ko:K16937	0.0	15.271881387461612	18.91190503379465	228.94009157548624	63.92310029267109	7.92767924294819	0.0	0.0	23.14
ko:K16950	3.352389409035428	8.798243226453888	17.852762783118415	27.586674050012608	180.1977293546448	8.621580159167936	33.058298359533254	8.561384243772867	7.166275417742862
ko:K16951	2.5348137546950484	8.379208584814014	47.542970491546455	86.84544185003472	474.8572302578715	39.88176068484184	85.58055168088178	5.491951699466487	187.6845708436505
ko:K16953	0.3867312380944359	0.1982125873067906	0.6764331332977946	3.1534536439600056	0.1009755124636325	0.0	1.1625681500070917	1.451908996806762	0.0
ko:K16956	0.0	0.0	0.0	7.236406784849931	4.996783968018854	0.0	0.0	0.0	0.0
ko:K16957	0.0	107.9493567524372	288.9329959402845	77.89216449148165	135.06693236928567	441.2449768430244	141.54213429207624	27.22512351438728	0.0
ko:K16958	0.0	37.12223105157601	62.86089611230671	9.10831990811217	101.62119858804076	190.25423906156303	34.91567408237897	6.715905085331706	0.0
ko:K16959	0.0	44.14636837601734	135.4300357255568	71.06705725808034	214.6100822688813	222.20011584090167	46.38854566017801	8.922670917516616	0.0
ko:K16960	0.0	44.14636837601734	122.38844021307408	72.3560555103171	301.18831270922163	225.0539698464157	36.09699566041157	6.73256683537081	0.0
ko:K16961	66.43776062161629	50.37679814385153	10.325179608314668	9.209271217639015	343.6247611291924	13.1240138311903	584.463200515409	120.946199530945	15.011925653701104
ko:K16962	66.43776062161629	50.37679814385153	80.70224645325547	2.878723057367948	454.8090060998135	45.4079831228653	584.463200515409	120.946199530945	209.79897422128795
ko:K16963	66.43776062161629	50.37679814385153	11.847418585667567	9.28652951945142	339.9819194159265	7.755129931715427	578.0610533535806	120.946199530945	10.09160801641402
ko:K17073	52.84	75.66	292.8384787648399	53.13823545234468	294.61947188663976	796.4978663475193	174.30055373024862	21.0256104282444	9.443028422845895
ko:K17074	26.42	70.25	264.2529567195458	92.24361477073369	271.6594718866398	787.6178663475192	142.90055373024862	21.0256104282444	9.443028422845895
ko:K17076	30.64350669479356	71.11484372516401	265.0962867495575	92.54845806342456	258.7575421101893	787.4316857885983	146.7759780646836	21.01609153616169	4.721514211422938
ko:K17103	164.37458760773154	278.73386293796176	714.5685646978473	1269.5385796599917	1000.0323296373804	502.0918531163405	401.37659725831145	728.077694216612	561.7469239135644
ko:K17105	0.0	0.0	0.0	3.784503326970689	1.9535500102903127	0.0	0.0	0.0	4.212968055742576
ko:K17107	0.0	0.0	0.0	1.0413510860805653	0.0	0.0	0.0	0.0	0.0
ko:K17108	0.0873798843621421	0.0749365463991788	0.0	0.1498730927983577	0.1374297548353944	0.116552598919756	9.995191568858532	0.1457253134773699	0.0
ko:K17195	0.0	0.0	18.945803388050923	2.853200579923584	40.45988781755057	14.964808476136833	0.0	0.0	0.0
ko:K17199	0.0	0.0	0.0	157.49189250289638	0.0	0.0	0.0	0.0	0.0
ko:K17202	0.0	3.505374925351918	0.0	0.0	0.0	6.366014846168985	0.8598224891117834	0.0	0.0
ko:K17203	0.0	3.505374925351918	0.0304374366613725	62.275379318388985	0.0	2.916661706364496	0.8863965535872188	0.0051114262989004	0.0
ko:K17204	0.0	3.505374925351918	5.201947188219624	0.0	152.84107865332595	5.454039700136911	0.8598224891117834	0.0	0.0
ko:K17205	0.0	0.0	0.0	5.249867296363362	0.0	7.302768560929076	0.0	10.196319018404909	4.5655668748414575
ko:K17209	0.0	5.813354951881783	0.0	0.0	0.0	0.3743602290544765	87.01380863140528	0.0	0.0
ko:K17210	0.0	0.0	0.0	0.0	0.0	0.0	5.534911828920273	0.0	0.0
ko:K17213	6.01	73.87311230658102	83.67102651947131	180.5743643409247	147.56412468698215	77.42707762457583	123.80855990898844	10.196319018404909	55.47201781242818
ko:K17214	25.5932412598811	36.91324535804128	12.520392018559226	22.44494322450587	178.28433945972347	21.932830569318117	104.81527673352012	0.0	26.44496918392755
ko:K17215	1.6983739773373427	36.31816511167878	27.83645381607817	1.489452121684566	38.5769114372504	9.17953424225193	53.608908488629794	0.0	23.63077396190911
ko:K17216	9.6	0.0	0.0	48.6946560754281	14.345775628195591	42.58	1.094697924687944	0.0	0.0
ko:K17217	18.72	12.31	15.643847284983744	41.41320663701998	74.59766416428694	121.88	29.62	0.0	0.0
ko:K17218	0.0	0.0	22.33	225.01074951476136	49.67833469263613	21.38008328661896	6.681847163456326	0.0	82.2478924515323
ko:K17222	0.0	0.0	0.0	168.5595896761439	4.312114755964709	0.0	0.0	0.0	7.904572379777619
ko:K17223	0.0	0.0	0.0	0.0514821790403173	3.665344063743036	0.0	0.0	0.0	7.904572379777619
ko:K17224	0.0	0.0	0.0	0.0514821790403173	3.665344063743036	0.0	0.0	0.0	7.904572379777619
ko:K17226	0.0	0.0	0.0	19.339549747167855	10.117670036584697	0.0	0.0	0.0	21.819467348235776
ko:K17227	0.0	0.0	0.0	19.339549747167855	10.117670036584697	0.0	0.0	0.0	21.819467348235776
ko:K17228	0.0	0.0	0.0	0.1487676813048561	0.0	0.0	0.0	0.0	24.0
ko:K17229	0.0	0.0	0.0	22.63843273352809	14.869348358505151	0.0	0.0	0.0	32.06679599401764
ko:K17230	0.0	0.0	0.0	19.591161081272805	10.201840124664924	0.0	0.0	0.0	22.00098606568
ko:K17234	0.0	0.0	20.020544271161423	62.275379318388985	5.491746518825529	0.0	0.0	0.0	0.0
ko:K17237	0.0	64.84	249.2439138101588	5.755990482957007	74.21242038179685	273.71416327632505	111.50340344883416	21.447281025908687	0.0
ko:K17238	0.0	64.84	218.2344537959691	0.0	48.86139432513521	244.0677431895871	108.48384844737154	20.866480416362503	0.0
ko:K17239	0.0	0.0	0.0	0.0012054267710637	0.0	0.0	0.0	0.0	0.0
ko:K17240	26.42	5.41	70.4593949904585	34.9958664694522	33.885424320299386	623.1299834206619	34.17576022123497	0.0	0.0
ko:K17241	0.0	0.0	109.67459126748034	0.0	30.084349687954678	0.0	0.0	0.0	0.0
ko:K17243	0.0	0.0	25.0	0.0	0.0	0.0	0.0	0.0	0.0
ko:K17244	0.0	0.0	0.0	0.0	0.0	0.0	0.0	0.0	6.25
ko:K17245	0.0	0.0	0.0	0.0	40.02119907470277	0.0	0.0	0.0	0.0
ko:K17246	0.0	0.0	0.0	0.0	0.0	0.0	0.0	0.0	6.25
ko:K17247	0.0	6.732514150547782	25.578331677278065	0.0	9.626190079963298	0.0	21.492287479693427	0.0	0.0
ko:K17248	22.89619390587907	32.071800116096426	3.2399812616045587	54.56443656617304	94.2492333164036	51.57537844181346	30.6919289439297	95.1004700918685	32.935418364976215
ko:K17249	0.0	0.0	0.0	0.0	87.01989212588704	12.25	0.0	0.0	0.0
ko:K17250	0.0392995255102761	6.052088000660256	8.007054897899724	6.982146276582145	23.21565215725916	20.07921637998554	8.309182402018797	166.03312491401908	0.5533686364476794
ko:K17251	0.0	0.0	0.0	0.0	63.62883125169855	12.25	0.0	0.0	0.0
ko:K17281	0.0	0.0	0.0	1.5395117471294075	0.0	0.0	0.0	0.0	0.0
ko:K17283	0.0	0.0	0.0	0.4981606610488423	0.0	0.0	0.0	0.0	0.0
ko:K17310	0.0	0.0	0.0	0.4981606610488423	0.0	0.0	0.0	0.0	0.0
ko:K17316	0.0	0.0	0.0	0.0	0.0	0.0	0.0	0.0	4.826680903526925
ko:K17318	5.921880672130949	1.212618260266027	293.8825524331445	17.032682831185046	310.80401237500143	313.2716063855071	114.64854669940706	20.698481428380337	33.12487601847681
ko:K17319	5.921880672130949	1.212618260266027	302.2407551571629	15.014828592938024	283.26301963178685	276.8039390540848	112.58148886538518	20.300890243790025	45.624876018476805
ko:K17320	5.921880672130949	1.212618260266027	326.77173429624906	11.158886144063002	422.7913845145444	279.0291364211339	112.5365235933983	20.292241334475328	36.528237825530624
ko:K17324	0.0001161615831834	9.961958557821304e-05	0.0	0.0001992391711564	0.0001826971735511	0.000154943377569	0.0001826971735511	0.0001937251719546	0.0
ko:K17363	2.79	8.51	83.8237720817658	22.75	38.18997252887016	0.0	29.02259055344	6.45	0.0
ko:K17398	0.3260265093827741	0.2795986836795309	25.098554827386096	0.5591973673590619	0.5127695416558188	0.4348739674203775	0.5127695416558188	0.5437214254579809	0.0
ko:K17458	0.0	0.0	0.0	157.49189250289638	0.0	0.0	0.0	0.0	0.0
ko:K17459	0.0	0.0	0.0	157.49189250289638	0.0	0.0	0.0	0.0	0.0
ko:K17462	0.0009103879044882	0.0007807440573301	44.38523231425075	19.4380306699097	53.535624249875326	0.0012143307017145	6.363228956052132	0.0015182734989408	6.144833307896013
ko:K17463	0.0	0.0	0.0	0.9384459163280884	0.0	0.0	0.0	0.0	0.0
ko:K17467	0.0	0.0	0.0	0.8051101645796236	0.0	0.0	0.0	0.0	0.0
ko:K17472	0.0	0.0	0.0	34.328190233972016	0.0	0.0	0.0	0.0	0.0
ko:K17474	0.0	0.0	0.0	157.54747983507087	0.0	0.0	0.0	0.0	0.0
ko:K17485	0.0	0.0	0.0	0.0555873321744872	0.0	0.0	0.0	0.0	0.0
ko:K17489	0.0	0.0	0.0	164.1471209385096	6.728601788906776	1.9426060035324368	6.75	0.0	14.51070320552682
ko:K17490	0.0	0.0	0.0	318.42004401921133	4.96423657327866	0.0	0.0	0.0	10.705725471171313
ko:K17623	0.0	0.0	44.66	0.0	0.0	0.0	0.0	0.0	0.0
ko:K17624	10.132493901882055	19.05476371407808	214.4852591718453	51.64110008611576	53.301693288392144	223.6422072837628	169.9351723626934	30.417884155997605	4.826680903526925
ko:K17640	0.0	0.0	0.0	326.0	0.0	0.0	0.0	0.0	0.0
ko:K17675	0.0	0.0	5.557787406116669	0.0	1.524531962094503	0.0	0.0	0.0	0.0
ko:K17680	25.07045601567346	41.53904106725018	12.660828231388798	88.0989395507507	60.04080526991319	39.16514953764207	66.63972751505135	96.2359322447474	48.69488596216871
ko:K17686	435.7818387345942	505.5465024309355	1048.5933942805384	2163.7653807941147	1884.8853360320195	1427.9958595724388	1944.3874810357456	1210.1648672754982	329.5606118667161
ko:K17713	0.0	0.0	166.32999999999998	211.4175380149948	40.39619893612817	27.32	0.0	19.0	41.08
ko:K17716	0.0896571519358933	2.8548971737665307	109.02503009183664	186.6511846261864	130.9053251233848	15.090405673481062	24.40478399950777	0.6421005812774665	166.65660808980505
ko:K17722	148.13770428675778	177.8539509797734	248.73877021322144	228.1662510263338	354.0384941157636	249.49472494733908	212.7236703910333	551.5091192627617	261.55354620040583
ko:K17723	7.647450841281016	0.0332522525030456	4.3327928441776375	678.399802183651	90.51926818201257	39.31965714563933	11.055281124494844	0.0646639744247419	62.08891335043706
ko:K17733	19.369496507052023	14.9722818718744	70.00119358081339	68.14286897708737	79.5224448590701	96.48221253743742	23.691993748223936	24.65135089058649	48.65480197414854
ko:K17734	0.0	0.0	16.56639022301193	3.789309820853976	142.2959193335411	23.97749049546105	14.584635235112556	0.0	7.673319096473062
ko:K17735	0.0	0.0	0.0	2.802080121852076	0.0	0.0	4.074697924687947	0.0	0.0
ko:K17736	0.0	0.0	1.714649203450169	4.111894701983227	0.0	5.696104043480447	5.640128230660608	11.160478136331989	3.0348000065244425
ko:K17737	0.0	0.0	0.0	0.0	1.2855824810613297	2.1155850893341097	0.0	0.0	24.0
ko:K17743	0.0	2.585590733151417	0.0	0.0	0.0	0.0	0.0	0.2603851765819914	0.0
ko:K17745	0.0	0.0	0.0	21.17	10.73	0.0	0.0	0.0	23.14
ko:K17758	204.6802943886512	322.792112043996	905.0987977516568	1362.532469008386	1066.7179670121882	1261.9243809246125	533.7639739657168	914.0845336459902	376.16901832587416
ko:K17759	214.2802943886512	322.792112043996	850.7693190313163	1677.9851811737435	1074.6130541860134	1277.2620485247744	536.7439739657168	886.923116085255	373.5399345170934
ko:K17763	0.0	0.0	0.0	0.0	9.530028434634325	0.0	0.0	0.0	8.331904632811355
ko:K17810	9.638182154704758	4.608671041159342	5.666589458918226	59.94583640877026	27.65520687100499	568.31427076263	63.25859030293531	0.0636772010424288	23.30218098709692
ko:K17816	6.01	30.97	41.08	110.25618702629052	99.2327842488792	11.09	16.62	0.0	7.867318501310785
ko:K17828	171.98210157481367	284.00507404323105	607.4133140813951	883.8391803160295	1219.6015307500045	1197.8998790017606	489.608906694959	584.2382542237599	347.9956857151441
ko:K17830	0.0	0.0	0.0	19.14593499582482	6.404779183376284	0.0	0.0	0.0	36.66482289256986
ko:K17836	80.17498434290245	103.51385843654644	215.2249538772354	410.5178275270789	524.6612852387136	1017.8599517615482	228.73837601419524	268.8840800272675	75.63055344271774
ko:K17837	0.0	1.037434287413516	0.0	0.0	0.0	0.0	1.094697924687944	0.0	0.0
ko:K17838	0.0001366933587885	0.0001172275323788	0.0	19.986365483685613	8.044477413279745	0.0001823299073714	0.0002149892383478	0.0002279664559543	17.348017939638204
ko:K17840	0.0	0.0	38.561163392909386	3.8854449867252057	12.677509747883658	18.606283148201108	0.0	0.0	20.233391562951283
ko:K17865	2.6520664073617604	4.2041729001961	26.883532345565804	20.931919829889004	94.09824840377937	3.899120510103582	32.331815404639045	5.707467856239861	3.4781099399319557
ko:K17869	52.06290537897373	5.41	32.1522389773529	48.81290537897373	22.96	122.61696989965638	31.4	0.0	0.0
ko:K17882	0.0	0.0	0.0	6.094912784413064	0.0	0.0	0.0	0.0	0.0
ko:K17898	0.1889057018813909	5.06105378350096	0.3304157079502464	1.540360113907399	25.62768841616308	2.773608240327251	7.794082370370592	0.7092105863005371	4.920317637287087
ko:K17899	0.1889057018813909	5.06105378350096	0.3304157079502464	1.540360113907399	28.4336762702636	3.503788766001132	7.794082370370592	0.7092105863005371	4.920317637287087
ko:K17938	0.0	0.0	51.218191463775526	0.0	54.31762452454457	12.25	0.0	0.0	24.0
ko:K17947	0.0020954757570955	0.0017970693992813	0.0	176.53465887416482	0.0032957324407483	0.00279507288486	0.0032957324407483	1.5893423872782937	11.78
ko:K17948	130.76	53.43308976348506	50.39	0.0	0.0	5.96	178.22526682690338	0.0	89.97
ko:K17950	0.0	0.0	0.0	3.1946074670895945	0.0	0.0	0.0	0.0	0.0
ko:K17981	0.0	0.0	0.3180625851609984	0.0	0.0	0.0	0.2776914409490517	0.0534129559126574	0.0
ko:K17992	0.0	0.0	30.091886606701152	62.275379318388985	103.60205809977263	0.0	0.0	0.0	29.208650423389933
ko:K18009	4.299725035957181	0.0	0.0	5.119944067751123	0.0	19.07107208656841	0.0	0.0	0.0
ko:K18011	2.79	8.51	11.00897715794649	43.526981477666254	311.2518596676555	2.9895597172007773	37.7545444029466	6.45	66.95885972671621
ko:K18012	2.79	8.51	11.00897715794649	43.526981477666254	322.6528171020253	2.9895597172007773	40.7345444029466	6.45	86.40755182064117
ko:K18013	2.79	8.51	11.00897715794649	201.01887398056263	313.85183068800364	2.9895597172007773	43.7145444029466	6.45	62.32786945792822
ko:K18014	2.79	8.51	13.61099746707418	43.526981477666254	396.5052646964948	6.549264734249761	37.7545444029466	6.45	66.95885972671621
ko:K18093	0.0	0.0	7.829330125275624	10.370053427442512	0.0	14.425145602735713	0.0	19.13363398446267	9.01835603567811
ko:K18104	9.6	0.0	60.01717779684315	31.043012539997346	32.97355214202757	906.6857278783508	0.5982389077389259	0.1150691151844258	0.0
ko:K18106	0.0	0.0	0.0	157.49189250289638	0.0	0.0	0.0	0.0	0.0
ko:K18118	146.6904151094874	197.8849446033895	219.89	418.5574774972516	339.30029557822223	281.73169171516446	140.08231213950285	326.46392997278025	194.3276956637066
ko:K18119	67.55933995281738	0.0	23.17303759724334	20.77698147766625	33.51250995175343	0.0	42.423616385757725	0.0	52.92031763728709
ko:K18120	67.55933995281738	0.0	41.50957075131357	20.77698147766625	33.83940931982295	10.240598237247507	49.35240257094378	0.0	64.34779957498672
ko:K18122	212.2695743728165	179.63668139678634	172.47330101505537	239.46061228656612	259.20845250803524	201.1	189.07712822743844	316.0816123943644	144.61403148149182
ko:K18123	0.0	0.0	1.5222389773528988	0.0	0.0	0.0	0.0	0.0	0.0
ko:K18130	0.0	0.0	0.0	0.0	0.5364575806548958	0.8828073464075175	0.0	0.0	0.0
ko:K18133	0.0	0.0	214.2099789087872	97.50817407772892	0.0	76.57184273082339	78.5582950002654	148.35401606577665	19.13435777640677
ko:K18135	0.0	0.0	22.33	0.0	0.0	0.0	0.0	0.0	0.0
ko:K18136	192.138773529809	165.24650089992096	50.39	0.0	579.0	5.96	1307.9200000000003	247.2856356633652	89.97
ko:K18137	0.0	0.0	0.0	0.0	0.0	0.0	0.0	0.0	24.0
ko:K18138	234.76	164.53	283.0093301252757	112.9	629.04	116.33	1367.9200000000003	582.0033644984914	210.4661455238523
ko:K18139	0.0340123932931534	0.8547357225649476	272.54519266698986	117.4788709271444	64.00619375449003	110.4153677967502	64.89565761979961	162.00672320020726	76.69840544345637
ko:K18143	0.0	0.0	0.0	0.0	0.0	0.0	0.0	0.0	43.59598181425531
ko:K18144	0.0	0.0	0.0	168.5081074971036	0.0	0.0	0.0	0.0	48.0
ko:K18145	0.0	0.0	0.0	0.0	0.0	0.0	0.0	0.0	24.0
ko:K18146	0.0	0.0	0.0	0.0	0.0	0.0	0.0	0.0	24.0
ko:K18147	0.0	0.0	0.0	19.64	0.0	27.32	0.0	19.0	17.08
ko:K18148	0.0	0.0	155.7805024368281	31.340886430946316	0.0	35.15612258441449	60.0	73.35954169897568	12.202833193571376
ko:K18151	0.0	0.0	0.0	652.0	0.0	0.0	0.0	0.0	0.0
ko:K18163	0.0	0.0	11.16883027744008	0.0	0.0	0.0	0.0	0.1906338432381635	0.0
ko:K18180	0.0001061850133849	9.106372983326784e-05	0.0	0.0001821274596665	1.049594891988761	1.7271051099832662	0.0580784319580612	0.0001770870318159	0.73429877833872
ko:K18195	0.0	0.0	0.0	0.0	0.0	43.42741385869992	0.0	0.0	0.0
ko:K18197	0.5693303916295727	0.4882548611759942	0.0	497.6770742715908	0.9257589450044124	11.000005705829356	0.89543419189841	0.9494845455341288	30.422931542677123
ko:K18198	0.0	0.0	0.0	168.5081074971036	0.0	0.0	0.0	0.0	0.0
ko:K18199	0.0	0.0	0.0	5.051881940538099	21.10495204394588	4.565041643309481	0.0	0.0	0.0
ko:K18216	35.54	54.84223105157601	120.89	59.54303338068716	230.9084745085473	88.91018052567387	61.02	0.0	0.0
ko:K18217	35.54	54.84223105157601	178.57999999999998	59.90209859002281	228.2226026675185	88.17999999999999	61.02	0.0	0.2590386339681487
ko:K18218	0.0	0.0	0.0	15.49318708759962	0.0	0.0	0.0	0.0	0.0
ko:K18220	22.786680909182547	22.52156557831001	122.2900842589819	224.182250732208	274.81627565651297	84.07845050421592	114.4001351199015	89.68857224377084	9.902650927591283
ko:K18225	0.0	0.0	0.0	0.0	0.3476864264066993	0.0	0.0	0.0	0.2086504233899326
ko:K18227	0.0	0.0	0.0	0.0	0.0	0.0	0.0	0.0	24.0
ko:K18231	31.31649330520642	16.855156274835984	135.95616788115697	52.27304715346291	295.687981259429	489.7204568996052	89.92295113762813	17.497137569463852	6.007477863185452
ko:K18234	0.054697252779059	2.6405697098413805	73.16928331638553	17.71253168632433	38.84560601443726	61.09429752124972	42.76833755375228	0.2338506507913625	54.02170817121645
ko:K18236	0.0	0.0	0.0	0.2918452126876329	25.321394325135213	0.0	0.0	0.0	0.0
ko:K18240	0.0	0.0	9.937120661707368	0.0	0.0	0.0	0.0	0.1336339844626698	0.0
ko:K18242	0.0	0.0	0.0	0.0	0.0	0.0	0.0	0.0	24.0
ko:K18244	0.0	0.0	104.34809722401346	9.705557134359005	3.553561776685557	52.11125551874216	23.36680412321794	4.494521236187943	0.0
ko:K18263	0.0	0.0	1.6304684822021038	0.0	1.4352984500544697	0.0	0.0	0.0	17.522601911081647
ko:K18284	0.0	0.0	144.0	0.0	89.53999999999999	12.25	0.0	0.0	0.0
ko:K18285	0.0	0.0	0.0	326.0	47.852224594244746	120.33385489840818	13.5	0.0	0.0
ko:K18287	0.0	0.0	0.0304374366613725	0.0	0.0	0.0	0.0265740644754354	0.0051114262989004	0.0
ko:K18292	0.0	0.0	39.4777610226471	38.78593499582482	10.2211676861488	27.32	0.0	19.783932424652264	30.89235697141912
ko:K18298	0.0	0.0	0.0	0.0	0.0	0.0	0.0	0.0	11.163854476147776
ko:K18299	0.0	0.0	0.0	326.0	0.0	0.0	0.0	0.0	11.163854476147776
ko:K18300	0.0340123932931534	0.0291688562735588	5.672391746988824	0.0583377125471176	0.053494175527523	0.0453677967502031	0.053494175527523	0.0567232002072527	0.0
ko:K18301	0.0	0.0	0.0	0.0	0.5364575806548958	0.8828073464075175	0.0	0.0	48.0
ko:K18302	6.01	15.628062572591366	20.90828693532162	149.5628907584417	99.03	74.99317352173107	23.37	0.0	31.43
ko:K18303	6.01	21.655940693730805	29.545952516897323	149.5628907584417	100.43304397702994	49.88884901272737	25.949467467335374	0.0	31.43
ko:K18320	0.0	1.194571000813749	0.0	0.0	0.0	0.0	0.0	0.0	12.836145523852224
ko:K18323	0.0	0.0	0.0	19.64	0.0	27.32	0.0	19.0	53.91614552385232
ko:K18326	0.0	0.0	0.0	0.2440781683830067	0.0816500616092659	0.0	0.0	0.0	24.17608410304179
ko:K18330	0.0	0.0	1.5222389773528988	0.0	161.69549865196106	2.290505459106303	36.80527613020834	0.0	57.850052944444194
ko:K18331	0.0	0.0	31.61412558405405	0.0	159.88779627191087	2.290505459106303	39.78527613020834	0.0	40.30087666695994
ko:K18332	0.0	0.0	70.40098883325149	18.724620681611015	175.5597068984219	6.877667221061456	36.31509861932014	0.0	62.22594950437403
ko:K18334	0.0	0.0	0.0	173.41702573554545	0.0	0.0	0.0	0.0	0.0
ko:K18335	0.0	0.0	0.0	326.0	0.0	0.0	0.0	0.0	0.0
ko:K18344	0.0	0.0	0.0107000046977402	0.0	96.17671345300307	0.0	32.009341871258364	0.0017968755391217	0.0
ko:K18345	0.0	0.0	0.0	0.0	8.971563103457395	0.0	16.863784811737087	0.0	0.0
ko:K18346	61.87340006166921	90.30992397143577	88.66124004571728	91.1846774799529	625.4067568135307	130.0288523079321	128.89190474262818	97.06748543968232	105.20391402621664
ko:K18347	9.6	0.0	0.0	9.6	0.0	566.74	0.0	0.0	0.0
ko:K18348	129.48211289334054	62.6344969539273	46.55218203187624	50.91685073233636	65.19830363993039	75.76811025056956	66.17020411255173	96.77854896505326	7.887230990662944
ko:K18349	0.0	0.0	2.399120811890403	0.0	0.0	0.0	4.284000327697271	0.4028896831413745	0.0
ko:K18350	0.0	0.0	15.06	0.0	246.86	22.650598237247507	2.189395849375885	0.0	6.25
ko:K18364	0.0	0.0	0.0	0.6045187375485758	0.0	0.0	0.0	4.389449774286792	0.0
ko:K18365	0.0	0.0	0.0	17.413563763744452	0.0	0.0	0.0	8.54845539388936	35.78
ko:K18366	0.0	0.0	0.0	17.413563763744452	0.0	0.0	0.0	8.54845539388936	35.78
ko:K18369	0.4638327886017068	68.39369574468893	381.7135704120436	143.68042159089535	108.13891487614346	91.03191946826594	125.45208796495449	187.0459472948892	67.92224443204177
ko:K18376	1.028318482849244	0.5270473315402845	1.798635912653875	8.38503422394993	0.2684939191702273	0.0	3.0912690738786885	3.8606264758651863	0.0
ko:K18383	0.0	0.0	0.0	0.0	0.0	0.0	0.0	0.1754918456877721	24.0
ko:K18427	0.0	0.0	1.2427886487374475	0.0	0.0	0.0	1.094697924687944	0.0	0.0
ko:K18428	0.0	0.0	0.0	0.0	0.0	0.0	1.094697924687944	0.0	0.0
ko:K18429	5.489833345678099	13.591350536609792	34.04119893939795	19.027819459802185	68.18696492017224	51.77250193105253	17.82991926523962	0.0	8.220929889053146
ko:K18430	5.717150073954215	11.979150940722018	11.800637503344957	18.93364921086849	65.17409065648606	51.6003432322142	38.17153674188302	0.3791009993718769	18.2158510286635
ko:K18431	4.785821365390895	8.211874031260622	15.732710586271937	14.49420091111331	50.140283852915175	40.16793870643286	35.05463974143735	3.81307106161494	18.34693761282181
ko:K18445	0.0	0.0	0.0	0.0	0.0	1048.32	3.899935683789344	0.0	0.0
ko:K18446	234.76	165.24650089992096	50.39	0.0	579.0	7.246045167924446	1330.7274722315722	419.0	137.97
ko:K18456	0.0	0.0	0.0	0.0	0.0	0.0	0.0	0.0	24.0
ko:K18471	0.0	6.581405848208683	0.0	0.0	0.0	1.167458910580507	0.0	0.0	0.0
ko:K18474	6.01	81.79	254.52951085814016	109.65	311.447068679338	286.5813209592412	125.85830366105549	21.011597179518223	7.43
ko:K18475	6.01	7.992121878860559	11.452334418424297	164.29012795524105	102.19186876280712	55.78234236927791	23.37	0.0	26.443819511197667
ko:K18476	85.24245294038198	1.7402557366992757	0.0	0.0087258154429656	3.816388502772516	0.0	0.0	343.4287286732697	0.0
ko:K18478	0.0	0.0	0.0	18.724620681611015	0.0	0.0	0.0	0.0	0.0
ko:K18480	0.0	0.0	0.0	0.0	48.90165248005738	13.97696347396069	0.0	0.0	0.0
ko:K18481	0.0	0.0	0.0	0.000813830029053	0.0	0.0	0.0	0.0	0.0
ko:K18491	0.0	0.0	104.10824950901348	11.396435714674263	27.798431851006832	87.55670714990747	28.5289880196839	5.487448853735776	0.9165871935903008
ko:K18540	0.0	0.0	0.0	0.0	1.6021627738729731	0.0	0.0	0.0	3.4551767555843997
ko:K18545	0.0204962319928665	0.0175774647786925	7.528385372931917	0.0351549295573851	0.032236162343211	0.0273391195727635	0.032236162343211	0.0341820071526604	0.0
ko:K18546	0.0	0.0	1.2615988029228264	505.5243224913118	37.067681560309005	3.284586318848304	0.0	0.0	0.0
ko:K18565	0.0	0.0	0.0	157.49189250289638	0.0	0.0	0.0	0.0	0.0
ko:K18567	0.0	0.0	0.0	6.935783156982693	0.0	0.0	0.3119904502109608	0.0	24.0
ko:K18574	140.14570358741813	189.02637870946305	239.5440063740573	649.8827574189261	308.1634325409709	201.28100969017956	132.89457505851502	302.68631579294095	395.0095745757984
ko:K18581	24.258394015569475	5.204689495539161	43.32496380433223	347.5790084740237	248.19122849825823	13.170859119943165	29.526491785321326	0.7131764325452014	4.826680903526925
ko:K18589	0.0004972664157398	0.0004264531603338	0.0	0.811277505081009	2.434067888325574	0.0006632841589694	20.00078209306526	0.000829301902199	1.4602413923858335
ko:K18590	0.0	0.0	9.062413933793945	345.64	10.410912357755336	27.32	20.0	19.0	139.93376567617926
ko:K18640	0.0	0.4629479384196835	0.5732906918837261	0.000813830029053	23.13002358737761	97.08685311833425	21.0057017887672	0.0	0.0
ko:K18650	0.1024373794367752	4.825982865591989	5.86745802418445	0.1756995558694055	0.1611119543673331	35.59278101816175	0.1611119543673331	0.1708370220353814	60.715068157698745
ko:K18652	0.0	0.0	0.0	0.0	0.0	0.0	8.480847062793352	0.0	0.0
ko:K18653	0.0004190228906068	0.0003593519093495	0.0	0.3230558895204629	0.0006590328374417	0.00055891819111	0.2629681056329374	0.0787764162211365	0.0
ko:K18654	0.0	0.0	0.0	8.950349075785958	0.0	0.0	3.4474809883095165	0.0	0.0
ko:K18660	0.0007178245098031	0.0006156026650527	1.3757603901057291	169.67921992087906	1.212208361663932	0.0009574779458292	0.0011289834853549	0.0011971313818552	14.785260741930124
ko:K18672	51.15	113.53	509.9004374366617	276.27	819.0799999999999	983.53	256.72657406447576	21.01511142629896	29.57
ko:K18674	0.0	0.0	0.0	0.0	18.38415223388201	0.0	0.0	0.0	8.878913350437061
ko:K18676	0.0618165886859498	0.0530135934616848	0.0	0.1060271869233696	0.0972241916991046	0.0824547219339489	7.071062757289468	0.103092855181948	0.0
ko:K18682	235.4112559215613	349.00077563836805	833.6058235178868	1414.6560011795648	1381.9347819619693	1239.5312537389718	615.6110714378791	586.8315746570859	545.7019290143198
ko:K18687	0.2078816490183409	0.1782782496328177	0.0	2.675505514562155	0.3269530998801121	0.2772851742444009	20.7214598417102	0.3466886994704609	0.0
ko:K18691	381.0384731627246	359.865810845248	307.5651537586737	281.22108905385755	924.744850680382	254.8406501523696	1530.7189593730195	750.9140675846705	390.6453703571685
ko:K18692	45.14	82.56	299.6259468737319	82.28523031687072	393.66	900.83	172.7783692512008	21.496322786484757	0.0
ko:K18697	0.0874970374075064	0.0750370162577033	4.138788369412959	0.1500740325154066	1.2729066543642968	0.1167088647698226	7.111452576955967	0.1459206921321388	0.0
ko:K18698	0.0	0.0	0.0	7.399893929084435	0.0	10.293538805630693	0.5800253507778151	0.0624245672978677	6.4353456369023485
ko:K18699	0.0	0.0	0.0	7.399893929084435	0.0	10.293538805630693	0.5800253507778151	0.0624245672978677	6.4353456369023485
ko:K18700	0.0	0.0	54.99727550491232	0.0	285.31821915544765	6.305431760086028	23.781462010002144	0.0	135.245863267828
ko:K18702	0.0	0.0	2.6020203091276914	0.0	85.60109145524584	527.7197050170489	0.0	0.0	0.2086504233899326
ko:K18704	0.0	0.0	1.7607110367980106	6.293692166131997	1.4525204864138428	6.296167301112713	0.0	0.0	35.41931840397983
ko:K18707	155.26620085383388	266.4768051626233	542.5214523443792	1343.1105389737313	827.6142146340362	311.55167297433854	389.97361509664296	565.8871450948432	511.98331909647305
ko:K18766	0.0	1.6488149928699256	2.0418068849757955	82.11915996976101	0.0	0.5488960048318176	0.0	0.0	0.0
ko:K18778	0.0	0.0	103.34826351808532	0.0	0.0	0.0	0.0	2.657831471887565	0.0
ko:K18785	145.58484831910218	202.99096169138195	234.7572120455484	709.9676699983472	314.4265110742443	219.07607141297967	191.93429256552864	311.75729450685714	203.454314284856
ko:K18788	0.0018828243737274	0.0016147006496206	0.0	2.659411230514848	0.0029612775751345	3.6973631350282767	0.0029612775751345	0.003140026724539	2.3099585357944274
ko:K18795	0.0	0.0	0.0	7.399893929084435	0.0	10.293538805630693	0.5800253507778151	0.0624245672978677	6.4353456369023485
ko:K18800	0.0	43.13429302506833	28.65983489977657	39.28	0.0	58.69181119224454	18.11	38.0	114.66
ko:K18808	0.0	0.0	0.0	9.149557128162396	0.2391619945265315	0.0	0.0	0.0	0.0
ko:K18814	6.01	30.97	41.08	196.85121005208927	99.1838547312727	52.664902616095	28.33195405101904	0.0	7.43
ko:K18815	0.2256543025970669	1.2017145104409754	54.78699143398341	37.31787486875208	64.05493594162716	5.238630850588387	34.32731185930595	0.5906802192234477	15.26191373099917
ko:K18816	0.0	27.71776894842393	138.70850791163969	3.668467641027238	151.1518368941937	80.33376581406775	27.522298134728143	5.29381565330622	163.89644725932106
ko:K18817	0.0	0.0	0.0	62.275379318388985	0.0	0.0	0.0	0.0	0.0
ko:K18821	67.33649330520645	22.26515627483599	47.22792008219452	87.86096364391969	137.73940977859945	138.22044135315036	87.40038946947321	0.0	0.0
ko:K18827	8.596986062724055	5.209478024394347	28.80461007258542	181.30906114168965	111.99774714405676	15.14333670008226	27.86605723359205	0.1676821746455677	26.46452126938432
ko:K18828	256.3854250038571	277.51168088381047	404.4698394081071	1058.2272996186095	1725.1355582187496	31.12318160089434	2904.790158406494	835.6349761118098	57.04535308647839
ko:K18829	238.24491867149305	181.36353472245696	148.0300118593547	38.88368850690043	901.1744212348134	358.01962583798934	1739.282399808416	762.8764780101027	56.23514107749793
ko:K18830	0.0	0.0	89.19300404079763	0.1399430757852255	75.4147043056965	79.59014371863644	54.22803783785313	10.430569211510525	0.0
ko:K18831	4.911480662795513	22.50666768175105	240.38143920500056	522.5112123570262	237.61169279766435	82.20138130559945	79.72835527446489	22.53803746951808	329.12122479727435
ko:K18837	0.0	10.063343937539454	3.3152042378652973	0.0	0.0	0.8390786257755457	0.0	0.0	17.02163475613325
ko:K18841	71.16610934257658	12.953136791843692	26.89343578300413	9.354123689643092	0.279892538664704	2.3748324149580986	121.27415762063332	2.7021505823110905	48.93646131054271
ko:K18842	129.38936580481663	20.480059421417614	24.938848921148768	4.016405102525957	2.804340154297441	2.3748324149580986	156.96706914212265	2.688784554135914	81.31842033212574
ko:K18843	30.02005907212	70.76470761423317	45.99344555289187	173.49431838360903	357.25283094857895	10.06782238885618	636.7316481581499	124.47102051111288	12.348615938526295
ko:K18850	234.76	164.53	50.39	19.690720867499916	579.0	33.28	1307.9200000000003	438.0	131.05
ko:K18853	0.0	0.0	0.0	1.2851550901493842	0.4299155183903967	0.0	0.0	0.0	0.9271430657552452
ko:K18856	0.0	0.0	0.0	0.0	18.03	0.0	22.189395849375884	0.0	10.82
ko:K18866	0.0	64.84	26.932334736229997	0.0	0.0	19.45036017897145	2.189395849375885	0.0	0.0
ko:K18876	0.0	0.0	0.0	0.0	0.0	1.9426060035324368	6.75	0.0	0.0
ko:K18887	2.963142084567525	36.31651000984665	233.35497857543436	24.16182165731584	239.1035066126855	47.71459998356048	142.47165687865544	27.03649064276193	0.0
ko:K18888	2.280414775084646	35.96658961783383	237.19351261725777	18.59477997604864	216.92524653654675	48.33750613473002	112.06014534103188	25.17362742509937	0.0
ko:K18889	54.89350669479356	135.25484372516402	510.25268355412527	719.4244174219409	805.3308840954367	968.8870306093982	263.2306009586715	77.60936672628885	45.362825534255066
ko:K18890	54.89350669479356	135.25484372516402	472.0978141929484	702.8848232416302	760.9121295801073	953.5633474128508	268.38552714693134	17.811270744411136	40.11076166744057
ko:K18891	0.0	64.84	164.2957008993923	0.0	138.41509748915217	609.0229160511519	109.53182167085464	21.068054319368816	0.0
ko:K18892	0.0	64.84	165.62351336328416	0.0	138.3326816974704	472.7773248037993	110.69109715187858	21.291036813704743	0.0
ko:K18893	234.76	160.91913185173922	280.2041775235003	115.0451035702548	579.0	106.9944757776634	1378.8678319698515	583.7751298047555	149.90992140237444
ko:K18896	0.0	0.0	4.495504384504538	143.28996769119567	3.745483413966216	0.0	0.0	0.0	0.0
ko:K18900	72.83540309899259	3.3482382119516902	20.16334092531528	0.0	0.0	1.2822702414605112	52.3995372967844	0.0	42.51092498512362
ko:K18901	0.0	0.0	0.0	0.0	0.0	0.0	0.0	0.0	11.163854476147776
ko:K18902	0.0	0.0	0.0	0.0	0.0	0.0	0.0	0.0	11.163854476147776
ko:K18903	0.0	0.0	0.0	0.0	0.0	0.0	0.0	0.0	11.163854476147776
ko:K18906	22.19649330520642	4.545156274835985	4.729987029080701	52.9849680101605	19.28960962481224	7.460441353150379	26.380389469473183	0.0	0.0
ko:K18907	0.9037530637768586	0.4632034224602961	1.580758047036226	17.757569869347396	1.813840727593904	0.0	5.696808015290818	3.392969263757486	3.4027894799189897
ko:K18908	9.6	0.0	9.062413933793945	12.016874142100384	11.139495325302152	364.9486445045366	0.0	0.0	118.88697808992744
ko:K18909	9.6	0.0	0.0	12.770684505652312	34.89362036079128	455.0386279252007	0.0	0.0	0.0
ko:K18910	0.0	0.0	0.0	168.5081074971036	0.0	0.0	0.0	0.0	0.0
ko:K18911	0.0	0.0	0.0	16.150145522609858	5.402615013279124	0.0	0.0	0.0	11.651119422859171
ko:K18912	0.0	0.0	0.0	348.1417244690398	7.406943353473453	0.0	0.0	0.1610516562144548	15.973594519979097
ko:K18916	0.0	0.0	0.0	0.0	0.0	0.0	0.0	0.0	12.836145523852224
ko:K18918	0.0	7.23101019016578	57.18592335126472	49.10122132421748	34.558590538675766	40.04334579261501	61.9224137122342	51.485521048861486	52.20348676613578
ko:K18923	0.0	1.3910197323376778	11.19949734127257	19.004773437255047	3.608814035411789	19.824720019190263	147.28172412246255	19.863051805545027	6.681656144760493
ko:K18924	0.0	0.0	0.0	33.28863126821072	22.12069686513409	12.25	0.0	0.0	0.0
ko:K18925	0.0	0.0	0.0	28.71813269526901	22.12069686513409	12.25	0.0	0.0	0.0
ko:K18926	51.75486857535194	64.56310608195822	249.0750847446976	173.14706674776082	166.73804244127203	898.4165954256669	138.8499192652397	129.1764719175685	2.8977686840097325
ko:K18928	215.27770637320333	207.664739818904	300.7546787222155	641.1230447547925	859.6893766372206	161.21855496435455	1363.0527736493289	902.3061828642584	101.60989535753278
ko:K18929	216.28079212080357	207.3481575633673	300.7546787222155	642.8076199157351	860.1073553197501	166.26539821329797	1342.374723601513	901.9954425337102	101.60989535753278
ko:K18930	6.354267014713171	17.24524164869389	69.62369494484047	129.64163294429443	167.37947741143475	11.54920426171393	31.30545616820916	0.5741415087146885	353.6401860962188
ko:K18934	0.0	0.0	0.0	16.800557938208886	0.0	0.0	0.0	0.0	0.0
ko:K18935	0.0	0.0	0.0	17.24130138845621	0.0	0.0	0.0	0.0	0.0
ko:K18936	0.0	0.0	0.0	5.070899211982999	0.0	0.0	0.0	0.0	0.0
ko:K18939	0.0	0.0	8.356520772282602	12.093298125838576	79.24260542450592	50.12013732717031	7.295841770893043	1.403329081813264	0.0
ko:K18940	36.02	5.41	30.63	68.50280800836948	22.96	575.62	31.4	0.0	0.0
ko:K18941	0.0	0.0	23.863882494059855	27.870501739916115	6.545995545245586	0.0	1.094697924687944	0.0	0.0
ko:K18954	0.5250784377846933	0.4503046096191515	1.3757603901057291	13.237325249433736	7.547935055674231	1.5694987367152462	28.83718820616631	9.67936559144488	84.44057448100475
ko:K18967	0.0	0.0	0.2357653487005466	16.39239940068429	15.025288851009616	89.05662098728092	7.815662542173561	0.0395925983230635	9.43318142532009
ko:K18968	0.0	0.0	0.0	0.0	3.1618687628071305	0.0	1.094697924687944	0.0	25.89747199187871
ko:K18973	0.0	0.0	0.0	0.0	0.0	0.0	0.0	0.0	24.0
ko:K18979	178.70109585518904	268.3572530520829	256.595533685403	771.3947057080666	652.1129593676773	283.5159694492502	314.1739335171237	562.3849877887686	152.71244114036986
ko:K18986	0.0	64.84	96.54070000469774	0.2508822738276696	96.17671345300307	35.9294017627525	23.690563619550076	0.0017968755391217	0.3484857885770644
ko:K18987	4.223506694793581	65.70484372516403	97.44071297561705	3.703961018863258	77.84710382819085	29.469558646849624	5.0289524017851805	0.0017968755391217	0.0
ko:K18989	0.0	0.0	0.0	157.49189250289638	0.0	0.0	0.0	0.0	0.0
ko:K18991	234.76	193.42192734630612	283.3893991425591	98.41103176629468	579.0	88.3688948221637	1421.671023773207	567.4056587770676	133.74961418372266
ko:K18992	0.0	0.0	0.0	0.0	51.09402597362524	13.98453019656245	0.0	0.0	0.0
ko:K18996	0.0	0.0	0.0	480.1781824697288	6.952218382705105	0.0	0.0	0.0	0.0
ko:K18997	0.0	28.526122175953475	201.43027639664243	60.94744484428408	0.0	32.10067177271131	115.25809582790434	98.5351916949457	70.86343168184862
ko:K19002	130.19205070034587	142.1152817261118	434.3934860210839	142.39196431401493	391.8879377955991	939.2593117942756	197.2610103762147	132.58194242413074	39.18561084399067
ko:K19003	0.0	0.0	0.3212669370235691	0.0	0.989334066099836	32.74973371465042	0.2804890698671925	0.053951069833468	0.0
ko:K19005	24.096414409089704	69.03914020526364	191.23817567925985	57.23317556300549	249.3004343898222	1168.061135042504	84.79682854457225	15.76472494374584	13.826262850383332
ko:K19046	0.0	0.0	13.007772361205836	3.3719037516268675	60.283776168035885	24.07520050182985	15.752638021376548	1.903139239694056	1.5813561084216032
ko:K19047	42.62122647019099	1.194571000813749	0.0	0.0	0.0	0.0	0.0	171.71436433663484	0.0
ko:K19048	0.0	0.0	2.2260723957417543	0.0	65.40537491346755	1.0858216942860852	0.0	0.0	0.0
ko:K19049	0.0	6.561697986512312	0.0	0.0	0.0	0.0	9.27	0.0	0.0
ko:K19050	0.0	0.0	0.0	0.0	0.0	0.0	12.72359422356926	0.0	0.0
ko:K19051	0.0	4.374134159679183	18.85610512665657	154.60064683617435	4.041135383331649	0.0	0.0	0.0	0.0
ko:K19052	0.0466850045402039	0.0400368235139091	11.344783493977648	0.0800736470278182	58.07342546600152	0.0622712956129619	6.435222577786153	0.0778575866857199	0.0
ko:K19055	64.9881222376948	122.3685651844904	424.10637110860426	166.8139779962709	727.2201128300896	221.0000873988074	172.8737114485234	110.35074828821392	294.4825512048826
ko:K19056	42.62122647019099	1.194571000813749	0.0	0.0	4.797687004798512	0.0	0.0	171.71436433663484	0.0
ko:K19057	0.0	0.0	0.0	0.0	0.0	0.0	0.0	0.0624245672978677	0.0
ko:K19058	0.0	0.0	0.0	0.0	0.0	0.0	0.0	0.0624245672978677	0.0
ko:K19068	0.0896571519358933	2.8548971737665307	83.30052590904609	183.66571903335756	118.53559906313777	4.541793512411592	24.40478399950777	0.6421005812774665	55.10872972444312
ko:K19070	0.0	0.0	0.0	0.2172895912232448	7.9240157930040285	0.0	0.0	0.0	4.868425366518252
ko:K19073	0.0	0.0	0.0	3.164377609633714	5.700860161794729	0.0	0.0	0.0	12.294306071195717
ko:K19075	0.7327090684924688	8.28309971648137	18.987607431937004	85.80228331766905	104.26238830185429	18.3545432593744	46.84904356781769	2.661089193910572	15.21748323051365
ko:K19076	57.94584132983291	4.440666142023715	21.211575215690345	46.5492402180252	31.16112647484705	3.252265467331166	45.25176884278929	17.235544606865002	59.756896269999785
ko:K19077	0.0	0.0	0.0	14.548389963621895	0.0	0.0	0.0	0.0	0.0
ko:K19078	0.0	0.0	0.0	15.170632171808975	0.0	0.0	0.0	0.0	0.0
ko:K19079	0.0	0.0	0.0	16.084698809942996	0.0	0.0	0.0	0.0	0.0
ko:K19080	0.0	0.0	0.0	15.66848303973878	0.0	0.0	0.0	0.0	0.0
ko:K19081	0.0	0.0	35.022256610970736	28.41046352204914	184.52302575229	14.933311010465232	35.067624877046995	0.0	0.3484857885770644
ko:K19082	26.42	70.25	269.65987160451715	44.07685280463048	270.04179335127566	269.72331101046524	175.7574309159329	21.021503477771613	0.3484857885770644
ko:K19083	48.180139891476266	83.42484372516401	378.7122464835375	59.847012736151626	455.03542941069855	402.68748697863566	186.57415088232577	23.18438792265217	0.0
ko:K19084	9.12	12.31	32.57	27.127495144272213	373.3496746296241	79.3	29.62	0.0	0.0
ko:K19088	0.0041909515141911	4.57952035741047	15.016210777167116	64.0746855270929	94.60475171161016	18.30277447761	39.90663877795996	0.006989340025249	17.11495522239236
ko:K19090	0.6918023589570788	3.672092110894492	2.72860800603244	25.192814879986067	26.900276716849746	10.172702294743658	26.78470611642817	2.5928681941474374	13.757241838127818
ko:K19091	2.10548060944807	6.818241702062384	75.90420325691754	88.57260226225296	139.86764520608386	128.5025154002265	111.07631197167676	5.084636490942168	67.69413258082322
ko:K19092	0.0	5.479707464676508	144.76206560657891	212.9099149381104	193.56589733616585	6.552276148210531	71.02272345461232	0.8010945415209985	137.592727016416
ko:K19093	0.0	0.0	0.0	0.0559716961903896	0.1027782621122058	0.0	0.0	0.0	0.2216485540798177
ko:K19100	0.0	0.0	0.0	0.0	0.0	0.0	0.0	0.0	11.163854476147776
ko:K19101	0.0	0.0	0.0	0.0	0.0	0.0	0.0	0.0	11.163854476147776
ko:K19103	0.0	0.0	0.0	157.49189250289638	0.0	0.0	0.0	0.0	0.0
ko:K19114	1.09209855660351	0.5666807312176984	1.87499505866658	10.877334807356007	49.84768052089215	22.847177932864376	19.691232145195094	0.0335610988544116	0.0
ko:K19115	95.30376324708654	93.91830666020212	101.111851003857	120.87891015857018	240.35864066471373	758.0717911214058	106.48787785245536	111.13094672346207	66.22495853330224
ko:K19116	1.09209855660351	0.5666807312176984	1.87499505866658	10.877334807356007	41.68672282655928	21.995455082709515	11.472694155197276	0.0335610988544116	0.0
ko:K19117	186.95682519017885	144.86200770053455	381.38587968549376	368.7466143734747	193.10485074880933	565.5918707075031	215.57698714888545	412.4507672013192	119.55394861697506
ko:K19118	173.2535022757296	140.75605836809265	334.6222934749192	388.9055453120825	197.34838722287463	846.5954457493602	212.48611591909287	410.1111649005435	126.98997069729644
ko:K19119	173.27187214211514	139.57724127167913	264.9223006667909	373.5257771994405	197.35855518105777	827.1572840628038	193.62630624792	382.1907096044808	117.05825429443033
ko:K19123	0.0	0.0	14.52314481074307	4.262979530377637	69.33698933310255	24.95425309852986	25.500878680170867	2.7552436592668297	1.8418689919374065
ko:K19124	0.0	0.0	13.007772361205836	3.3719037516268675	60.283776168035885	24.07520050182985	15.752638021376548	1.903139239694056	1.5813561084216032
ko:K19125	0.0	0.0	13.007772361205836	3.3719037516268675	60.077715386595706	24.07520050182985	15.752638021376548	1.903139239694056	1.1369715340948825
ko:K19126	0.0	0.0	13.007772361205836	3.3719037516268675	60.283776168035885	24.07520050182985	15.752638021376548	1.903139239694056	1.5813561084216032
ko:K19127	0.0	13.56798240491267	30.89104277295893	10.691258625696172	0.1138006755205787	10.029849771734504	14.727307375513288	32.323254540666504	6.297765297303181
ko:K19128	0.0	13.56798240491267	30.89104277295893	10.691258625696172	0.1138006755205787	10.029849771734504	14.727307375513288	32.323254540666504	6.297765297303181
ko:K19129	0.0	13.56798240491267	30.89104277295893	10.691258625696172	0.1138006755205787	10.029849771734504	14.727307375513288	32.323254540666504	6.297765297303181
ko:K19130	0.0	14.959002137250351	29.90858940503477	8.821205982223137	0.1138006755205787	7.428534180100935	14.727307375513288	32.323254540666504	4.6714669698836575
ko:K19134	0.17705060698765	7.809145360013499	36.32476363110074	46.64736789881271	238.9393351387565	69.05561740967046	36.19225415505201	160.848182020951	8.87114041910893
ko:K19137	3.390193458212501	6.02256110279225	119.1877068147117	45.22692330449461	84.48618281402747	60.92656801266075	56.52988589091057	8.490471576084555	7.076129194570779
ko:K19138	0.1245654190723865	15.730076988047609	95.26005429585584	4.325917818573728	180.7299097183734	112.88173773228354	12.699593982594472	2.451351462306754	5.242900075014022
ko:K19139	0.1248386051391572	24.79014611750105	108.03458902047684	66.77743624876011	186.4252820472325	119.29063354314444	20.93045657823768	2.391604974531103	8.066776053349555
ko:K19140	0.1248386051391572	29.72416884629202	108.89710862516236	66.65501360854516	187.8144285583232	119.9135396943141	20.93045657823768	2.391604974531103	11.0625682496811
ko:K19141	57.69671049168814	0.0	16.512098383570716	28.3329727840804	12.171672149068527	0.0	28.09564378049634	15.839847004523188	15.04221667719639
ko:K19142	165.3850633883121	78.83584905632264	68.75945234062912	44.42714661049985	304.5700753286457	8.124353787608268	613.0145576213127	308.9607940502294	85.23594756265818
ko:K19144	0.136122610308731	0.1167380613723611	0.0	0.3800982121975245	0.2631402155464148	0.181568608370665	15.523492036415476	0.2270146064325989	0.1057768471406119
ko:K19145	0.0	14.331613009632232	22.98556483343486	2.3097173102449133	0.0	0.4274867650159925	0.8004743946907266	16.202449309592723	0.0
ko:K19147	27.58325262239048	61.99756718908478	136.9934321004148	355.13778632304496	178.89544752417223	97.99763983881536	109.34885130319186	105.09355466672667	39.08550674421499
ko:K19155	0.0	0.0	1.4360066419941535	0.6131118895068852	0.0	0.8330132753231141	0.0	1.7446935895630784	4.50104139281436
ko:K19156	0.0	0.0	0.0	3.803234234584886	1.2722740080589052	0.0	0.0	0.5914249761390233	2.7437484199891022
ko:K19157	91.30342903550746	91.5942570454486	289.9379875051143	420.4406676390073	856.9530817731597	741.8516803534454	798.7276467663305	329.8575902436755	158.0766331249376
ko:K19158	77.90517237686845	177.50448285024754	592.1052812454037	874.1310507149216	1078.0579807457789	237.90805504670195	1435.4419470034543	312.1262238988253	84.59608137742859
ko:K19159	43.09982077796257	67.08756047750408	175.03819485709192	287.9393345064377	376.1589584536226	603.9380365385396	754.5706153094322	188.56523406932655	17.498281818766102
ko:K19160	0.0	0.0	2.1783586797724728	0.0	0.0	0.0	0.0	0.0	0.0
ko:K19165	0.0	1.037011623580449	57.92066278045998	9.750190783405388	202.83894099234757	24.695162700034423	11.130721531647405	0.0	24.98482622775922
ko:K19166	0.2874032554807487	11.681278195131414	138.15572807975462	450.9149593557544	43.72232399098394	7.251864042907937	27.532030733735304	13.59908674789512	276.5607995170918
ko:K19167	0.0	2.702874628764344	2.217117515740673	0.0016383238025494	12.256163328892828	3.4824848727310376	11.971726158668783	0.3723254656359327	6.982750854292178
ko:K19168	38.71098470697326	0.0	121.09267437029496	25.13148369945499	0.0	27.373402009070517	30.713522294036228	63.51155196408127	50.629083808780784
ko:K19169	0.1153238346226142	0.0989011366542039	9.062101816507864	3.5969199994807397	26.940347886723192	3.967888718445112	16.099841077288076	0.1923280406522711	4.721514211422938
ko:K19170	0.0152830826629396	0.0131066943090399	93.6902865485333	41.76040151578792	17.56156188390443	36.239605951890574	2.9066205178366915	33.60732461529852	7.788350679766641
ko:K19171	0.7999584027391641	3.859863709680556	97.73285047587018	75.13181300779576	74.21230945359454	62.40415367265648	28.169133337050614	31.57581886622353	51.11251971344108
ko:K19172	0.0152830826629396	0.0131066943090399	7.819313167770416	25.526838201987907	15.180889449966372	8.332670581292025	2.9066205178366915	19.02548792583345	7.089849935811871
ko:K19173	0.0	0.0	0.0	0.5424376136411471	1.442668425973154	0.0	0.0	0.0	0.0
ko:K19175	0.0	0.0	0.0	0.5424376136411471	0.0	0.0	0.0	0.0	0.0
ko:K19180	0.0	0.0	0.0	3.643195894555338	21.273897543328797	0.1185862573439564	22.80747223157184	0.0	4.897598314464728
ko:K19200	0.0	0.0	0.0	4.68715954291789	0.0	0.0	0.0	0.0	0.0
ko:K19215	0.0	0.0	0.0	0.0	0.0	0.0	0.0	0.0	11.163854476147776
ko:K19217	0.0	0.0	0.0	7.399893929084435	0.0	10.293538805630693	0.5800253507778151	0.0624245672978677	6.4353456369023485
ko:K19220	26.42	5.41	5.63	23.17	22.96	16.759401762752496	31.4	0.0	0.0
ko:K19221	14.820028547588532	79.38860043163447	181.3932119864592	386.357200863269	568.1642654718911	129.03015129691013	105.00107482262696	252.6767248246176	51.55668144494156
ko:K19222	12.343150801695655	56.79289313438025	124.74564418256968	680.237815993499	171.00578907209456	29.52157469815431	161.42729066429456	337.0483873318433	110.37575668890965
ko:K19223	43.39143771418477	5.41	72.67138687011393	40.14143771418477	182.06057411507783	92.03479945754285	31.47025819524555	0.0135139126806641	0.0
ko:K19224	0.0	7.992121878860559	61.4523344184243	0.0	13.794168144045834	0.0	28.1	0.0	8.278031021551632
ko:K19225	34.21435489922018	70.45926129098058	303.4315652652451	94.7037776738366	541.1985670319214	866.2291386383355	164.23983494334811	49.76526008667459	39.81171335618683
ko:K19226	234.76	164.53	50.39	0.0	579.0	5.96	1307.9200000000003	419.0	89.97
ko:K19227	306.2247689038095	164.53	50.39	0.0	579.0	5.96	1362.0241675206264	419.50409630499024	133.02047038196528
ko:K19228	234.76	164.53	50.39	0.0	579.0	5.96	1307.9200000000003	419.0	89.97
ko:K19229	234.76	164.53	50.39	0.0	579.0	5.96	1307.9200000000003	419.0	89.97
ko:K19230	234.76	164.53	50.39	0.0	579.0	5.96	1307.9200000000003	419.3893595273423	89.97
ko:K19231	59.43669086303685	0.1213151797952384	30.180827428671545	992.6829701776926	0.8028665130072914	17.451056431392146	37.76008960534688	17.489644696418722	29.243801684960697
ko:K19233	0.0	0.6118033692894749	0.7576255292853143	6.444772356225848	0.5243296735062696	0.2036713801110676	0.0	0.0	1.1307538345699046
ko:K19237	0.0	0.0	25.098554827386096	10.862677584846114	83.20488023991138	0.0	0.0	0.0	8.878913350437061
ko:K19242	0.0	0.0	0.0	0.0	0.0	10.240598237247507	0.0	0.0	0.0
ko:K19265	5.19842493979091	4.458142907225748	8.871155314431688	337.2689747471516	238.7521646786161	10.46579855811912	8.176003781886335	8.669525136929776	109.11194087498114
ko:K19267	246.0910845239412	142.90966965592224	146.5640805628967	179.49514591398716	934.0469722196862	754.4906189049481	1341.315017789224	472.9899596115536	73.55506853364496
ko:K19268	2.9053379392593053	14.731169049321638	128.31161318353628	56.365944524900335	53.5735344357124	8.753844751258852	46.2878413252071	252.8523515632584	0.0
ko:K19270	0.0	29.222552656859676	17.65	148.1920297910814	3.873619337123959	0.0	3.185171915514021	0.0	0.0
ko:K19271	1.4935884327848996	1.510640361709656	37.50894543858993	27.704372843498653	29.862461767281395	7.442179119024831	7.068390982163606	0.7014849360886972	108.8763607871431
ko:K19272	0.0	38.49875594262933	4.499212407065177	62.27634314236499	78.95137109719309	0.458249722690583	2.439882189589798	0.5317271838252107	30.357534078849262
ko:K19273	0.0	0.3851174807049015	0.7087164949540423	62.27634314236499	15.198430299919394	0.5328661992270787	0.2023841318479944	0.1013524315304628	0.0
ko:K19279	0.0340123932931534	0.0291688562735588	0.0	1.1478061349720758	101.33907147606875	0.0453677967502031	0.053494175527523	0.0567232002072527	0.0
ko:K19285	19.958430228521973	19.99014581357649	70.63253257560486	102.51860554738766	102.5833349742968	501.1842264873546	98.54912319495874	275.78230154475773	110.39865042338994
ko:K19286	6.134923533728393	14.1912793596215	77.18522100347984	41.070158410986224	122.99994787772178	17.276947931232286	145.69074869249633	256.47235716811605	101.17938059816169
ko:K19291	0.0618165886859498	0.0530135934616848	0.0	0.1060271869233696	13.686055443397484	0.0824547219339489	7.071062757289468	0.103092855181948	0.0
ko:K19292	0.0340123932931534	0.0291688562735588	0.0	0.2898138886256719	5.191533507742841	8.460524725956194	0.053494175527523	1.7373748655597057	4.457802337452078
ko:K19294	45.30427814391894	92.12759047931372	260.23963761166675	37.54639150432124	797.0287408424324	144.93215504730676	738.9047707415677	122.0708871184946	27.90351492763572
ko:K19296	0.0	0.0	0.0	0.0	0.0	1.403475371510925	0.6537781733876682	0.9906790059638836	7.358965531934187
ko:K19299	0.0	38.49875594262933	99.75944232420991	65.97295621043872	80.28671383612179	55.90373181122949	62.983444491433374	12.177064947825338	30.357534078849262
ko:K19300	0.0	37.12223105157601	2.7141230241912284	0.0	38.89757778721964	0.0	2.36962399434424	0.4557887038466766	30.357534078849262
ko:K19302	198.61220342502	388.9747178934864	998.1998798699316	1631.4075625851617	1319.6963207936371	1453.814919659619	746.4531190971975	696.5150731845007	543.3576384329634
ko:K19303	0.0	0.0	183.1022125938833	0.0	37.9754680379055	0.0	0.0	0.0	0.0
ko:K19304	1.0529583153904571	5.770284970513584	5.693994086008557	8.787963599614926	18.154764309730087	1.7345426084685012	19.94547730674971	1.7560412411733253	94.32908634344348
ko:K19309	22.19649330520642	41.66738732641199	256.45207102703444	24.157244799486747	156.01706592389056	173.83329980242274	101.16880635194131	11.050614876870904	4.711667213897151
ko:K19310	0.0	0.0	53.5446435651363	0.1013216073181192	121.81940495131626	85.85973305546352	45.4914238362959	3.411363740144947	0.0
ko:K19321	0.0	0.0	0.0	0.0	0.0	0.0	0.0	0.0	24.0
ko:K19333	0.0	16.0385299280687	20.020544271161423	329.56514522203315	13.343073678397214	0.0	1.094697924687944	0.0	4.711667213897151
ko:K19334	0.0	0.0	0.0	77.20249597059237	0.0	0.0	0.0	0.0	0.0
ko:K19337	0.0	0.0	157.45999999999998	93.26	0.0	70.8	60.0	142.95000000000002	18.58
ko:K19338	0.0	0.0	0.0	0.0	0.0	0.0	0.0	0.3571451377008117	24.0
ko:K19339	0.0	0.0	150.2615656094768	93.873111889507	0.0	71.63301327532328	60.0	140.38136690235922	6.880006924748564
ko:K19340	0.0373577906393439	14.352037852098931	166.64717359455045	482.47236298487314	72.72158990388776	70.8498300909952	97.96982026439127	139.63619281718235	14.734385983589592
ko:K19341	0.0378550570550834	14.352464305259264	168.45941539408486	457.9564039064688	67.79474590478708	67.67685013207412	81.78292515919145	136.56066986925586	9.708058579328457
ko:K19342	0.0747155812786884	28.704075704197862	174.58555896748237	822.6151522929181	35.19873912849769	70.8996601819904	103.56428613225236	139.6984952085334	13.225743544333309
ko:K19349	9.12	12.31	35.515320300769744	18.10747038489031	158.86131863030002	413.9017801883657	33.5389414098841	0.7537943698770022	0.0
ko:K19350	13.468604689509116	0.3477745351020069	96.27118837261162	17.297599542062905	356.4252959888904	662.3641835519811	36.696399930459535	18.580245363356138	10.08186627967018
ko:K19351	0.0	0.0	0.0	25.794012137761285	0.0	0.0	0.0	0.0	0.0
ko:K19353	179.0169629013752	298.76835670352887	278.2988786037191	546.5560201125975	524.1114057266398	369.8425007352149	300.3349123046647	670.3484752204137	378.0625412107063
ko:K19354	5.026389170605554	11.366425116620672	43.151440721465065	218.5334675563778	17.067510214637196	17.72884253808442	23.69945438590356	196.53172461650271	3.610036898269258
ko:K19355	5.584103556584889	26.241270381693344	45.00403888844325	64.89503274610492	88.41600399066293	11.782349784837312	117.78625956324105	9.312729665570368	48.7329788798173
ko:K19405	6.01	30.97	220.7619504590092	469.9944547749613	409.0756868636439	74.94217809899757	40.98951634580221	0.0	12.350317637287088
ko:K19411	6.01	30.97	198.50179194763808	795.9944547749612	388.170580790544	74.19927548668008	31.47	0.0	12.350317637287088
ko:K19416	234.76	164.53	288.18	93.26	651.7225979266121	89.00999999999999	1367.9200000000003	561.95	108.55
ko:K19417	2.5251327174562497	0.5170691900620102	0.538096033280798	2.214508897178702	2.194437819560768	0.8487198535583459	3.0011039866815383	0.0	0.0
ko:K19418	0.0274622423672008	0.0235514800047829	0.0	0.0471029600095659	0.0431921976471481	0.0366308074613137	0.0431921976471481	0.0457993725554267	0.0
ko:K19419	43.90083114868241	4.450786030706263	42.93633176887779	58.92286638706871	28.917465674915626	8.714157779462589	66.56838761269168	8.689258297581809	63.51955952026884
ko:K19420	0.0	0.0	0.0	7.372958917827959	0.0	0.0	0.0	0.0	0.0
ko:K19421	26.42	5.41	5.63	52.99409436607779	72.7924866544468	8.88	31.4	0.0	0.0
ko:K19422	2.0474799726461086	0.5456847358855268	20.792221526531	5.725420814868118	48.052939812915554	9.715965260312776	46.359131845485976	3.2732234986273494	5.8996823627129125
ko:K19423	0.0	0.0	0.964157596596168	0.8754804973357336	3.1618687628071305	0.0	0.8417787089457232	0.1619131252856326	1.8974719918787104
ko:K19424	0.0	0.0	3.3884554417789783	4.907467082740999	5.232392751861063	104.97069804226749	3.818187031558573	0.5690308435119202	0.0
ko:K19425	2.0474799726461086	0.0	71.83866193924835	2.0474799726461086	0.0	15.472154890805545	0.0294956203865482	0.005673377133767	0.0
ko:K19426	2.0474799726461086	0.0	0.0	2.0474799726461086	14.73239898483809	19.32202503258827	0.0	0.0	0.0
ko:K19427	1.0242327055814593	0.0	72.33126138077456	1.0242327055814593	0.1632117715895704	11.075345201094002	0.4595702506951384	0.126940763877753	0.0
ko:K19428	3.3326347385725628	0.0	0.9861340777959376	27.4124380620468	0.441659528628448	337.1502681679137	0.8609657526788447	0.165603684553534	0.9524698501828786
ko:K19429	1.2767087544432247	0.7250015021498586	29.21209125897652	41.70786876357403	20.22369986671685	1.2512673313506202	23.52860545947924	25.777208514640336	29.592277482959567
ko:K19430	0.0	0.0	1.5222389773528988	20.238577679084155	0.0	0.0	2.3434790184237384	0.0	0.0
ko:K19431	104.0	165.24650089992096	50.39	0.0	579.0	5.96	1207.1775869948096	419.0	32.5
ko:K19449	3.5971073514070198	28.78426069552993	2.4130910919473774	18.112631778731007	53.02539666266007	4.498471655583696	6.223609552012565	8.803680981595093	0.5433573205087088
ko:K19465	0.0	0.0	5.190867161211082	0.0	1.4238837004710954	0.0	0.0	0.0	0.0
ko:K19504	0.5302693566228345	0.2717806341779236	0.927496222336714	4.323880954541034	0.1384533100883798	0.0	1.5940637947222758	1.9907956062851704	0.0
ko:K19506	0.5302693566228345	0.2717806341779236	0.927496222336714	4.323880954541034	0.1384533100883798	0.0	1.5940637947222758	1.9907956062851704	0.0
ko:K19507	0.5302693566228345	0.2717806341779236	0.927496222336714	4.323880954541034	0.1384533100883798	0.0	1.5940637947222758	1.9907956062851704	0.0
ko:K19508	0.5302693566228345	0.2717806341779236	0.927496222336714	4.323880954541034	0.1384533100883798	0.0	1.5940637947222758	1.9907956062851704	0.0
ko:K19509	0.5302693566228345	0.2717806341779236	0.927496222336714	4.323880954541034	9.603827362902498	0.0	1.5940637947222758	1.9907956062851704	0.0
ko:K19510	0.7410121851317134	0.3797933240783343	1.296107334567298	6.042303660124187	8.044805414662113	0.0	2.2275861899496268	2.781989537843991	4.711667213897151
ko:K19511	0.0	0.0	0.0	168.5081074971036	0.0	0.0	0.0	0.0201634689262464	0.0
ko:K19519	0.0505820108371446	0.0433788763824879	0.0	18.47896598770442	7.427300224966863	0.0674693593919508	0.0795546183103192	0.084356707946757	15.84593041360973
ko:K19545	0.3804428805375053	5.514631384342837	6.425002464133501	47.23871558825793	23.68177581885576	20.35468199046561	1.693052708318134	0.6344727786179281	0.0
ko:K19546	0.0	0.0	0.0	0.0012054267710637	0.0	0.0	0.0	0.0	0.0
ko:K19547	0.1437837751084841	0.1233082375139215	0.0	168.7559293989025	29.429612908865817	0.1917875354690698	0.2261409374332804	0.2397912958296555	60.2507582370559
ko:K19548	0.0	0.0	0.0	1.5451215636287776	0.0	0.0	0.0	0.0	0.0
ko:K19549	3.6301666543219	4.899928894155986	13.293353471531187	25.28926370424311	63.38933766237362	31.564935930671783	11.790080734760382	0.0	0.0
ko:K19550	0.0	0.0	0.0	0.0012054267710637	0.0	0.0	0.0	0.0	0.0
ko:K19551	0.1552662474702129	0.1331555476722395	25.098554827386096	0.2663110953444791	0.2442003955465058	0.2071035547743504	0.661767639817763	0.258940862078488	5.294622144119922
ko:K19552	0.0	0.0	0.0	0.0012054267710637	0.0	0.0	0.0	0.0	0.0
ko:K19563	0.0	0.0	0.0	2.707071892384964	0.0	0.0	0.0	0.0	0.0
ko:K19575	1.0242327055814593	0.0	0.0	1.0242327055814593	0.0	4.542898812881097	0.0	0.0	0.0
ko:K19576	0.0	0.0	22.24751332881891	14.786624212377504	103.76275834834254	1.6365754822515952	0.0	0.0	0.0
ko:K19577	0.0	0.0	0.0	10.072060258991966	0.0	0.0	0.3119904502109608	0.5040963049902423	24.0
ko:K19578	0.0	0.0	0.0	14.795590369903024	0.0	0.0	0.0	0.0	0.0
ko:K19586	0.0	0.0	0.0	168.5081074971036	0.0	0.0	0.0	0.0	0.0
ko:K19591	351.10118794819846	237.30610943641204	225.67065206843213	148.80160625643686	765.7814173313587	147.94744565653394	1431.9296718047635	590.3357094625267	180.74569558656384
ko:K19611	36.41770154949629	23.845933382898224	142.74842485351837	43.55905287069926	0.0	19.22475289547235	120.82011619549776	23.12803820778393	43.81180994239477
ko:K19615	0.0	0.0	0.0	7.713871598226925	14.699804749567512	10.730293893256595	0.0	19.0	6.7083974998837
ko:K19640	0.0	0.0	0.0	16.150145522609858	5.402615013279124	0.0	0.0	0.0	11.651119422859171
ko:K19647	0.0	0.8255668662913888	0.0	0.0	0.4205688373753115	0.0	4.842163444272086	0.0	0.0
ko:K19654	0.0	0.0	0.0	2.716172686534366	0.0	0.0	0.0	0.0	0.0
ko:K19659	0.0	0.0	0.0	0.0	5.844620803327636	2.578686324115562	0.0	0.0	0.0
ko:K19668	0.0	0.0	3.515115916975907	0.0	10.658612166092391	2.773608240327251	11.28748620845584	0.5903012182532477	0.0
ko:K19673	0.0	0.0	0.0	0.4485272097488395	0.1500432199735172	0.0	0.0	0.0	0.3235787614340344
ko:K19676	0.0861774094364919	5.759370551308661	0.1507332466129322	0.7027010984516819	0.4204572498237735	0.0	0.9272504521896014	0.3235367194511176	0.0
ko:K19689	41.55	99.51	340.33881497760217	524.2005484852843	463.3346756023834	392.0504515046908	237.5831884375241	21.014494356643254	12.350317637287088
ko:K19694	0.0	0.0	0.0	0.0	0.0	0.0	4.865302075312053	0.0	0.0
ko:K19707	0.0	0.0	0.0	5.637233038942585	0.0	0.0	0.0	0.0	0.0
ko:K19709	0.0	0.0	0.0	0.0	2.187775405755245	0.0	0.0	0.0	0.0
ko:K19710	0.0	0.0	17.941903809291386	189.6781074971036	13.44400897872139	0.0	0.0	0.0	26.06952250940358
ko:K19713	0.0	0.0	0.0	178.02700556372187	35.97178177318012	4.565041643309481	0.0	2.5762470892944798	11.78
ko:K19714	0.0	22.57	30.53	483.2485272097488	12.770043219973516	0.0	21.47	0.0	0.3235787614340344
ko:K19715	0.0	0.0	0.0	0.3030935131452653	0.1013921244396007	0.0	0.0	0.0	0.2186592506553925
ko:K19720	0.0	0.0	0.0	7.399893929084435	0.0	10.293538805630693	0.0	0.0	6.4353456369023485
ko:K19743	0.0	0.0	0.0	2.6561818292156065	0.0	3.6948517094791433	0.0	1.1739281419923508	2.3099585357944274
ko:K19745	0.0408938701291946	0.035070375965227	0.0	326.07014075193047	10.821764163995947	0.054546728669163	0.2924082807222637	0.98390130649867	41.96647712426406
ko:K19746	0.0	0.0	0.0	157.49189250289638	0.0	0.0	0.0	0.0	0.0
ko:K19765	5.489833345678099	7.410071105844015	3.131122960963382	0.017058032103705	9.81409952151382	47.73506406932822	18.766735627524103	0.1801932781433396	0.0
ko:K19775	0.0	8.439397654142892	0.0	0.0	0.0	0.0	1.8449706096400933	0.0	0.0
ko:K19784	125.20851845792188	135.41031946496827	671.8770960228643	191.54493100782608	808.5633967188994	1090.0875112026592	309.16645792483973	339.45394607064475	74.0656186434797
ko:K19789	0.1216234817017956	0.1043036820923627	62.95582725419881	176.11660879037277	0.9750234644831894	10.455767595305712	9.540466530638913	0.2028340976482477	6.5887863605953365
ko:K19802	2.08858186565765	6.380342489857606	43.15909091226111	570.9123980548482	89.57853898747672	83.73118786951837	28.012698597068344	3.39446905210323	134.41305415070246
ko:K19804	234.78568044872156	164.55202342279603	275.18	93.54812501397504	579.1220398812758	76.79425414283587	1368.0392159445992	562.0029095714134	108.7260841030418
ko:K19810	234.76	164.53	50.39	19.64	579.0	33.28	1307.9200000000003	438.0	131.05
ko:K19814	0.0	0.0	0.0	18.724620681611015	0.0	0.0	0.0	0.0	0.0
ko:K19824	0.0	0.0	0.0	0.0	22.0	0.0	32.0	0.0	0.0
ko:K19857	0.0	0.0	0.0	0.5286878959148914	0.1768589118785333	0.0	0.0	0.0	0.3814086878722518
ko:K19872	5.885726277350662	5.5647687083280175	89.93480963755756	31.00302692602919	115.38456979147163	115.83127454629114	62.04569108186784	8.908120386041569	24.7658508021485
ko:K19883	0.0	0.0	0.0804724233925697	0.0023951864891989	10.658612166092391	2.773608240327251	0.070258195245547	0.0135139126806641	0.0
ko:K19953	0.0	0.0	0.0	157.49189250289638	0.0	0.0	0.0	0.0	0.0
ko:K19954	67.55933995281738	13.747433865226927	150.1374891684796	356.5548454862885	70.12909356223925	0.0	47.467100495631726	0.0	64.34779957498672
ko:K19955	0.1060998005175651	12.465064433097774	132.5844492735216	157.67719135204908	813.8354747356507	94.0471102700114	79.29630564737191	0.1769449204834076	345.24793910296296
ko:K19956	0.0	0.0	20.88593053868639	0.2508822738276696	5.839432945232229	355.1793620418541	0.0	0.0	0.5571362119669971
ko:K19971	35.54	82.56	299.07286453576864	41.38136163327789	245.07142619880383	334.09	172.2954887158661	21.403442441823188	0.0
ko:K19972	35.54	82.56	296.79482620273114	42.344229743033694	245.1538419904856	336.8181939679891	170.30659792282248	21.02088640811591	0.0
ko:K19973	35.54	82.56	313.8916467591536	223.26846907786285	609.5869214827328	346.74799999622246	207.73638311270415	21.021919205631335	12.149682362712912
ko:K19975	35.54	82.56	299.07286453576864	41.38136163327789	245.07142619880383	334.09	172.2954887158661	21.403442441823188	0.0
ko:K19976	71.08	165.12	612.9583612093841	126.42892596788856	949.9734821619152	686.3398022045387	380.0265023629535	42.42432884993909	14.996320555659038
ko:K19979	0.0	0.0	0.0	157.49189250289638	13.179271993970628	0.0	0.0	0.0	0.0
ko:K19982	0.0	0.0	28.608263518085344	0.0	0.0	0.0	0.0	0.4779146497955379	0.0
ko:K19997	0.0203999996600451	0.0174949364173172	81.91521307396093	18.286942054316874	32.67398601785964	0.0272107590402184	0.0320848095919064	0.0340215184203917	166.2783521839888
ko:K20022	0.0	0.0	0.0	0.2141688084284814	0.0	0.0	0.0	0.0	0.0
ko:K20023	0.0	0.0	0.0	0.0	0.0	322.36864450453663	0.0	0.1395165322909803	0.0
ko:K20025	0.0	0.0	2.494781743297394	0.0	100.89561664536171	1.2168913035186992	43.781462010002144	0.0	9.607713384264544
ko:K20026	0.0	0.0	2.494781743297394	0.0	113.92405354190426	1.2168913035186992	50.69913920826723	0.0	3.357713384264545
ko:K20032	0.0	0.0	0.0	0.7236328236747226	0.0	1.0066012598163656	0.0	10.196319018404909	0.6293100116275081
ko:K20034	0.0	0.0	0.0	157.49189250289638	0.0	0.0	0.0	0.0	24.0
ko:K20035	0.0	0.0	46.394345870830506	41.15	0.0	0.0	0.0	70.70107799616315	0.0
ko:K20036	0.0	0.0	0.0	15.725099537128152	7.392152986286901	0.0	10.3245444029466	0.0	33.03854208942912
ko:K20037	0.0	0.0	7.819313167770416	0.0	24.06951315541354	5.85749049546105	15.92397639304054	0.0	0.936140961483586
ko:K20038	0.0	0.0	7.819313167770416	0.2508822738276696	59.77850570436283	11.630234137884695	76.39240812811512	0.0	5.059640981105057
ko:K20073	0.0	64.84	238.16596297202344	0.0	215.39	256.1505982372475	113.2775280587812	21.788527552091857	0.0
ko:K20074	190.85522172144712	227.56583591480776	621.6713157796694	1145.3643472464014	1828.2508666296235	1058.0096033658374	1465.6851829289265	531.1572235691609	158.62426967393256
ko:K20107	152.61649330520646	215.405156274836	324.83475291247066	46.221592780873486	850.2833449227923	649.4482108426788	1280.848335312896	436.7445186732477	32.5
ko:K20108	152.61649330520646	215.405156274836	324.83475291247066	46.221592780873486	850.2833449227923	649.4482108426788	1280.848335312896	436.7445186732477	32.5
ko:K20109	0.0	0.0	0.0	9.400669489675778	0.0	0.0	0.0	0.0	0.0
ko:K20112	22.19649330520642	4.545156274835985	226.4580425030376	21.38794331400711	46.05094251738724	948.8895697961492	135.68726821154263	21.02478735119362	0.0
ko:K20113	0.0	0.0	219.3388947012408	1.0671674507979574	26.5129313206621	739.4220835622402	107.22097009205125	20.623570279538555	0.0
ko:K20114	0.0	0.0	219.4662182369458	0.95473043486587	26.91640279661347	422.4023774015002	107.33213266742538	20.64495200350277	0.0
ko:K20116	9.12	12.31	74.09273803646663	94.99367997122036	138.45490015000377	113.49313736109062	70.18748561696161	0.0	5.662915489105047
ko:K20117	18.24	24.62	94.43793305311394	99.70028502836162	235.47093447716043	192.7931373610906	99.8074856169616	0.0	5.662915489105047
ko:K20118	18.24	24.62	94.43793305311394	99.70028502836162	235.47093447716043	192.7931373610906	99.8074856169616	0.0	5.662915489105047
ko:K20140	0.0	0.0	0.0	0.0	0.0	29.19513994269931	6.75	0.0	0.0
ko:K20151	0.0	5.405749257528711	0.0	0.0	0.0	0.0	0.0	0.0	0.0
ko:K20191	0.0	0.0	0.0	0.4981606610488423	0.0	0.0	0.0	0.0	0.0
ko:K20201	6.01	16.95	20.99	143.978190233972	107.2290135859784	29.21	16.62	0.0	18.600317637287088
ko:K20264	0.0	0.0	39.77334638747064	0.0	10.91004987711868	0.0	0.0	0.0	0.0
ko:K20265	7.919459094136268	39.42396044656434	22.39229000178848	17.620287943176457	38.49965719882702	989.5608051726628	29.442035495090675	1.0662351299573445	4.826680903526925
ko:K20266	9.999391551365369	24.18308569766529	38.22360161233573	104.11346088929965	26.94126370636373	24.4369715018712	107.76042455337875	262.88620046699225	9.03848265229144
ko:K20274	0.0	0.0	0.8625196046855538	0.0	64.82072800602937	0.6229061511696647	0.0	0.0	0.0
ko:K20275	0.0	0.0	0.0	0.7887138537557244	0.263843895494096	0.0	0.0	0.0	0.5689979256042293
ko:K20276	123.81134185069035	117.4272940452462	573.2243714790611	2186.875302077716	608.8712675264107	190.04697172370916	193.8550337523162	235.38181813709295	233.18243776819503
ko:K20306	0.0	0.0	0.0	13.67139840426814	0.0	0.0	0.0	0.0	0.0
ko:K20319	0.0	0.0	0.0	0.0	0.0	0.0	0.0	0.0	11.163854476147776
ko:K20320	0.0	0.0	0.0	0.0	0.0	0.0	0.0	0.0	11.163854476147776
ko:K20333	0.0	0.0	22.658420449173654	0.0	0.0	1.167458910580507	0.0	0.5447084546961716	0.0
ko:K20337	0.0	0.0	0.0	10.893681719265926	0.0	0.0	0.0	0.0	0.0
ko:K20338	0.0	0.0	0.0	25.65838889156092	0.0	0.0	0.0	0.0	0.0
ko:K20341	0.0	0.0	74.06146888254347	0.0	6.646857587040082	94.84428642683407	48.04495377297442	9.241275096312302	0.0
ko:K20342	0.0	55.435537896847926	181.39044139876503	0.0	260.15157544181	53.7560363366886	78.81699787295219	15.160167768110645	0.0
ko:K20343	0.0	0.0	0.999993314491348	0.0	0.4196301335229342	6.869846462589615	0.8730658599783385	0.1679310969344035	0.0
ko:K20344	6.665256333964463	97.2911100486152	455.4799622048038	77.50148682323021	407.5006664290857	438.9768042132464	147.77080530318233	23.418873323777905	43.957961640709264
ko:K20345	0.3178633656391775	129.9525980129374	323.7571592115015	40.11251149409897	241.185478531504	385.3011838614018	134.74709105009572	20.724574656120996	10.776385342315772
ko:K20373	9.12	88.52062376670511	67.4968807762959	108.8019368650306	200.16983896338672	88.58623655070662	31.455762480117137	0.3531023501534471	0.0
ko:K20374	0.0	0.5090532030440016	120.49582052690772	1.0773662363112768	54.11137634978464	24.366167396107755	34.8406281850187	6.6177180977948185	0.0
ko:K20375	9.12	49.43223105157601	9.976864511289737	0.0797768613719792	132.89415646410598	1615.7588810294085	30.985564174955037	0.2626613871262955	0.0
ko:K20379	0.0	0.0	25.0	0.0	88.73006444166664	0.0	0.0	0.0	0.0
ko:K20382	0.0	0.0	178.25222719825086	0.1013216073181192	71.9447895994306	30.43836400751145	9.01524525306626	1.7340501946985458	0.0
ko:K20384	0.0	0.0	8.477261963533403	0.0702612278045826	40.423811960588665	0.0	0.0	0.0	0.0
ko:K20385	0.0	0.0	15.29634751681209	0.0702612278045826	48.32079004881681	0.0	0.0	0.0	0.0
ko:K20386	0.0	0.0	11.519705866684388	0.1438381656351823	29.07435416503231	0.2614179599382926	4.1039785535393225	0.7893856029466372	0.0
ko:K20388	0.0	0.0	0.0	7.068407105245963	0.0	0.0	0.0	0.0	0.0
ko:K20391	1.07197463395077	1.3306015987412478	112.9729601420933	30.90421331938908	134.04460776799263	37.69247966068569	58.55648730493565	10.514769779651976	11.974698184293212
ko:K20418	0.0	0.0	0.0	0.0	5.219823198086546	0.0	0.0	0.0	0.0
ko:K20426	0.0	0.0	9.19265648838985	0.0	13.182506802406404	0.0	0.0	0.0	132.3813876622767
ko:K20429	0.9951284902645678	0.8534171546256262	161.92418249203433	5.629525662672181	346.4226519955627	16.6761238210412	52.82078919582177	1.659597197371605	36.903547126324085
ko:K20430	0.0	0.0	20.301445172613903	7.702504961040585	0.2013372257836209	0.0	0.0	0.0	0.0
ko:K20431	0.0	0.0	0.0	0.0607147970229127	0.0	0.0	0.0	0.0	0.0
ko:K20432	0.0	0.0	0.0	0.0	1.212260111074729	0.0	9.96397639304054	0.0	0.7274905380936533
ko:K20433	0.0	0.0	0.0	157.49189250289638	13.179271993970628	0.0	0.0	0.0	0.0
ko:K20444	2.7782554526368277	40.83554149374917	63.291602133483856	554.4022420137002	659.4254115206387	124.3545675319168	65.29397202350934	284.62162767601586	76.13849849261189
ko:K20446	0.0	0.0	6.87097224776496	0.0	2.688212935444442	0.0	10.03602360695946	0.0	0.7327508542921772
ko:K20448	0.0	0.0	1.5222389773528988	0.0	0.0	0.0	0.0	0.0	0.0
ko:K20449	0.1357035874181242	0.1163787094630115	0.0	0.2327574189260231	0.2134325409709105	0.1810096901795548	15.522833003578034	0.2263157929409855	0.0
ko:K20452	0.0	0.0	19.22687934840817	3.65	246.19075973148196	24.67343175630844	0.0	0.0	16.03166721389715
ko:K20453	0.0	0.0	18.71844785487669	3.65	231.2522732223036	24.425431760086028	0.0	0.0	17.454986310370213
ko:K20454	0.0	0.0	0.0	0.0	2.433285795260313	0.0	20.0	0.0	1.4602413923858335
ko:K20455	0.0	0.0	115.40537912144734	105.60793867416638	0.0	88.19753771145359	60.0	143.67681852559332	58.36599632609165
ko:K20459	0.0	0.0	112.8515247058504	24.34212719167837	376.99761603120703	41.913643789921935	24.369901016469512	1.5633548297507236	8.021804885050127
ko:K20460	0.0	0.0	56.02051192204636	0.2508822738276696	102.49113935052615	31.28645764111848	19.54635239598684	1.7737817992655438	34.81034697447926
ko:K20461	0.3699370963791103	0.3172561807555028	105.02784525148596	12.249324406208723	417.9277577098959	40.9758418163667	57.60165381833541	3.0089689924871474	41.433554463060176
ko:K20468	0.0	0.0	0.0	0.1325295557176126	1.5767940196405368	0.0	0.0	0.0	3.4004672520486507
ko:K20478	0.0	0.0	62.95582725419881	0.0	0.0	0.0	0.0	0.0	0.0
ko:K20480	6.425310193716633	55.435537896847926	156.31958443057	6.425310193716633	134.77488935207157	315.0808454078694	73.84687231945426	14.2041818862193	0.0
ko:K20482	0.0	0.0	0.0	0.0	14.73239898483809	0.0	0.0	0.0	0.0
ko:K20483	0.0	0.0	3.220845876379315	4.050276815649794	14.73239898483809	30.647916437760024	0.6419421858662784	0.1234752844919025	4.826680903526925
ko:K20484	0.0	0.0	21.138686901767603	5.027503158524208	86.26968854675536	30.647916437760024	3.4422836347381125	0.6621109508912181	0.0
ko:K20485	0.0	0.0	84.36149554195228	4.874311786004485	95.52572371675066	568.0194797245537	4.233036278958729	0.8142093950464424	0.0
ko:K20486	0.0	0.0	9.926704383156498	0.0887796028612876	83.19490147574518	0.0	1.2654671528689203	0.2434080827774056	9.096638192946124
ko:K20487	0.0	37.12223105157601	159.280509521186	2.4025517037550377	339.4059879276653	129.52926108004306	90.12388499708489	13.747971024948695	12.848485788577063
ko:K20488	0.0	37.12223105157601	127.04348188790114	2.3892301994066507	323.832779348433	81.31097566723754	79.45801913788304	11.696429857670196	6.598485788577064
ko:K20489	0.0	0.0	0.0	0.0	77.08071058881742	0.0	0.0	0.0	0.0
ko:K20490	0.0	64.84	63.09327309636261	0.4354898170762805	440.665324346215	234.2430238703716	31.412706023960524	4.248603672952545	6.598485788577064
ko:K20491	0.0	0.0	52.36738945429468	0.4354898170762805	257.9541676436291	228.6468458732718	16.856559394551503	0.1181904291602501	6.598485788577064
ko:K20492	0.0	0.0	21.65221628077794	0.2797569286598131	242.4034332406297	26.855490377808465	16.250177257892297	1.332145471221396	6.598485788577064
ko:K20494	0.0	0.0	0.0	0.1633339772477217	0.0	0.0	0.0	0.0	0.0
ko:K20525	0.0002760770073052	0.0002367622436067	0.0	0.0004735244872134	0.0004342097235149	0.0003682482866429	0.0004342097235149	0.0004604195659806	0.0
ko:K20527	2.3033867944786914	5.154025573535364	54.46431235737889	19.158704345745868	15.950566316229786	6.746779479565051	21.22086259767477	0.598577917849644	0.7160788177578148
ko:K20528	1.2314121605279214	5.596010426839794	16.087043819009118	10.417692545609658	2.172716779391129	2.8292183228790018	16.2787120541202	0.598577917849644	0.7160788177578148
ko:K20529	1.2314121605279214	4.604603016491374	56.07729298965054	19.68023373284726	7.528147525840762	16.439457042847685	23.45427067454454	12.797467304216564	1.92477734151939
ko:K20530	2.163052133185799	9.609860044317196	111.052548278658	91.05315543258416	27.457093413721196	11.68878066758961	25.73280202073945	0.0318582595088752	1.0645646063348793
ko:K20531	11.769714344449122	15.126083984949949	85.86607176039621	47.596139430204	40.007930086636605	26.105232752192396	79.15654575105403	96.3295510117392	7.490841121739657
ko:K20532	2.14394926790154	3.907226801076204	37.20676170395938	17.858631324373036	6.667829851929691	4.886764998171703	11.287174574934138	0.0	0.7160788177578148
ko:K20533	2.3033867944786914	6.145432983883785	37.485634510302205	23.153259441516603	7.827403526736646	10.362827403277128	13.611040108563	19.59857791784965	4.181378697345004
ko:K20534	112.19302391255717	245.26786115416772	446.2263198432096	758.7341547632273	970.6424614580518	614.6276000012712	391.320445214838	587.3981845896731	205.99050294701897
ko:K20539	0.0	0.0	0.0	12.636127646612696	0.0	12.859519844119085	0.0	34.23086163733516	8.039553401813833
ko:K20541	0.0	0.0	14.210277897845607	1.4157786406726252	4.371570434561521	0.0	0.0	0.0	54.231378166265856
ko:K20542	0.0	0.0	0.0	1.075591996665738	0.3598115856735717	0.0	0.0	0.0	0.7759590020956616
ko:K20543	4.673324085104419	12.937819072985118	34.43112547866434	30.45572244164405	17.45618564738009	28.08927589446325	28.304759132719425	266.8531492010648	4.702039623891489
ko:K20609	0.0	0.0	12.479059277873468	0.0	44.16545562063189	0.5422638025579939	0.0	0.0	0.0
ko:K20611	0.0	0.0	15.604016278871809	0.0	4.280268354273864	0.0	0.0	0.0	0.0
ko:K20626	0.0	0.0	0.0	0.0	0.0	0.0	0.0	0.0	6.25
ko:K20707	45.14	82.56	299.1000193296625	81.97	394.0448516293376	902.7451340225026	170.40794376347495	21.04037991825148	0.0
ko:K20708	6.425310193716633	0.0	0.0	9.514120602047225	0.0	28.498927921713985	0.0	0.0	0.0
ko:K20742	0.0	0.0	1.2615988029228264	12.870873395225289	37.067681560309005	0.6153759205313281	0.0	0.0	0.0
ko:K20755	0.0	0.0	0.0	0.0	13.179271993970628	0.0	0.0	0.0	0.0
ko:K20765	0.0	4.542809212765438	45.0	0.0	0.0	0.0	4.074697924687947	0.0	0.0
ko:K20788	0.0	0.0	0.0	0.0032766476050989	0.0	0.0	0.0	0.0	0.0
ko:K20810	0.0	0.0	36.02444213373849	326.25088227382764	271.38924873581783	17.36771745130054	22.98	0.0	6.248168151289977
ko:K20811	11.37701497217515	42.02215994573199	13.25093128871674	7.758127986184163	52.51735665233152	335.99074978537925	11.790080734760382	0.0	9.551307906075058
ko:K20813	0.0	0.0	0.0	0.0	0.0	0.0	6.36179711178463	0.0	0.0
ko:K20830	0.0	0.0	0.0	326.0	0.0	0.0	0.0	0.0	0.0
ko:K20846	5.05026543491251	1.0341383801240227	5.78011413198651	7.635695451445521	5.461587016779236	1.6974397071166951	10.109069193140586	0.7899400734919463	2.3133775656103395
ko:K20859	0.0	0.0	0.0	5.831563114290099	4.235831855954167	0.0	0.0	0.0	2.5419689784483688
ko:K20861	9.6	0.0	0.0	9.6	142.46030786948648	1090.9	0.0	0.0	0.0
ko:K20862	26.60565248302286	141.36365278365096	180.53074738226445	90.76890287411794	141.34379839344177	103.64661121525675	150.82264151726164	111.08157564835092	48.35276900933705
ko:K20866	147.54034795710254	195.30924589116648	399.4532242998479	287.0986166769667	367.4377177296773	271.5666839197452	231.9776976976031	317.39871580843044	147.770526137912
ko:K20881	0.0	54.96830201348769	50.39	0.0	0.0	5.96	84.53141628720083	0.0	56.5
ko:K20882	0.0	0.0	2.494781743297394	0.0	100.89561664536171	1.2168913035186992	43.781462010002144	0.0	3.357713384264545
ko:K20885	0.0869678530925171	0.0745831904685827	0.8653862675249689	332.3747903057711	0.136781718313231	0.1160030065775188	0.136781718313231	0.1450381600625206	3.256484106895451
ko:K20895	0.0	0.0	0.0	9.689494653247214	0.0	0.0	0.0	0.0	0.0
ko:K20900	0.0	0.0	0.0	0.0114779320679546	0.0	0.0	0.0	0.0	0.0
ko:K20903	2.79	8.51	90.57850930840736	22.75	259.8493771766374	5.304720900882859	76.44999999999999	6.45	12.149682362712912
ko:K20904	2.79	8.51	90.07007781487587	22.75	244.91089066745943	5.056720904660446	76.44999999999999	6.45	5.8996823627129125
ko:K20920	0.0618165886859498	0.0530135934616848	0.0	0.1060271869233696	0.0972241916991046	0.0824547219339489	7.071062757289468	0.103092855181948	0.0
ko:K20938	0.0	0.0	0.0	4.577699063856857	0.0	0.0	0.0	0.0	12.836145523852224
ko:K20941	0.0	0.0	0.0	0.0	0.0	0.0	0.0	0.2603851765819914	0.0
ko:K20945	0.230647669245229	0.1978022733084084	0.0	0.3956045466168169	0.3627591506799963	0.3076518752748862	34.26318146675605	0.3846560813045433	11.163854476147776
ko:K20947	0.0002760770073052	0.0002367622436067	0.0	0.0004735244872134	0.0004342097235149	0.0003682482866429	0.0004342097235149	0.0004604195659806	0.0
ko:K20951	0.0	0.0	0.0	0.0	0.0	0.0	0.0	0.0	130.2645658650586
ko:K20952	0.0	0.0	0.0	0.0	0.0	0.0	0.0	0.0	130.2645658650586
ko:K20955	0.003332491845478	0.0028579281333055	0.0	0.005715856266611	0.0052412925544385	0.0044450801040157	0.0052412925544384	0.0055576683625534	0.0
ko:K20956	0.0	0.0	0.0	0.0	0.0	0.0	0.0	0.0	24.0
ko:K20967	6.722055093217318e-05	3.87592348832494	4.466286620332257	48.0833849121782	1.2569633509594973	8.96628551199715e-05	0.0001057234614344	0.0001121051593077	0.0
ko:K20968	0.4257836299432163	1.4891363104710509	0.7661380799026881	17.55463583355194	17.587000774139863	6.03327140669074	2.287597374438068	0.7100885220888448	0.3235862697725639
ko:K20971	0.0087934880899645	0.0075412508619632	0.0	0.7312176775012231	3.457720381290185	25.93558418711036	0.0138302644959252	0.0146650893145927	7.426991360915114
ko:K20972	0.0	0.0	1.2615988029228264	0.0	37.067681560309005	0.6153759205313281	0.0	0.0	0.0
ko:K20973	130.76	0.0	0.0	0.0	0.0	0.0	85.15	0.0	57.47
ko:K20974	0.0	0.0	0.0	0.0	2.880582577700064	0.0	0.0	0.0	0.0
ko:K20987	0.0	0.0	0.0	0.0	0.0	27.635548755038236	0.0	0.0	0.0
ko:K20993	1.1833668033172895	1.091369471771056	15.604016278871809	1.1833668033172895	4.280268354273864	5.248724842213561	0.0	0.0	0.0
ko:K21005	4.603520767489985	3.9479561012334994	0.0	10.214861217763518	7.240347536210514	6.140455707269077	7.240347536210513	7.67739064704817	0.0
ko:K21006	0.0	9.15094908752888	3.0146306619112693	0.0	0.0	1.1373636434824537	72.0	0.0	15.47836524386672
ko:K21007	0.0088374243139258	0.0075789303451706	0.0	1.9954636778960573	0.0138993667215859	0.011787893507341	0.0138993667215859	0.0147383627007561	0.0
ko:K21009	1.2451167185183007	75.7081925879101	91.68692411470136	34.27860161702195	68.63165169991352	18.12	9.679856238273508	4.674554283742118	19.67423888485029
ko:K21010	0.0375472518199744	0.4173178137530442	0.4769094938050668	3.479521908760089	9.059053747324452	0.7565604207418885	0.7314086598144489	0.062618359839008	8.525250141662932
ko:K21011	31.2651757906383	88.96275968018563	58.12649237743501	18.03735787998964	354.9215203449555	59.09436773969968	566.5331167237727	132.69745928802334	41.26219990011707
ko:K21012	1.2451167185183007	38.5859615363341	44.82120985319784	13.855044696769692	55.04859586769623	53.02032189579084	15.335158313585566	4.674554283742118	4.94017346207833
ko:K21020	0.0	0.0	0.0	0.0	0.0	0.0	0.0	0.0	24.0
ko:K21021	0.0	0.0	0.0	0.0	0.0	0.0	0.0	0.0	48.0
ko:K21022	0.0	0.0	85.16974688371239	0.0	23.362534735462773	0.0	1.094697924687944	0.0	0.0
ko:K21023	0.0	0.0	0.0	4.716760964244891	1.5778708348976127	0.0	0.0	0.0	27.40278947991899
ko:K21024	0.0	0.0	0.0	0.0	0.3476864264066993	0.0	0.0	0.0	0.2086504233899326
ko:K21025	0.0	0.0	22.33	20.177455668571675	3.6801662630940655	27.32	0.0	19.0	49.016537495619446
ko:K21028	45.53770154949629	18.32601325062678	80.57526604651994	31.038536019816423	200.8493237622604	87.05512993171543	74.81241615014864	0.0	38.57771761427015
ko:K21029	357.3989483148496	305.1621019165066	329.5958986265083	2372.9161185155094	851.1060547782289	323.8311453054449	1499.4975379250789	786.9403282877345	294.2302742770122
ko:K21030	39.17016665432188	26.89053081782648	177.5162883047577	28.9524243806608	248.58812284505424	340.766015078447	172.15171857408302	17.55000284724133	7.673319096473062
ko:K21034	0.0	0.0	0.0	157.49189250289638	0.0	0.0	0.0	0.0	0.0
ko:K21039	0.0	0.0	0.0	0.0	0.0	0.0	0.0	0.0	11.163854476147776
ko:K21053	23.321528534880223	4.545156274835985	123.8709408030808	103.69349031237942	197.6887445978605	408.19509632557777	92.02051770013398	113.5819881057546	32.446038384585634
ko:K21055	0.0919792481677861	1.6519617560561064	1.414893920590867	22.308599619185472	0.671904891867658	0.12268750981874	2.5031862720581626	0.1533957714696939	0.0
ko:K21058	0.0	0.0	0.0	21.51018664400696	9.24163790164761	0.0	0.0	0.0	19.930242408585805
ko:K21060	0.0	0.0	0.0	0.0	0.0	0.0	0.0	0.0819001255740672	12.836145523852224
ko:K21062	0.0	0.0	0.0	168.5081074971036	0.0	0.0	0.0	0.2603851765819914	0.0
ko:K21063	140.38648227775244	166.6628692951611	98.0	235.1779506805668	227.7658283461488	201.6021749369388	117.61632908701732	303.0878675961251	115.40492415646467
ko:K21064	36.02	70.25	302.28576779067305	67.70252159397491	296.0018001707268	299.27906561820225	148.42987136757867	21.01	0.0
ko:K21071	146.4385545215586	228.76708232698616	428.7798384040364	1235.5360446142952	1157.1398505384504	329.3626084199195	308.4010746002737	639.6674941684502	543.4394156376866
ko:K21084	0.0	0.0	0.0	0.0	0.0	0.0	0.0	0.0	90.08050229264012
ko:K21085	0.0	0.0	0.0	0.0	0.0	0.0	1.094697924687944	0.0	24.0
ko:K21087	0.0	0.0	0.0	0.0103836874699294	0.0	0.0	0.0	0.0	0.0
ko:K21104	0.0	0.0	0.0	29.40530688038533	27.60200376436028	0.0	0.0	0.0	0.0
ko:K21105	0.0	1.037434287413516	85.08122559169792	0.7320800490928989	13.58883125169838	3.444380226225958	6.639279778818716	1.2401233451112303	24.09553145910251
ko:K21137	0.0	0.0	0.0	157.49189250289638	0.0	0.0	0.0	0.0	0.0
ko:K21138	0.0	0.0	0.5376963767408011	157.49189250289638	25.321394325135213	0.0	0.0	0.0	0.0
ko:K21140	0.0478662202287784	0.0410498281075916	0.0	0.0820996562151833	0.0752832640939965	18.18384687286845	1.169981188781941	0.079827525508121	0.0
ko:K21142	2.1492679352552737	0.0	0.0	167.0410543672361	0.0	19.82643762679419	0.0	0.0	6.4353456369023485
ko:K21147	116.92624559974551	129.14354149906285	68.80887743824772	242.91125883481183	213.9311376207424	125.50266905555009	117.46653649757624	205.9149304802956	109.22119284028696
ko:K21195	0.0	0.0	0.0	157.49189250289638	0.0	0.0	0.0	0.0	0.0
ko:K21219	0.0	0.0	0.0	0.0	0.0	0.1185862573439564	22.80747223157184	0.0	0.0
ko:K21231	0.0	0.0	0.0	45.943850373784265	15.36933122056137	0.0	0.0	0.0	33.14504421656944
ko:K21232	0.0	0.0	0.0	168.5081074971036	0.0	0.0	0.0	0.0	0.0
ko:K21252	0.0	0.0	0.0	11.808075987166813	0.3476864264066993	0.0	0.0	0.0	0.2086504233899326
ko:K21255	0.0	0.0	0.0	0.0728840201433551	0.0243814707987216	0.0	0.0	0.0	0.0525803573422571
ko:K21258	0.0	0.0	0.0	157.49189250289638	0.0	0.0	0.0	0.0	0.0
ko:K21272	0.0	0.0	0.0	168.5081074971036	0.0	0.0	0.0	0.0	0.0
ko:K21275	33.014867282543754	17.202930809937993	62.6619039667192	70.68167427521249	264.8056266221059	611.4912801464416	66.23743400331634	0.0	0.0
ko:K21279	0.0452573766055781	1.611893315570795	1.414893920590867	22.228462738214848	0.5984214419739321	0.0603670387318075	2.429702822164437	0.0754767008580369	0.0
ko:K21285	0.0	0.0	0.0	20.678046650502814	0.0	0.0	0.0	0.0	7.673319096473062
ko:K21303	36.47951813818224	3.3661522153240955	210.14317938752745	117.48583838530443	7.100964900060112	76.83738566570293	108.54483857663142	143.3178094001673	41.03566416802319
ko:K21310	2.3907451894582504e-05	2.050290969440461e-05	0.0	314.9838260116125	3.760127718863134e-05	3.1889211941666216e-05	3.7601277188631336e-05	0.3893993983142546	0.0
ko:K21312	0.0	0.0	0.0	3.783560769590467	1.4717535387485474	0.0	0.0	0.0	3.173940063992674
ko:K21313	0.0	1.4220277903816867	1.7609653876172036	0.0	0.0	0.473397789488625	0.0	0.0	0.0
ko:K21344	0.0	0.0	203.9822389773529	93.26	0.0840543734801456	70.8	60.0	142.9885440691318	18.76126917076706
ko:K21345	0.0	0.0	202.46	93.26	0.0	70.8	60.0	142.95000000000002	18.58
ko:K21349	0.0	2.8077441833975763	2.5644529487112533	0.3441802016963716	2.514805127531692	12.013102838602483	3.3126861474955875	0.1752381268298388	0.6630134049959807
ko:K21350	0.0	0.0	7.74911832576107	3.65	242.23417139448128	3.779823515981189	0.0	0.0	12.743319096473062
ko:K21364	0.0200820043885484	1.0608643544761462	0.7113733395434525	4.88070746141608	2.4193247502746185	5.1014512669511545	1.5338637736006566	0.0334911908631805	0.3004558204282904
ko:K21365	0.0	0.0	0.0	0.0	0.0	0.3422542614780052	0.0	0.0	0.0
ko:K21366	0.0	0.0	0.0	2.6561818292156065	0.0	3.6948517094791433	0.0	0.0	2.3099585357944274
ko:K21367	4.60209788932601	3.946735848124521	0.0	7.893471696249042	7.238109655047554	6.138557785920611	7.238109655047554	7.675017682515212	0.0
ko:K21369	0.0	0.0	0.0	168.5081074971036	0.0	0.0	0.0	0.0	0.0
ko:K21379	1.0429348288445213	1.4081318657559136	7.05170660378654	10.260432278772846	84.36025503084218	5.319872793267775	29.449071999899687	6.70143793824014	17.870586969943094
ko:K21393	77.66829382450395	27.677834576393767	0.0	0.0	0.3979563312956631	2.4497291520410185	45.29414281084407	171.71436433663484	8.522814000353009
ko:K21394	77.89558753602124	25.082935170055897	20.41810459811639	64.48080036126468	10.9039919291269	2.4497291520410185	54.50315715073483	172.56769541559197	8.940114847132874
ko:K21395	77.87375040939375	28.706000750580245	1.8816039000275275	20.54870639382731	4.46744587709883	4.899458304082037	80.04972474072687	172.48571207033368	10.919196354222429
ko:K21397	0.0	0.0	55.784424233245744	169.6188961380011	60.13302973385048	0.0	0.0	0.0	0.0
ko:K21399	0.1889057018813909	5.06105378350096	1.8526546853031447	1.540360113907399	25.62768841616308	2.773608240327251	9.679384445682643	0.7092105863005371	4.920317637287087
ko:K21400	0.1889057018813909	5.06105378350096	1.8526546853031447	1.540360113907399	20.581051958271672	1.46036105134775	9.679384445682643	0.7092105863005371	4.920317637287087
ko:K21401	0.0	0.0	0.0	326.0	0.0	0.0	0.0	0.0	0.0
ko:K21405	0.0	0.5090532030440016	0.0	38.94940239405536	42.18467515000247	7.879401762752495	32.06218770954623	1.9761362475138151	35.24528291932955
ko:K21416	9.12	77.15	300.2481653760589	20.45186373593436	389.2225745239845	331.2050747106661	163.96631628487256	26.25916385114993	18.538632496037955
ko:K21417	9.12	77.15	280.7300653821077	45.6621364117421	389.1401587323028	328.47688074267705	146.92561560275843	22.98144599587924	18.538632496037955
ko:K21420	0.0	0.0	0.0	0.0	49.39322930777832	12.25	0.0	0.0	24.0
ko:K21429	0.0	0.0	2.3048012535345213	0.0	0.0	0.0	2.0122567414561248	0.3870503903505738	0.0
ko:K21430	0.0035375750221039	3.258816759488939	4.031792577272344	359.8154859423624	0.0242877328915075	1.08857962556024	0.0371046779375598	0.7326172955829693	24.440307296067445
ko:K21440	0.0	0.0	1.6304684822021038	158.2155253265711	1.6413592314946477	1.0066012598163656	0.0	10.196319018404909	18.59629649703588
ko:K21449	1851.6375194773968	1368.4067711250425	1470.4436495825007	3324.5519563195926	5045.115935733656	431.7910777496065	9190.946076615037	3614.8124590077873	1363.231865534401
ko:K21453	0.0	0.0	0.0	3.6561245406147984	0.0	0.0	0.0	0.0	0.0
ko:K21454	0.0	0.0	0.0	18.55328287571265	0.0	0.0	0.0	0.0	0.0
ko:K21461	0.0	0.0	0.0	6.789128686728826	0.0	0.0	0.0	0.0	0.0
ko:K21462	0.3260265093827741	0.2795986836795309	0.0	19.47437129986665	0.5127695416558188	0.4348739674203775	0.5127695416558188	0.5437214254579809	0.0
ko:K21463	0.0	0.0	47.66758541874032	9.446969405888122	141.06701837361584	16.686524610060488	17.01733473370135	3.2732234986273494	4.711667213897151
ko:K21464	0.0	0.0	0.0	0.2440781683830067	0.0816500616092659	0.0	0.0	0.0	0.1760841030417906
ko:K21465	36.02	70.25	283.20752080028683	67.95434560062779	238.43241579168173	837.9407322026656	140.71880659370564	21.02708163081348	0.0
ko:K21466	36.02	70.25	283.20752080028683	67.95434560062779	238.43241579168173	837.9407322026656	140.71880659370564	21.02708163081348	0.0
ko:K21467	0.0	0.0	0.0	8.573850205017187	0.0	18.12	0.0	0.0	0.0
ko:K21469	1.737857808708763	0.3816356689680035	165.5377799412469	5.680991655378138	59.03062183301979	0.6235047265920823	2.0806061140718595	0.0658480352301852	0.0
ko:K21470	240.9622044301736	193.1354800156711	148.68577110137062	520.5000113802682	630.7952533054627	14.23287711176638	1410.4460694694772	429.3495569138115	213.66483272384232
ko:K21471	234.25633580803432	304.6642884483835	707.8906183417605	647.3539684560897	1423.385557865008	1616.0793471073323	1063.6917072345088	364.71895103349993	139.8092056875463
ko:K21472	0.1368710032670914	0.1173798793841195	80.82632897812172	75.90532376916778	74.54368652170989	48.47345257035418	84.09273031435613	102.91941123863587	72.67870065545804
ko:K21473	0.0004495913391639	0.0003855672560551	0.0	0.0007711345121103	0.0007071104290015	1.3292787330039215	0.2459062646243222	0.0007497931510741	3.109048636675792
ko:K21478	0.0201239226527402	0.0172581741737107	0.0	15.070138207179426	0.031650599868392	0.0268425107535759	3.011650599868392	0.0335610988544116	12.836145523852224
ko:K21479	0.0	14.02	46.62776102264711	3.65	282.6541681440458	30.53	53.09469792468794	0.0	13.348031021551632
ko:K21481	9.6	0.0	0.0	37.84090600294724	0.0	42.58	0.0	0.0	0.0
ko:K21487	0.5035997907544357	9.361884630678643	11.700386074597112	17.163945769643277	7.991766370182711	9.593636921621108	26.859878872879765	247.07008090872037	8.014208125896793
ko:K21488	0.0	0.0	0.0	0.6045187375485758	0.0	0.0	0.0	4.145738645878541	0.0
ko:K21490	0.1196016203642328	0.1025697440465414	34.666354319410644	4.731373960781725	31.964610306014464	42.2087198914768	23.712899216179405	2.1406265727722307	4.089697586906939
ko:K21491	0.0	0.0	5.053430380751749	0.0286370528966196	20.131511019825894	14.326481678061429	1.3954044419906158	0.2684010558108838	0.0
ko:K21492	3.6301666543219	4.899928894155986	20.870141781220955	0.0399167212275315	28.648362946105937	111.10407828386994	25.80641764902916	2.6959922967022525	0.0
ko:K21493	25.82665995952832	120.81177832372032	39.36432851992032	21.91164686997667	157.8400575569234	100.18633751945994	54.838743708039146	3.2060828189595827	4.826680903526925
ko:K21494	0.0	0.0	14.972970712462626	0.0	1.2522878781003932	23.842173814050646	2.1613808684065585	0.8419725124902364	0.0
ko:K21495	0.0	0.0	6.452957121257007	178.18735389047535	1.4277275858210188	7.6939223971666895	49.19252776842816	3.628542464273973	5.748479207766132
ko:K21498	296.4975770895068	269.3998854785315	362.3816587692613	125.68323167880035	1392.3994497793117	84.78404037605529	2579.3981918346817	687.8569500690539	245.15371947044056
ko:K21511	0.0	2.1438686567105334	2.6548556403748726	19.24973469623354	0.0	0.7137010189992843	0.0	0.0	0.0
ko:K21512	6.722055093217318e-05	2.143926304714656	2.6548556403748726	24.680159835091946	0.0001057234614344	0.7137906818544043	0.0001057234614344	37.54399139674816	0.0
ko:K21555	0.0	0.0	0.0	0.0	34.45751050956272	7.684958356690518	0.0	0.0	0.0
ko:K21556	68.86716067644834	22.573951876217027	33.84615052808201	66.95804811216527	97.71459348168788	1.7444507437039454	145.92032650324896	2.1810807637769374	6.175957909799144
ko:K21557	0.0	22.57635787080643	39.49222919232949	30.95885823181288	97.65225992118457	5.465335330674709	32.497720897858535	0.0	6.499544179571706
ko:K21559	0.1980022947489618	0.1698057654334451	0.0	0.3396115308668903	0.3114150015513736	0.2641074912553399	13.732083177791036	0.330212687761718	0.0
ko:K21561	0.0	0.0	0.0	0.0	0.0	0.0	8.1	0.0	0.0
ko:K21562	10.645195482497952	0.0	1.892077709076849	29.396197950754804	31.60685761799801	623.1243053922856	12.095398514566815	0.3177408094293389	4.920317637287087
ko:K21563	0.0	0.0	22.33	15.113765527311358	0.0	21.023832698887286	0.0	19.0	13.143743136786048
ko:K21567	37.20336680331728	70.25	264.78441440685543	68.04690876221494	238.35	826.7787248422135	141.17515854576624	21.114859297322614	0.0
ko:K21568	0.0	0.0	0.0	1.0888304264182074	0.0	0.0	0.0	0.0	0.0
ko:K21571	52.37880751692013	54.71520491494773	939.1821374491408	430.6503212855992	221.9214703161755	35.430972513900656	284.5922605262994	515.2141222178544	737.4231454839103
ko:K21572	1212.320642188282	2164.547989293484	2607.8254981580426	5928.720437904289	3399.244751851112	2179.5919252476183	2227.879120233408	3376.141976153885	3852.2126773928185
ko:K21573	140.71841330973572	243.88023308205788	277.4649278616949	465.2906513550406	365.1531406929146	262.8158817942352	265.5716777509185	654.8784537639968	137.61305390819643
ko:K21574	118.24950035442546	242.9948669457212	399.5678005154772	857.4455498139305	420.134659057357	224.61954778483172	271.46011417603626	560.4905693080445	268.9492434876722
ko:K21575	40.40414629909838	60.422697704311176	207.50962421878728	212.74795900785105	127.55615838973624	20.37558833013677	154.5892864843717	249.04943437404523	447.5986889261656
ko:K21576	0.0	0.0	139.24098149049237	4.537980047327658	68.80427743119147	7.3178515468088	28.418713935497628	0.0	11.170317637287088
ko:K21577	0.0	0.0	139.24098149049237	4.537980047327658	74.80040120841888	8.878176480241223	28.418713935497628	0.0	11.170317637287088
ko:K21578	0.0	0.0	25.663713901396576	0.0	23.623265908276636	2.290505459106303	11.181001022051756	0.0	4.920317637287087
ko:K21579	0.0	0.0	25.663713901396576	1.991211229550249	56.072930978203686	4.333933173759685	26.37536354949521	0.0	19.681270549148326
ko:K21583	0.0	0.0	24.14147492404368	0.0	23.27687663429017	4.333933173759685	0.0	0.0	6.25
ko:K21584	0.0	0.0	48.28294984808721	0.0	37.75164163725236	6.377360888413066	0.0	0.0	12.5
ko:K21591	0.0	0.0	0.0	0.3311009954528858	0.0	0.0	0.0	0.0	0.0
ko:K21600	6.010419022890607	49.49622953057428	98.18161698505284	762.6387648722687	274.1575133595483	45.17204522459491	70.02406959038795	0.031711987066947	55.92348244965965
ko:K21602	42.62122647019099	17.95117544564076	0.0	0.0	0.0	2.4497291520410185	24.62119409253481	172.01894817478043	0.0
ko:K21613	92.8577606216163	92.90902919542754	209.24561045591597	59.70892918455327	423.0264589063725	46.005954193811846	631.6468726946885	124.21942302957234	10.09160801641402
ko:K21619	0.0	0.0	8.698121194780757	406.0554841136998	0.0	0.0	0.0	0.0	0.0
ko:K21621	0.0	0.0	22.33	0.0	0.0	0.0	0.0	0.0	0.0
ko:K21636	485.0273660585704	711.4966280768997	1265.4318060583169	1249.0977246894092	2512.568619678613	1139.1564163485689	2025.4244674367733	1415.9760939836483	680.1780700499884
ko:K21645	35.04706735431296	1.7569500697803488	0.0	0.0	0.0	0.0	22.475253234350607	0.2603851765819914	45.04418982784111
ko:K21672	1.8872796792187336	33.126597267026895	19.63813603363967	3.029812235591965	34.31240414840635	27.26758350554236	9.812588914215882	0.7092105863005371	7.462286615735456
ko:K21680	39.17016665432188	26.89053081782648	184.27045400186057	30.992292572868667	272.483135780004	340.3331298986607	165.58870469079764	17.84563663202732	0.0
ko:K21681	0.4121029320038926	29.991802314457	23.904355817430307	40.011574904175625	106.5727585144822	17.43079479721051	91.23752427689898	166.62081747087672	26.92108664956294
ko:K21686	0.0	8.42323255019272	0.0	326.0	4.2910505075019225	0.0	7.2048941502035815	0.0	0.0
ko:K21687	8.706112537955965	5.956090697076027	32.689940785787485	7.225541439895695	122.78046781911252	33.29662978062435	23.76464532149585	1.7789891540906648	4.4210344680658125
ko:K21688	0.0	0.0	69.36382155274137	0.8055866674295485	4.318247647635904	43.77580867201753	10.936455247186538	2.103588068693484	2.5419689784483688
ko:K21699	0.0	0.0	0.0	0.0	0.0	0.0	0.0	0.0	12.836145523852224
ko:K21701	0.0	0.0	1.24575583750101	0.3704655464591194	0.1239297020822912	0.8996769114805183	0.0	0.0	0.2672631226639533
ko:K21721	0.0	0.0	0.0	4.051742329895838	0.0	0.0	7.79987136757868	0.1022171284875438	11.163854476147776
ko:K21727	0.0	0.0	1.5222389773528988	0.0	0.0	0.0	0.0	0.0	0.0
ko:K21739	90.10142136019869	113.26844901796896	48.47761457284816	156.87905008457057	162.57666398705734	403.4577843109082	73.60430589339315	232.8198996878141	15.761166509220754
ko:K21741	0.0	0.0	0.0	0.6874393215410846	0.0	0.956254697785256	0.0	0.5726176812997069	0.5978341961263606
ko:K21743	0.0	0.0	23.639296372380763	4.107897663744195	51.0064501853197	0.327939472226934	10.257978121294464	1.9730854191009493	0.0
ko:K21745	0.0	27.71776894842393	30.584889169284505	1.5869607378768706	47.19369025592376	322.36864450453663	0.0	0.0	0.0
ko:K21747	0.0	0.0	0.0	5.838471087835765	0.0	8.121539211795982	0.0	8.803680981595093	5.077448379849025
ko:K21749	0.0919792481677861	0.0788809375109811	0.0	2.1380676922276787	50.18466356436516	12.37268750981874	0.1446635643651573	0.1533957714696939	0.0
ko:K21750	0.0215268984473065	1.5915421776565812	1.414893920590867	20.207454645180704	0.5610985063895619	0.0287138851124674	2.3923798865800667	0.0359008717776283	0.0
ko:K21755	0.0	0.0	45.0	6.804462007128849	64.91257206569173	10.240598237247507	0.0	0.2635864396543672	0.2086504233899326
ko:K21756	0.0	0.0	0.0	0.0	0.0	0.0	0.0	0.0	24.0
ko:K21757	0.0	0.0	0.0	11.900726841605753	30.651020390213347	18.669956642932338	0.0	10.960800499977143	58.34951193760826
ko:K21758	0.0	0.0	0.0	0.0	0.0	0.0	0.0	0.0	59.16385447614768
ko:K21759	0.0	0.0	0.0	0.0378679952745925	20.519215527824556	2.1078795968333424	0.0	0.0806846555834117	0.0
ko:K21786	0.0	0.0	43.22441010390218	19.50192481438456	0.1013921244396007	25.074053546548743	60.0	29.40700860602149	2.6269016816798483
ko:K21793	0.0	0.0	0.0	3.335976117221852	1.1159648456177425	0.0	0.0	0.0	2.406656712730155
ko:K21801	0.0	0.0	0.0	157.49189250289638	0.0	0.0	0.0	0.0	0.0
ko:K21802	0.0	4.575926218611907	5.666589458918226	41.08710924155831	0.0	1.5233410847564934	0.0	0.1754918456877721	24.0
ko:K21814	0.0	0.0	11.633602531872942	0.0	0.0	0.0	0.0	0.0	0.0
ko:K21816	0.0001830840424072	2.911772085380177	3.775644182569696	3.3455738954987235	0.0002879518008746	2.804263204310649	3.883528212112194	80.27676079006127	0.0
ko:K21826	0.0	0.0	0.0	0.0	0.0	0.0	0.0	0.2603851765819914	12.836145523852224
ko:K21828	0.0	64.84	135.51267414690778	18.710167138804096	24.165178802381597	28.05	34.034669467402594	6.5464469972546775	0.0
ko:K21831	0.0	0.0	0.0	0.0	0.0	0.0	1.094697924687944	0.0	0.0
ko:K21832	0.0	0.0	0.0	326.0	0.0	0.0	0.0	0.1212564440054369	0.0
ko:K21886	0.0	0.0	0.0	0.0	14.73239898483809	0.0	0.0	0.0	0.0
ko:K21887	0.0	0.0	0.0	0.0	0.0	0.0	1.094697924687944	0.0	0.0
ko:K21898	0.0	0.0	0.0	22.52212471101865	18.85762575207078	2.773608240327251	2.98	0.0	4.920317637287087
ko:K21900	0.0	0.0	1.5222389773528988	10.30390840467672	0.0	0.0	0.0	0.0	0.3484857885770644
ko:K21901	0.0	0.0	1.2427886487374475	0.0	0.0	0.0	0.0	0.0	0.0
ko:K21902	0.0	0.0	0.0	0.0906503932624104	0.0303247531060022	0.0	0.0	0.0	0.0653974638278557
ko:K21903	71.7237425156549	60.44763232341398	495.90348500587896	667.4493631494884	875.0501048719866	518.6365116245945	273.06516463057926	20.66209501736287	48.96841298285637
ko:K21907	0.0	0.0	9.110446514965815	0.0	2.4990460926468727	0.0	1.094697924687944	0.0	0.0
ko:K21908	0.0	4.542809212765438	0.0	0.0	0.0	0.0	0.0	0.0	0.0
ko:K21909	0.0	0.0	3.24293538280474	0.0	99.43830585088546	1.58182168673091	8.586893720636828	0.0	0.0
ko:K21910	0.0	0.0	3.24293538280474	19.64	95.28234793182332	28.901821686730912	0.0	19.0	41.08
ko:K21929	12.39	21.078048097472468	387.13131562433136	792.505200275791	119.02099970065376	652.1650639349112	84.45	169.86079870719004	58.66160302514377
ko:K21935	0.0	0.0	0.0	7.232167732902268	27.14247315693615	0.0	0.0	0.0	3.9272846381988527
ko:K21936	9.703753063776851	34.858224000804384	237.8185968990612	234.07029485900696	158.76313359703656	97.78011427602772	104.23049592607514	122.41063070250172	11.600916191219216
ko:K21948	0.0	18.26947637128802	22.33	337.01621499420787	0.0	0.3743602290544765	90.13654286820176	0.0	0.0
ko:K21949	0.0	0.0	0.0	327.3026200862066	0.0	0.0	0.0	0.0	11.163854476147776
ko:K21960	0.0	0.8255668662913888	0.0	0.0	3.917119709874064	0.0	10.713051909255803	0.0	0.0
ko:K21963	0.0716026899358354	0.0614061043437069	0.0	0.1228122086874138	1.4710329319069273	0.0955080183796032	0.1126156230952854	0.119413346823371	2.929522509403671
ko:K21970	0.0	0.0	138.44221259388334	0.0	37.9754680379055	0.0	0.0	0.0	0.0
ko:K21977	0.0	64.84	233.54022487462476	0.0	215.39	245.91	109.23892704863928	21.011717085891345	0.0
ko:K21990	67.55933995281738	4.575926218611907	12.42025140644638	100.1316552834296	27.08079737168272	1.5233410847564934	32.099071982811125	0.0	14.96145791057088
ko:K21993	220.3249414556591	180.61553733209112	525.0816760494026	312.6528295822321	1127.9026050926825	236.4552184673747	1434.047410389026	587.5988506023775	73.51895962684125
ko:K22003	0.0	0.0	0.0	0.0	0.0	0.0	0.0	0.0	24.0
ko:K22010	7.896246936223141	69.64314525938946	67.14842577278776	425.3015659908008	344.7262540603596	47.1031803906902	42.33595946618775	3.057030736242514	17.071831848710026
ko:K22014	0.0	0.0	0.0	3.3915826342225497	0.0	0.0	0.0	23.40272321543991	0.0
ko:K22015	261.52	84.1063550453047	29.066393131059225	118.9612973914466	0.0	18.047585624497906	327.3222480025325	0.0	179.94
ko:K22024	1.6240811172010912	19.63898325966929	34.958722970147505	341.5834516124152	109.09298106236216	5.862980374695463	28.90707514633244	2.072778951543448	0.0
ko:K22025	0.0	10.650636235665818	22.33	0.0	0.0	0.0	17.336068473511045	0.0	0.0
ko:K22026	0.0	0.0	2.2260723957417543	0.0	65.40537491346755	1.0858216942860852	0.0	0.0	0.0
ko:K22027	0.0	0.0	0.0	2.325729137563193	0.0	0.0	0.0	0.0	24.0
ko:K22043	19.2	0.0	25.0	46.17113847363104	0.0	286.9513554954633	0.0	0.2603851765819914	0.0
ko:K22044	45.14	90.1959406937308	328.5159525168973	157.8182805129341	398.9397886946417	921.4920300992204	178.35	21.01	2.16123754855996
ko:K22051	33.45351070855852	52.626979807008496	0.0	348.8510999617174	302.8722787413957	9.277630963953596	578.6748456890106	126.34678292246858	15.206902933042604
ko:K22067	0.0	0.0	0.0	0.0	0.0	0.0	0.0	0.0	24.0
ko:K22083	0.0	0.0	0.0	168.5081074971036	0.0	0.0	0.0	0.0	0.0
ko:K22100	0.0674422085937237	8.98783809661044	11.58	10.37567619322088	0.1060720812375971	8.689958515576755	19.02145148050607	246.3224748225598	0.3999279127546924
ko:K22103	46.09136058775018	9.438087084773978	158.96747935775596	41.768668412064784	110.98112605228572	560.7684567181964	93.69185945596293	7.484694490307869	0.0
ko:K22105	234.76	164.53	50.39	0.0	579.0	5.96	1307.9200000000003	419.0	113.97
ko:K22109	0.0	0.0	0.0	9.50193436789923	0.0	0.0	0.0	0.0	0.0
ko:K22110	0.0	0.0	0.0	62.275379318388985	0.0	32.047808622150654	7.609822489111769	0.0	0.0
ko:K22116	0.4440919471863412	1.05317871964889	2.2990019530766785	336.0719609742758	4.728329371764614	0.0	6.177165902354873	1.6672588868340503	0.0
ko:K22129	1.6240811172010912	18.76050822477912	33.47774871067151	28.33925076168955	9.36480576571924	4.645540383001873	29.76689763544428	2.072778951543448	0.0
ko:K22130	0.0396800630463618	18.30350579244487	23.195386267524967	168.57616633941728	29.062408200424183	0.4272879080862535	90.19895106862596	0.0661752950171921	0.0
ko:K22131	0.0	18.26947637128802	22.33	0.0	0.0	0.3743602290544765	90.13654286820176	0.0	0.0
ko:K22132	399.0199213738064	443.2085085199416	821.8224551484789	1125.0622914927344	1619.618447911932	510.3501076727532	1774.7594927669488	1146.626546088595	641.6699170715889
ko:K22133	0.0	0.0	0.0	0.2172895912232448	0.0726886334323428	0.0	0.0	0.0	0.1567581526211009
ko:K22135	0.0	0.0	0.0	34.328190233972016	0.0	0.0	0.0	0.0	0.0
ko:K22136	0.0	22.57	30.53	538.298190233972	23.35	0.0	21.47	0.0	23.14
ko:K22187	0.0	0.0	0.0	1.411431469507698	0.0	0.0	0.0	0.0780776027295232	0.0
ko:K22205	0.0	0.0	0.0	347.8809676013793	10.967835890196165	0.0	1.1875793244178956	0.0	23.65290983216581
ko:K22209	0.0	0.0	0.0	0.0	0.0	0.0	0.0	0.2603851765819914	0.0
ko:K22210	0.0	0.0	0.0	0.8974828907168368	0.0	0.0	0.0	0.0	0.0
ko:K22212	18.074614283187515	7.476438144331531	207.59660158049783	47.87096794347064	324.89228905160326	490.67813182669306	113.6209917634878	16.3878099126783	6.451891958963056
ko:K22213	0.0003661680848144	5.823544170760354	12.133577166041295	12.257838947877593	14.73297488843984	6.775985319201806	11.185365766806708	160.61052143889805	0.0
ko:K22214	0.0	0.0	0.0	36.58405899662685	7.27036108161616	27.32	0.0	19.0	56.759045240316674
ko:K22217	0.0	0.0	0.0	168.5081074971036	0.0	0.0	0.0	0.0	0.0
ko:K22219	0.0004972664157398	0.0004264531603338	0.0	0.811277505081009	0.0007820930652616	0.0006632841589694	0.0007820930652616	0.000829301902199	0.0
ko:K22222	0.0	0.0	0.0	0.0	7.851327159571686	0.0	0.0	0.0	4.711667213897151
ko:K22224	0.0	0.0	0.0	0.0	4.235831855954167	0.0	0.0	0.0	2.5419689784483688
ko:K22226	2.968454422472851e-05	2.5457314825637423e-05	0.0	5.0914629651274846e-05	1.0485482140146232	3.959504870481983e-05	0.0162361121122842	4.950555318491115e-05	0.2052768452431714
ko:K22227	1.0807681220407344	0.5569638079059508	26.01646998271026	38.35264111970572	48.49226248885307	2.680939687019255	10.15401302809204	0.0146650893145927	47.27760908432178
ko:K22230	0.0700819221525764	0.060101901592874	58.08062264490577	17.496216132374286	22.744792651061257	40.375725904867465	6.667496769097466	0.1168771296658473	99.87209727762136
ko:K22232	0.0	0.0	0.0	2.6608433443699946	0.0	0.6961517532015511	0.0	0.0	0.0
ko:K22251	0.0	2.310803924538169	0.0	0.0	0.0	0.0	0.0	0.0	0.0
ko:K22252	0.0	0.0	0.0	0.0	9.042710770699204	9.671313675884438	0.0	0.0	0.0
ko:K22270	0.0	0.0	0.0	0.0033516164701785	0.0	0.0	0.0	0.1780606014227405	0.0
ko:K22278	65.42130207493219	104.1309185229004	473.609105225824	565.3303573447228	390.3871966202837	380.2205281405099	219.0089302537201	56.21696952964076	95.08928564187552
ko:K22292	0.0	0.0	224.79	105.50010607091556	0.0	87.8264611943693	60.0	161.95000000000002	53.22465436309765
ko:K22293	0.0	0.0	17.010169904401298	0.0	174.5203804977455	2.8972850547867544	9.819562760995929	1.85907139081989	0.0
ko:K22295	0.0	0.0	0.0	0.0	0.0	0.0	1.094697924687944	0.0	0.0
ko:K22296	0.0	1.037434287413516	22.75440784876597	8.2183907747538	31.957531303450235	0.1061000021510771	0.4219349352895777	0.5489692119836634	0.0
ko:K22298	0.0	0.0	20.020544271161423	0.0	20.22414550366362	0.0	0.0	0.0	0.0
ko:K22299	0.0	0.0	5.950411682657559	0.6448212336043178	1.6322309823956498	0.0	0.0	0.0	0.0
ko:K22300	0.0775653783348559	0.0665196757238796	20.16334092531528	5.528466411317279	0.1219936488367829	0.1034614144561448	3.2497763206046084	0.1293574505774337	3.109048636675792
ko:K22302	30.02005907212	50.37679814385153	4.698041719110566	2.068153799494747	283.186078886311	0.0	550.2320185614851	135.8954323524214	15.475119379312405
ko:K22305	6.01	43.53804809747247	58.19892387734254	581.5136118637072	133.97108497149588	42.9032919869878	48.620000000000005	0.0	12.350317637287088
ko:K22306	104.0	103.0	0.0	0.0	579.0	0.3743602290544765	1197.1543382003458	419.0	0.0
ko:K22317	0.0	0.0	0.0	326.0	1.4355601323393776	0.0	0.0	0.0	3.0958864363777443
ko:K22318	0.0	0.0	0.0	326.0	0.0	0.0	0.0	0.0	0.0
ko:K22319	0.0	0.0	0.0	326.0	0.0	0.0	0.0	0.0	0.0
ko:K22320	0.0	0.0	5.381577018150407	326.0	1.1352926429986934	0.0	0.0	0.0	0.0
ko:K22330	0.0	0.0	0.0	0.0480634275417054	0.0	30.647916437760024	0.0	0.0	0.0
ko:K22336	0.0	0.0	0.0	19.607302755431064	6.559117878417895	0.0	0.0	0.0	14.14519922708202
ko:K22338	0.0	0.0	1.5222389773528988	0.0	0.0	0.0	0.0	0.0	0.0
ko:K22339	0.0	0.0	1.5222389773528988	0.0	11.583083852994928	2.290505459106303	30.44347901842371	0.0	1.6688918157757588
ko:K22340	0.0	0.0	1.5222389773528988	0.0	10.284612954831998	0.0	30.44347901842371	0.0	6.171908606282985
ko:K22341	0.0	0.0	17.16086531289379	0.0	29.31388461188037	7.628125561615338	0.0	0.0	0.0
ko:K22345	0.0	0.0	22.33	0.0	0.0	0.0	0.0	0.0	0.0
ko:K22348	0.0	0.0	0.0	157.58584326285424	0.0	0.0	0.0	0.0	0.0
ko:K22349	0.0	0.0	0.0	0.0939507599578539	0.0	0.0	0.0	0.0	0.0
ko:K22350	0.0	0.0	0.0	663.016214994208	0.0	0.0	0.0	0.0	0.0
ko:K22369	0.0	1.194571000813749	0.0	0.0	0.0	0.0	0.0	0.0	0.0
ko:K22373	38.44	16.39762426537821	19.23650344131496	311.251391744479	154.26041270848742	31.428749011690947	91.39	0.0	18.217713384264545
ko:K22391	0.0	0.0	0.0	0.0	110.03774134064814	24.5	0.0	0.0	0.0
ko:K22393	19.2	0.0	0.0	39.64292810041958	31.835339813693075	609.3199999999999	0.0	0.0	0.0
ko:K22394	45.14	54.84223105157601	225.13571325270487	34.066734428810896	195.5842474353172	717.6428095217643	109.4954646889966	9.324082331921806	0.0
ko:K22396	0.0	7.308319331982523	5.666589458918226	209.59521673866192	0.0	2.5755897741857865	0.0	0.0	0.0
ko:K22397	0.0	9.881518684929556	12.736659548044056	81.31312960101539	3.0304804364185847	3.014756534053465	4.842163444272086	0.0	0.0
ko:K22405	152.34688692641126	214.64201193648304	295.74168442573136	351.21011162533506	530.7717901245492	236.3522991477624	266.9872810690279	559.2214854753757	485.6870823524132
ko:K22409	0.0	0.0	58.358564463611216	37.99050135066524	221.9487476373449	174.8971930085403	31.120010911552107	5.985822844014555	0.0
ko:K22424	0.0	0.0	0.0	0.0	10.83143531749127	0.0	0.0	0.0	9.551307906075058
ko:K22430	0.0	0.0	8.165874774894295	0.0	298.3230216006079	6.273612208179156	78.76146201000223	0.0	3.357713384264545
ko:K22431	0.0	0.0	88.19329105170476	0.0	309.9121386451702	6.521612204401568	46.76146201000215	0.0	1.4602413923858335
ko:K22432	0.0	0.0	20.929607537143177	3.65	695.5267589086601	12.499437549633084	98.76146201000223	0.0	19.24771338426458
ko:K22441	0.0014615638001408	72.53823795092606	192.0605545051178	52.42269248509758	284.27889178534593	595.3957931374481	37.42298232062552	6.511772874066046	4.721514211422938
ko:K22443	0.0	0.0	0.0	0.0	0.0	0.0	0.0	0.0	24.0
ko:K22444	0.0	0.0	0.0	0.0	0.0	0.0	0.0	0.0	12.836145523852224
ko:K22445	0.0	0.0	14.225163993599235	0.0	277.53103383446614	4.395199436512516	32.50459166976461	0.0	12.497617942652315
ko:K22451	0.0	0.0	144.0	326.0	39.5	0.0	0.0	0.0	0.0
ko:K22452	0.0	0.0	102.74	23.031582634222552	0.0	27.32	0.0	46.64939700099895	52.86
ko:K22457	26.42	70.25	239.6353699626405	46.87332357619531	238.35	254.79	141.04503205994106	21.0898299329796	0.0
ko:K22468	0.0163513282660854	0.0140228163294593	219.2238797844292	436.5921904151886	49.74852088501086	106.69618148676813	60.02571712072229	158.94350417850103	35.3551868071618
ko:K22476	0.0	0.0	0.0	0.0	2.433285795260313	0.0	20.0	0.0	1.4602413923858335
ko:K22477	0.0	37.12223105157601	123.6530947412201	9.517073386655015	238.59182710801855	35.14788630434402	0.0	0.0	5.07
ko:K22478	0.0	0.0	0.0	19.64	0.0	27.32	0.0	19.0	41.08
ko:K22489	0.0	0.0	0.4832763870189423	8.2183907747538	31.957531303450235	0.1061000021510771	0.4219349352895777	0.0811576763749338	0.0
ko:K22491	94.14469464299204	71.84182130983682	87.76511012844449	384.344088305372	85.6540920732597	86.88931948409521	56.5043176153483	110.98569823527936	42.825609877104895
ko:K22492	0.0	0.0	0.0	168.5081074971036	0.0	0.0	0.0	0.0	0.0
