contrast	feature_id	we.ep	we.eBH	wi.ep	wi.eBH	rab.all	rab.win.feces	rab.win.saliva	diff.btw	diff.win	effect	overlap	significant	status	detail
feces_vs_saliva	DENITRIFICATION-PWY	7.56671846794619e-05	0.00982226236153977	0.00793650793650794	0.118978967323799	-0.136448187016442	-2.68471659052713	3.16561006000143	5.90745856679027	1.07834359950128	5.57214942972711	0.000219271997703997	yes	ok	
feces_vs_saliva	PWY6666-2	9.02988847341182e-05	0.0107399295885915	0.00793650793650794	0.118978967323799	-0.318822311337931	-2.88779119146546	1.026261978254	3.86399067228493	1.11390523138719	3.51855037852595	0.000219271997703997	yes	ok	
feces_vs_saliva	PWY-6922	9.80916607942203e-05	0.0108933257363714	0.00793650793650794	0.118978967323799	1.6076497337425	0.26015080509494	2.76826223524455	2.5715063786696	0.772806734228515	3.51296683573331	0.000219271997703997	yes	ok	
feces_vs_saliva	METHYLGALLATE-DEGRADATION-PWY	0.0011366169065904	0.0403298901830388	0.00793650793650794	0.118978967323799	-4.88897422238069	-11.8810859525709	-1.98647068510451	10.3656304574791	3.39384063723266	3.14461081980003	0.000219271997703997	yes	ok	
feces_vs_saliva	HISDEG-PWY	0.000714348987176385	0.0405067443851799	0.00793650793650794	0.118978967323799	3.77919591623526	2.38036474764707	4.71011874772647	2.23563229175811	0.806445420570748	2.6770041911619	0.000219271997703997	yes	ok	
feces_vs_saliva	P184-PWY	0.00138776644742494	0.042053873281764	0.00793650793650794	0.118978967323799	-4.88873564514241	-11.7669398910873	-1.87808287981281	10.6413742929951	3.54542661059436	3.14401921090727	0.000219271997703997	yes	ok	
feces_vs_saliva	PWY-6948	0.00172004374551885	0.0449338014413951	0.00793650793650794	0.118978967323799	-3.23558577280361	-8.53256870166783	0.450448665847134	9.39079939006882	2.36454500820203	4.20723027849637	0.000219271997703997	yes	ok	
feces_vs_saliva	GALLATE-DEGRADATION-I-PWY	0.00143338455301489	0.0461035933503544	0.00793650793650794	0.118978967323799	-4.64182007752617	-10.8741173638672	-1.85732217156605	9.59359886562048	3.44469127101274	2.78574963795916	0.000219271997703997	yes	ok	
feces_vs_saliva	PWY-3661	0.00228715865474376	0.0538000510565943	0.00793650793650794	0.118978967323799	-4.22781982211437	-8.82133774049077	-0.251774022304302	8.21830820782379	2.58260142745014	3.11439606957481	0.000219271997703997	no	ok	
feces_vs_saliva	P221-PWY	0.000324739237417311	0.0637177788644175	0	0	2.98163924038907	4.87790561219087	1.44015132890774	-3.37985752182347	0.895238981978856	-3.82230732809334	0.000219271997703997	no	ok	
feces_vs_saliva	PWY-1622	0.000415661815016228	0.0645534585306845	0	0	2.99128988100549	4.29629304908241	0.917971213702523	-3.30763813858384	1.32916957036719	-2.46504193950823	0.000219271997703997	no	ok	
feces_vs_saliva	PWY-4702	0.00121084700440894	0.0761062699249086	0	0	-3.17801293190371	-0.619945885511549	-7.33142982689144	-6.65530890237373	2.30220180581186	-2.71373076914647	0.000219271997703997	no	ok	
feces_vs_saliva	CRNFORCAT-PWY	0.0030952199628783	0.0767915991814647	0	0	-2.98380275930665	-0.465971731653554	-6.35906161468271	-6.21118686654814	1.97540019804336	-3.27323529183425	0.000219271997703997	no	ok	
feces_vs_saliva	PWY66-388	0.00374893416779572	0.0802204268819312	0.00793650793650794	0.118978967323799	-3.41169147128089	-7.64980393378166	0.225840558430984	8.50417450965588	2.54960543612728	3.35771100099003	0.000219271997703997	no	ok	
feces_vs_saliva	DARABCATK12-PWY	0.000921587940425579	0.0831929819563126	0	0	3.14875010265687	4.38006236174381	2.22432591051618	-2.16786609950755	0.815247272536814	-2.76531416207167	0.000219271997703997	no	ok	
feces_vs_saliva	PWY-6060	0.00379551785453714	0.0864959000768729	0	0	-5.50479623853189	-1.40486476434686	-10.6796802140862	-8.89252220623007	3.56468284171337	-2.54985870943825	0.000219271997703997	no	ok	
feces_vs_saliva	PWY-5030	0.00226185682279279	0.0893654736414053	0.00793650793650794	0.118978967323799	3.87655346146193	2.66092209562642	4.83261585815291	2.11256470690863	0.982109302433567	2.25935825469131	0.000219271997703997	no	ok	
feces_vs_saliva	GLUCARGALACTSUPER-PWY	0.00137123609289742	0.0896102162131476	0	0	2.92118102188746	3.74223617957124	1.34593627126459	-2.41396175041993	1.28965576450123	-2.3105300318642	0.000219271997703997	no	ok	
feces_vs_saliva	GALACTARDEG-PWY	0.00136731104602492	0.0898945580460185	0	0	2.93712357065428	3.73868201798253	1.34678946533617	-2.40771002875309	1.17668346851363	-2.31232075684547	0.000219271997703997	no	ok	
feces_vs_saliva	FUC-RHAMCAT-PWY	0.00152354379643682	0.0936563874225104	0	0	3.17345336022707	4.12447075006844	1.91448861735113	-2.27622202808167	0.748587030513329	-3.12567273532554	0.000219271997703997	no	ok	
feces_vs_saliva	PWY-6404	0.00390384256756882	0.0984459463165838	0.00793650793650794	0.118978967323799	-5.15948175318917	-10.8394993145903	-1.39239664756272	8.84911304934956	3.56942945980893	2.35888801333619	0.000219271997703997	no	ok	
feces_vs_saliva	FUCCAT-PWY	0.00216455231389704	0.103126898129069	0	0	3.07801085073437	4.67341117430801	2.40120266884433	-2.25791279495889	0.798816953125589	-2.61394797946851	0.000219271997703997	no	ok	
feces_vs_saliva	PWY-8131	0.00308139041987227	0.106480777712274	0.00837053571428571	0.122456578964358	1.29844210734727	0.896671472061681	3.68130380310543	2.94330127166777	1.01864915080014	2.51671624127995	0.000219271997703997	no	ok	
feces_vs_saliva	PWY-6397	0.00512605678553132	0.106712076669726	0.00793650793650794	0.118978967323799	-7.3230779200561	-10.9217195427713	-3.49135361708015	6.80419679989655	3.24478003215557	2.07909363778516	0.00314650456979035	no	ok	
feces_vs_saliva	PWY-5505	0.00262909011689017	0.109140804882497	0	0	4.68940943400126	6.31573262963412	3.48511559783021	-2.63846716692102	1.04269092520647	-2.61008371221153	0.000219271997703997	no	ok	
feces_vs_saliva	PWY-5823	0.00587932763086455	0.11078628237217	0.00793650793650794	0.118978967323799	-3.34916571293394	-6.11440692576215	0.245254216605717	6.18258750776327	2.52468757126886	2.53772696202278	0.000219271997703997	no	ok	
feces_vs_saliva	PWY-7480	0.00342926709704133	0.11406724283102	0.00806051587301584	0.0664085019468187	-1.87597266345576	1.25322822454035	-3.39651061865105	-4.37089046381889	1.53618692841355	-2.37333586675538	0.049846158237585	no	ok	
feces_vs_saliva	GLUCARDEG-PWY	0.00346983097564313	0.115254099636098	0.00272817460317459	0.0237286238663755	1.81498020680279	3.00023474542442	0.925035194834842	-2.10653071084964	1.02160622531812	-2.08690606495858	0.0156313972084517	no	ok	
feces_vs_saliva	PWY-6435	0.0036383118197935	0.115600053091791	0.000806051587301584	0.00680658307856801	-1.20871667953193	1.71047366223066	-2.91322092556881	-4.31840968519554	1.96681162657295	-2.00604562068339	0.00314650456979035	no	ok	
feces_vs_saliva	GLUTORN-PWY	0.00394973284473549	0.120351153960859	0	0	4.91642183745973	6.06830122536236	3.86532285695397	-2.28882250276431	0.744721837491546	-2.83878639869211	0.000219271997703997	no	ok	
feces_vs_saliva	PWY-6902	0.00457567970853714	0.122401665036804	0	0	4.1040734505457	4.47272507181607	3.02998860750014	-1.84473734304814	0.965947651498254	-1.67131761309167	0.000219271997703997	no	ok	
feces_vs_saliva	RHAMCAT-PWY	0.00475815931804544	0.12311370688103	0	0	3.10225742182847	4.43322958469072	1.81371916934806	-2.46932710877916	1.04326041874796	-2.3580512100019	0.000219271997703997	no	ok	
feces_vs_saliva	CARNMET-PWY	0.0048951764749866	0.123854949294364	0.00880456349206346	0.0708147010438956	-1.41153781702915	2.2825846911103	-2.1226991630414	-4.24031289499982	2.26319387928491	-1.8555284970542	0.0375026062795351	no	ok	
feces_vs_saliva	PWY-5154	0.0052322145643658	0.126386823181128	0	0	4.2854331113995	4.79550090078411	3.68538242098546	-1.1220958998914	0.721947005327746	-1.97167969024393	0.000219271997703997	no	ok	
feces_vs_saliva	PWY-6662	0.0078010329422608	0.130923665483384	0.000868055555555552	0.00750646101058519	-5.33018820617106	-0.620921791475363	-8.36876644630699	-7.32901122707298	4.12580580200084	-2.0058003093327	0.000219271997703997	no	ok	
feces_vs_saliva	PWY-7807	0.0062199545916302	0.131927826374411	0.000930059523809521	0.00814426214999854	-0.0165447498313753	2.30236353177433	-1.24189342237109	-3.58592627771607	2.3321420095982	-1.7260206439571	0.00315633708546304	no	ok	
feces_vs_saliva	PWY-5654	0.00667587602950037	0.133511643551024	0.00830853174603172	0.0667232065799423	-1.99279606838191	0.514662211273544	-2.54281112862958	-2.92036605582821	1.49928571573021	-1.72401776962356	0.0531268071504776	no	ok	
feces_vs_saliva	PWY-822	0.00694814415910281	0.136578501688084	0	0	0.127301240626852	2.57746186006228	-0.519164390648762	-3.37135829125948	1.74449272541385	-1.89496494169444	0.000219271997703997	no	ok	
feces_vs_saliva	PWY-7315	0.00712855584686785	0.137769900316409	0	0	4.03172125720158	5.47727209765264	3.76816078955943	-1.83286891869428	1.28026465908756	-1.63105268260228	0.000219271997703997	no	ok	
feces_vs_saliva	PWY66-409	0.0075342376608927	0.140236636416169	0	0	2.95171633552487	3.84774349454494	2.29740201244083	-1.8568754357233	0.869085344393046	-1.98160752844872	0.000219271997703997	no	ok	
feces_vs_saliva	PWY-6748	0.00580465590346615	0.143571537951308	0.00793650793650794	0.118978967323799	-0.321794308281661	-2.8139679117132	2.38313473086915	6.27402691936144	3.66315641879796	2.33327425042956	0.000219271997703997	no	ok	
feces_vs_saliva	PWY66-391	0.00736930392453295	0.144949005933181	0.00793650793650794	0.118978967323799	-3.5622375670822	-9.90344622874489	-0.119546300423932	9.55221158582548	4.03676948237647	2.29944367757404	0.000219271997703997	no	ok	
feces_vs_saliva	PWY0-301	0.00890500147911411	0.146911156500982	0.00031001984126984	0.00279593995821956	3.59723768888447	3.96891269363202	3.33968476257015	-1.04685808734322	0.676807670541713	-1.51254113764081	0.00315633708546304	no	ok	
feces_vs_saliva	PWY-6906	0.00931992369580114	0.148501415358358	0.0109126984126984	0.0803997852039847	1.88162706275051	2.62127030440404	0.17960803649234	-3.26992684350351	1.97256658959465	-1.58486208556811	0.0654219977204352	no	ok	
feces_vs_saliva	PWY-7400	0.00934989867913349	0.149335470928814	0	0	4.91513750056309	5.85179018168536	4.40136031426799	-1.66854398565888	0.651193643463676	-2.46845292549179	0.000219271997703997	no	ok	
feces_vs_saliva	PWY1ZNC-1	0.00952191902934603	0.149874556143934	0.00167410714285714	0.0151163907039479	4.01716710238151	4.70707504584693	3.44568964624394	-1.12922910339556	0.682511971997055	-1.57088818423775	0.00935646391681546	no	ok	
feces_vs_saliva	PWY-7031	0.0071359515092908	0.150113106629708	0.00793650793650794	0.118978967323799	-2.72023784415426	-9.01613814139256	0.812545866748683	9.53899457080244	4.03788589177913	2.44648222818083	0.000219271997703997	no	ok	
feces_vs_saliva	ARGSYNBSUB-PWY	0.00977873536414836	0.150918064932577	0	0	5.16383115952933	6.15618857622065	4.46210164469329	-1.94035400916765	0.732534731061914	-2.16263176720787	0.000219271997703997	no	ok	
feces_vs_saliva	PWY1G-0	0.00619162160585808	0.154133779790406	0.00886656746031746	0.126359843120844	-0.355990025423295	-5.19042792777209	0.509656521229403	5.90060937500502	1.97961226167759	2.54539584103135	0.00315633708546304	no	ok	
feces_vs_saliva	PWY-7090	0.00664584370729833	0.159214827029085	0.00812251984126984	0.120498207590346	3.05676511393133	1.60006997296495	3.7531682012034	1.84356565676082	1.08697366824061	1.81050363849612	0.00626602261985041	no	ok	
feces_vs_saliva	ARGSYN-PWY	0.0112307841297378	0.159928484037723	0	0	5.06935818573983	6.04420910676614	4.45757811464904	-1.8866532996037	0.683256104113277	-2.31778170372047	0.000219271997703997	no	ok	
feces_vs_saliva	PWY-6293	0.00679996574766127	0.16094057623224	0.00793650793650794	0.118978967323799	0.925185350691724	0.67879810171704	2.46003373784382	1.9639543118423	1.02868754976691	2.0050897665667	0.000219271997703997	no	ok	
feces_vs_saliva	PWY-7805	0.0118340566988465	0.162963777916755	0.0100446428571428	0.0767956167912482	-1.63095841076023	0.846018261060859	-7.6043432848237	-8.38033266850245	4.52543417779917	-1.72318165973459	0.0654219977204352	no	ok	
feces_vs_saliva	METH-ACETATE-PWY	0.0117552198884315	0.165258227965697	0	0	1.43455487621871	3.45075961632233	0.205623806970694	-3.71774137173131	2.60993975912832	-1.68354698913571	0.000219271997703997	no	ok	
feces_vs_saliva	CODH-PWY	0.0122232809659342	0.166565751167634	0	0	1.31653236642411	3.22410536695963	0.134872434830431	-3.598326232016	2.54045781434164	-1.55445199318829	0.000219271997703997	no	ok	
feces_vs_saliva	PWY-6165	0.0142030939057934	0.173080970643146	0.00458829365079364	0.0318242000046234	-7.81351648891262	-4.59359540872769	-10.6685853916756	-6.06363859316178	4.23288931809626	-1.44393508610039	0.0186968885232752	no	ok	
feces_vs_saliva	PWY-7376	0.0112752262870759	0.17748901724921	0.00793650793650794	0.118978967323799	-2.17163083924463	-5.02956874872237	-0.0140205050284212	5.15496814708127	1.41993836869427	3.84921690828455	0.000219271997703997	no	ok	
feces_vs_saliva	PWY-6607	0.0147072128989433	0.186087048118659	0	0	3.86982858106078	4.85770142583783	3.12708051097174	-1.64086325816121	0.655507099272924	-2.36085377654006	0.000219271997703997	no	ok	
feces_vs_saliva	HISTSYN-PWY	0.0151810509121133	0.187885027686868	0	0	4.89857108533422	5.9188859972552	4.3650460814738	-1.72959518798125	0.667601921769028	-2.34938743907295	0.000219271997703997	no	ok	
feces_vs_saliva	PWY-6595	0.0157317185500193	0.190216966234594	0	0	3.74995342863507	4.5295382607221	3.09761376168054	-1.37459339575633	0.593636921276475	-2.18697657394448	0.000219271997703997	no	ok	
feces_vs_saliva	PWY-7373	0.0101501241249665	0.191702362887986	0.0158730158730159	0.185057159182263	-0.240798368210557	-2.21877488015891	1.56761735026668	3.81133343839756	2.12881220001934	1.81594000696044	0.0467310289352806	no	ok	
feces_vs_saliva	PWY-922	0.0102709689661987	0.196312808679551	0.0158730158730159	0.184899650985556	1.81116016466295	-1.34933029918314	2.4698145756571	3.76901511501521	1.37817332937135	2.0934181476654	0.0529613034306227	no	ok	
feces_vs_saliva	P461-PWY	0.0169908360004022	0.196793167393343	0.000248015873015872	0.00215956976776729	3.31982871145673	4.83509034006425	2.92538404081593	-1.95367082902366	1.04293377197982	-1.67504022849995	0.000219271997703997	no	ok	
feces_vs_saliva	LPSSYN-PWY	0.0187561630924214	0.198897671267056	0.0239955357142857	0.126057335732432	-5.33938381642535	2.78980620525916	-9.07228685310284	-10.3949474346253	5.5875767889221	-1.47101554288754	0.0903436869361935	no	ok	
feces_vs_saliva	PWY-5910	0.0108933450660046	0.201104410236824	0.0161210317460317	0.186559415376114	2.29849130607438	-0.83537862130679	2.92689081138711	3.67311061671517	1.36222061558238	2.20566461922316	0.0343778530158473	no	ok	
feces_vs_saliva	SO4ASSIM-PWY	0.0185210807973654	0.203322428606968	0.0187251984126983	0.113258734372853	4.33304155712413	4.70911979644324	3.44025554921775	-1.19221829343728	0.819131857067043	-1.31457732903588	0.0965741435808281	no	ok	
feces_vs_saliva	PWY-6731	0.0188403279146908	0.206471071071867	0	0	5.64736163213141	6.19065102656929	4.92625432625741	-1.55325201874493	0.887901510319498	-1.69399907417926	0.000219271997703997	no	ok	
feces_vs_saliva	PWY-6524	0.0241104731072651	0.212880810425248	0.0133928571428571	0.0724105615578188	-8.29438510487308	-6.4331852378	-10.9258291468215	-5.08060713209303	3.75189622758261	-1.29175640017591	0.0467310289352806	no	ok	
feces_vs_saliva	ARGININE-SYN4-PWY	0.0214139780890837	0.218706596467519	0	0	4.9345298809441	6.05126648255477	4.42327480603188	-1.60100056733831	1.04411946315179	-1.61116247595149	0.000219271997703997	no	ok	
feces_vs_saliva	PWY-5531	0.0260046416278336	0.221922615704895	0	0	-1.57600097521574	0.976557614873793	-3.65055383882515	-4.3129005905997	1.76306951157772	-2.38471251952074	0.000219271997703997	no	ok	
feces_vs_saliva	PWY-8011	0.0225064058333739	0.22379477480467	0.00806051587301584	0.0679253691443942	2.25587906924781	3.22166021995692	1.83239228949421	-1.39042695379173	0.979937137516263	-1.41173867814709	0.040500832662042	no	ok	
feces_vs_saliva	PWY-6961	0.0230238793798168	0.2266249365053	0.0206473214285714	0.118344708682506	-0.137784821863865	2.80810776724223	-0.340055698926852	-3.10178885519074	1.53373142308895	-1.73810333577454	0.0812511412147133	no	ok	
feces_vs_saliva	PWY0-862	0.0147547486023688	0.227289500284686	0.0271577380952381	0.261415726840032	4.09666140571761	3.56130196104569	4.81818811815755	1.28338947100655	0.87328595861176	1.4433800057717	0.0812511412147133	no	ok	
feces_vs_saliva	HEME-BIOSYNTHESIS-II	0.0149799905798916	0.229862739678196	0.00793650793650794	0.118978967323799	3.0955501112489	1.66394955685262	4.27710714629377	2.5963725046433	1.74542578634767	1.52015000661392	0.000219271997703997	no	ok	
feces_vs_saliva	GLUDEG-I-PWY	0.0243356315341128	0.232484464303707	0.0170510912698412	0.105301765849182	2.37481876486817	3.22345791864536	2.15441045460913	-1.1372266635608	0.759730860519307	-1.35048821989101	0.0656264411004325	no	ok	
feces_vs_saliva	PWY-6803	0.0158189606407651	0.232559268747488	0.00793650793650794	0.118978967323799	3.83598285102459	2.3604589484171	4.51524193889489	2.11377224975278	0.862090095712109	2.38005029269252	0.000219271997703997	no	ok	
feces_vs_saliva	LIPASYN-PWY	0.0159024124024561	0.2329287640386	0.00793650793650794	0.118978967323799	2.98898342831344	1.52409012961676	3.69551039508859	2.15219025834771	0.860162572498345	2.40266283542532	0.000219271997703997	no	ok	
feces_vs_saliva	CITRULBIO-PWY	0.0164043354395825	0.235376665083397	0.0158110119047619	0.184568466070155	3.6221143691853	2.53002039328328	4.0129214396392	1.41573201560263	0.898666429841911	1.54417647379081	0.049846158237585	no	ok	
feces_vs_saliva	P562-PWY	0.02511581521961	0.236297434802358	0.00787450396825394	0.0628777387295388	1.65489345702662	2.80102215199886	0.956283462957742	-1.80880258770585	1.23649556626402	-1.36664402919722	0.0436159189269728	no	ok	
feces_vs_saliva	PWY-181	0.0261841791970678	0.240763000795732	0.0317460317460316	0.162124768734162	-3.45646476657254	-0.207158854528773	-9.72117397305061	-9.64056582458909	6.51702725128242	-1.29792789745366	0.121496044078884	no	ok	
feces_vs_saliva	PWY-8190	0.0172790697158499	0.243781524066984	0.0236855158730159	0.237338300740357	3.01730571255613	2.50736538574106	3.91075175603068	1.4448054339577	1.14661179474004	1.41639383119861	0.040500832662042	no	ok	
feces_vs_saliva	PWY-6891	0.027100313457187	0.245796803779774	0.023189484126984	0.12792333749769	4.09655905896321	5.03006880820723	3.98448289791442	-1.07073284833781	0.87665082427594	-1.46463587402508	0.0872284624764168	no	ok	
feces_vs_saliva	PWY-7399	0.0281171386844073	0.250897107140299	0.023313492063492	0.130252870750662	0.433914925770237	1.95729630153677	-0.00694343333538772	-2.04245627451646	2.07317026315049	-1.10962839429285	0.109375815814783	no	ok	
feces_vs_saliva	PWY-6942	0.0202774335278049	0.254999948941876	0.0261656746031746	0.242723348429291	-7.25712225245632	-9.66337120862149	-4.24472164151268	5.03086265554909	3.88918158451773	1.36982598916151	0.0531268071504776	no	ok	
feces_vs_saliva	TYRFUMCAT-PWY	0.0192915207784593	0.256586579781415	0.00793650793650794	0.118978967323799	-2.8377469009099	-8.07373300216684	-1.46869346629799	6.65381951852495	4.29809887593123	1.49211727603279	0.000219271997703997	no	ok	
feces_vs_saliva	SULFATE-CYS-PWY	0.0307520457670921	0.262193586261167	0.0163070436507936	0.104063642120098	4.89674282454684	5.4521433998248	4.31757865996096	-1.01442058934945	0.835827371616959	-1.25679167277975	0.0716523922493291	no	ok	
feces_vs_saliva	PWY-7153	0.0206679517440547	0.262777902835731	0.015562996031746	0.182418853074528	-3.76761600432498	-8.29760019106617	-1.87571934493614	6.393148168507	3.83915768865839	1.41131085136848	0.0436159189269728	no	ok	
feces_vs_saliva	P105-PWY	0.0212999809785692	0.26377346330421	0.00793650793650794	0.118978967323799	-0.116949807792995	-4.06650809284958	2.06340394862999	6.18187177504092	2.50565654282784	2.44423224565682	0.000219271997703997	no	ok	
feces_vs_saliva	PWY-7009	0.036745236580314	0.264015461402377	0.0397445436507936	0.171304595183119	-8.39924120594213	-0.206326286899801	-10.0309816476726	-9.56469641509126	5.87139109458097	-1.36113566422251	0.130841777804535	no	ok	
feces_vs_saliva	P381-PWY	0.0233728359028053	0.273484572012468	0.00793650793650794	0.118978967323799	-1.65482880901853	-3.99873670909872	0.196013178084665	4.24479238663464	1.0991076167985	3.83244004980932	0.000219271997703997	no	ok	
feces_vs_saliva	PWY-6313	0.0216272741450735	0.273707542529803	0.0922619047619048	0.576845323215259	0.732089900940972	-1.33433000610402	1.09497387879492	2.50387539617608	1.31598924801936	1.58390442245691	0.162500504530766	no	ok	
feces_vs_saliva	PWY-5692	0.0337941430058791	0.276115308808663	0.00508432539682538	0.0445249477598775	0.377642640359804	1.5357791412313	-0.496567556205309	-2.05116895136497	1.25301987941278	-1.53842192158067	0.0280408831218694	no	ok	
feces_vs_saliva	URDEGR-PWY	0.0347029313175403	0.278964560742722	0.00502232142857141	0.0440645659868028	0.379155993068273	1.54016191717974	-0.501322873253728	-2.05837399087414	1.19876617689253	-1.53602476250854	0.0373857760712846	no	ok	
feces_vs_saliva	PWY-6160	0.0398988436954996	0.279669778905432	0.0248015873015873	0.117779951902096	-8.59745550296207	-6.0368198785042	-10.7188682670016	-4.7694805322986	4.35440573334447	-1.0906869406801	0.0809980227688739	no	ok	
feces_vs_saliva	PWY-7446	0.044592328453536	0.279813541632273	0.0438988095238095	0.189541194143616	-8.17266409677643	-0.111225864795164	-10.0101270959427	-8.96234389973925	4.86262295793464	-1.51613592301531	0.130841777804535	no	ok	
feces_vs_saliva	PWY0-1477	0.035466133992194	0.284412001845708	0.0471850198412698	0.208284984279696	4.13014149214919	4.77625960104279	3.89469612935462	-0.882044229102706	0.717755405179245	-1.25252330047945	0.133957024216478	no	ok	
feces_vs_saliva	PWY0-1533	0.035962961965859	0.28725135666463	0.0249255952380951	0.136501056529273	0.761859839270114	2.02910476280225	-0.191967180322264	-2.21952650670216	2.30961252813099	-1.17367319376384	0.10280460896342	no	ok	
feces_vs_saliva	PWY-5420	0.0370839342778999	0.291154948071778	0.0492311507936508	0.215710827023065	-0.499818280715594	1.90412104709396	-0.960184689408948	-2.69931912097919	1.50448584533985	-1.32303579207104	0.153125544200395	no	ok	
feces_vs_saliva	PWY-7159	0.0423285382956176	0.295498280931293	0	0	-1.52243194300736	-0.229650019700472	-3.59931663924917	-3.23466261558698	1.32388945174777	-2.46921856909248	0.000219271997703997	no	ok	
feces_vs_saliva	PWY0-41	0.039193753088054	0.298692421750766	0.00787450396825394	0.0672298905916478	0.498342952386422	1.30770325402325	-0.459805245492418	-1.82918128877303	1.18014586515922	-1.44116476214957	0.0436159189269728	no	ok	
feces_vs_saliva	PWY-7820	0.0254971523716773	0.302766847445168	0.0952380952380952	0.588370721650282	0.968295727612462	-9.88231905341697	1.37517583341468	11.4064567876818	3.9247867071901	1.76592150630304	0.171340031873631	no	ok	
feces_vs_saliva	PWY-7377	0.039548739850846	0.304502875497664	0	0	4.57527203990854	5.1767480110333	4.12130720736171	-1.12319365129847	0.72603326234443	-1.43602919503924	0.000219271997703997	no	ok	
feces_vs_saliva	DHGLUCONATE-PYR-CAT-PWY	0.0542963512982436	0.308053980287825	0.0452628968253968	0.19629327120547	-7.46287082629921	0.612160786694806	-9.52807847032228	-9.13153103409243	5.31729002654673	-1.39774909301177	0.127726532265995	no	ok	
feces_vs_saliva	PWY-6527	0.0416772248437038	0.312250378941734	0.0108506944444444	0.0728175210563281	5.33703683531562	6.09944542037923	5.19453271611859	-1.27430950112571	0.842070917424926	-1.29218139901309	0.0560764618669005	no	ok	
feces_vs_saliva	PWY-5179	0.0576082209490504	0.312865916398475	0.0476190476190476	0.201596421386415	-7.66137460016048	-0.624042317719867	-9.71122636145355	-8.06756605250002	5.25922444629298	-1.38554824553093	0.112500789579864	no	ok	
feces_vs_saliva	PWY-6808	0.055215339107012	0.312955413158506	0.0392485119047619	0.168664350268901	-8.5506961792151	-4.34005564230674	-10.6692477789684	-5.78855036838503	4.30821854804056	-1.27505296847805	0.10280460896342	no	ok	
feces_vs_saliva	AST-PWY	0.0515591347719254	0.321042901858508	0.0512772817460318	0.215090705035331	-7.4766210179842	1.09007275388092	-8.94004051213298	-9.49768861461954	6.0648284860744	-1.35455978233941	0.146418017478903	no	ok	
feces_vs_saliva	LIPA-CORESYN-PWY	0.0575814082551463	0.321071799039788	0.0471850198412698	0.201253921891611	-7.24923579380993	1.71979928108939	-9.34527777264546	-9.48980405164854	5.90270623039592	-1.39009078628256	0.133957024216478	no	ok	
feces_vs_saliva	PWY-7977	0.0456543517214695	0.328521672022457	0.00992063492063489	0.0718768628445317	5.74767841976904	6.39849355953364	5.32899660060336	-1.06274806735889	0.669945516068564	-1.38012086515401	0.0467310289352806	no	ok	
feces_vs_saliva	PWY-6071	0.0591374925345626	0.331381853637821	0.0499131944444444	0.209233426662731	-7.42160744028655	-0.0761717691359216	-8.95321464966519	-8.97961528314827	5.84497857114568	-1.26258741451759	0.137500621864517	no	ok	
feces_vs_saliva	P163-PWY	0.0296636836476526	0.334880538464021	0.0549975198412698	0.443006172712848	2.57391641968717	1.89004824059101	3.90770938624084	1.93306788864058	1.15012438675877	1.27611576720704	0.124611287666614	no	ok	
feces_vs_saliva	PWY-7674	0.0322882522608675	0.335958581750103	0.0767609126984127	0.485588910139536	-3.63942803852106	-4.604536198293	-1.74067630264704	2.83392719130322	1.4494521250154	1.57585843173658	0.124611287666614	no	ok	
feces_vs_saliva	PWY-5705	0.0492648730844978	0.3381213883188	0.00824652777777775	0.0692710713650674	0.685952491253192	1.5363387686196	-0.229501630645716	-1.85731991573072	1.33047862830384	-1.26991260845145	0.0312531489773077	no	ok	
feces_vs_saliva	PWY-5749	0.0548263059507519	0.340205440365703	0.052641369047619	0.365019979704447	-9.46238483254575	-11.9016804425854	-5.13836620529637	6.20495373990936	4.27919886527194	1.44328785182991	0.084376094473667	no	ok	
feces_vs_saliva	PWY-622	0.0485375347764806	0.340660239316732	0.013640873015873	0.0919045762249046	5.64073351132682	6.39438206872112	5.02591633949519	-1.03606792057116	0.824679192163897	-1.19976506233122	0.0625015189476143	no	ok	
feces_vs_saliva	DAPLYSINESYN-PWY	0.0518835935511321	0.355064494020105	0.00985863095238092	0.0758643256092984	5.6874243612135	6.20675795693291	5.18803598674311	-1.06141051841042	0.756990761453932	-1.17242879436984	0.0560764618669005	no	ok	
feces_vs_saliva	PWY-5097	0.0548455708916527	0.364495176911326	0.0146949404761904	0.0968343271110169	5.78646834508646	6.35244541895728	5.34945052933821	-0.97219351990366	0.775102713835333	-1.0943046548969	0.0778828082585714	no	ok	
feces_vs_saliva	PWY-7111	0.0557707157022526	0.366517664635	0.0134548611111111	0.0908071064690487	5.74936658298202	6.28202574700426	5.37408994042409	-1.13006658081823	0.84831966557722	-1.04921644817241	0.0716523922493291	no	ok	
feces_vs_saliva	PWY-5918	0.0342252626044264	0.369272167829837	0.0166790674603175	0.190250224971393	3.83728793187261	2.56669166301215	4.30265806310917	1.76181702278677	1.54141801361614	1.22701941769673	0.0623068105251889	no	ok	
feces_vs_saliva	COBALSYN-PWY	0.0576475071522938	0.371437203780445	0.0131448412698412	0.0894871791805483	5.27722363485112	5.66384013079475	4.82514166883517	-0.958134775483674	0.770355670908737	-1.13992926735463	0.0623068105251889	no	ok	
feces_vs_saliva	PWY-6269	0.0595926343929509	0.37644683980856	0.00917658730158727	0.0671327486619726	5.12421430575801	5.52920793279369	4.71216730997378	-0.921131746933933	0.754540456561564	-1.16661453021095	0.049846158237585	no	ok	
feces_vs_saliva	PWY66-373	0.0629625651021753	0.377459156956915	0.0713045634920635	0.273692113164907	-4.15111722242479	0.864734601158672	-8.61337812987457	-5.8233191733599	6.15038019730466	-0.996288541447294	0.180685794357714	no	ok	
feces_vs_saliva	PWY-7357	0.0605399760244919	0.378634557055669	0.015438988095238	0.0995535929389478	6.02146053905929	6.39989691134823	5.58317804796003	-0.809637158033308	0.685186178709756	-1.13972296745472	0.074767597904611	no	ok	
feces_vs_saliva	PWY-7238	0.0625796708372198	0.384796179564998	0.0190972222222222	0.110027307596255	6.0904169629649	6.75352077269681	5.99048150843667	-1.01433820841608	0.77255137833722	-1.12323961621536	0.090626010574788	no	ok	
feces_vs_saliva	PWY0-1296	0.0645795871790536	0.389137948734525	0.0161830357142857	0.103624205879913	4.99137962232207	5.49270805362096	4.60044227723102	-0.791245130293773	0.699751065059459	-1.07506300417735	0.0750012462777981	no	ok	
feces_vs_saliva	BRANCHED-CHAIN-AA-SYN-PWY	0.0670348823498904	0.396514402464973	0.017361111111111	0.10677530743868	5.72235750707948	6.19400277671892	5.39875754268799	-0.983855532968515	0.780336767786916	-1.06741297335475	0.0716523922493291	no	ok	
feces_vs_saliva	PWY490-3	0.0688802131248719	0.402260102242555	0.0549975198412699	0.233163995566282	3.59741707963756	4.07867842252204	3.23874121798368	-1.04436275582964	1.1935679021966	-0.966392145205222	0.15264851802318	no	ok	
feces_vs_saliva	PWY-5497	0.0401903635328159	0.402947158888782	0.0305059523809524	0.284004760555991	3.64711919650529	3.31185508274139	3.91087641406489	0.95511545324335	1.09241772788063	1.10026817827576	0.0781261916616032	no	ok	
feces_vs_saliva	PWY-6749	0.0693125737664266	0.403962297714096	0.00669642857142855	0.0467190916322784	2.91144635573825	3.82752219107824	2.77387588268395	-1.1307020245455	1.07371840033138	-1.12785678236518	0.0281285105462573	no	ok	
feces_vs_saliva	NAGLIPASYN-PWY	0.0412896492254598	0.409478049440049	0.00793650793650794	0.118978967323799	4.78109784260736	4.05259567537594	5.3966109852586	1.261008219671	0.771959914327886	1.50794128184908	0.000219271997703997	no	ok	
feces_vs_saliva	PWY-8073	0.0414679999941681	0.409682579617491	0.00793650793650794	0.118978967323799	4.78271885774966	4.05666566292265	5.39833829270942	1.31528409479937	0.769354205603266	1.57364750984198	0.000219271997703997	no	ok	
feces_vs_saliva	PWY-6478	0.0731744787343767	0.414500294179469	0.0594618055555556	0.242663480045518	3.26766533316652	4.92456512064326	3.1176399443651	-1.65243443575076	1.09093433685824	-1.02228721032703	0.143302768120877	no	ok	
feces_vs_saliva	P341-PWY	0.0790349988986668	0.416355050448952	0	0	-1.29866192008381	0.0708324285565647	-2.14770468275493	-2.55567363746079	1.69421165143858	-1.49971428159303	0.000219271997703997	no	ok	
feces_vs_saliva	PWY-5103	0.0738910175592328	0.417817078948479	0.017423115079365	0.107379512019554	5.71953750754892	6.12964143208675	5.37296675825162	-0.91458966522575	0.765082054510745	-1.03576542122158	0.0656264411004325	no	ok	
feces_vs_saliva	PWY-6672	0.0811560480839673	0.419963339617017	0.0720486111111111	0.426972142302211	-9.53151182046198	-11.9420383914981	-6.72829617500026	5.17096828753163	3.9247405488148	1.16053829002833	0.11562576473835	no	ok	
feces_vs_saliva	ARG+POLYAMINE-SYN	0.0791388522191511	0.429399628244709	0.0463169642857143	0.20354749839788	4.20833690905261	4.52098521428375	4.07141862682633	-0.710282387779985	0.837050157430562	-0.895799633065117	0.137500621864517	no	ok	
feces_vs_saliva	VALSYN-PWY	0.08048027409324	0.433489174675151	0.019407242063492	0.115384766085828	5.84514532587723	6.23870428633785	5.51398566810631	-0.934817942034949	0.728766005350859	-0.960801747904868	0.106250843566319	no	ok	
feces_vs_saliva	PWY-724	0.0809530322894312	0.433583527555815	0.029079861111111	0.15225145830154	5.75550925984892	6.32239984275122	5.35923935258627	-0.922072793136997	0.899986692035126	-0.858785408359683	0.118380801582928	no	ok	
feces_vs_saliva	ILEUSYN-PWY	0.0811328531376026	0.434279217218048	0.019407242063492	0.115610359234592	5.84553792691078	6.23111516646631	5.50977133861205	-0.936896962650853	0.768841512717961	-1.01726404741882	0.084376094473667	no	ok	
feces_vs_saliva	PWY-7356	0.0849453067294954	0.440837841334644	0.019407242063492	0.113954221009457	5.37664892223378	5.56569599229364	4.97270368934843	-0.816899427391192	0.758705970627366	-1.01422609622476	0.0812511412147133	no	ok	
feces_vs_saliva	PWY-1861	0.0846762007861983	0.441380499757431	0.0739707341269842	0.28626328629554	3.56208332094049	4.1697775573534	2.79162616633323	-1.00861099796058	1.2567821804851	-0.862355886467416	0.165625492264954	no	ok	
feces_vs_saliva	PWY-5100	0.0869095997539196	0.444793770708444	0.0315600198412697	0.161113867653522	5.58522198427335	6.09988059562344	5.33031705341848	-0.785379905683266	0.881057063519057	-0.952528504058288	0.112500789579864	no	ok	
feces_vs_saliva	PWY-6467	0.0479935519417482	0.445467018945198	0.039000496031746	0.339099080883438	4.56609791487442	4.31753498291045	5.02475557736755	0.857002492709154	0.84894255442759	0.997156385390197	0.090626010574788	no	ok	
feces_vs_saliva	GLYCOGENSYNTH-PWY	0.0878379937484614	0.447235831088854	0.0319940476190475	0.162528228525903	6.08675278892864	6.71161712666183	5.99348232372383	-0.873449622199351	0.804453076781729	-0.927306633647319	0.124611287666614	no	ok	
feces_vs_saliva	PWY-5873	0.0622818276741453	0.448412275707764	0.126922123015873	0.537697115179291	-10.0055581697547	-11.9414210860641	1.33509202722188	11.2373743184397	7.70176465237357	1.1503587251468	0.143750588839248	no	ok	
feces_vs_saliva	ECASYN-PWY	0.0938213664549569	0.46846057044559	0.0951760912698413	0.344742859134241	0.311677792033048	1.66173949102013	-0.0302659379361536	-2.10582244213685	2.46622346169677	-0.874881564731364	0.190031559811248	no	ok	
feces_vs_saliva	PWY-7328	0.0952508926736546	0.469398157596994	0.0719246031746032	0.278318825924568	3.61155935844813	4.71612681282465	3.46735847036888	-1.2298640693294	1.32748444760695	-0.915889415737038	0.183801049201617	no	ok	
feces_vs_saliva	PWY-5384	0.0971560572043878	0.474936501591236	0.0375124007936507	0.179222588385941	6.14404240031493	6.38793101820629	5.72265449654613	-0.7155057259886	0.894165449584049	-0.801367110487758	0.127726532265995	no	ok	
feces_vs_saliva	PYRIDNUCSYN-PWY	0.100381819149619	0.48441369311411	0.0259176587301586	0.139298881105082	5.28893241458929	5.85754590276864	4.90707870603474	-0.733563845995329	0.715446625285326	-0.874713170806271	0.103125872972613	no	ok	
feces_vs_saliva	PWY-6565	0.101355279587466	0.488934575062046	0.0791790674603175	0.297570379822164	-1.58104601343803	-0.0900487989912007	-2.02699402325319	-1.73797976161577	2.06025338157752	-0.771766664422273	0.175000457977652	no	ok	
feces_vs_saliva	PWY-7199	0.108983995810956	0.509691187400858	0.27703373015873	0.735163116753168	-2.03842127816164	-1.9582993085872	-5.06488153054539	-3.25107240700043	3.97210478973244	-0.795259482253567	0.306250185532131	no	ok	
feces_vs_saliva	PWY-7992	0.0614540320329592	0.522359882197488	0.0317460317460317	0.293237235094348	1.81110180857077	-0.265398804466105	2.88051275993483	3.12373220713123	2.56179756202047	1.17849147539696	0.0812511412147133	no	ok	
feces_vs_saliva	PWY-6344	0.0620254222160245	0.524923828001851	0.0924479166666667	0.578678893857296	1.86442135346464	-0.125371601056877	2.46088309041518	2.54935095997802	2.62235090168067	1.01245115035563	0.158879020764646	no	ok	
feces_vs_saliva	PWY-7456	0.114166211490628	0.5282304905284	0.0949280753968255	0.34667418810828	4.12218768157184	5.04580397042078	3.94672625659557	-1.12306856176768	1.25306371591391	-0.835027796515429	0.20000038146567	no	ok	
feces_vs_saliva	PWY-7371	0.0646749808110072	0.531977135122846	0.0317460317460317	0.293237235094348	0.617594483636807	-1.65430150285091	1.67530437682821	3.25974451448193	2.7616023746841	0.995399804829319	0.0809980227688739	no	ok	
feces_vs_saliva	P108-PWY	0.0665336039550287	0.538222498554645	0.0958581349206349	0.588867191443388	0.698661761245244	-0.0973117607779779	1.44766563138662	1.54359153244277	1.57545795892834	1.00117967329033	0.165109525452828	no	ok	
feces_vs_saliva	THISYNARA-PWY	0.118416165410903	0.541583168368565	0.034908234126984	0.172576120815528	5.9411784214482	6.30139697595828	5.67326343627867	-0.642664193000637	0.840806995573999	-0.784072358634939	0.118750741179991	no	ok	
feces_vs_saliva	PWY-6263	0.067558440174136	0.54261731007963	0.0317460317460317	0.293237235094348	1.48956121038515	-0.271618711142425	2.37559954956001	2.67621182476007	2.07531387916217	1.12264366387227	0.090626010574788	no	ok	
feces_vs_saliva	PWY-6606	0.119810387939873	0.542872685202003	0.0559275793650794	0.235148920546871	4.6609153433568	4.96354786798323	4.23610323072076	-0.675099567469786	0.967575692484278	-0.717276706763443	0.156250530469528	no	ok	
feces_vs_saliva	3-HYDROXYPHENYLACETATE-DEGRADATION-PWY	0.145957963161556	0.54345831104035	0.0703125	0.274331302814381	-4.47278815388582	1.51167177947238	-6.63397842211797	-6.64271405499719	5.94234139758338	-0.925362168514235	0.180685794357714	no	ok	
feces_vs_saliva	PWY-6562	0.0690318940982827	0.54707731242779	0.0696304563492064	0.486334682565662	1.24833621436408	0.44212982121655	1.53207364801735	1.14494287730891	1.2857654610616	0.836424318440816	0.128125677262639	no	ok	
feces_vs_saliva	PWY0-1297	0.12368492020995	0.550896165791417	0.040860615079365	0.190793746484945	5.3659818205079	5.6243100221825	5.13733387800774	-0.724932182119945	1.02904450371535	-0.682148442459832	0.130841777804535	no	ok	
feces_vs_saliva	PWY-3001	0.126441869056072	0.555550449723933	0.0501612103174603	0.218523976517173	5.93720301078134	6.25807502045867	5.63137540717471	-0.653598919337815	0.768209993710649	-0.749974658577046	0.175000457977652	no	ok	
feces_vs_saliva	PWY-6317	0.127643841193157	0.556929050198673	0.0321180555555554	0.163359677907553	6.12007972209238	6.41096709113155	6.01712794898582	-0.584425718573873	0.84073503657942	-0.706848055813769	0.121496044078884	no	ok	
feces_vs_saliva	PWY-1501	0.154555040387991	0.562722367091432	0.160652281746032	0.407497149180691	-7.28481783024182	-6.70075941989105	-8.14016067725525	-1.89216259113466	2.77397292418632	-0.633098874992112	0.199377327811031	no	ok	
feces_vs_saliva	PWY-6353	0.132741042084675	0.564526673553616	0.0510912698412698	0.217462665440008	4.9579596343025	5.18341070020763	4.58839590655378	-0.577555511303611	0.682134799481866	-0.777652710740161	0.137500621864517	no	ok	
feces_vs_saliva	PWY-8178	0.133172899919715	0.56512163822628	0.0418526785714285	0.191955347919701	6.62114659241342	6.96681668504225	6.51466686784894	-0.68963520329243	0.759546622262498	-0.696049378042784	0.140625604996086	no	ok	
feces_vs_saliva	PWY-7118	0.133758977195193	0.567631042596904	0.150483630952381	0.482383054485216	1.40781866965746	3.52088066155322	-0.135712392414984	-2.66392418290514	2.62434527681356	-0.860681010809014	0.233645160573015	no	ok	
feces_vs_saliva	PWY-5415	0.135556644391936	0.568278289969955	0.134548611111111	0.442555288140407	-0.989888621293064	-0.285015943411347	-1.32922340756133	-1.16618610203838	1.76115996469569	-0.739198298191778	0.224299385797617	no	ok	
feces_vs_saliva	SALVADEHYPOX-PWY	0.135848834924435	0.570450754929581	0.0559895833333334	0.236020421449738	4.74365017951781	5.12971201452384	4.61450246468792	-0.540809641117459	1.13819780681099	-0.720397415773464	0.156250530469528	no	ok	
feces_vs_saliva	PWY-7374	0.0767834089275325	0.572589443169423	0.0317460317460317	0.293237235094348	0.916815735343693	-1.34583600979658	1.6231261698378	3.00632055232694	2.94362480759771	1.01939113006244	0.0809980227688739	no	ok	
feces_vs_saliva	HEXITOLDEGSUPER-PWY	0.137230660237032	0.572793348827841	0.0760168650793651	0.291803479032377	3.97677288129074	4.40348991328581	3.80572761291491	-0.642080890522923	0.805744634414751	-0.735567911682117	0.190031559811248	no	ok	
feces_vs_saliva	DTDPRHAMSYN-PWY	0.139257102800035	0.575737552183006	0.0492311507936508	0.214736591625444	5.87264133777174	6.46260865254214	5.69126037703482	-0.751476220534496	0.73231386584684	-0.885008154975679	0.159375517256349	no	ok	
feces_vs_saliva	PWY-5920	0.0819986206393666	0.580302434181756	0.00793650793650794	0.118978967323799	1.2094266266498	-0.729712210048905	1.99752597411264	3.57943306420393	2.94056291776405	1.24658730607169	0.000219271997703997	no	ok	
feces_vs_saliva	PWY-4321	0.148038473920499	0.580845027673931	0.148933531746032	0.575240469856252	-9.87999643908903	-11.7680861151797	-7.3410250655464	4.23381252415776	4.454866431923	0.840310152309062	0.165625492264954	no	ok	
feces_vs_saliva	PWY-5913	0.0791009149583966	0.582388024905442	0.135106646825397	0.719194097935571	3.29156201263656	1.84022528268239	3.41236074584219	1.68613119022725	2.02324408145452	0.897659135313599	0.184375427004342	no	ok	
feces_vs_saliva	PWY-5838	0.0792375361627907	0.588133602229573	0.0886036706349206	0.562976109735542	4.13117329846446	3.72667052041453	4.46147670738879	0.782804476562628	0.779714844911129	0.919847350521751	0.165109525452828	no	ok	
feces_vs_saliva	PWY-6897	0.146456795514856	0.590266026483404	0.076326884920635	0.293783269594535	5.67387602612381	6.09742622730523	5.39851788946398	-0.57066776698856	0.835685654530366	-0.594711982129419	0.184375427004342	no	ok	
feces_vs_saliva	GLUCONEO-PWY	0.148608189077845	0.594305635196437	0.0595238095238095	0.244594429803729	6.04312258594655	6.35716543108415	5.9363252347913	-0.548595374982369	0.731180891448956	-0.698500689805318	0.168224778458796	no	ok	
feces_vs_saliva	PWY-7784	0.185724032149712	0.594335335416287	0.223028273809524	0.561441538654303	-9.47266428796771	-2.49495180304229	-10.432633677521	-6.63108736971814	7.15422841762324	-0.834941599063318	0.262500249590578	no	ok	
feces_vs_saliva	PWY-6628	0.153794600372884	0.599801189182516	0.0504092261904762	0.219027033900831	6.053563960988	6.29128890580788	5.83201153659704	-0.579799198215582	0.708206986191417	-0.708730626632062	0.156250530469528	no	ok	
feces_vs_saliva	PWY-7560	0.155356501634694	0.601030986435401	0.0750248015873016	0.288127096356835	5.98460168016878	6.37983389389894	5.82327942908113	-0.588179169387124	0.765881719099428	-0.617690016621437	0.168750480433145	no	ok	
feces_vs_saliva	NONMEVIPP-PWY	0.155381146266886	0.601410215445517	0.0755828373015873	0.28942130507459	5.98282061386151	6.38323868063734	5.82184635434812	-0.57869119950373	0.732683971208845	-0.660680791412543	0.175000457977652	no	ok	
feces_vs_saliva	PWY-1042	0.155398310735359	0.601574908003976	0.0442708333333333	0.1994910580262	6.60570474946327	6.86485675841316	6.48115506083939	-0.583523875769662	0.718106007889492	-0.662913105409813	0.137072271442041	no	ok	
feces_vs_saliva	PYRIDOXSYN-PWY	0.0883119448134404	0.605097607574814	0.0431547619047619	0.357327619959418	4.06454091062509	3.00639455790242	4.41659736195768	1.41585596027439	1.27324171501841	0.993215706400099	0.0968759373911244	no	ok	
feces_vs_saliva	PWY-6210	0.157198049002319	0.606011016750355	0.157614087301587	0.593170469371061	-10.0455381252225	-11.7151957054075	-7.59082079472628	4.08993104431013	4.59088895553398	0.799265888081163	0.159375517256349	no	ok	
feces_vs_saliva	PWY-8187	0.158303293943279	0.606181912499905	0.0826512896825397	0.304569194578264	4.4420421273671	4.51629778720755	3.98228495544104	-0.582066795569228	0.698407844014395	-0.596434293629144	0.171875469011442	no	ok	
feces_vs_saliva	PWY-821	0.0891395580843016	0.607028549652308	0.0961061507936508	0.590988499930871	3.34458621491895	1.25003636007098	3.68686930307947	2.46320264418248	2.73838860485663	0.923930341272653	0.165109525452828	no	ok	
feces_vs_saliva	PWY-7234	0.0883295758142997	0.608940510845027	0.14360119047619	0.749082379342117	4.82587111868619	4.5703567868592	4.97032333098569	0.841930584129222	1.1709241644828	0.791524956659959	0.183801049201617	no	ok	
feces_vs_saliva	PCPDEG-PWY	0.139582673980383	0.609319625622029	0.160900297619048	0.646662741559226	-9.35284445475097	-10.9815565103603	-5.37306548147817	4.62298612706712	4.95274813130155	0.864518852183682	0.183801049201617	no	ok	
feces_vs_saliva	PWY-6630	0.161588318779908	0.611128742344405	0.0512152777777777	0.219312139492155	6.06047757351502	6.2606458248823	5.86532154987487	-0.506349560478009	0.715867100081563	-0.596972287503527	0.146875573348352	no	ok	
feces_vs_saliva	PWY-5022	0.1596158993926	0.613142893520385	0.0806051587301587	0.299063527959513	2.61805516510536	2.96550104172656	2.49189903908005	-0.385625930528198	0.569066269041056	-0.630585314685252	0.183801049201617	no	ok	
feces_vs_saliva	PWY-5028	0.0934362179141032	0.618554653921975	0.0846974206349206	0.532103957776753	-3.52774596869013	-5.35527298871807	-2.42883900905129	3.27504323037179	3.27426591152114	0.877904146087564	0.128125677262639	no	ok	
feces_vs_saliva	PWY-5655	0.150316823778258	0.618672040504301	0.160342261904762	0.599933387198367	-10.0880921153045	-11.8647764096759	-7.9926131229708	4.54143577457595	4.92836231053204	0.8361547753562	0.161994272879549	no	ok	
feces_vs_saliva	PWY-5840	0.0920069277240288	0.621347404928015	0.0972842261904762	0.593872087881101	4.16291090619316	3.73620067745307	4.45887363049647	0.773903601326531	0.782920923558294	0.899952557066935	0.175000457977652	no	ok	
feces_vs_saliva	PWY-1269	0.0963678319023435	0.628515868392866	0.156808035714286	0.791249793269312	4.87513162691887	4.54082324607772	5.04581757932115	0.640654717782962	0.774410691974755	0.869928680927764	0.199377327811031	no	ok	
feces_vs_saliva	PWY-5897	0.0969734970271492	0.629808218286883	0.0972222222222222	0.592886885779052	4.07185862867864	3.65722481492881	4.36834159534383	0.773226222223328	0.755227893641593	0.856041930011006	0.137072271442041	no	ok	
feces_vs_saliva	PWY-5898	0.0967118755419444	0.630180246385996	0.0997643849206349	0.600787608689342	4.07468458628859	3.65367231181993	4.37817997519374	0.796311820306103	0.810897451214398	0.929619131711007	0.159375517256349	no	ok	
feces_vs_saliva	PWY-5899	0.0972293293208992	0.630917482715385	0.100012400793651	0.603267339625725	4.07918352536221	3.64810069063993	4.37406825560538	0.742047800232012	0.748939835968225	0.896909716477289	0.150000558481547	no	ok	
feces_vs_saliva	PWY-5652	0.144674818556954	0.63816286524794	0.153521825396825	0.630433139894365	-10.1413884497897	-11.7431377354226	-7.76580911437391	4.13415324095585	5.10939094842706	0.864413596859092	0.175000457977652	no	ok	
feces_vs_saliva	KDO-NAGLIPASYN-PWY	0.174840320292252	0.641896809244349	0.235615079365079	0.650286008859948	2.77525803316577	3.16438465063394	2.65603857929818	-0.652277646208698	1.03026898360941	-0.593418142486743	0.292835093230031	no	ok	
feces_vs_saliva	PWY-2942	0.176303528372244	0.646665262485236	0.110677083333333	0.379507303993188	6.13781615372567	6.29995351664054	5.92504078751697	-0.580302529304166	0.765215937517794	-0.621089027753089	0.193750398858247	no	ok	
feces_vs_saliva	NONOXIPENT-PWY	0.177052629115806	0.647944876307076	0.140376984126984	0.451366562383371	6.59562322713904	6.92683425473003	6.52455844698022	-0.598189460607695	0.814733045699787	-0.573250409638104	0.224299385797617	no	ok	
feces_vs_saliva	PWY-6182	0.147231386663302	0.648756619264156	0.142051091269841	0.660519464898112	-8.31033258319435	-10.1237178176321	-6.27518056209183	3.87157297950567	4.39430602677608	0.788984671100654	0.187500417329417	no	ok	
feces_vs_saliva	PWY-6676	0.161347553740837	0.651787147249752	0.176959325396825	0.711529018506938	-9.26036091254351	-10.9988041776722	-5.7926921751201	4.28342707634684	4.66359958463854	0.853393670183051	0.190625407952262	no	ok	
feces_vs_saliva	OANTIGEN-PWY	0.182196687962835	0.655221958721805	0.15984623015873	0.499706462228218	5.60729956746585	6.17040832149625	5.51162260902406	-0.585551715486507	0.999978038509643	-0.488781950900333	0.249221454781998	no	ok	
feces_vs_saliva	PWY-6307	0.183032041429694	0.657146646343519	0.153087797619048	0.479266621589186	-1.383080486754	-0.115552760575386	-1.5555859024052	-1.57889613227009	2.04813221060089	-0.67483019571425	0.228125314126487	no	ok	
feces_vs_saliva	THRESYN-PWY	0.184243620494036	0.657520919085011	0.148251488095238	0.472865479191088	5.98660643319402	6.42430407907756	5.81469159475603	-0.561822565183054	0.836570183407558	-0.563808098683949	0.249221454781998	no	ok	
feces_vs_saliva	PWY66-389	0.183896420365038	0.657647622489342	0.116257440476191	0.398101478115965	5.09667119123203	5.3968181013341	4.96861615638657	-0.511068667601014	0.758606950760549	-0.552811624167738	0.205607841051193	no	ok	
feces_vs_saliva	PWY-5861	0.108099915692639	0.661240123371745	0.111731150793651	0.644551523783564	3.87359709576809	3.33581573854905	4.18992570741615	0.84899764739843	0.8031073302305	0.920034759098929	0.168224778458796	no	ok	
feces_vs_saliva	NADSYN-PWY	0.168596621130222	0.662994062755192	0.185701884920635	0.653953601496181	-9.78174000748462	-11.1457619462316	-7.9539611620212	4.44148966909302	5.44786915173238	0.727813877138908	0.18691630435799	no	ok	
feces_vs_saliva	1CMET2-PWY	0.188118714903864	0.663724006435416	0.104476686507937	0.365681715595284	5.73003216370956	5.88953081079546	5.58057249277137	-0.545294613403484	0.712865335693333	-0.549944005940619	0.199377327811031	no	ok	
feces_vs_saliva	URSIN-PWY	0.243799841033035	0.667215636090867	0.149801587301587	0.455176785507942	-8.36427322420075	-5.13220653665121	-9.37467192697973	-3.41733259768734	4.24570137774925	-0.672950385642991	0.224299385797617	no	ok	
feces_vs_saliva	PWY-5121	0.190036414604779	0.667603675493235	0.132130456349206	0.430529269248475	5.97595663478181	6.30416061238496	5.88632847827051	-0.527728300627456	0.677457460517173	-0.511099408182394	0.218750334818389	no	ok	
feces_vs_saliva	METHANOGENESIS-PWY	0.23583627202116	0.671610084813049	0.231956845238095	0.59388837189536	-9.56186407475105	-4.62406848698496	-10.4444225061241	-4.87508531893169	6.50561924144716	-0.684705480976093	0.26875023939959	no	ok	
feces_vs_saliva	PWY-722	0.23742403508192	0.677587857492334	0.239459325396825	0.690764035427512	-10.4544738428772	-11.9703684226166	-8.27265451164125	3.64317217329113	4.44843979124231	0.742013959598635	0.203125373142194	no	ok	
feces_vs_saliva	PWY-7295	0.21442002711525	0.682901435314398	0.236793154761905	0.68638471110413	-10.5156122182073	-11.8204918082656	-8.22361226213936	4.08637998043071	4.8861898383115	0.76744021202623	0.196262071551004	no	ok	
feces_vs_saliva	PWY-5062	0.20431214037907	0.683985684177577	0.255208333333333	0.702314740093362	-10.5384709191629	-11.9323683916438	-8.17496793773995	4.01966731536875	4.89214627638012	0.758092122907019	0.234375301159704	no	ok	
feces_vs_saliva	PWY-3941	0.19045240478273	0.691483083318344	0.239831349206349	0.699776397593312	-10.40552847892	-11.8317057173416	-8.27030116234175	4.95429077853603	5.53703365856466	0.737508690925434	0.208723098009399	no	ok	
feces_vs_saliva	PWY-3481	0.191577872767615	0.692947556343931	0.246341765873016	0.682065782319869	-10.4444413822233	-11.873892108656	-8.37416254025038	4.01089368063821	5.44044841847289	0.742373867022837	0.218068870118027	no	ok	
feces_vs_saliva	HCAMHPDEG-PWY	0.229237843948013	0.698314407530319	0.101500496031746	0.361427005405372	-4.93230185272033	-0.494418617487688	-6.0537003063248	-5.36831983929528	4.63330714767276	-0.820714477700449	0.20249258431486	no	ok	
feces_vs_saliva	PWY-6185	0.156509850960059	0.69955696921538	0.111793154761905	0.622713809509729	-6.78909614549105	-7.50117422626094	-4.34689396515202	3.2261900553388	4.27801132790821	0.744454471734454	0.168750480433145	no	ok	
feces_vs_saliva	PWY-7345	0.205286032899974	0.703565783945597	0.171440972222222	0.521001468614305	5.91225890804981	5.99961119913769	5.77930646098202	-0.478953124309744	0.786450917043893	-0.505627830775732	0.256250260201359	no	ok	
feces_vs_saliva	PWY-7208	0.120101323492403	0.704307701700829	0.173239087301587	0.834117713055005	5.08439251612196	4.89721907453406	5.27763105983966	0.572348155775833	0.84666616199971	0.739135196565591	0.211838355179471	no	ok	
feces_vs_saliva	PWY-5989	0.119120557327032	0.706325170150168	0.150793650793651	0.798957822792113	5.63355441482862	4.6881361282978	5.94264935681228	1.20823309733609	0.875027507341201	1.02715341732098	0.20000038146567	no	ok	
feces_vs_saliva	PWY-6690	0.25549856863986	0.707891985684263	0.0998883928571429	0.356465521536165	-4.92355642785144	-0.47018273757858	-6.10961583172353	-5.45998792961769	4.23035651765249	-0.798898941987164	0.205607841051193	no	ok	
feces_vs_saliva	PWY-1361	0.241785748554899	0.71027288316806	0.303819444444444	0.733057008562114	-10.5551604633822	-11.6101903364477	-8.37047511292587	3.82572698955981	5.19972502606926	0.686524372802675	0.230529902156429	no	ok	
feces_vs_saliva	CALVIN-PWY	0.210413254562113	0.713763891310337	0.173177083333333	0.525703086140247	6.46983717128016	6.6992764586627	6.40972885487722	-0.519051501443528	0.729098598060757	-0.448792347347775	0.239875677848646	no	ok	
feces_vs_saliva	UDPNAGSYN-PWY	0.214844986269976	0.720177341537157	0.22296626984127	0.637107670839657	5.54441220858073	6.11364048912105	5.46185116563339	-0.584667150672654	1.10825652456404	-0.481397366672516	0.277258791717552	no	ok	
feces_vs_saliva	PWY-6608	0.215805469961008	0.721099308208406	0.226376488095238	0.636348680399234	4.51782884866022	4.67373052004903	4.23599569178281	-0.410353242311964	0.860504997477049	-0.473711006083982	0.284375215565096	no	ok	
feces_vs_saliva	PWY-5209	0.294540708397816	0.72197801830343	0.262834821428571	0.6431693199145	-9.13266853572664	-4.94034313054746	-9.90989500747817	-4.7312884718781	6.64947564908691	-0.632589268745579	0.281250220157699	no	ok	
feces_vs_saliva	GLYCOLYSIS	0.216662202561358	0.722748019265933	0.140066964285714	0.449960185598964	6.23034223465495	6.38086746100857	6.14769865221222	-0.430514572960335	0.763794884001708	-0.383397351028138	0.227414643895721	no	ok	
feces_vs_saliva	PWY-6823	0.219228392737423	0.727518651145464	0.0908358134920635	0.325938608924192	4.68078089940719	4.93038466598788	4.56620362808396	-0.377667820406073	0.51458883010361	-0.595233990502038	0.168224778458796	no	ok	
feces_vs_saliva	PWY-7340	0.268599971839678	0.727791332665658	0.253782242063492	0.72330867120733	-10.5292925582636	-11.9624273560456	-8.6818840250495	2.79792783840013	4.28750892514702	0.656141723012707	0.221184127869218	no	ok	
feces_vs_saliva	COMPLETE-ARO-PWY	0.221198675142594	0.729758046060992	0.106150793650794	0.365370354966234	6.2434819443497	6.35026083925233	6.10272029307618	-0.423777773847516	0.701324180220223	-0.413085741754683	0.193146815546806	no	ok	
feces_vs_saliva	PWY-7084	0.304872420379466	0.735565342563159	0.311507936507937	0.74313154909766	-10.4898039113586	-11.6083438612481	-8.94986132321413	2.53688093813081	3.95135109655255	0.568094306218988	0.227414643895721	no	ok	
feces_vs_saliva	REDCITCYC	0.129010018585584	0.739087563423965	0.116443452380952	0.662644211895508	3.07008974577083	2.8384746469445	3.23033585745395	1.18005065446454	1.69541578424181	0.65934177328557	0.171340031873631	no	ok	
feces_vs_saliva	PWY-5484	0.226648428806964	0.739481346718016	0.171626984126984	0.518429311256767	6.15277435977432	6.26493481105185	6.09095625131309	-0.428455988724276	0.737755062134159	-0.406708146881147	0.259375254841477	no	ok	
feces_vs_saliva	PWY-7039	0.222147609192241	0.740807676303415	0.293154761904762	0.739978396450415	-10.5612292384529	-11.5936907948373	-8.51656395084934	4.83272564388763	5.94326199862767	0.689107456327221	0.246106195675413	no	ok	
feces_vs_saliva	4-HYDROXYMANDELATE-DEGRADATION-PWY	0.37296774329677	0.742509385286765	0.250992063492063	0.582306416788736	-9.75638596401705	-6.96387800168116	-10.7500672481478	-3.04459823027391	4.96608583037618	-0.540028763599881	0.262500249590578	no	ok	
feces_vs_saliva	PWY0-845	0.132103575416307	0.747470261222112	0.0916418650793651	0.576648000661081	4.16055184539329	3.40654325540912	4.59428832212881	1.23498037211552	1.39099751276458	0.621855855803424	0.155763769135857	no	ok	
feces_vs_saliva	PWY0-321	0.269838381279414	0.749570339649375	0.144283234126984	0.467506864874847	-4.15933177391849	-0.044757127572149	-5.61139695476408	-4.90957163248198	5.40145548681093	-0.767529879217409	0.236760419139104	no	ok	
feces_vs_saliva	CATECHOL-ORTHO-CLEAVAGE-PWY	0.236116839310836	0.75548061322588	0.166976686507937	0.726344339806856	-7.58948296407924	-8.97668201971113	-6.25443589338311	2.70938335444391	3.75286831227767	0.63615584186226	0.206250365051901	no	ok	
feces_vs_saliva	PWY-6859	0.136058147821904	0.755693105396992	0.16108630952381	0.818743533047098	4.77456828219233	4.13603769076302	4.91891391970235	0.670310237679918	0.755291096853351	0.74271447386353	0.225000320851094	no	ok	
feces_vs_saliva	GLUCOSE1PMETAB-PWY	0.23467115737018	0.755926497573198	0.281622023809524	0.744283406018824	6.39149874564599	6.65416787210558	6.35078484208208	-0.495992527201663	0.844907838974159	-0.489290889416026	0.300000193761348	no	ok	
feces_vs_saliva	M-CRESOL-DEGRADATION-PWY	0.323551203722114	0.759163433756677	0.343253968253968	0.76407014567009	-10.4662808755835	-11.6773396382353	-8.60338204945937	3.14465644330476	4.78490049450389	0.582430434370535	0.2429909366959	no	ok	
feces_vs_saliva	PWY-7902	0.353979355329746	0.766960235837285	0.275297619047619	0.641173271234538	-9.11204470589201	-7.05248839025392	-9.91007929788152	-3.28724755478806	5.04347285364717	-0.531859196739907	0.281250220157699	no	ok	
feces_vs_saliva	PWY-5677	0.13903494929919	0.768250123008974	0.11749751984127	0.669638597062952	2.75993209314247	2.61342074127755	3.76452106223293	1.23285267783498	1.27902222207927	0.865606869900183	0.171875469011442	no	ok	
feces_vs_saliva	ARO-PWY	0.241155665221551	0.768699749130618	0.133680555555556	0.425309961022674	6.18936192428707	6.28693497501037	6.08799932630535	-0.413293178519574	0.73583091334324	-0.363178601890382	0.227414643895721	no	ok	
feces_vs_saliva	PWY-7221	0.243051808227836	0.77246716460188	0.215029761904762	0.607976729728955	6.27112974611132	6.34356175050509	6.1484629586145	-0.467149745961422	0.777006889177641	-0.4019711597847	0.271875234451884	no	ok	
feces_vs_saliva	PWY-6421	0.433057564633776	0.785103617637844	0.307849702380952	0.622849834468725	-9.58736235465627	-8.29229469402206	-10.5998826876347	-1.89246993927894	4.0995590299598	-0.399721598830625	0.290625206619976	no	ok	
feces_vs_saliva	PWY-7254	0.144936102359691	0.786329850241938	0.114583333333333	0.646675472550316	3.88122357262521	3.74793200022879	3.98437446434939	0.649161980297031	1.44037428758012	0.650275874535588	0.165625492264954	no	ok	
feces_vs_saliva	PWY-6328	0.292515159494897	0.786847184468045	0.163070436507937	0.500054304461425	-3.67413698501012	1.6961980329827	-3.99649115730779	-5.50062552833413	5.77898854747635	-0.684168395252495	0.237500294904384	no	ok	
feces_vs_saliva	PWY-8085	0.308893006533202	0.787828185849325	0.361669146825397	0.787963807209983	-10.8497321587648	-11.7922467911965	-9.60873650230758	2.77117088346825	5.05785074828607	0.529016243686183	0.267913011829584	no	ok	
feces_vs_saliva	PWY-5651	0.285200073764627	0.792800394229593	0.345920138888889	0.809410152654019	-10.2506781858204	-11.1976301731603	-8.54160755464792	3.07451023902738	5.3137538204688	0.538368131137295	0.246875276978757	no	ok	
feces_vs_saliva	PWY-5109	0.337592366666291	0.796659554565225	0.351004464285714	0.802497483874765	-10.8146864922077	-11.7032028012077	-9.06079557611086	2.74527764962468	4.3811992334233	0.540903456911817	0.27500022959791	no	ok	
feces_vs_saliva	PWY-3801	0.368859616790549	0.80727417115633	0.421688988095238	0.812551988940913	-10.9137568646165	-11.8960595207957	-9.58393603589792	2.92863805612618	4.7781119856297	0.505673802313452	0.284375215565096	no	ok	
feces_vs_saliva	PWY0-1277	0.320998551742363	0.812386286011635	0.0947420634920636	0.346016928172987	-3.43379079534245	0.422860344437836	-4.39264180847962	-4.8594733251396	3.84199369663529	-0.896576850630044	0.199377327811031	no	ok	
feces_vs_saliva	ANAEROFRUCAT-PWY	0.263738614240981	0.818610608518192	0.332093253968254	0.811772337794946	5.65984731648412	5.72037824484897	5.57691176208652	-0.404244819649569	0.693116333760157	-0.364906954505421	0.323987701423463	no	ok	
feces_vs_saliva	PWY66-394	0.458007659970819	0.822404359423862	0.444196428571429	0.809538290232818	-10.9437372661894	-11.8272592247913	-9.77859177390734	1.93098815667013	4.32271329536096	0.347958376219767	0.323987701423463	no	ok	
feces_vs_saliva	GLYCOCAT-PWY	0.270839544092756	0.824135994174289	0.176277281746032	0.536559879086624	2.81409813442199	3.19683441881904	2.41851137586741	-0.80910682158165	1.54918156395357	-0.569797662160401	0.255451973356891	no	ok	
feces_vs_saliva	PWY-7098	0.336370723994026	0.824337341174264	0.399181547619048	0.856614968661852	-10.8393434850998	-11.801784735461	-9.57434637587664	2.47069367067166	5.20159623530983	0.524908554032668	0.295950353761144	no	ok	
feces_vs_saliva	PWY-7948	0.413451017461194	0.828861748240155	0.433841765873016	0.752461380051038	-10.2069892486135	-9.16282269680899	-10.6846683450626	-2.72625601373212	5.70275635010342	-0.463324360814718	0.353125130814522	no	ok	
feces_vs_saliva	PWY0-1061	0.27167777427263	0.830314254846283	0.261160714285714	0.70351551833413	5.75147291996097	6.04164019565371	5.55027724604486	-0.399701435042345	0.943221659591125	-0.389980853221558	0.299065614362339	no	ok	
feces_vs_saliva	PWY-7761	0.272884105269679	0.831775977906725	0.257130456349206	0.689379238661175	5.48255682192007	5.76184071515894	5.37304142504474	-0.271100082612075	0.6896134570698	-0.333610274696158	0.287500211053475	no	ok	
feces_vs_saliva	PWY-6163	0.274247458430874	0.833962425812889	0.225880456349206	0.617938331722853	6.198283341154	6.27685460558795	6.12018412374852	-0.321632529341638	0.711464823900389	-0.314674639376496	0.27500022959791	no	ok	
feces_vs_saliva	P101-PWY	0.159451820391751	0.83463749841534	0.119295634920635	0.670684575647501	0.443044357384188	-0.0111954032521648	0.597825114113987	0.5632956332923	0.813110669803479	0.592436887651434	0.187500417329417	no	ok	
feces_vs_saliva	AEROBACTINSYN-PWY	0.450371978464513	0.836690768554367	0.471664186507937	0.844664483696047	-11.0771876545964	-11.9452262555301	-9.93457018408927	1.84158057414531	4.44094317572621	0.358904707932459	0.356250127524218	no	ok	
feces_vs_saliva	PWY-5517	0.385482081907212	0.837038908122536	0.413814484126984	0.84493175648794	-10.8996278942935	-11.8537838319433	-9.79612077175656	2.10853764863076	4.3934951941802	0.423545088926065	0.293750202261858	no	ok	
feces_vs_saliva	PHOSLIPSYN-PWY	0.279908450590358	0.837678778713833	0.247395833333333	0.666553103046769	6.25135848753531	6.38611915348883	6.17490855538177	-0.326203627949726	0.805766513510565	-0.308320679950175	0.281250220157699	no	ok	
feces_vs_saliva	PWY4FS-8	0.281831994976603	0.839197584547229	0.238219246031746	0.650950562230881	6.1879718074631	6.29435890443223	6.10377664525137	-0.371438385969817	0.794839579924322	-0.290195097824495	0.284375215565096	no	ok	
feces_vs_saliva	PWY4FS-7	0.2822982404757	0.839548443138837	0.238529265873016	0.652180162161404	6.18915602385709	6.29322825472577	6.10216275700568	-0.383920227225264	0.790578485315889	-0.374433487825934	0.27500022959791	no	ok	
feces_vs_saliva	PWY-1882	0.414682957465518	0.841343529900268	0.438926091269841	0.829425177819357	-10.949640066863	-12.0059490154221	-10.0501096716623	2.07276726102442	4.10355308415608	0.393705773024077	0.287500211053475	no	ok	
feces_vs_saliva	PWY-5742	0.3866661316605	0.841795750170572	0.39484126984127	0.831933715103741	-10.8069592706074	-11.9572041913733	-9.86430504135091	1.99588063182945	3.93116421931798	0.424908566196902	0.28660457238822	no	ok	
feces_vs_saliva	PWY-6470	0.284870687588526	0.842344118184654	0.390687003968254	0.896516072284506	5.38818922018578	5.38364070962252	5.39559682826092	-0.421570010020349	1.1555006971649	-0.315228668116273	0.356250127524218	no	ok	
feces_vs_saliva	PWY-8020	0.494407175158033	0.847278865556169	0.475508432539683	0.846676633059499	-11.0227013138423	-11.8318243804765	-9.83972187288412	1.89755084149817	4.2852265169644	0.412731805067388	0.315625173657328	no	ok	
feces_vs_saliva	PWY-5431	0.264770434221489	0.848321090713779	0.252790178571429	0.849880297879138	-7.35809447867581	-8.99302826407588	-6.21401461692746	2.65157144510101	4.3518476660324	0.573271072154177	0.255451973356891	no	ok	
feces_vs_saliva	PWY-5855	0.292882863576178	0.852391011064923	0.217013888888889	0.620662082326592	2.35354125040556	2.95296149830365	1.90608467962794	-0.903611796907202	1.38148361870563	-0.570395888638081	0.246875276978757	no	ok	
feces_vs_saliva	PWY-5667	0.294494340165498	0.85250677858657	0.301587301587302	0.765184025721827	6.38294572875658	6.53984822600638	6.32784352195028	-0.348018353905045	0.803335489641086	-0.33537767544243	0.311526657420986	no	ok	
feces_vs_saliva	PWY0-1319	0.294471661471479	0.852878486302772	0.303137400793651	0.763418565181693	6.3847654261818	6.53521520714308	6.32802098922322	-0.32460549125567	0.754065283416426	-0.312702185287746	0.311526657420986	no	ok	
feces_vs_saliva	PWY-6167	0.447231307592417	0.859887871058372	0.539930555555556	0.828280734509701	-10.3205838910472	-9.68257051345406	-10.5963981855383	-2.22071515099186	6.75725126118762	-0.351985156657638	0.389408193728839	no	ok	
feces_vs_saliva	PWY-7791	0.302773031629441	0.862613449556085	0.409970238095238	0.888743856218753	6.29552204360934	6.34399193704056	6.22260349023206	-0.396379931446702	0.784224369667457	-0.255610318169133	0.350000134142609	no	ok	
feces_vs_saliva	PWY-5686	0.303162570250337	0.863222233945104	0.412140376984127	0.890510396196925	6.2912786601121	6.34112090616103	6.22080745347008	-0.396040981227026	0.767894424362861	-0.291716684001316	0.364486099592177	no	ok	
feces_vs_saliva	PWY-5741	0.476418417311216	0.863502817357224	0.493303571428571	0.855158095417934	-10.7973184670844	-11.7595727027455	-9.95527010048634	1.59032857811889	4.17177579205328	0.322538035426164	0.340625144367031	no	ok	
feces_vs_saliva	PWY-5417	0.286647365109975	0.864891788912112	0.268477182539683	0.874317219574625	-7.36896366766265	-9.11938285282813	-6.30916695807105	2.71808126201248	4.42234173426099	0.555508476923261	0.252336714010723	no	ok	
feces_vs_saliva	PWY-7316	0.305211855561544	0.868355719446668	0.30952380952381	0.794843387264996	3.54118081558217	4.41419670510927	3.44407486489964	-0.862839693193252	1.40827939863058	-0.589112276114727	0.331250154981854	no	ok	
feces_vs_saliva	PWY-6654	0.237900443000942	0.870823695136389	0.234188988095238	0.893573286137056	-5.34828808701076	-10.0111317688062	-3.89548984510184	5.47428263807454	6.91032849651736	0.681366389170232	0.240625288792912	no	ok	
feces_vs_saliva	P42-PWY	0.173406073746525	0.871292968095477	0.216455853174603	0.910445963957907	5.53903567961784	5.21113223021094	5.68812176208121	0.390973657561019	0.664065201919275	0.51626306296	0.237500294904384	no	ok	
feces_vs_saliva	PWY-5196	0.51912155801951	0.8784945809468	0.547991071428572	0.839367285248981	-10.2621449640584	-9.82398559178279	-10.5282756761945	-2.04270312245185	6.56589886717897	-0.294421522466343	0.404984503397468	no	ok	
feces_vs_saliva	PWY-6350	0.497201304823615	0.882727646836392	0.560949900793651	0.855044665549929	-10.4326712577043	-10.1246665178632	-10.6960610533453	-2.25998337764116	6.34948415867272	-0.293560738227794	0.387500096434363	no	ok	
feces_vs_saliva	PWY-5659	0.316462611420703	0.882791738805645	0.30952380952381	0.794843387264996	6.0084748468072	6.42025216422012	5.96665934329107	-0.436024222234402	0.98349812085804	-0.411370276754401	0.328125158614043	no	ok	
feces_vs_saliva	PWY-561	0.553202843309923	0.8856472783546	0.548239087301587	0.844815714225577	-10.2343646360749	-9.68915422601607	-10.486464944132	-1.89196575039913	5.44014279739564	-0.305242085555184	0.395638717528756	no	ok	
feces_vs_saliva	PWY-7434	0.509617265649582	0.890476780868244	0.605344742063492	0.866443469200696	-9.77963676106042	-9.61947730380795	-9.90791127084172	-1.90434286431914	6.20361687785874	-0.266319915628138	0.398753979463357	no	ok	
feces_vs_saliva	PWY-5430	0.342319513435803	0.891117174278346	0.201512896825397	0.580526330156163	-3.25075243638246	-2.66947788142251	-3.42394659848983	-0.776494320923464	1.95465869258826	-0.477705976427582	0.252336714010723	no	ok	
feces_vs_saliva	PWY-7286	0.49877725767944	0.892345496548234	0.557229662698413	0.858204426899486	-10.3053359768184	-9.92670645417902	-10.6459804327495	-1.84920897504415	5.96349861470808	-0.247544206825861	0.387500096434363	no	ok	
feces_vs_saliva	PWY-6138	0.445820416158885	0.892593600556941	0.530505952380952	0.907616906406577	-10.351054169543	-10.9975629153554	-9.5096297755759	1.85522538851015	5.17225593071036	0.357861995669517	0.327102962556999	no	ok	
feces_vs_saliva	RUMP-PWY	0.325962358242177	0.894241591218289	0.177083333333333	0.537680270625926	2.99194949232565	3.09353962056298	2.30809108258811	-0.650709171333459	0.877613767319466	-0.545458818881058	0.249221454781998	no	ok	
feces_vs_saliva	PWY-6193	0.616501171422739	0.894635459242874	0.545882936507937	0.822697493040095	-10.2174628978116	-9.60811161769777	-10.676415018809	-1.34250821804886	4.67939335358782	-0.230686751842508	0.373831884676639	no	ok	
feces_vs_saliva	PWY-6089	0.640049395241572	0.894796758263161	0.552269345238095	0.833619123697237	-10.4144663827209	-9.9438474562778	-10.7530121828268	-1.31132281742396	5.04674626374722	-0.240346240561385	0.389408193728839	no	ok	
feces_vs_saliva	PWY-7383	0.328610205757382	0.894889067757983	0.318328373015873	0.801013904865247	4.4892501103753	4.59064114775296	3.96796820937129	-0.424680964624153	0.844204651123445	-0.514683404563112	0.323987701423463	no	ok	
feces_vs_saliva	PWY-7072	0.562464966277431	0.894960241071885	0.549541170634921	0.846467156763542	-10.1765086160036	-9.78344690892832	-10.4442354267573	-2.07074119983492	5.77700906091408	-0.340012780727901	0.396875087651635	no	ok	
feces_vs_saliva	PWY-7790	0.329006795834918	0.901504551379448	0.47984871031746	0.940135782506492	6.30655627889887	6.34209307508519	6.2654896574923	-0.352516593759733	0.739282974428404	-0.262462438059239	0.381250102415484	no	ok	
feces_vs_saliva	PWY-7282	0.334019118211046	0.902635673767689	0.313492063492064	0.782528498300984	5.26966817762978	5.50765559760893	5.12153936699438	-0.412001854977237	0.842948857818821	-0.444094132538936	0.325000162295924	no	ok	
feces_vs_saliva	PWY-6141	0.53185654830494	0.903981168246483	0.588231646825397	0.880829312540928	-10.2522445412162	-9.86077964871731	-10.4159442079065	-1.57899706217269	5.92233761014417	-0.243638878856692	0.415625070676933	no	ok	
feces_vs_saliva	PWY-7858	0.606125465527993	0.905947371051416	0.540612599206349	0.853868462558969	-10.1210549086223	-9.57058238506279	-10.37833851696	-1.45399348612044	5.15212129597512	-0.260395597145046	0.403125081911665	no	ok	
feces_vs_saliva	P185-PWY	0.183224918420731	0.910165319832572	0.241753472222222	0.965258163206214	3.24228534596103	2.41802336838672	3.5971883965864	0.878891212005995	1.14748448445909	0.682154234007009	0.249221454781998	no	ok	
feces_vs_saliva	PWY-6957	0.471791941201752	0.911725173222215	0.478670634920635	0.925651844156618	-9.47127540839734	-10.1222849251182	-8.3182567214288	1.63803406772549	4.31215157445793	0.339696510170632	0.323987701423463	no	ok	
feces_vs_saliva	PWY-6349	0.550020762914617	0.914200072380258	0.597098214285714	0.886550542582888	-10.3099836407388	-10.0570886912169	-10.449918688772	-1.89310768338835	6.12481987567518	-0.2851586886055	0.386292931865338	no	ok	
feces_vs_saliva	PWY-7436	0.655416546150585	0.916369222642874	0.612041170634921	0.86009548263973	-10.2743380271255	-9.78883455117117	-10.6746547889783	-0.869226260860897	4.0722165137159	-0.207975352336532	0.409375076255655	no	ok	
feces_vs_saliva	PWY-5733	0.323915180384243	0.917197744830293	0.424913194444444	0.965715759272973	-7.65553064943291	-8.1285703769643	-6.51634680367906	3.41740963489972	6.48954260530777	0.420630161369866	0.303125189614005	no	ok	
feces_vs_saliva	PWY-7228	0.189925135036135	0.917526657987093	0.28187003968254	0.97138099509963	5.41657743878799	5.36221297408104	5.5436777639286	0.470664366230917	0.939006302204587	0.585211186492356	0.26875023939959	no	ok	
feces_vs_saliva	POLYAMSYN-PWY	0.346481254631035	0.919693620327448	0.445436507936508	0.936774110290905	3.82110620093264	3.83741045885498	3.79691694210509	-0.324432781799975	0.827258752587194	-0.37313655505683	0.367601361255621	no	ok	
feces_vs_saliva	PWY-1422	0.694789294024293	0.92073187200654	0.654079861111111	0.86193547579454	-10.1252422737053	-9.77534926396138	-10.2713968951564	-0.52247493015067	4.12735265705114	-0.120625380745775	0.433021862011067	no	ok	
feces_vs_saliva	PWY-7413	0.518667772092135	0.921312123866184	0.591269841269841	0.935146914204854	-10.3759267214592	-10.9287572554488	-9.83257161082024	1.55941426686992	4.84025181295046	0.304494810323143	0.358255576365098	no	ok	
feces_vs_saliva	P241-PWY	0.603117243741116	0.922386465785946	0.631758432539683	0.881543377153449	-10.4632333655914	-10.1995749281952	-10.5456583274651	-1.50314357483696	6.20307765686458	-0.221227109139574	0.404984503397468	no	ok	
feces_vs_saliva	PWY-7854	0.452708805999334	0.924637210974584	0.5	0.931289037004995	-10.1199646301824	-11.1936623456127	-9.11822098490629	1.9738037001672	5.29245950790562	0.373248251868086	0.330218223740164	no	ok	
feces_vs_saliva	PWY4LZ-257	0.485786459222592	0.925344891287558	0.612165178571429	0.920453972885263	-9.48952754088462	-9.39394969982513	-9.52744140528099	-2.04757027025948	8.68325389151511	-0.251857760232646	0.412500073457039	no	ok	
feces_vs_saliva	PWY-6087	0.677871965922175	0.926090256761347	0.580295138888889	0.866995352063725	-10.2323495963522	-9.59763707372642	-10.45884008741	-1.11957451479545	4.90421310777634	-0.207911558524718	0.406250079073589	no	ok	
feces_vs_saliva	PWY-6151	0.348487890937424	0.929799677752158	0.404451884920635	0.904032076907229	5.76019094913442	5.81609583195903	5.69672943475046	-0.276660339887787	0.854298737481819	-0.196429057861264	0.359375124270413	no	ok	
feces_vs_saliva	TOLUENE-DEG-3-OH-PWY	0.201991517218153	0.930325956444554	0.37859623015873	0.99814832754832	-5.30262147658736	-6.30760271963357	-4.97065953687319	2.03977617651486	4.81380800753538	0.432735640205469	0.293750202261858	no	ok	
feces_vs_saliva	PWY-6107	0.684831157965539	0.931341480444454	0.656498015873016	0.886795250904468	-10.4211916330763	-10.171803853414	-10.5515310603106	-0.641638281451487	4.58206336571405	-0.123491106946638	0.429906599879593	no	ok	
feces_vs_saliva	PWY-6093	0.712228626728784	0.933323936300687	0.623945932539683	0.885910478768242	-9.89023303576003	-9.74988782258996	-10.0998155437533	-1.17564814890186	5.36831406782577	-0.178046518099841	0.415625070676933	no	ok	
feces_vs_saliva	12DICHLORETHDEG-PWY	0.425788335382653	0.934995349769285	0.433779761904762	0.938501349498253	-8.44624534306504	-9.71697747121718	-7.68525073026929	2.06793741161381	4.7887961809792	0.355598094874747	0.306250185532131	no	ok	
feces_vs_saliva	PWY-5182	0.200734833945353	0.937788631940628	0.358072916666667	0.996068810557751	-4.65874963843864	-5.66955111001381	-4.37096946678097	1.81126918174657	4.64712764423556	0.402174357223222	0.289719832771516	no	ok	
feces_vs_saliva	PWY-6837	0.689795422131129	0.938801088988621	0.619233630952381	0.881137499195902	-10.2939524141523	-10.0575396009754	-10.4692791541612	-1.03989208768013	5.11169572712992	-0.178779404887104	0.423676075659681	no	ok	
feces_vs_saliva	PWY-7855	0.736984334898276	0.940383097743102	0.726748511904762	0.900358994124739	-10.6627568378326	-10.6599312214559	-10.7338207775136	0.248846346344799	3.84334363251265	0.0535011515049019	0.476635532955762	no	ok	
feces_vs_saliva	PWY5F9-12	0.611832044281102	0.940873481088681	0.637152777777778	0.938299710718649	-10.8823444606948	-11.1862731583485	-10.4976510127299	0.974434553236835	3.90069034978041	0.191502047252927	0.392523455616951	no	ok	
feces_vs_saliva	PWY-6148	0.611958456461783	0.941543028766832	0.649801587301587	0.927018159826335	-9.84029108995144	-9.82195483706898	-9.85053759402626	-1.43610498909261	6.29053112855961	-0.20003286453546	0.415625070676933	no	ok	
feces_vs_saliva	PWY-6075	0.616701981066835	0.943900606848862	0.641369047619048	0.937145375298234	-10.9756433106447	-11.2921003794384	-10.6570667611866	1.00288682198226	4.18684607546822	0.190709731783669	0.412500073457039	no	ok	
feces_vs_saliva	PWY-6857	0.46604911069267	0.947643633477151	0.59312996031746	0.972704933438582	-8.69798594515019	-9.28222830004292	-8.30313278453949	2.78773278906343	6.13181218148072	0.388447230712501	0.353125130814522	no	ok	
feces_vs_saliva	PWY-5367	0.377787058286608	0.947765974767958	0.309895833333333	0.793009704128676	-4.10219810639004	-3.32043994685686	-6.86031772189182	-2.91191221173986	5.12724492580943	-0.452510601647908	0.318750169815743	no	ok	
feces_vs_saliva	PWY-7290	0.650706175033082	0.94807570431062	0.69233630952381	0.931160831756812	-9.93118633068711	-9.76538417636577	-10.0754372117372	-0.704176009425583	6.06215319318462	-0.115236372775376	0.451713435057415	no	ok	
feces_vs_saliva	PWY-7644	0.672988743574698	0.948268135738455	0.687686011904762	0.922976920108532	-10.7647728868773	-10.9703722361526	-10.574847096999	0.549817765805006	4.00357333888997	0.102482540322588	0.440625049010451	no	ok	
feces_vs_saliva	DENOVOPURINE2-PWY	0.204748251695574	0.948326746030512	0.369667658730159	0.997234249022639	5.4455217305428	5.38823842397362	5.49431999871164	0.497557783940951	1.0664307046583	0.551772439213303	0.293750202261858	no	ok	
feces_vs_saliva	PWY-8055	0.675669176415175	0.948520438660511	0.771205357142857	0.935040416983901	-10.7909008016554	-11.0446136534868	-10.5701896976569	0.0851754119859409	6.26522133534725	0.0110969484580616	0.495327106583212	no	ok	
feces_vs_saliva	PWY-6588	0.378379667670883	0.953850042179685	0.578993055555556	1	-2.88268823948865	-2.55377049664608	-3.97593945280333	-1.38039201438188	3.31319744329532	-0.302399777566337	0.406250079073589	no	ok	
feces_vs_saliva	PWY-4722	0.755658197027089	0.955156808125986	0.765687003968254	0.925558244504395	-10.9978114326507	-11.3367528347818	-10.6307544204811	0.172056673103319	5.132384049258	0.0344518488451258	0.481250015280225	no	ok	
feces_vs_saliva	PWY-5188	0.383382820098308	0.95866483622458	0.261780753968254	0.703362367248515	4.95774301174001	5.28090227416108	4.70667138042966	-0.563895044104569	0.83445106679345	-0.499239988500699	0.299065614362339	no	ok	
feces_vs_saliva	PWY0-1479	0.201745803031567	0.958885925838168	0.213789682539683	0.928773183730061	4.04689715969135	3.54690572545355	4.30485068298795	0.908739339524948	1.44278369131068	0.518487245083253	0.240625288792912	no	ok	
feces_vs_saliva	PWY-4984	0.408653555856772	0.959198199826291	0.259796626984127	0.699909575279653	3.05630001553176	3.337588711097	3.0097197604622	-0.280061711485495	0.844001756889874	-0.379229513981397	0.303125189614005	no	ok	
feces_vs_saliva	PWY-6383	0.371339170749373	0.959548093832209	0.368303571428571	0.874361950265668	1.62359248163095	1.77097734581478	1.37678553468668	-0.496142794349762	1.81202944957232	-0.290950764153122	0.342679268936689	no	ok	
feces_vs_saliva	SER-GLYSYN-PWY	0.381120951069825	0.961918067211741	0.450520833333333	0.92707907484571	6.03148931492514	6.19478181717132	5.92854195758997	-0.210566011536334	0.894474946499631	-0.221369915328587	0.364486099592177	no	ok	
feces_vs_saliva	PWY-5647	0.506790053862828	0.964987503852182	0.453807043650794	0.962436991154635	-7.66729482777387	-8.06659746546212	-6.39498177108011	1.632744647596	4.11512832710161	0.35111810097146	0.340625144367031	no	ok	
feces_vs_saliva	PWY-6123	0.390319862826004	0.965976026696925	0.518353174603175	0.968319421353626	6.14031978727486	6.18431588783434	6.07483593727695	-0.25369069627589	0.757057619024291	-0.222626586818126	0.404984503397468	no	ok	
feces_vs_saliva	PANTO-PWY	0.395731698002636	0.967329832053178	0.642981150793651	0.981160360135009	5.3372606822878	5.37963366875702	5.27911270174697	-0.10113657917922	0.706051464316625	-0.136985749510092	0.437500051669789	no	ok	
feces_vs_saliva	PWY-5656	0.676520188158383	0.967815061469466	0.701636904761905	0.953884145929853	-10.8126981179681	-11.0385097726116	-10.63883417686	0.63433369703894	4.21749083509056	0.1398325690334	0.429906599879593	no	ok	
feces_vs_saliva	PWY-6124	0.393342001881201	0.967909473850502	0.526041666666667	0.969739329122533	6.19244743552891	6.22445019719032	6.14107951003513	-0.261396737327153	0.738700350115797	-0.216406669790556	0.406250079073589	no	ok	
feces_vs_saliva	PWY66-367	0.38480196569425	0.967979041159379	0.594990079365079	1	-2.23786277244268	-1.99972873191603	-3.0871145654227	-1.0170382133927	3.22588468506269	-0.249199742938748	0.406250079073589	no	ok	
feces_vs_saliva	PWY-7209	0.650838658994279	0.968184383436766	0.555555555555556	0.87755533460426	-8.77898663279292	-7.95389317635031	-9.82694933673126	-1.93643639912119	6.21317826520018	-0.27056203894625	0.40186924141988	no	ok	
feces_vs_saliva	PWY0-1337	0.748124237457434	0.968583511279191	0.706349206349206	0.93923167601178	-9.45614721112798	-9.75741922445209	-9.34267543840354	-0.599431441646169	5.21202562307031	-0.11316806088214	0.454828697268478	no	ok	
feces_vs_saliva	PWY-6486	0.685147774844961	0.968809698833264	0.747767857142857	0.968586029856316	-9.84343975029186	-10.1484627779936	-9.56833011797186	0.263121733450219	4.44224734219143	0.0425254426381345	0.473520270696565	no	ok	
feces_vs_saliva	PWY-3841	0.400260270491118	0.969848889099653	0.531808035714286	0.976710661814822	6.08990778062747	6.12595312183017	6.03953308161843	-0.259771615640352	0.832597164475427	-0.209100109278229	0.400000084770726	no	ok	
feces_vs_saliva	PWY-7269	0.562860197986325	0.971551442946798	0.594246031746032	0.980795691291753	-9.13741812365065	-9.60809397369708	-8.70939466364736	1.43306142715569	5.15301963331984	0.281229839439607	0.367601361255621	no	ok	
feces_vs_saliva	TRNA-CHARGING-PWY	0.407490672166263	0.972081700424464	0.534164186507937	0.959313644144089	6.28983058017589	6.31432301024658	6.27196042839379	-0.274003743357933	0.768782360689432	-0.26755310216965	0.390625093482541	no	ok	
feces_vs_saliva	COLANSYN-PWY	0.420836832719463	0.972784234694021	0.448102678571429	0.919187378765525	5.65942235840261	5.71389870655807	5.59525082155877	-0.267233463464238	0.761731003434726	-0.276814536089811	0.355140314803835	no	ok	
feces_vs_saliva	PWY-5183	0.770275683385364	0.97284942758854	0.686755952380952	0.934636126689211	-9.71665232530064	-9.86753834968275	-9.64881524407816	-0.593800923667403	5.50316354683664	-0.0934306639750744	0.457943959488285	no	ok	
feces_vs_saliva	PWY-6142	0.761456229558853	0.973257789913631	0.789744543650794	0.960952202362063	-10.8364920167146	-11.0511550821117	-10.6690601371068	0.111359527517956	4.99119307655919	0.0201144191250356	0.485981319757566	no	ok	
feces_vs_saliva	P4-PWY	0.40788317938901	0.973597718744236	0.507316468253968	0.945855420781982	5.2328300943286	5.32812887287059	5.13493019915489	-0.17491964715611	0.784048097066412	-0.143724604377225	0.386292931865338	no	ok	
feces_vs_saliva	COA-PWY-1	0.415345097743112	0.974461713980508	0.566778273809524	0.979852523152156	6.08667692586756	6.11873182295095	6.04063542777359	-0.220258099727331	0.791594280527239	-0.185737848759841	0.387500096434363	no	ok	
feces_vs_saliva	GALACTITOLCAT-PWY	0.407197925068825	0.974938167908987	0.484809027777778	0.956575732172847	2.98616181723838	3.02030337551301	2.96093543603582	-0.262881758935146	1.1177503257562	-0.199985885515233	0.371875111595797	no	ok	
feces_vs_saliva	PWY-5181	0.302799406315663	0.975798799205082	0.27046130952381	0.92766508540636	-5.00694539517666	-6.25065639087027	-4.45714875644579	1.40821210079152	2.94994032224393	0.394576010914151	0.252336714010723	no	ok	
feces_vs_saliva	HEME-BIOSYNTHESIS-II-1	0.213589582810734	0.977216576937238	0.411706349206349	1	2.62330991540977	2.31204491598482	2.69094736449355	0.680580229938412	1.40427602873984	0.365160020413123	0.327102962556999	no	ok	
feces_vs_saliva	PWY-7323	0.421665468004886	0.977352050844373	0.550099206349206	0.964553210547085	5.45035772123641	5.46831772692014	5.4272962319781	-0.258863637043883	0.690816805051055	-0.218348331389031	0.404984503397468	no	ok	
feces_vs_saliva	PWY-6641	0.458960739605744	0.977895585452987	0.698536706349206	0.99951737618274	-4.55793879417515	-4.73916761435657	-4.29506830082192	-1.24221210908374	4.92281691855971	-0.202069137273944	0.448598172855738	no	ok	
feces_vs_saliva	PWY-5104	0.406882634827429	0.977933127727688	0.28546626984127	0.743338232674231	-0.607754298842427	0.119622011872869	-0.882123251757573	-0.875432100286542	2.85228907248541	-0.328117819461292	0.308411396562713	no	ok	
feces_vs_saliva	ORNARGDEG-PWY	0.683421593532536	0.982055031653295	0.77641369047619	0.97666373922891	-8.71424509720078	-9.54114646966118	-8.31057460116597	-0.979575473189157	7.63909646079409	-0.146965570344005	0.471875022960754	no	ok	
feces_vs_saliva	PEPTIDOGLYCANSYN-PWY	0.439081422856467	0.985868538441631	0.560887896825397	0.975471206152497	6.32485053092757	6.37647108538309	6.25546065500517	-0.182963728641226	0.819663743212089	-0.162010355456045	0.395638717528756	no	ok	
feces_vs_saliva	PWY-7268	0.585641920695476	0.986390246346942	0.565662202380952	0.994779690536804	-9.14029972343419	-9.95120300968699	-8.54452655664639	1.74455416756901	5.61810161492522	0.288003893881037	0.348909791792063	no	ok	
feces_vs_saliva	ANAGLYCOLYSIS-PWY	0.451372538348482	0.987423045578663	0.655133928571429	0.998576874965838	6.11805506088846	6.05677534070943	6.1690323791189	-0.224667492707001	0.727405136750151	-0.189688678664743	0.437500051669789	no	ok	
feces_vs_saliva	HSERMETANA-PWY	0.44091748719756	0.987426252737041	0.393725198412698	0.905809006055587	5.31195825888389	5.35551696356731	5.01739119193504	-0.328268468267559	1.36342927820277	-0.2893534466358	0.353125130814522	no	ok	
feces_vs_saliva	ARGDEG-PWY	0.685280850589792	0.987500441300359	0.793464781746032	0.988083337474846	-8.81031842519157	-9.7365011668691	-8.10703784122088	-0.75129925645502	8.81391501851085	-0.12283589774596	0.481250015280225	no	ok	
feces_vs_saliva	PWY-6501	0.725842231032926	0.988324889478679	0.77281746031746	0.97607259577113	-9.66325474281334	-9.71671000148036	-9.60310273647788	0.319693950514704	5.06323500949603	0.046391977163491	0.476635532955762	no	ok	
feces_vs_saliva	KETOGLUCONMET-PWY	0.43670199989887	0.988986913948978	0.449280753968254	0.963513265022689	-1.68555082279167	1.44592472112933	-1.9893738205458	-1.35101664560036	3.47285955784653	-0.555377319738706	0.384375099411688	no	ok	
feces_vs_saliva	PWY-6121	0.458166529794567	0.990337874994131	0.649677579365079	0.998976296622902	6.18108772921684	6.16495112054655	6.20931727605323	-0.183922071745285	0.726887327775615	-0.139215576200555	0.433021862011067	no	ok	
feces_vs_saliva	PWY-7117	0.236982124574613	0.990705422982178	0.30016121031746	0.99847282589131	4.69814192942449	4.28278322086623	4.77423834015787	0.547215437317994	1.09347958309312	0.515035318914744	0.271875234451884	no	ok	
feces_vs_saliva	PWY-5695	0.47276451701849	0.991321552865823	0.667100694444444	0.997842653219521	6.26970079507413	6.20259082609538	6.33053926452285	-0.119613117086885	0.694338644937083	-0.129514409482324	0.451713435057415	no	ok	
feces_vs_saliva	PWY-6471	0.458783341770238	0.991624730121643	0.337053571428571	0.817632145020468	3.84368340915502	4.10688385881332	3.79788951554781	-0.291650405065636	1.24398699086928	-0.208081656417787	0.325000162295924	no	ok	
feces_vs_saliva	PWY-241	0.240763798662464	0.991663105909645	0.267857142857143	0.998143437631452	4.43677911756994	4.21248141198275	4.57634462460701	0.494395865642774	1.12411655049537	0.467685393221557	0.26479775205635	no	ok	
feces_vs_saliva	PWY-6387	0.464159948277635	0.991787111265429	0.617931547619048	0.985738852371281	6.35907069283052	6.40257899917444	6.29814030215883	-0.163005334630549	0.839429089393859	-0.149750767163235	0.421875065169098	no	ok	
feces_vs_saliva	PWY-7953	0.465735004165686	0.991934676256502	0.65593998015873	0.9938043182597	6.37618380141721	6.41343139382162	6.31156770175526	-0.171173918625441	0.851876411744641	-0.159930257517207	0.414330289448337	no	ok	
feces_vs_saliva	PWY0-781	0.477610828552271	0.993942504504116	0.644779265873016	0.984500299192428	5.18008739710261	5.19024838013332	5.15528885758295	-0.0780820040027019	0.752482865049733	-0.0867418006933388	0.431250057026856	no	ok	
feces_vs_saliva	PWY-6125	0.271900730609918	0.994014476352946	0.403769841269841	0.999039804578194	5.56012039865668	5.51997558459999	5.60532465667485	0.376970083838055	0.873389355034967	0.474293525792517	0.315625173657328	no	ok	
feces_vs_saliva	PWY-7942	0.493358066142539	0.994046404439774	0.639446924603175	0.996278252573774	-1.03329408816861	-1.06135479926309	-0.995490788793234	-0.199552493199368	1.30124491342875	-0.122689382798368	0.421875065169098	no	ok	
feces_vs_saliva	PWY-7851	0.489944917522716	0.994086478508905	0.708023313492063	0.995579378352246	6.04070735559911	6.04484844541414	6.03728006340984	-0.145925436531299	0.806976486595163	-0.130572461121016	0.42500006243983	no	ok	
feces_vs_saliva	PWY-6385	0.489110629135061	0.994454212702569	0.643291170634921	0.988169795222787	6.39049082964143	6.41854539725269	6.34236207349158	-0.122855936756614	0.841183268533582	-0.125968210048994	0.433021862011067	no	ok	
feces_vs_saliva	PWY-6277	0.493186869120545	0.994754042292819	0.686755952380952	0.998976296622902	6.20836922758654	6.1989458374972	6.22188274035414	-0.138009503002817	0.72987380767506	-0.103149093887007	0.440625049010451	no	ok	
feces_vs_saliva	PWY-6122	0.492967856964767	0.994758404493711	0.685453869047619	0.998976296622902	6.20711390608126	6.19824700993068	6.21821322616063	-0.161478283051648	0.706859866781834	-0.127339047568531	0.439252386313525	no	ok	
feces_vs_saliva	PWY-6126	0.284699663730648	0.994831190450738	0.413008432539683	0.999242800178609	5.55644051183514	5.52211929637997	5.59278182504645	0.359218828919471	0.924935769958615	0.419233963593483	0.312500177555908	no	ok	
feces_vs_saliva	PWY-7052	0.24665464136369	0.995024239192193	0.41046626984127	1	-0.298194021318424	-1.55565298543763	-0.12358999928651	1.39231175611253	1.91898922168768	0.706652846517261	0.309375181513484	no	ok	
feces_vs_saliva	PWY-6700	0.506363506989144	0.995249958783713	0.68297371031746	0.99416162073835	6.21643142438134	6.18289508564368	6.23464171449175	-0.127637541878774	0.738084548390988	-0.111590353056923	0.426791337762226	no	ok	
feces_vs_saliva	PWY-6386	0.50298711845832	0.995395593051318	0.726128472222222	0.99661702462301	6.32938962421844	6.36945150836922	6.26705744185896	-0.102211172807415	0.871173265854911	-0.088937430077018	0.450000041100971	no	ok	
feces_vs_saliva	PWY-5347	0.504903802601169	0.995579665039663	0.667410714285714	0.984960312633931	5.43823578009449	5.54683820801665	5.26140361790662	-0.168014721381655	1.09433125612151	-0.161303443282424	0.415625070676933	no	ok	
feces_vs_saliva	PWY-7255	0.805735402006355	0.995779447688075	0.651351686507937	0.970222660861773	-8.90733962648316	-7.21972154229123	-9.75874169774639	-1.15638868723547	6.26121339709174	-0.214125961895415	0.431250057026856	no	ok	
feces_vs_saliva	P23-PWY	0.270886397233149	0.996692616864016	0.48139880952381	1	4.90405882742938	4.12697934261698	4.93722228137301	0.739430686346517	0.927540118337601	0.567502850613643	0.352025053279063	no	ok	
feces_vs_saliva	PWY-5189	0.535418985603672	0.996911864721973	0.359375	0.864510492108557	4.72018952020199	5.03456218988821	4.60260582740317	-0.443962242884256	0.881178696854275	-0.455944014149697	0.345794530344151	no	ok	
feces_vs_saliva	METHGLYUT-PWY	0.236458834139463	0.996962616671995	0.688244047619048	1	2.04418306985607	1.85208886647087	2.19240949201351	1.29061462959427	4.16807152543183	0.33357858834943	0.396875087651635	no	ok	
feces_vs_saliva	PANTOSYN-PWY	0.541080286092901	0.997183854487537	0.916852678571429	1	5.52319941377084	5.51722039373788	5.53346361429917	0.0373926426595306	0.667046928313449	0.0465941606759027	0.471875022960754	no	ok	
feces_vs_saliva	PWY-6609	0.525856652235002	0.997752494961135	0.723648313492063	1	6.25448714279044	6.12806414810701	6.35278316716591	-0.131513407305022	0.788855532883369	-0.104296196461846	0.443750046362987	no	ok	
feces_vs_saliva	PWY-5178	0.742450486669573	0.998098903684665	0.86656746031746	0.992883355441007	-8.19273489527576	-8.02631899785325	-8.28143848228505	0.187544914548807	4.60224121391121	0.0390422772754856	0.475000020395972	no	ok	
feces_vs_saliva	METSYN-PWY	0.531058562560259	0.998297435130476	0.73077876984127	0.994761348792654	5.33676017725271	5.44110284758631	5.17021944071271	-0.0900385523103355	1.00956689224482	-0.0761953860381053	0.451713435057415	no	ok	
feces_vs_saliva	PWY-5265	0.546684541060298	0.998603491609939	0.526785714285714	0.980961616212228	5.01931168059452	5.09057847593789	4.94160339160383	-0.234565365747608	1.03119380582196	-0.205424603736264	0.414330289448337	no	ok	
feces_vs_saliva	GLCMANNANAUT-PWY	0.531366601556532	0.998671623766587	0.560019841269841	0.993519624889137	4.90765936499246	5.04958259868095	4.85373838163207	-0.17418713045469	1.04834398391648	-0.141329307651557	0.395638717528756	no	ok	
feces_vs_saliva	COA-PWY	0.544732641475508	0.998908613406873	0.843625992063492	1	6.09153878098508	6.04443967125391	6.13133583683315	-0.0102959843852974	0.834608790495437	-0.0047087187260692	0.496875002543222	no	ok	
feces_vs_saliva	P261-PWY	0.877842938641812	0.998918062794771	0.829489087301587	0.985618227890628	-9.01101802548996	-9.29666044113624	-8.76682047432476	-0.00505248492715982	7.07756954580332	-0.00109010617703905	0.498442368860973	no	ok	
feces_vs_saliva	ORNDEG-PWY	0.75283567653502	0.999286374281173	0.295076884920635	0.769979318596214	-1.62004723208345	2.25388292929663	-1.82733952638617	-3.56916474560563	4.22530253677431	-0.40927012665272	0.302180875031198	no	ok	
feces_vs_saliva	PWY-6531	0.548123556018997	0.999429316171923	0.144345238095238	0.467838170045975	-0.0749453887715736	0.578283839089607	-0.562927519457999	-1.67198820918043	3.14153169180089	-0.436632002233967	0.233645160573015	no	ok	
feces_vs_saliva	CHLOROPHYLL-SYN	0.740020062951774	0.999490246359675	0.189174107142857	0.560765830798934	-2.63119325611355	-1.2259898274571	-3.02116072953806	-1.6422697085962	3.62248612469557	-0.364098104018438	0.252336714010723	no	ok	
feces_vs_saliva	PWY-5130	0.425828970834212	0.999497070351724	0.515128968253968	1	4.30333220779449	4.13696359359641	4.34127576377182	0.216107280728779	0.369281694384139	0.47546915947048	0.346875137509804	no	ok	
feces_vs_saliva	PWY-7873	0.748454711797113	0.99956534360032	0.412698412698413	0.944381134909066	-2.50668514843992	1.17947752975567	-2.65400130765925	-3.04549394955006	4.98436021548144	-0.40254616299201	0.345794530344151	no	ok	
feces_vs_saliva	HEMESYN2-PWY	0.279294554944585	0.999617946682854	0.644469246031746	1	2.62260650280034	2.31401015374774	2.684245145327	0.413652878840744	1.05977894231923	0.292939152932489	0.387500096434363	no	ok	
feces_vs_saliva	PWY-5507	0.263575396855197	0.999804860055001	0.350198412698413	0.999664961013645	1.05977004802008	0.754815122284374	1.42873087568543	0.660315511437513	4.59440660865629	0.141323385448791	0.292835093230031	no	ok	
feces_vs_saliva	PWY-7332	0.282856648998683	0.999871661398247	0.291108630952381	0.998806688274278	2.64286113320975	0.929252489684348	2.8576839888011	0.757221761669649	2.01504445563565	0.680093949673391	0.278125224834265	no	ok	
feces_vs_saliva	PWY-5055	0.801340666707749	0.99993529212536	0.675905257936508	0.996549879681857	-2.12104328349969	-1.68099992428003	-2.42208494779202	-0.210457727472614	1.54651483037695	-0.148233653447657	0.450000041100971	no	ok	
feces_vs_saliva	PWY-6703	0.363123450728637	0.999949551304712	0.438616071428571	1	5.19181946651987	5.15073946613354	5.41403264718676	0.292052160359118	0.64758537150536	0.445822950096449	0.343750140917474	no	ok	
feces_vs_saliva	PWY-6147	0.333484533779509	0.999951067977014	0.423487103174603	1	5.80347650834966	5.24461658207108	5.93061336666633	0.486104288828857	0.884687523918535	0.533004387628889	0.325000162295924	no	ok	
feces_vs_saliva	P164-PWY	0.326944153572605	0.999987576014587	0.589905753968254	1	3.32959383045904	3.36465712909511	3.28542489553376	0.28852033124832	0.751190810497198	0.30987484592161	0.367601361255621	no	ok	
feces_vs_saliva	P441-PWY	0.273903416428037	0.999990887326328	0.809461805555556	1	4.23217805432429	3.69198183366925	4.29000540114895	0.58589938095835	1.05473435881437	0.367237062713211	0.42500006243983	no	ok	
feces_vs_saliva	PWY-7431	0.295113826446257	0.999990887326328	0.386470734126984	0.999770476538569	-1.05959621844658	-2.5541299264638	-0.47722532842957	1.60812826960823	2.51615816033592	0.485686276564283	0.290625206619976	no	ok	
feces_vs_saliva	14DICHLORBENZDEG-PWY	0.611276139468722	1	0.741319444444445	0.99646011349581	-3.05689401465387	-3.10909483955603	-3.03036906297399	-0.195334430415135	1.8703391697182	-0.0578943997595234	0.434375054341691	no	ok	
feces_vs_saliva	ALLANTOINDEG-PWY	0.61388653375741	1	0.833953373015873	1	-0.0122962357168026	-0.146689164341064	0.0887815987459746	-0.15425282468679	2.00023751074817	-0.0778968536270079	0.461059221716205	no	ok	
feces_vs_saliva	ASPASN-PWY	0.848785493157316	1	0.369109623015873	0.999832480506823	4.98305032129936	4.75649718130628	5.34239538468158	0.339875276369298	0.593611299937572	0.362625651964251	0.314641918338154	no	ok	
feces_vs_saliva	FAO-PWY	0.824198617686972	1	0.51984126984127	0.989779029590958	1.80897885448472	2.41533074367686	1.77823961395652	-0.647329846385754	2.68248695486998	-0.323509144296899	0.395638717528756	no	ok	
feces_vs_saliva	FERMENTATION-PWY	0.52418724995225	1	0.665674603174603	1	5.63003010953794	5.53259850986645	5.7236513926251	0.193108736186952	0.699894820424778	0.251341775741453	0.38317767002739	no	ok	
feces_vs_saliva	FOLSYN-PWY	0.912227439227887	1	0.937003968253968	1	5.94389549034833	5.77902326042229	6.05541721570295	0.0137545081905852	0.770535358095333	0.0156237043919508	0.489096582030921	no	ok	
feces_vs_saliva	GALLATE-DEGRADATION-II-PWY	0.306575201530371	1	0.704303075396825	1	-1.89590113747374	-2.03124936432625	-1.77255568330616	1.18259073247441	3.1535107446099	0.20021066464684	0.408099765395283	no	ok	
feces_vs_saliva	GLYCOL-GLYOXDEG-PWY	0.873747906839482	1	1	1	0.0717766613067452	1.71618643106472	-0.275166315393766	0.275544359284386	3.53351820103554	0.0688393508004389	0.479750795219393	no	ok	
feces_vs_saliva	GLYCOLYSIS-E-D	0.517336514103286	1	0.547991071428572	0.985218660573753	2.55626444757751	3.43963601178794	2.46101555681083	-0.815833009360013	2.62867587768334	-0.0984050952826541	0.398753979463357	no	ok	
feces_vs_saliva	GLYOXYLATE-BYPASS	0.939377183382801	1	0.827876984126984	1	-0.385903179784765	1.65851797763412	-0.733534541164881	-0.0478069345477934	4.07863326812872	-0.0128742712497996	0.487500010178853	no	ok	
feces_vs_saliva	GOLPDLCAT-PWY	0.787047980853829	1	0.509796626984127	0.982848013899049	2.31963409553788	2.5961445458274	2.23842656097834	-0.245224948161749	1.02106306438566	-0.212849130678573	0.400000084770726	no	ok	
feces_vs_saliva	HOMOSER-METSYN-PWY	0.696135490762011	1	0.939918154761905	1	4.86309206943042	4.92154136635661	4.80655070132321	0.0612645160896328	1.11268498348369	0.0352569580541803	0.478125017835999	no	ok	
feces_vs_saliva	LACTOSECAT-PWY	0.565016862539985	1	0.299603174603175	0.998739033579527	3.28490756827102	2.76941372097937	3.81534847979947	0.671433834616129	1.12204817098128	0.462545906397134	0.258567232816028	no	ok	
feces_vs_saliva	MET-SAM-PWY	0.65855056725213	1	0.920324900793651	1	5.30950610789933	5.36967344237667	5.20321710400758	0.0533492322151456	1.04981682252689	0.048187778272062	0.475000020395972	no	ok	
feces_vs_saliva	NAD-BIOSYNTHESIS-II	0.606675393156353	1	0.932415674603175	1	2.15916108578614	2.18162045097794	2.14228028793301	0.029347160244491	1.89199926727268	0.0143592239374762	0.487500010178853	no	ok	
feces_vs_saliva	P125-PWY	0.427350006289373	1	0.729104662698413	1	2.43757934217964	2.49620030353529	2.40832830460805	0.150374459595056	1.03995433054347	0.163931377254414	0.409375076255655	no	ok	
feces_vs_saliva	PENTOSE-P-PWY	0.415141659625565	1	0.425905257936508	0.999832480506823	5.1825238365896	5.13328850363079	5.3065070263892	0.319359968315681	0.813582121849355	0.383746141301541	0.320872440341276	no	ok	
feces_vs_saliva	POLYAMINSYN3-PWY	0.822956891494424	1	0.686135912698413	0.98665088365748	3.21236193267773	3.19354917442743	3.2353895140778	-0.0644747398958749	0.778778156979788	-0.0802616339785147	0.429906599879593	no	ok	
feces_vs_saliva	POLYISOPRENSYN-PWY	0.537312267439823	1	0.318700396825397	0.999567480938155	5.63499069120244	5.42084633939557	6.03873331535932	0.43239223048174	0.697144966137313	0.483646161579713	0.281250220157699	no	ok	
feces_vs_saliva	PPGPPMET-PWY	0.371860996422948	1	0.246465773809524	0.974311292988164	5.51710390178283	5.30399171389592	6.0043526512223	0.687944483771251	0.904529710829306	0.624994258411533	0.250000271265399	no	ok	
feces_vs_saliva	PROTOCATECHUATE-ORTHO-CLEAVAGE-PWY	0.301270756197408	1	0.472594246031746	0.999832480506823	-0.187789274050176	-0.22941508211854	-0.142958055062931	0.435682709718111	1.88704546796734	0.243047955458682	0.350000134142609	no	ok	
feces_vs_saliva	PWY-1541	0.879182510414807	1	0.813802083333333	1	-3.67421676003889	-4.09661257521772	-3.50266909305449	0.328876486833442	5.74584985044492	0.0489230104353969	0.439252386313525	no	ok	
feces_vs_saliva	PWY-2941	0.634806806710379	1	0.298797123015873	0.99927147938536	4.61322264733287	3.7132095660879	4.81400564137582	0.845253027723803	1.15039647922122	0.478564422361934	0.26875023939959	no	ok	
feces_vs_saliva	PWY-5005	0.894341400542244	1	0.896949404761905	1	3.22926812639761	3.09505981976649	3.35413416432859	0.179886242244056	1.68436178997744	0.0965349539420964	0.442367648483132	no	ok	
feces_vs_saliva	PWY-5101	0.45950722259483	1	0.868551587301587	1	3.07406674609677	3.19715022717007	2.98597802494229	-0.0828583139293775	2.19158542366027	-0.0269443983354694	0.478125017835999	no	ok	
feces_vs_saliva	PWY-5136	0.93187674059974	1	0.547619047619048	1	1.94124059910039	2.4809422336928	1.89416943707025	-0.62064270598642	1.48745117453199	-0.335497287469502	0.400000084770726	no	ok	
feces_vs_saliva	PWY-5138	0.769988629199563	1	0.527777777777778	0.992985750109947	0.336364501107486	1.71830002925025	0.296451209696806	-1.43827547777883	4.82758634424023	-0.210406277221349	0.392523455616951	no	ok	
feces_vs_saliva	PWY-5180	0.638210334169465	1	0.430555555555556	0.964954088256132	1.2715776786738	2.31218064634691	1.1469827390214	-0.909857772299397	1.91991762088302	-0.357589776501617	0.364486099592177	no	ok	
feces_vs_saliva	PWY-5345	0.305346708644426	1	0.552083333333333	1	4.1654676843303	3.99232053927118	4.2985043969565	0.476445599960598	1.40999123022591	0.273438861523181	0.364486099592177	no	ok	
feces_vs_saliva	PWY-5392	0.674526686246365	1	0.739521329365079	1	0.57216332550801	0.582950446357862	0.562690815334336	0.331750659809624	1.72735347993121	0.219632898253445	0.404984503397468	no	ok	
feces_vs_saliva	PWY-5419	0.9271702739246	1	0.235181051587302	0.661313211227639	1.31558241620012	1.80474209078954	1.07699304848982	-0.527927152368368	1.29397300441652	-0.288623540418167	0.292835093230031	no	ok	
feces_vs_saliva	PWY-5494	0.419812707130841	1	0.469246031746032	1	1.1585765055235	0.407797787377066	1.21362723708057	0.706616969132259	1.20027593414078	0.546449688603667	0.339564007571083	no	ok	
feces_vs_saliva	PWY-5723	0.601564341217293	1	0.222222222222222	0.639067469950406	4.10023763298226	4.86994056825275	3.68419616506844	-0.714481335780087	1.94554626409556	-0.39978700296801	0.295950353761144	no	ok	
feces_vs_saliva	PWY-5747	0.561604299917486	1	1	1	0.225222234597489	1.24819716302256	0.132361505273401	0.631041789649177	3.61608713054709	0.12128184196207	0.485981319757566	no	ok	
feces_vs_saliva	PWY-5837	0.353926216519534	1	0.30797371031746	0.999666137617032	3.31772126477094	3.05665278053541	3.48989702667155	0.506867704471694	0.858223408673336	0.554862045079848	0.271875234451884	no	ok	
feces_vs_saliva	PWY-5845	0.389590239092525	1	0.396701388888889	1	3.73269312815387	3.58083502621813	3.99003943414068	0.574419049078712	1.16876657672489	0.381908539575343	0.300000193761348	no	ok	
feces_vs_saliva	PWY-5850	0.358714052410133	1	0.395337301587302	1	3.73544269281701	3.58216673162284	3.9876228203168	0.49789572585354	1.17492142481334	0.403626033655921	0.320872440341276	no	ok	
feces_vs_saliva	PWY-5860	0.427268299167309	1	0.454241071428571	1	3.3753158315138	3.18380822935319	3.63092609228607	0.51540525115467	1.38104425131819	0.334345989441324	0.337500147859933	no	ok	
feces_vs_saliva	PWY-5862	0.460875323801615	1	0.477740575396825	1	3.35341311160908	3.17224186344059	3.62355301272665	0.471522738673505	1.39566202186507	0.310759933128969	0.350000134142609	no	ok	
feces_vs_saliva	PWY-5896	0.388911314532905	1	0.39546130952381	1	3.73424481344851	3.58555041637063	3.9933269079545	0.561316414304172	1.09814514075545	0.366239153868684	0.320872440341276	no	ok	
feces_vs_saliva	PWY-5973	0.621742109647129	1	0.93812003968254	1	6.21119308376605	6.14551372817208	6.30972557010303	0.0129007116322084	0.657697554661868	0.0215982946939508	0.489096582030921	no	ok	
feces_vs_saliva	PWY-6084	0.621669027319203	1	0.754712301587302	0.996120876559565	-3.05840328925871	-3.12781670040916	-3.00417352648889	-0.167501516395597	1.80866164398237	-0.0500078809299025	0.445482910664092	no	ok	
feces_vs_saliva	PWY-6143	0.90182041429528	1	0.545634920634921	1	0.333313951375212	0.0169482705870738	0.671484958185931	0.602790884305984	2.15143639377363	0.276819834031827	0.359375124270413	no	ok	
feces_vs_saliva	PWY-6168	0.618854621376325	1	0.515625	1	5.48874491030762	5.44339105181175	5.74801611269065	0.31489132816616	0.706880598970543	0.41124923157221	0.352025053279063	no	ok	
feces_vs_saliva	PWY-6270	0.764359750039877	1	0.785280257936508	1	5.53976965878398	5.50284543911737	5.60029361429941	0.0886412009043265	0.654778501010952	0.100725599066653	0.417445551501987	no	ok	
feces_vs_saliva	PWY-6292	0.946847241874234	1	0.957837301587302	1	3.20605577311297	3.16038735273361	3.24744567112025	0.0328476473999384	1.6053253558888	0.0171213651487163	0.48286605748686	no	ok	
feces_vs_saliva	PWY-6305	0.846927649102008	1	0.898313492063492	1	3.904299386317	3.63502903614809	4.06661922933033	0.086513849668818	0.794061944302348	0.112357722175311	0.457943959488285	no	ok	
feces_vs_saliva	PWY-6396	0.744745391760332	1	0.677083333333333	1	2.48174258074898	2.95406807239394	2.30670029244283	-0.276008392971073	1.08159344553882	-0.187982725963121	0.429906599879593	no	ok	
feces_vs_saliva	PWY-6612	0.801540522372507	1	0.779637896825397	1	5.84943488123688	5.66733283466442	6.00548981298899	0.145437692179071	0.837691231168701	0.188423259509573	0.411215027412507	no	ok	
feces_vs_saliva	PWY-6895	0.335344197035155	1	0.649987599206349	1	4.91882079516672	4.63165221813478	5.01709588686911	0.275759398123429	0.713684498211658	0.273155597469278	0.376947146432037	no	ok	
feces_vs_saliva	PWY-6901	0.738589453310932	1	0.488343253968254	0.965670960826903	5.34753372145689	5.50778141198641	5.30704545215264	-0.167019580911459	0.710756359094608	-0.226245006635997	0.390625093482541	no	ok	
feces_vs_saliva	PWY-6936	0.85008696934837	1	0.770523313492063	1	4.9249560675049	4.86342367180051	4.94922696741361	0.226033475822674	1.339281271532	0.181790180307723	0.40186924141988	no	ok	
feces_vs_saliva	PWY-6969	0.513284559989721	1	0.861421130952381	1	4.92781671397652	4.91736411209824	4.93454571605617	0.0932333906000293	0.764468340534693	0.0875920512754084	0.439252386313525	no	ok	
feces_vs_saliva	PWY-7013	0.881017617385611	1	0.430183531746032	0.948082554633261	3.78176028297143	3.86699267935943	3.6576723930217	-0.341214415059757	1.04742027587889	-0.270429728596155	0.345794530344151	no	ok	
feces_vs_saliva	PWY-702	0.80430378656947	1	0.938182043650794	1	5.25605389789733	5.32555304560164	5.17881804631978	0.0783682567999917	0.924201681122016	0.0697794497506043	0.462500030690104	no	ok	
feces_vs_saliva	PWY-7094	0.64006452743602	1	0.547619047619048	1	1.03964592129304	2.58365766347134	0.977746528261947	-1.57857682523667	2.09382158530763	-0.481935244976033	0.400000084770726	no	ok	
feces_vs_saliva	PWY-7115	0.826052093757542	1	0.848772321428571	1	5.09474730015251	5.00434160884492	5.17412945968104	0.0889949669559815	0.621278210437485	0.12443769732692	0.450000041100971	no	ok	
feces_vs_saliva	PWY-7220	0.87721546472232	1	0.650173611111111	1	6.26456815336582	6.2313056380971	6.31205590551184	0.21350843494207	0.969955378320301	0.222588308494118	0.396875087651635	no	ok	
feces_vs_saliva	PWY-7222	0.877905005484922	1	0.643415178571429	1	6.26393665887184	6.23342976595486	6.31097905638226	0.192800022598353	0.993777216087265	0.210127428199101	0.395638717528756	no	ok	
feces_vs_saliva	PWY-7229	0.546241136056693	1	0.712735615079365	1	5.85640491282423	5.8685519530514	5.83197515966288	0.166443341579239	0.837363740487795	0.189601947633931	0.398753979463357	no	ok	
feces_vs_saliva	PWY-7237	0.738056665826945	1	0.803881448412698	1	3.83857305150463	3.80779031177066	3.86386945179358	-0.337735028980752	1.58774520004055	-0.190024426081075	0.476635532955762	no	ok	
feces_vs_saliva	PWY-7294	0.595275568542233	1	0.302331349206349	0.756891830962348	-0.778570247164717	1.62097119719432	-0.910354371057828	-1.61517549972467	2.6633386068629	-0.470950194175444	0.314641918338154	no	ok	
feces_vs_saliva	PWY-7392	0.865182570957386	1	0.575272817460317	1	5.36803235372619	5.28442157892563	5.51696612546191	0.234576541510547	0.673514941812865	0.274504499503012	0.359375124270413	no	ok	
feces_vs_saliva	PWY-7663	0.606701607903828	1	0.931423611111111	1	6.26207661149352	6.19539576619502	6.34787527879383	0.0537161301129716	0.59069233597195	0.0542874102372158	0.461059221716205	no	ok	
feces_vs_saliva	PWY-7783	0.358860337286724	1	0.594494047619048	1	0.741349671869107	-0.468324957030609	0.813588157002469	1.16793335058263	2.21007624498838	0.469110137531577	0.376947146432037	no	ok	
feces_vs_saliva	PWY-7874	0.818130871744206	1	0.443328373015873	0.950543191130599	-2.40370867953059	1.18474873245941	-2.52715188792042	-3.14522898917104	4.85796456845775	-0.365572542561567	0.36875011471571	no	ok	
feces_vs_saliva	PWY-7883	0.673797817019039	1	0.884548611111111	1	3.97972763709484	4.05023872769817	3.90403840914502	-0.0132557632256605	1.24964018926051	-0.00792150017973541	0.49375000508704	no	ok	
feces_vs_saliva	PWY-7900	0.612827371273765	1	0.841269841269841	1	-0.634819214141303	-0.43474751071264	-1.0557593515172	-0.615521387121174	2.1162321511216	-0.181927653722013	0.476635532955762	no	ok	
feces_vs_saliva	PWY-7913	0.580483251948287	1	0.492435515873016	1	-0.300020294445652	-0.934182076215699	-0.0144520592876365	0.772281078128265	1.57830722851796	0.451176380594178	0.342679268936689	no	ok	
feces_vs_saliva	PWY-8004	0.500247937712179	1	0.603298611111111	0.995379237548811	2.17597931884739	2.93234462243784	2.10881860528989	-0.713353576640998	2.72683379785775	-0.0787564727502749	0.414330289448337	no	ok	
feces_vs_saliva	PWY-801	0.784827914481127	1	0.778211805555556	1	1.8806962419069	0.658442271822993	1.96732208246804	0.652286843058961	1.98612709718228	0.318006107864205	0.412500073457039	no	ok	
feces_vs_saliva	PWY-841	0.489824520876437	1	0.682725694444444	1	5.75716147337298	5.74791581065042	5.77679608940633	0.17618172594579	0.789795831656948	0.229922138718721	0.384375099411688	no	ok	
feces_vs_saliva	PWY-I9	0.973008915644621	1	0.641617063492063	1	5.18778156547631	5.06165830620431	5.26488956851862	0.241910100586921	0.802043153616803	0.203588150918251	0.392523455616951	no	ok	
feces_vs_saliva	PWY0-1241	0.632467091806186	1	0.440476190476191	0.949057146167777	4.01445411291245	4.60007937608822	3.9195439865723	-0.390057705823986	1.05220295056961	-0.361245029775052	0.355140314803835	no	ok	
feces_vs_saliva	PWY0-1261	0.593815301142682	1	0.721292162698413	0.994266491054732	4.29321051215897	4.31409691084113	4.27160130407187	-0.078474133537882	1.17004296348302	-0.0586000998656222	0.4656250281072	no	ok	
feces_vs_saliva	PWY0-1338	0.906223393229725	1	0.576202876984127	1	-3.46257497582282	-3.99718500263406	-3.05450252420467	0.900928467537867	3.76411413165508	0.251798840719563	0.376947146432037	no	ok	
feces_vs_saliva	PWY0-1415	0.317109960692403	1	0.730034722222222	1	1.31082994381347	1.16822530035498	1.35620972847546	0.219522388108095	4.05147075005835	0.101796516442764	0.408099765395283	no	ok	
feces_vs_saliva	PWY0-1586	0.595761876925483	1	0.898623511904762	1	7.55103976580717	7.51704857191104	7.5850489563766	-0.00802668909884607	0.813738543475382	-0.00458556294473297	0.496875002543222	no	ok	
feces_vs_saliva	PWY0-162	0.380676601260901	1	0.674045138888889	1	5.32623732306089	5.32774183290304	5.3221855264673	0.305269660029977	0.982300436637408	0.400013003468757	0.38317767002739	no	ok	
feces_vs_saliva	PWY0-42	0.762181415367037	1	0.692832341269841	1	-0.0804609520783437	1.25093675259622	-0.319194914798519	-0.521817008969729	3.6270254640009	-0.175376957457379	0.446875043726717	no	ok	
feces_vs_saliva	PWY3O-4107	0.822886429167114	1	0.468625992063492	1	5.09729212812623	4.3850876976631	5.25194724387224	0.64296539867481	1.26420660606638	0.417304869294706	0.334375151397688	no	ok	
feces_vs_saliva	PWY66-399	0.890405916714573	1	0.918960813492063	1	4.6206191674816	4.74807685331804	4.44274128906738	0.0662036532823098	0.767637823530092	0.0923162582579494	0.467289746193881	no	ok	
feces_vs_saliva	PYRIDNUCSAL-PWY	0.935674602204615	1	0.871589781746032	1	4.72647836705016	4.38347190178334	5.00653727264962	0.227627756960035	0.979209553398736	0.136463381876909	0.439252386313525	no	ok	
feces_vs_saliva	RIBOSYN2-PWY	0.831968454283363	1	0.51922123015873	1	5.5818216459791	5.52062587302604	5.78022572898906	0.261533489878091	0.632695819660817	0.331930246945767	0.342679268936689	no	ok	
